<DATE>	<TIME>	<OPEN>	<HIGH>	<LOW>	<CLOSE>	<TICKVOL>	<VOL>	<SPREAD>
2025.05.01	00:00:00	1.13218	1.13291	1.13202	1.13216	2027	0	9
2025.05.01	01:00:00	1.13216	1.13220	1.13026	1.13078	2048	0	9
2025.05.01	02:00:00	1.13079	1.13157	1.13054	1.13148	1638	0	9
2025.05.01	03:00:00	1.13149	1.13181	1.12990	1.13117	2613	0	9
2025.05.01	04:00:00	1.13117	1.13139	1.13023	1.13025	1801	0	9
2025.05.01	05:00:00	1.13025	1.13063	1.12873	1.12994	2836	0	9
2025.05.01	06:00:00	1.12992	1.13121	1.12979	1.13022	3618	0	9
2025.05.01	07:00:00	1.13021	1.13101	1.12871	1.13097	4060	0	9
2025.05.01	08:00:00	1.13095	1.13307	1.13094	1.13195	3258	0	9
2025.05.01	09:00:00	1.13194	1.13246	1.13132	1.13139	2580	0	9
2025.05.01	10:00:00	1.13136	1.13338	1.13114	1.13318	2889	0	9
2025.05.01	11:00:00	1.13320	1.13407	1.13160	1.13199	3212	0	9
2025.05.01	12:00:00	1.13199	1.13384	1.13079	1.13151	5561	0	9
2025.05.01	13:00:00	1.13148	1.13272	1.13105	1.13206	5222	0	9
2025.05.01	14:00:00	1.13193	1.13193	1.12695	1.12811	7697	0	9
2025.05.01	15:00:00	1.12811	1.12897	1.12655	1.12786	4971	0	9
2025.05.01	16:00:00	1.12784	1.12917	1.12725	1.12901	3337	0	9
2025.05.01	17:00:00	1.12904	1.12911	1.12793	1.12824	2005	0	9
2025.05.01	18:00:00	1.12822	1.12932	1.12747	1.12853	2681	0	9
2025.05.01	19:00:00	1.12855	1.12919	1.12808	1.12881	2380	0	9
2025.05.01	20:00:00	1.12879	1.12937	1.12842	1.12884	1472	0	9
2025.05.01	21:00:00	1.12887	1.12894	1.12845	1.12872	425	0	14
2025.05.01	22:00:00	1.12871	1.12987	1.12871	1.12947	911	0	9
2025.05.01	23:00:00	1.12946	1.12974	1.12907	1.12953	1106	0	9
2025.05.02	00:00:00	1.12953	1.12990	1.12738	1.12819	2632	0	9
2025.05.02	01:00:00	1.12818	1.12951	1.12783	1.12950	2337	0	9
2025.05.02	02:00:00	1.12951	1.13030	1.12926	1.12938	1789	0	9
2025.05.02	03:00:00	1.12938	1.13151	1.12936	1.13123	2116	0	9
2025.05.02	04:00:00	1.13123	1.13136	1.13009	1.13038	2556	0	9
2025.05.02	05:00:00	1.13040	1.13135	1.13021	1.13073	2224	0	9
2025.05.02	06:00:00	1.13072	1.13286	1.13053	1.13254	4206	0	9
2025.05.02	07:00:00	1.13255	1.13373	1.13170	1.13278	4222	0	9
2025.05.02	08:00:00	1.13278	1.13345	1.13158	1.13318	3845	0	9
2025.05.02	09:00:00	1.13320	1.13546	1.13249	1.13495	4402	0	9
2025.05.02	10:00:00	1.13498	1.13515	1.13273	1.13306	3138	0	9
2025.05.02	11:00:00	1.13306	1.13501	1.13237	1.13459	4020	0	9
2025.05.02	12:00:00	1.13461	1.13469	1.13042	1.13186	9536	0	9
2025.05.02	13:00:00	1.13186	1.13795	1.13143	1.13722	9489	0	9
2025.05.02	14:00:00	1.13724	1.13804	1.13573	1.13679	7507	0	9
2025.05.02	15:00:00	1.13678	1.13679	1.13203	1.13287	5917	0	9
2025.05.02	16:00:00	1.13287	1.13384	1.13169	1.13197	6348	0	9
2025.05.02	17:00:00	1.13196	1.13199	1.12980	1.13038	4293	0	9
2025.05.02	18:00:00	1.13038	1.13083	1.12922	1.12993	2994	0	9
2025.05.02	19:00:00	1.12992	1.13085	1.12992	1.13042	2107	0	9
2025.05.02	20:00:00	1.13040	1.13051	1.12933	1.12998	1470	0	9
2025.05.04	21:00:00	1.12987	1.13025	1.12926	1.12997	548	0	40
2025.05.04	22:00:00	1.13001	1.13145	1.12971	1.13054	1806	0	9
2025.05.04	23:00:00	1.13057	1.13273	1.13018	1.13209	1730	0	9
2025.05.05	00:00:00	1.13210	1.13236	1.13140	1.13220	2206	0	9
2025.05.05	01:00:00	1.13222	1.13395	1.13222	1.13344	3220	0	9
2025.05.05	02:00:00	1.13346	1.13464	1.13311	1.13416	2389	0	9
2025.05.05	03:00:00	1.13417	1.13421	1.13281	1.13317	1809	0	9
2025.05.05	04:00:00	1.13317	1.13387	1.13283	1.13371	1841	0	9
2025.05.05	05:00:00	1.13370	1.13470	1.13299	1.13332	3046	0	9
2025.05.05	06:00:00	1.13330	1.13364	1.13177	1.13258	4874	0	9
2025.05.05	07:00:00	1.13260	1.13306	1.13127	1.13130	4234	0	9
2025.05.05	08:00:00	1.13127	1.13323	1.13109	1.13254	4301	0	9
2025.05.05	09:00:00	1.13257	1.13437	1.13257	1.13409	3891	0	9
2025.05.05	10:00:00	1.13409	1.13453	1.13325	1.13441	3386	0	9
2025.05.05	11:00:00	1.13441	1.13573	1.13396	1.13424	3743	0	9
2025.05.05	12:00:00	1.13421	1.13630	1.13396	1.13594	5232	0	9
2025.05.05	13:00:00	1.13594	1.13646	1.13518	1.13538	4449	0	9
2025.05.05	14:00:00	1.13540	1.13540	1.13301	1.13380	6590	0	9
2025.05.05	15:00:00	1.13378	1.13408	1.13121	1.13141	4340	0	9
2025.05.05	16:00:00	1.13141	1.13142	1.12988	1.13020	3488	0	9
2025.05.05	17:00:00	1.13020	1.13108	1.12972	1.12996	2248	0	9
2025.05.05	18:00:00	1.12994	1.13149	1.12965	1.13126	1986	0	9
2025.05.05	19:00:00	1.13125	1.13206	1.13103	1.13142	1995	0	9
2025.05.05	20:00:00	1.13144	1.13199	1.13114	1.13134	1054	0	9
2025.05.05	21:00:00	1.13135	1.13164	1.13093	1.13152	445	0	18
2025.05.05	22:00:00	1.13162	1.13196	1.13127	1.13143	661	0	9
2025.05.05	23:00:00	1.13145	1.13160	1.13097	1.13117	838	0	9
2025.05.06	00:00:00	1.13117	1.13120	1.12804	1.12859	3077	0	9
2025.05.06	01:00:00	1.12861	1.12963	1.12793	1.12935	3607	0	9
2025.05.06	02:00:00	1.12935	1.13134	1.12926	1.13066	2929	0	9
2025.05.06	03:00:00	1.13066	1.13171	1.13028	1.13146	2197	0	9
2025.05.06	04:00:00	1.13144	1.13272	1.13141	1.13240	1796	0	9
2025.05.06	05:00:00	1.13240	1.13253	1.13132	1.13178	1944	0	9
2025.05.06	06:00:00	1.13176	1.13350	1.13135	1.13261	3786	0	9
2025.05.06	07:00:00	1.13259	1.13474	1.13219	1.13388	5345	0	9
2025.05.06	08:00:00	1.13387	1.13491	1.13220	1.13271	6060	0	9
2025.05.06	09:00:00	1.13269	1.13298	1.13051	1.13114	4386	0	9
2025.05.06	10:00:00	1.13114	1.13271	1.13091	1.13254	3887	0	9
2025.05.06	11:00:00	1.13252	1.13346	1.13220	1.13266	3971	0	9
2025.05.06	12:00:00	1.13268	1.13434	1.13165	1.13397	4377	0	9
2025.05.06	13:00:00	1.13399	1.13572	1.13259	1.13527	5330	0	9
2025.05.06	14:00:00	1.13530	1.13693	1.13405	1.13410	6932	0	9
2025.05.06	15:00:00	1.13406	1.13494	1.13349	1.13433	4121	0	9
2025.05.06	16:00:00	1.13434	1.13555	1.13305	1.13486	3647	0	9
2025.05.06	17:00:00	1.13488	1.13702	1.13487	1.13639	3076	0	9
2025.05.06	18:00:00	1.13637	1.13720	1.13544	1.13712	2209	0	9
2025.05.06	19:00:00	1.13710	1.13806	1.13663	1.13722	2195	0	9
2025.05.06	20:00:00	1.13721	1.13793	1.13654	1.13683	1614	0	9
2025.05.06	21:00:00	1.13682	1.13713	1.13646	1.13712	615	0	21
2025.05.06	22:00:00	1.13722	1.13743	1.13256	1.13422	4593	0	9
2025.05.06	23:00:00	1.13425	1.13453	1.13330	1.13397	3018	0	9
2025.05.07	00:00:00	1.13396	1.13511	1.13248	1.13406	5387	0	9
2025.05.07	01:00:00	1.13404	1.13513	1.13259	1.13443	4682	0	9
2025.05.07	02:00:00	1.13442	1.13490	1.13354	1.13406	3622	0	9
2025.05.07	03:00:00	1.13406	1.13469	1.13363	1.13453	2311	0	9
2025.05.07	04:00:00	1.13453	1.13511	1.13425	1.13433	1929	0	9
2025.05.07	05:00:00	1.13432	1.13666	1.13426	1.13648	2565	0	9
2025.05.07	06:00:00	1.13649	1.13778	1.13593	1.13731	3881	0	9
2025.05.07	07:00:00	1.13730	1.13730	1.13547	1.13620	4535	0	9
2025.05.07	08:00:00	1.13618	1.13735	1.13536	1.13582	4418	0	9
2025.05.07	09:00:00	1.13581	1.13614	1.13468	1.13564	3449	0	9
2025.05.07	10:00:00	1.13564	1.13666	1.13557	1.13651	2933	0	9
2025.05.07	11:00:00	1.13650	1.13724	1.13557	1.13573	3234	0	9
2025.05.07	12:00:00	1.13574	1.13663	1.13554	1.13589	3956	0	9
2025.05.07	13:00:00	1.13590	1.13679	1.13526	1.13665	3994	0	9
2025.05.07	14:00:00	1.13662	1.13705	1.13540	1.13666	3857	0	9
2025.05.07	15:00:00	1.13665	1.13692	1.13414	1.13468	4337	0	9
2025.05.07	16:00:00	1.13470	1.13537	1.13367	1.13485	3027	0	9
2025.05.07	17:00:00	1.13487	1.13493	1.13345	1.13412	2656	0	9
2025.05.07	18:00:00	1.13409	1.13646	1.13196	1.13336	10841	0	9
2025.05.07	19:00:00	1.13337	1.13343	1.13003	1.13065	7958	0	9
2025.05.07	20:00:00	1.13068	1.13082	1.12914	1.12997	2148	0	9
2025.05.07	21:00:00	1.12997	1.13100	1.12946	1.13100	688	0	21
2025.05.07	22:00:00	1.13122	1.13124	1.12997	1.13011	1423	0	9
2025.05.07	23:00:00	1.13011	1.13098	1.13011	1.13025	1227	0	9
2025.05.08	00:00:00	1.13025	1.13221	1.13017	1.13100	2764	0	9
2025.05.08	01:00:00	1.13099	1.13324	1.13079	1.13312	4221	0	9
2025.05.08	02:00:00	1.13311	1.13350	1.13222	1.13224	3086	0	9
2025.05.08	03:00:00	1.13225	1.13358	1.13223	1.13272	2221	0	9
2025.05.08	04:00:00	1.13272	1.13307	1.13175	1.13178	1735	0	9
2025.05.08	05:00:00	1.13177	1.13180	1.12964	1.13038	3385	0	9
2025.05.08	06:00:00	1.13036	1.13070	1.12761	1.12820	5381	0	9
2025.05.08	07:00:00	1.12820	1.12971	1.12698	1.12967	5096	0	9
2025.05.08	08:00:00	1.12967	1.13027	1.12832	1.12876	4419	0	9
2025.05.08	09:00:00	1.12877	1.12976	1.12825	1.12845	3607	0	9
2025.05.08	10:00:00	1.12842	1.12993	1.12750	1.12872	3389	0	9
2025.05.08	11:00:00	1.12874	1.13046	1.12846	1.12953	4665	0	9
2025.05.08	12:00:00	1.12953	1.13197	1.12925	1.12993	5623	0	9
2025.05.08	13:00:00	1.12995	1.13112	1.12949	1.13056	6146	0	9
2025.05.08	14:00:00	1.13059	1.13159	1.12756	1.12781	6647	0	9
2025.05.08	15:00:00	1.12783	1.12894	1.12340	1.12478	9665	0	9
2025.05.08	16:00:00	1.12476	1.12492	1.12201	1.12256	6800	0	9
2025.05.08	17:00:00	1.12257	1.12295	1.12119	1.12261	3522	0	9
2025.05.08	18:00:00	1.12261	1.12302	1.12193	1.12243	2533	0	9
2025.05.08	19:00:00	1.12242	1.12279	1.12117	1.12255	2997	0	9
2025.05.08	20:00:00	1.12257	1.12295	1.12194	1.12275	1508	0	9
2025.05.08	21:00:00	1.12273	1.12274	1.12204	1.12264	662	0	9
2025.05.08	22:00:00	1.12273	1.12327	1.12260	1.12317	833	0	9
2025.05.08	23:00:00	1.12317	1.12321	1.12217	1.12265	1269	0	9
2025.05.09	00:00:00	1.12268	1.12330	1.12129	1.12266	3004	0	9
2025.05.09	01:00:00	1.12262	1.12286	1.12103	1.12118	3085	0	9
2025.05.09	02:00:00	1.12119	1.12188	1.11961	1.12180	3048	0	9
2025.05.09	03:00:00	1.12179	1.12272	1.12177	1.12222	2866	0	9
2025.05.09	04:00:00	1.12222	1.12294	1.12222	1.12274	1927	0	9
2025.05.09	05:00:00	1.12274	1.12364	1.12179	1.12355	2362	0	9
2025.05.09	06:00:00	1.12354	1.12469	1.12318	1.12401	3418	0	9
2025.05.09	07:00:00	1.12400	1.12579	1.12366	1.12510	4109	0	9
2025.05.09	08:00:00	1.12512	1.12589	1.12419	1.12559	3167	0	9
2025.05.09	09:00:00	1.12559	1.12594	1.12447	1.12460	2673	0	9
2025.05.09	10:00:00	1.12458	1.12507	1.12420	1.12455	2728	0	9
2025.05.09	11:00:00	1.12454	1.12604	1.12435	1.12539	4106	0	9
2025.05.09	12:00:00	1.12540	1.12564	1.12469	1.12536	3224	0	9
2025.05.09	13:00:00	1.12534	1.12680	1.12527	1.12579	3704	0	9
2025.05.09	14:00:00	1.12579	1.12926	1.12553	1.12673	5101	0	9
2025.05.09	15:00:00	1.12671	1.12725	1.12600	1.12694	3845	0	9
2025.05.09	16:00:00	1.12695	1.12748	1.12570	1.12584	2633	0	9
2025.05.09	17:00:00	1.12581	1.12650	1.12525	1.12615	1889	0	9
2025.05.09	18:00:00	1.12615	1.12659	1.12543	1.12587	1535	0	9
2025.05.09	19:00:00	1.12588	1.12598	1.12481	1.12568	1519	0	9
2025.05.09	20:00:00	1.12565	1.12576	1.12469	1.12480	1157	0	9
2025.05.11	21:00:00	1.11945	1.12170	1.11858	1.12096	784	0	56
2025.05.11	22:00:00	1.12126	1.12302	1.12089	1.12248	2109	0	9
2025.05.11	23:00:00	1.12248	1.12360	1.12229	1.12274	2128	0	9
2025.05.12	00:00:00	1.12276	1.12386	1.12246	1.12381	3388	0	9
2025.05.12	01:00:00	1.12381	1.12423	1.12221	1.12258	3867	0	9
2025.05.12	02:00:00	1.12258	1.12376	1.12247	1.12282	2413	0	9
2025.05.12	03:00:00	1.12281	1.12337	1.12246	1.12327	2024	0	9
2025.05.12	04:00:00	1.12325	1.12342	1.12260	1.12271	1454	0	9
2025.05.12	05:00:00	1.12274	1.12296	1.12134	1.12216	2499	0	9
2025.05.12	06:00:00	1.12218	1.12354	1.12157	1.12175	3953	0	9
2025.05.12	07:00:00	1.12177	1.12188	1.10966	1.11046	20789	0	9
2025.05.12	08:00:00	1.11045	1.11449	1.10816	1.11373	10619	0	9
2025.05.12	09:00:00	1.11374	1.11414	1.11144	1.11185	5730	0	9
2025.05.12	10:00:00	1.11183	1.11183	1.10713	1.10794	7473	0	9
2025.05.12	11:00:00	1.10793	1.11172	1.10767	1.11111	7114	0	9
2025.05.12	12:00:00	1.11110	1.11261	1.11003	1.11133	5373	0	9
2025.05.12	13:00:00	1.11134	1.11340	1.11097	1.11183	6375	0	9
2025.05.12	14:00:00	1.11181	1.11340	1.11069	1.11112	7601	0	9
2025.05.12	15:00:00	1.11111	1.11234	1.10999	1.11049	4690	0	9
2025.05.12	16:00:00	1.11051	1.11106	1.10833	1.10843	3662	0	9
2025.05.12	17:00:00	1.10846	1.10884	1.10720	1.10789	2948	0	9
2025.05.12	18:00:00	1.10789	1.10909	1.10647	1.10891	3094	0	9
2025.05.12	19:00:00	1.10889	1.10963	1.10821	1.10918	2347	0	9
2025.05.12	20:00:00	1.10916	1.10944	1.10857	1.10857	1214	0	9
2025.05.12	21:00:00	1.10853	1.10893	1.10817	1.10893	669	0	23
2025.05.12	22:00:00	1.10900	1.10942	1.10884	1.10930	1130	0	9
2025.05.12	23:00:00	1.10931	1.10996	1.10892	1.10951	1585	0	9
2025.05.13	00:00:00	1.10953	1.11061	1.10946	1.11039	2971	0	9
2025.05.13	01:00:00	1.11040	1.11087	1.10991	1.11061	3222	0	9
2025.05.13	02:00:00	1.11062	1.11110	1.10991	1.11024	2154	0	9
2025.05.13	03:00:00	1.11024	1.11164	1.10987	1.11160	2016	0	9
2025.05.13	04:00:00	1.11160	1.11167	1.11084	1.11164	1668	0	9
2025.05.13	05:00:00	1.11165	1.11194	1.11083	1.11100	2210	0	9
2025.05.13	06:00:00	1.11102	1.11181	1.11012	1.11113	3871	0	9
2025.05.13	07:00:00	1.11112	1.11242	1.11026	1.11156	4999	0	9
2025.05.13	08:00:00	1.11158	1.11176	1.11025	1.11111	3916	0	9
2025.05.13	09:00:00	1.11116	1.11147	1.11021	1.11068	3275	0	9
2025.05.13	10:00:00	1.11068	1.11093	1.10968	1.11045	3061	0	9
2025.05.13	11:00:00	1.11042	1.11117	1.11027	1.11064	2560	0	9
2025.05.13	12:00:00	1.11066	1.11308	1.11061	1.11303	5322	0	9
2025.05.13	13:00:00	1.11301	1.11482	1.11268	1.11351	6628	0	9
2025.05.13	14:00:00	1.11349	1.11640	1.11297	1.11608	6799	0	9
2025.05.13	15:00:00	1.11609	1.11775	1.11565	1.11747	4961	0	9
2025.05.13	16:00:00	1.11749	1.11824	1.11643	1.11756	2999	0	9
2025.05.13	17:00:00	1.11755	1.11796	1.11674	1.11768	2223	0	9
2025.05.13	18:00:00	1.11768	1.11855	1.11747	1.11844	2054	0	9
2025.05.13	19:00:00	1.11844	1.11915	1.11823	1.11893	1748	0	9
2025.05.13	20:00:00	1.11896	1.11943	1.11833	1.11838	1148	0	9
2025.05.13	21:00:00	1.11837	1.11861	1.11811	1.11861	594	0	13
2025.05.13	22:00:00	1.11861	1.11968	1.11859	1.11968	1042	0	9
2025.05.13	23:00:00	1.11968	1.11968	1.11844	1.11855	1459	0	9
2025.05.14	00:00:00	1.11856	1.11963	1.11820	1.11918	2895	0	9
2025.05.14	01:00:00	1.11918	1.11977	1.11833	1.11879	3660	0	9
2025.05.14	02:00:00	1.11881	1.11921	1.11825	1.11883	2568	0	9
2025.05.14	03:00:00	1.11884	1.11957	1.11841	1.11948	1884	0	9
2025.05.14	04:00:00	1.11949	1.12003	1.11877	1.11887	2093	0	9
2025.05.14	05:00:00	1.11886	1.11923	1.11845	1.11862	2133	0	9
2025.05.14	06:00:00	1.11863	1.11981	1.11799	1.11878	3734	0	9
2025.05.14	07:00:00	1.11880	1.12163	1.11811	1.12145	5004	0	9
2025.05.14	08:00:00	1.12146	1.12518	1.12120	1.12382	9855	0	9
2025.05.14	09:00:00	1.12384	1.12654	1.12308	1.12519	6714	0	9
2025.05.14	10:00:00	1.12517	1.12528	1.12270	1.12306	3812	0	9
2025.05.14	11:00:00	1.12305	1.12346	1.12131	1.12171	3977	0	9
2025.05.14	12:00:00	1.12172	1.12351	1.12092	1.12250	5345	0	9
2025.05.14	13:00:00	1.12251	1.12347	1.12097	1.12198	6017	0	9
2025.05.14	14:00:00	1.12195	1.12232	1.12024	1.12116	6107	0	9
2025.05.14	15:00:00	1.12114	1.12146	1.11972	1.12049	5001	0	9
2025.05.14	16:00:00	1.12051	1.12127	1.11752	1.11886	6118	0	9
2025.05.14	17:00:00	1.11884	1.11967	1.11809	1.11890	3307	0	9
2025.05.14	18:00:00	1.11890	1.11898	1.11709	1.11779	2872	0	9
2025.05.14	19:00:00	1.11777	1.11777	1.11652	1.11669	2399	0	9
2025.05.14	20:00:00	1.11672	1.11747	1.11640	1.11716	1217	0	9
2025.05.14	21:00:00	1.11718	1.11765	1.11685	1.11763	663	0	14
2025.05.14	22:00:00	1.11766	1.11841	1.11766	1.11824	920	0	9
2025.05.14	23:00:00	1.11824	1.11878	1.11799	1.11811	1421	0	9
2025.05.15	00:00:00	1.11810	1.11940	1.11759	1.11910	2669	0	9
2025.05.15	01:00:00	1.11911	1.11992	1.11903	1.11930	2810	0	9
2025.05.15	02:00:00	1.11930	1.11961	1.11885	1.11943	2074	0	9
2025.05.15	03:00:00	1.11941	1.12010	1.11919	1.11962	1948	0	9
2025.05.15	04:00:00	1.11961	1.11996	1.11913	1.11925	1613	0	9
2025.05.15	05:00:00	1.11924	1.11988	1.11850	1.11927	2342	0	9
2025.05.15	06:00:00	1.11928	1.12280	1.11891	1.12267	4048	0	9
2025.05.15	07:00:00	1.12265	1.12277	1.11912	1.11970	4852	0	9
2025.05.15	08:00:00	1.11968	1.12110	1.11919	1.12095	3493	0	9
2025.05.15	09:00:00	1.12094	1.12126	1.12004	1.12022	2811	0	9
2025.05.15	10:00:00	1.12021	1.12111	1.11978	1.11999	2927	0	9
2025.05.15	11:00:00	1.12000	1.12027	1.11791	1.11827	3680	0	9
2025.05.15	12:00:00	1.11827	1.12136	1.11815	1.12091	5763	0	9
2025.05.15	13:00:00	1.12094	1.12232	1.11946	1.12002	6709	0	9
2025.05.15	14:00:00	1.12003	1.12104	1.11754	1.11856	6133	0	9
2025.05.15	15:00:00	1.11857	1.11964	1.11722	1.11876	4291	0	9
2025.05.15	16:00:00	1.11874	1.11903	1.11722	1.11801	2978	0	9
2025.05.15	17:00:00	1.11804	1.11886	1.11697	1.11710	2494	0	9
2025.05.15	18:00:00	1.11708	1.11793	1.11706	1.11766	2025	0	9
2025.05.15	19:00:00	1.11766	1.11859	1.11723	1.11831	1801	0	9
2025.05.15	20:00:00	1.11832	1.11873	1.11819	1.11835	1063	0	9
2025.05.15	21:00:00	1.11838	1.11881	1.11779	1.11881	751	0	15
2025.05.15	22:00:00	1.11885	1.11927	1.11848	1.11917	1113	0	9
2025.05.15	23:00:00	1.11917	1.11935	1.11892	1.11918	1163	0	9
2025.05.16	00:00:00	1.11917	1.12077	1.11902	1.12043	2937	0	9
2025.05.16	01:00:00	1.12044	1.12082	1.11980	1.12030	2504	0	9
2025.05.16	02:00:00	1.12031	1.12081	1.11990	1.12018	2231	0	9
2025.05.16	03:00:00	1.12017	1.12055	1.11984	1.12001	1828	0	9
2025.05.16	04:00:00	1.12001	1.12041	1.11959	1.12027	1524	0	9
2025.05.16	05:00:00	1.12027	1.12182	1.12007	1.12154	2321	0	9
2025.05.16	06:00:00	1.12152	1.12191	1.12070	1.12120	3221	0	9
2025.05.16	07:00:00	1.12121	1.12168	1.12059	1.12083	3703	0	9
2025.05.16	08:00:00	1.12083	1.12089	1.11966	1.11987	3265	0	9
2025.05.16	09:00:00	1.11985	1.12085	1.11913	1.11940	3101	0	9
2025.05.16	10:00:00	1.11942	1.11996	1.11877	1.11993	3005	0	9
2025.05.16	11:00:00	1.11995	1.12077	1.11899	1.11939	2942	0	9
2025.05.16	12:00:00	1.11939	1.11986	1.11905	1.11968	3210	0	9
2025.05.16	13:00:00	1.11970	1.12055	1.11875	1.12000	3881	0	9
2025.05.16	14:00:00	1.12003	1.12020	1.11511	1.11540	7692	0	9
2025.05.16	15:00:00	1.11538	1.11584	1.11396	1.11399	4207	0	9
2025.05.16	16:00:00	1.11396	1.11473	1.11305	1.11447	3538	0	9
2025.05.16	17:00:00	1.11448	1.11473	1.11391	1.11444	2114	0	9
2025.05.16	18:00:00	1.11444	1.11547	1.11426	1.11521	1982	0	9
2025.05.16	19:00:00	1.11519	1.11581	1.11474	1.11488	1935	0	9
2025.05.16	20:00:00	1.11488	1.11641	1.11445	1.11620	1869	0	9
2025.05.18	21:00:00	1.11721	1.11784	1.11703	1.11727	582	0	44
2025.05.18	22:00:00	1.11745	1.11936	1.11717	1.11899	1934	0	9
2025.05.18	23:00:00	1.11901	1.11936	1.11813	1.11884	1833	0	9
2025.05.19	00:00:00	1.11886	1.11983	1.11796	1.11968	3745	0	9
2025.05.19	01:00:00	1.11968	1.11987	1.11729	1.11759	3281	0	9
2025.05.19	02:00:00	1.11759	1.11879	1.11720	1.11817	2556	0	9
2025.05.19	03:00:00	1.11817	1.11849	1.11784	1.11810	1916	0	9
2025.05.19	04:00:00	1.11808	1.11870	1.11766	1.11835	1698	0	9
2025.05.19	05:00:00	1.11833	1.11879	1.11758	1.11844	2080	0	9
2025.05.19	06:00:00	1.11843	1.12120	1.11815	1.12089	4510	0	9
2025.05.19	07:00:00	1.12089	1.12449	1.12050	1.12380	6121	0	9
2025.05.19	08:00:00	1.12382	1.12590	1.12355	1.12570	4651	0	9
2025.05.19	09:00:00	1.12572	1.12805	1.12544	1.12792	5349	0	9
2025.05.19	10:00:00	1.12794	1.12879	1.12684	1.12778	4558	0	9
2025.05.19	11:00:00	1.12777	1.12795	1.12616	1.12727	3958	0	9
2025.05.19	12:00:00	1.12724	1.12732	1.12565	1.12565	4089	0	9
2025.05.19	13:00:00	1.12568	1.12648	1.12469	1.12513	6205	0	9
2025.05.19	14:00:00	1.12512	1.12575	1.12411	1.12531	5272	0	9
2025.05.19	15:00:00	1.12531	1.12594	1.12331	1.12358	4130	0	9
2025.05.19	16:00:00	1.12361	1.12395	1.12288	1.12350	3218	0	9
2025.05.19	17:00:00	1.12349	1.12386	1.12237	1.12298	2355	0	9
2025.05.19	18:00:00	1.12298	1.12363	1.12243	1.12343	1922	0	9
2025.05.19	19:00:00	1.12345	1.12417	1.12325	1.12396	1247	0	9
2025.05.19	20:00:00	1.12394	1.12444	1.12385	1.12400	1043	0	9
2025.05.19	21:00:00	1.12404	1.12428	1.12371	1.12421	461	0	13
2025.05.19	22:00:00	1.12432	1.12437	1.12347	1.12350	811	0	9
2025.05.19	23:00:00	1.12350	1.12360	1.12311	1.12321	857	0	9
2025.05.20	00:00:00	1.12321	1.12323	1.12177	1.12274	2235	0	9
2025.05.20	01:00:00	1.12274	1.12509	1.12274	1.12381	3225	0	9
2025.05.20	02:00:00	1.12384	1.12459	1.12259	1.12314	2323	0	9
2025.05.20	03:00:00	1.12315	1.12473	1.12290	1.12447	2342	0	9
2025.05.20	04:00:00	1.12447	1.12504	1.12400	1.12420	2107	0	9
2025.05.20	05:00:00	1.12419	1.12581	1.12415	1.12540	3161	0	9
2025.05.20	06:00:00	1.12540	1.12620	1.12502	1.12572	4088	0	9
2025.05.20	07:00:00	1.12570	1.12777	1.12526	1.12758	4719	0	9
2025.05.20	08:00:00	1.12759	1.12759	1.12470	1.12582	3907	0	9
2025.05.20	09:00:00	1.12582	1.12666	1.12496	1.12548	3261	0	9
2025.05.20	10:00:00	1.12547	1.12575	1.12425	1.12443	2862	0	9
2025.05.20	11:00:00	1.12444	1.12513	1.12433	1.12455	2806	0	9
2025.05.20	12:00:00	1.12457	1.12470	1.12233	1.12340	3620	0	9
2025.05.20	13:00:00	1.12338	1.12490	1.12245	1.12452	4731	0	9
2025.05.20	14:00:00	1.12455	1.12686	1.12454	1.12682	5803	0	9
2025.05.20	15:00:00	1.12683	1.12695	1.12491	1.12528	3457	0	9
2025.05.20	16:00:00	1.12528	1.12579	1.12449	1.12562	2702	0	9
2025.05.20	17:00:00	1.12562	1.12774	1.12543	1.12733	2301	0	9
2025.05.20	18:00:00	1.12735	1.12801	1.12708	1.12719	2640	0	9
2025.05.20	19:00:00	1.12720	1.12824	1.12713	1.12800	1623	0	9
2025.05.20	20:00:00	1.12803	1.12850	1.12779	1.12837	910	0	9
2025.05.20	21:00:00	1.12835	1.12835	1.12766	1.12817	713	0	24
2025.05.20	22:00:00	1.12821	1.12863	1.12799	1.12807	1147	0	9
2025.05.20	23:00:00	1.12806	1.12899	1.12801	1.12878	1116	0	9
2025.05.21	00:00:00	1.12880	1.13010	1.12871	1.12947	2599	0	9
2025.05.21	01:00:00	1.12950	1.13023	1.12865	1.12979	2485	0	9
2025.05.21	02:00:00	1.12979	1.13255	1.12967	1.13214	3930	0	9
2025.05.21	03:00:00	1.13215	1.13394	1.13187	1.13336	2864	0	9
2025.05.21	04:00:00	1.13334	1.13364	1.13253	1.13287	2023	0	9
2025.05.21	05:00:00	1.13287	1.13376	1.13262	1.13316	2882	0	9
2025.05.21	06:00:00	1.13317	1.13525	1.13218	1.13324	5786	0	9
2025.05.21	07:00:00	1.13322	1.13339	1.13139	1.13227	5268	0	9
2025.05.21	08:00:00	1.13230	1.13336	1.13119	1.13220	3904	0	9
2025.05.21	09:00:00	1.13223	1.13346	1.13145	1.13344	3331	0	9
2025.05.21	10:00:00	1.13343	1.13617	1.13309	1.13386	4876	0	9
2025.05.21	11:00:00	1.13384	1.13443	1.13187	1.13232	3807	0	9
2025.05.21	12:00:00	1.13234	1.13343	1.13171	1.13343	4864	0	9
2025.05.21	13:00:00	1.13344	1.13385	1.13228	1.13362	5121	0	9
2025.05.21	14:00:00	1.13361	1.13541	1.13319	1.13405	6624	0	9
2025.05.21	15:00:00	1.13405	1.13480	1.13320	1.13421	4406	0	9
2025.05.21	16:00:00	1.13419	1.13519	1.13386	1.13401	2739	0	9
2025.05.21	17:00:00	1.13400	1.13625	1.13372	1.13477	5042	0	9
2025.05.21	18:00:00	1.13474	1.13484	1.13310	1.13330	2994	0	9
2025.05.21	19:00:00	1.13328	1.13388	1.13181	1.13188	2723	0	9
2025.05.21	20:00:00	1.13186	1.13313	1.13152	1.13284	1368	0	9
2025.05.21	21:00:00	1.13281	1.13296	1.13255	1.13293	438	0	14
2025.05.21	22:00:00	1.13292	1.13303	1.13151	1.13151	2006	0	9
2025.05.21	23:00:00	1.13150	1.13320	1.13105	1.13315	1859	0	9
2025.05.22	00:00:00	1.13315	1.13430	1.13257	1.13268	3893	0	9
2025.05.22	01:00:00	1.13268	1.13404	1.13171	1.13375	3806	0	9
2025.05.22	02:00:00	1.13372	1.13448	1.13281	1.13383	3192	0	9
2025.05.22	03:00:00	1.13383	1.13417	1.13305	1.13329	2104	0	9
2025.05.22	04:00:00	1.13326	1.13340	1.13243	1.13326	1771	0	9
2025.05.22	05:00:00	1.13329	1.13348	1.13245	1.13331	2314	0	9
2025.05.22	06:00:00	1.13333	1.13415	1.13171	1.13221	4592	0	9
2025.05.22	07:00:00	1.13218	1.13242	1.12952	1.13208	6008	0	9
2025.05.22	08:00:00	1.13206	1.13343	1.13009	1.13016	5534	0	9
2025.05.22	09:00:00	1.13013	1.13029	1.12906	1.12940	4234	0	9
2025.05.22	10:00:00	1.12940	1.12993	1.12898	1.12916	2921	0	9
2025.05.22	11:00:00	1.12918	1.13125	1.12911	1.13080	3774	0	9
2025.05.22	12:00:00	1.13082	1.13144	1.12845	1.12948	4913	0	9
2025.05.22	13:00:00	1.12950	1.13085	1.12813	1.12828	5828	0	9
2025.05.22	14:00:00	1.12829	1.12974	1.12744	1.12769	5912	0	9
2025.05.22	15:00:00	1.12771	1.12880	1.12655	1.12804	4714	0	9
2025.05.22	16:00:00	1.12802	1.12874	1.12680	1.12692	3314	0	9
2025.05.22	17:00:00	1.12694	1.12707	1.12553	1.12678	3241	0	9
2025.05.22	18:00:00	1.12676	1.12806	1.12668	1.12775	2024	0	9
2025.05.22	19:00:00	1.12778	1.12854	1.12775	1.12784	1608	0	9
2025.05.22	20:00:00	1.12785	1.12833	1.12769	1.12794	1092	0	9
2025.05.22	21:00:00	1.12792	1.12802	1.12763	1.12802	500	0	17
2025.05.22	22:00:00	1.12808	1.12870	1.12806	1.12862	906	0	9
2025.05.22	23:00:00	1.12862	1.12887	1.12806	1.12817	911	0	9
2025.05.23	00:00:00	1.12820	1.13000	1.12786	1.12966	2448	0	9
2025.05.23	01:00:00	1.12965	1.13186	1.12946	1.13136	2769	0	9
2025.05.23	02:00:00	1.13138	1.13174	1.13078	1.13143	1924	0	9
2025.05.23	03:00:00	1.13144	1.13170	1.13108	1.13113	1339	0	9
2025.05.23	04:00:00	1.13113	1.13206	1.13073	1.13177	1609	0	9
2025.05.23	05:00:00	1.13175	1.13253	1.13077	1.13223	1938	0	9
2025.05.23	06:00:00	1.13223	1.13265	1.13098	1.13116	3489	0	9
2025.05.23	07:00:00	1.13116	1.13437	1.13090	1.13390	3934	0	9
2025.05.23	08:00:00	1.13389	1.13444	1.13324	1.13415	2972	0	9
2025.05.23	09:00:00	1.13415	1.13535	1.13377	1.13487	3100	0	9
2025.05.23	10:00:00	1.13489	1.13574	1.13441	1.13484	3096	0	9
2025.05.23	11:00:00	1.13484	1.13755	1.12981	1.13212	14962	0	9
2025.05.23	12:00:00	1.13213	1.13498	1.12972	1.13332	11833	0	9
2025.05.23	13:00:00	1.13330	1.13377	1.13129	1.13142	7035	0	9
2025.05.23	14:00:00	1.13143	1.13458	1.13107	1.13445	6137	0	9
2025.05.23	15:00:00	1.13443	1.13593	1.13314	1.13489	4472	0	9
2025.05.23	16:00:00	1.13491	1.13594	1.13408	1.13577	3169	0	9
2025.05.23	17:00:00	1.13577	1.13669	1.13514	1.13603	2154	0	9
2025.05.23	18:00:00	1.13602	1.13689	1.13552	1.13591	2364	0	9
2025.05.23	19:00:00	1.13593	1.13652	1.13551	1.13630	1710	0	9
2025.05.23	20:00:00	1.13631	1.13678	1.13584	1.13621	1484	0	9
2025.05.25	21:00:00	1.13641	1.13661	1.13591	1.13661	391	0	40
2025.05.25	22:00:00	1.13677	1.13791	1.13613	1.13735	3492	0	9
2025.05.25	23:00:00	1.13738	1.13815	1.13693	1.13744	2113	0	9
2025.05.26	00:00:00	1.13744	1.13976	1.13743	1.13967	3477	0	9
2025.05.26	01:00:00	1.13965	1.14154	1.13877	1.14119	3380	0	9
2025.05.26	02:00:00	1.14119	1.14186	1.14078	1.14092	2835	0	9
2025.05.26	03:00:00	1.14091	1.14122	1.14049	1.14110	2058	0	9
2025.05.26	04:00:00	1.14111	1.14127	1.14028	1.14091	1909	0	9
2025.05.26	05:00:00	1.14091	1.14182	1.13999	1.14166	2307	0	9
2025.05.26	06:00:00	1.14163	1.14182	1.14075	1.14088	3371	0	9
2025.05.26	07:00:00	1.14085	1.14120	1.13881	1.13889	3722	0	9
2025.05.26	08:00:00	1.13890	1.13948	1.13826	1.13844	2980	0	9
2025.05.26	09:00:00	1.13843	1.13855	1.13756	1.13787	2171	0	9
2025.05.26	10:00:00	1.13788	1.13860	1.13760	1.13838	2089	0	9
2025.05.26	11:00:00	1.13838	1.13868	1.13735	1.13768	1994	0	9
2025.05.26	12:00:00	1.13770	1.13819	1.13685	1.13747	2148	0	9
2025.05.26	13:00:00	1.13747	1.13829	1.13726	1.13812	2014	0	9
2025.05.26	14:00:00	1.13813	1.13846	1.13763	1.13840	2198	0	9
2025.05.26	15:00:00	1.13842	1.13852	1.13768	1.13808	1622	0	9
2025.05.26	16:00:00	1.13809	1.13829	1.13754	1.13829	1033	0	9
2025.05.26	17:00:00	1.13831	1.13835	1.13781	1.13804	560	0	9
2025.05.26	18:00:00	1.13801	1.13830	1.13795	1.13807	399	0	9
2025.05.26	19:00:00	1.13805	1.13852	1.13800	1.13851	345	0	9
2025.05.26	20:00:00	1.13851	1.13879	1.13836	1.13851	485	0	9
2025.05.26	21:00:00	1.13850	1.13863	1.13777	1.13842	485	0	18
2025.05.26	22:00:00	1.13849	1.13946	1.13842	1.13900	1045	0	9
2025.05.26	23:00:00	1.13900	1.13912	1.13866	1.13881	942	0	9
2025.05.27	00:00:00	1.13881	1.14025	1.13875	1.13997	2248	0	9
2025.05.27	01:00:00	1.13997	1.14069	1.13908	1.13951	2187	0	9
2025.05.27	02:00:00	1.13951	1.14027	1.13904	1.13924	1892	0	9
2025.05.27	03:00:00	1.13924	1.14006	1.13896	1.13934	1401	0	9
2025.05.27	04:00:00	1.13934	1.13974	1.13774	1.13782	1968	0	9
2025.05.27	05:00:00	1.13784	1.13792	1.13667	1.13783	3380	0	9
2025.05.27	06:00:00	1.13781	1.13923	1.13638	1.13646	4055	0	9
2025.05.27	07:00:00	1.13643	1.13707	1.13366	1.13406	5336	0	9
2025.05.27	08:00:00	1.13407	1.13573	1.13387	1.13486	3537	0	9
2025.05.27	09:00:00	1.13483	1.13577	1.13444	1.13480	3565	0	9
2025.05.27	10:00:00	1.13482	1.13515	1.13403	1.13433	3379	0	9
2025.05.27	11:00:00	1.13431	1.13540	1.13409	1.13508	3054	0	9
2025.05.27	12:00:00	1.13510	1.13677	1.13506	1.13662	3402	0	9
2025.05.27	13:00:00	1.13666	1.13752	1.13550	1.13577	4203	0	9
2025.05.27	14:00:00	1.13579	1.13610	1.13377	1.13409	5238	0	9
2025.05.27	15:00:00	1.13411	1.13411	1.13227	1.13253	4123	0	9
2025.05.27	16:00:00	1.13252	1.13348	1.13229	1.13313	2511	0	9
2025.05.27	17:00:00	1.13314	1.13366	1.13298	1.13324	1745	0	9
2025.05.27	18:00:00	1.13326	1.13384	1.13279	1.13367	1644	0	9
2025.05.27	19:00:00	1.13365	1.13384	1.13295	1.13307	1418	0	9
2025.05.27	20:00:00	1.13306	1.13325	1.13261	1.13275	1162	0	9
2025.05.27	21:00:00	1.13279	1.13311	1.13224	1.13309	659	0	14
2025.05.27	22:00:00	1.13313	1.13369	1.13282	1.13361	732	0	9
2025.05.27	23:00:00	1.13361	1.13378	1.13310	1.13366	845	0	9
2025.05.28	00:00:00	1.13366	1.13454	1.13338	1.13343	1911	0	9
2025.05.28	01:00:00	1.13343	1.13385	1.13150	1.13173	3488	0	9
2025.05.28	02:00:00	1.13171	1.13250	1.13003	1.13051	3292	0	9
2025.05.28	03:00:00	1.13053	1.13126	1.13002	1.13070	2587	0	9
2025.05.28	04:00:00	1.13071	1.13103	1.13024	1.13058	1917	0	9
2025.05.28	05:00:00	1.13059	1.13143	1.12951	1.13143	2382	0	9
2025.05.28	06:00:00	1.13141	1.13165	1.13034	1.13041	3380	0	9
2025.05.28	07:00:00	1.13042	1.13304	1.13026	1.13262	3601	0	9
2025.05.28	08:00:00	1.13264	1.13339	1.13177	1.13317	3233	0	9
2025.05.28	09:00:00	1.13316	1.13400	1.13277	1.13332	2997	0	9
2025.05.28	10:00:00	1.13331	1.13405	1.13235	1.13254	2865	0	9
2025.05.28	11:00:00	1.13257	1.13284	1.13160	1.13172	3117	0	9
2025.05.28	12:00:00	1.13174	1.13243	1.13070	1.13107	3847	0	9
2025.05.28	13:00:00	1.13107	1.13133	1.12966	1.13087	5560	0	9
2025.05.28	14:00:00	1.13085	1.13244	1.13004	1.13018	6208	0	9
2025.05.28	15:00:00	1.13017	1.13083	1.12834	1.12845	4474	0	9
2025.05.28	16:00:00	1.12847	1.12962	1.12837	1.12937	2494	0	9
2025.05.28	17:00:00	1.12935	1.13004	1.12902	1.12912	2281	0	9
2025.05.28	18:00:00	1.12914	1.12976	1.12841	1.12931	2393	0	9
2025.05.28	19:00:00	1.12929	1.12953	1.12874	1.12891	1876	0	9
2025.05.28	20:00:00	1.12893	1.12956	1.12889	1.12906	1400	0	9
2025.05.28	21:00:00	1.12904	1.12938	1.12874	1.12938	483	0	16
2025.05.28	22:00:00	1.12939	1.12969	1.12902	1.12914	920	0	9
2025.05.28	23:00:00	1.12912	1.12921	1.12097	1.12297	8622	0	9
2025.05.29	00:00:00	1.12295	1.12503	1.12228	1.12344	7993	0	9
2025.05.29	01:00:00	1.12342	1.12529	1.12232	1.12514	5155	0	9
2025.05.29	02:00:00	1.12511	1.12567	1.12413	1.12456	3201	0	9
2025.05.29	03:00:00	1.12455	1.12560	1.12424	1.12484	2366	0	9
2025.05.29	04:00:00	1.12481	1.12546	1.12436	1.12474	1933	0	9
2025.05.29	05:00:00	1.12475	1.12504	1.12303	1.12431	3082	0	9
2025.05.29	06:00:00	1.12433	1.12735	1.12419	1.12708	5133	0	9
2025.05.29	07:00:00	1.12709	1.12824	1.12708	1.12751	4507	0	9
2025.05.29	08:00:00	1.12750	1.12787	1.12614	1.12714	3542	0	9
2025.05.29	09:00:00	1.12715	1.12835	1.12711	1.12775	2858	0	9
2025.05.29	10:00:00	1.12773	1.12911	1.12761	1.12861	3013	0	9
2025.05.29	11:00:00	1.12860	1.12904	1.12678	1.12705	3063	0	9
2025.05.29	12:00:00	1.12706	1.13494	1.12706	1.13490	7538	0	9
2025.05.29	13:00:00	1.13491	1.13596	1.13389	1.13507	7260	0	9
2025.05.29	14:00:00	1.13507	1.13693	1.13427	1.13496	6035	0	9
2025.05.29	15:00:00	1.13497	1.13704	1.13482	1.13693	4776	0	9
2025.05.29	16:00:00	1.13691	1.13795	1.13660	1.13710	2933	0	9
2025.05.29	17:00:00	1.13710	1.13843	1.13615	1.13766	2396	0	9
2025.05.29	18:00:00	1.13767	1.13840	1.13739	1.13747	2104	0	9
2025.05.29	19:00:00	1.13746	1.13780	1.13656	1.13665	1999	0	9
2025.05.29	20:00:00	1.13667	1.13701	1.13605	1.13659	1047	0	9
2025.05.29	21:00:00	1.13661	1.13694	1.13598	1.13685	640	0	15
2025.05.29	22:00:00	1.13683	1.13769	1.13664	1.13707	1359	0	9
2025.05.29	23:00:00	1.13709	1.13791	1.13690	1.13764	1401	0	9
2025.05.30	00:00:00	1.13762	1.13846	1.13643	1.13721	3302	0	9
2025.05.30	01:00:00	1.13722	1.13896	1.13521	1.13545	4500	0	9
2025.05.30	02:00:00	1.13547	1.13587	1.13481	1.13491	2576	0	9
2025.05.30	03:00:00	1.13491	1.13566	1.13455	1.13492	1959	0	9
2025.05.30	04:00:00	1.13494	1.13533	1.13452	1.13455	1899	0	9
2025.05.30	05:00:00	1.13456	1.13542	1.13427	1.13507	2091	0	9
2025.05.30	06:00:00	1.13505	1.13516	1.13356	1.13463	3375	0	9
2025.05.30	07:00:00	1.13462	1.13477	1.13273	1.13372	4644	0	9
2025.05.30	08:00:00	1.13374	1.13443	1.13229	1.13239	3729	0	9
2025.05.30	09:00:00	1.13237	1.13318	1.13229	1.13253	2958	0	9
2025.05.30	10:00:00	1.13253	1.13343	1.13244	1.13272	2716	0	9
2025.05.30	11:00:00	1.13270	1.13385	1.13229	1.13380	2692	0	9
2025.05.30	12:00:00	1.13382	1.13581	1.13342	1.13457	6988	0	9
2025.05.30	13:00:00	1.13461	1.13477	1.13123	1.13175	5641	0	9
2025.05.30	14:00:00	1.13178	1.13542	1.13134	1.13520	8325	0	9
2025.05.30	15:00:00	1.13517	1.13581	1.13433	1.13461	6047	0	9
2025.05.30	16:00:00	1.13462	1.13547	1.13428	1.13502	3570	0	9
2025.05.30	17:00:00	1.13501	1.13667	1.13493	1.13570	2633	0	9
2025.05.30	18:00:00	1.13570	1.13645	1.13546	1.13579	2424	0	9
2025.05.30	19:00:00	1.13578	1.13604	1.13491	1.13559	1973	0	9
2025.05.30	20:00:00	1.13561	1.13561	1.13448	1.13473	1239	0	9
2025.06.01	21:00:00	1.13466	1.13510	1.13452	1.13510	313	0	9
2025.06.01	22:00:00	1.13514	1.13572	1.13473	1.13548	1780	0	9
2025.06.01	23:00:00	1.13548	1.13601	1.13506	1.13527	1550	0	9
2025.06.02	00:00:00	1.13527	1.13744	1.13523	1.13681	2791	0	9
2025.06.02	01:00:00	1.13681	1.13816	1.13674	1.13700	3058	0	9
2025.06.02	02:00:00	1.13701	1.13735	1.13616	1.13641	1913	0	9
2025.06.02	03:00:00	1.13640	1.13656	1.13541	1.13612	1688	0	9
2025.06.02	04:00:00	1.13614	1.13665	1.13593	1.13650	1582	0	9
2025.06.02	05:00:00	1.13648	1.13800	1.13632	1.13792	1854	0	9
2025.06.02	06:00:00	1.13790	1.14066	1.13779	1.14006	3250	0	9
2025.06.02	07:00:00	1.14008	1.14365	1.13984	1.14234	4241	0	9
2025.06.02	08:00:00	1.14232	1.14272	1.14125	1.14198	3878	0	9
2025.06.02	09:00:00	1.14200	1.14367	1.14189	1.14230	3779	0	9
2025.06.02	10:00:00	1.14230	1.14277	1.14128	1.14148	2989	0	9
2025.06.02	11:00:00	1.14149	1.14260	1.14089	1.14140	3109	0	9
2025.06.02	12:00:00	1.14137	1.14287	1.14109	1.14176	3522	0	9
2025.06.02	13:00:00	1.14179	1.14225	1.14038	1.14185	4676	0	9
2025.06.02	14:00:00	1.14189	1.14495	1.14184	1.14345	6108	0	9
2025.06.02	15:00:00	1.14344	1.14383	1.14237	1.14301	4066	0	9
2025.06.02	16:00:00	1.14303	1.14316	1.14115	1.14181	3008	0	9
2025.06.02	17:00:00	1.14179	1.14257	1.14158	1.14222	2344	0	9
2025.06.02	18:00:00	1.14221	1.14421	1.14184	1.14409	2314	0	9
2025.06.02	19:00:00	1.14407	1.14450	1.14331	1.14446	1834	0	9
2025.06.02	20:00:00	1.14444	1.14461	1.14395	1.14413	844	0	9
2025.06.02	21:00:00	1.14412	1.14417	1.14313	1.14398	954	0	12
2025.06.02	22:00:00	1.14400	1.14456	1.14379	1.14447	764	0	9
2025.06.02	23:00:00	1.14447	1.14535	1.14443	1.14528	1128	0	9
2025.06.03	00:00:00	1.14527	1.14544	1.14384	1.14432	2024	0	9
2025.06.03	01:00:00	1.14430	1.14432	1.14266	1.14277	2813	0	9
2025.06.03	02:00:00	1.14280	1.14301	1.14185	1.14254	2275	0	9
2025.06.03	03:00:00	1.14253	1.14271	1.14155	1.14195	1859	0	9
2025.06.03	04:00:00	1.14195	1.14252	1.14166	1.14249	1441	0	9
2025.06.03	05:00:00	1.14248	1.14272	1.14118	1.14215	2055	0	9
2025.06.03	06:00:00	1.14218	1.14308	1.14151	1.14285	3198	0	9
2025.06.03	07:00:00	1.14284	1.14319	1.14137	1.14158	3810	0	9
2025.06.03	08:00:00	1.14157	1.14185	1.14052	1.14113	3242	0	9
2025.06.03	09:00:00	1.14114	1.14177	1.14014	1.14115	2999	0	9
2025.06.03	10:00:00	1.14117	1.14123	1.13960	1.13975	2847	0	9
2025.06.03	11:00:00	1.13976	1.13990	1.13861	1.13901	3095	0	9
2025.06.03	12:00:00	1.13904	1.13937	1.13767	1.13814	3439	0	9
2025.06.03	13:00:00	1.13816	1.13946	1.13765	1.13879	4456	0	9
2025.06.03	14:00:00	1.13875	1.13929	1.13634	1.13913	6306	0	9
2025.06.03	15:00:00	1.13914	1.13926	1.13702	1.13718	3662	0	9
2025.06.03	16:00:00	1.13720	1.13829	1.13671	1.13729	2629	0	9
2025.06.03	17:00:00	1.13731	1.13813	1.13723	1.13779	1884	0	9
2025.06.03	18:00:00	1.13777	1.13777	1.13686	1.13745	1601	0	9
2025.06.03	19:00:00	1.13744	1.13758	1.13673	1.13685	1218	0	9
2025.06.03	20:00:00	1.13684	1.13738	1.13679	1.13695	735	0	9
2025.06.03	21:00:00	1.13693	1.13745	1.13635	1.13744	726	0	23
2025.06.03	22:00:00	1.13761	1.13762	1.13704	1.13739	683	0	9
2025.06.03	23:00:00	1.13739	1.13856	1.13739	1.13839	1125	0	9
2025.06.04	00:00:00	1.13837	1.13886	1.13779	1.13823	2485	0	9
2025.06.04	01:00:00	1.13822	1.13928	1.13712	1.13855	3134	0	9
2025.06.04	02:00:00	1.13852	1.13877	1.13733	1.13758	1725	0	9
2025.06.04	03:00:00	1.13758	1.13807	1.13651	1.13672	1736	0	9
2025.06.04	04:00:00	1.13673	1.13787	1.13644	1.13664	1945	0	9
2025.06.04	05:00:00	1.13666	1.13713	1.13567	1.13619	2466	0	9
2025.06.04	06:00:00	1.13619	1.13778	1.13571	1.13776	3859	0	9
2025.06.04	07:00:00	1.13778	1.13966	1.13751	1.13864	3784	0	9
2025.06.04	08:00:00	1.13863	1.14034	1.13825	1.13990	2993	0	9
2025.06.04	09:00:00	1.13990	1.13992	1.13810	1.13825	2533	0	9
2025.06.04	10:00:00	1.13826	1.13853	1.13744	1.13818	2514	0	9
2025.06.04	11:00:00	1.13818	1.13869	1.13768	1.13788	2186	0	9
2025.06.04	12:00:00	1.13789	1.14108	1.13789	1.14090	5604	0	9
2025.06.04	13:00:00	1.14091	1.14133	1.13925	1.13995	3984	0	9
2025.06.04	14:00:00	1.13994	1.14342	1.13994	1.14321	5764	0	9
2025.06.04	15:00:00	1.14320	1.14334	1.14166	1.14231	3942	0	9
2025.06.04	16:00:00	1.14231	1.14340	1.14193	1.14326	2726	0	9
2025.06.04	17:00:00	1.14328	1.14331	1.14228	1.14246	1881	0	9
2025.06.04	18:00:00	1.14244	1.14278	1.14196	1.14201	1698	0	9
2025.06.04	19:00:00	1.14201	1.14216	1.14119	1.14120	1476	0	9
2025.06.04	20:00:00	1.14120	1.14223	1.14097	1.14178	1193	0	9
2025.06.04	21:00:00	1.14175	1.14180	1.14130	1.14170	783	0	12
2025.06.04	22:00:00	1.14170	1.14225	1.14167	1.14193	679	0	9
2025.06.04	23:00:00	1.14196	1.14283	1.14185	1.14206	1102	0	9
2025.06.05	00:00:00	1.14208	1.14291	1.14161	1.14286	2551	0	9
2025.06.05	01:00:00	1.14288	1.14345	1.14133	1.14162	2709	0	9
2025.06.05	02:00:00	1.14159	1.14191	1.14100	1.14172	1849	0	9
2025.06.05	03:00:00	1.14173	1.14224	1.14086	1.14103	2141	0	9
2025.06.05	04:00:00	1.14103	1.14141	1.14075	1.14097	1782	0	9
2025.06.05	05:00:00	1.14100	1.14132	1.14043	1.14060	1942	0	9
2025.06.05	06:00:00	1.14059	1.14171	1.14051	1.14087	2659	0	9
2025.06.05	07:00:00	1.14085	1.14248	1.14065	1.14116	3090	0	9
2025.06.05	08:00:00	1.14119	1.14190	1.14086	1.14128	2751	0	9
2025.06.05	09:00:00	1.14128	1.14213	1.14091	1.14181	2720	0	9
2025.06.05	10:00:00	1.14178	1.14323	1.14170	1.14239	2512	0	9
2025.06.05	11:00:00	1.14237	1.14281	1.14158	1.14255	2736	0	9
2025.06.05	12:00:00	1.14253	1.14482	1.14132	1.14290	8704	0	9
2025.06.05	13:00:00	1.14292	1.14947	1.14181	1.14801	12140	0	9
2025.06.05	14:00:00	1.14803	1.14819	1.14539	1.14579	8335	0	9
2025.06.05	15:00:00	1.14576	1.14584	1.14347	1.14390	5602	0	9
2025.06.05	16:00:00	1.14392	1.14478	1.14313	1.14478	3764	0	9
2025.06.05	17:00:00	1.14476	1.14480	1.14315	1.14428	2457	0	9
2025.06.05	18:00:00	1.14426	1.14438	1.14307	1.14415	2375	0	9
2025.06.05	19:00:00	1.14416	1.14476	1.14333	1.14376	3080	0	9
2025.06.05	20:00:00	1.14374	1.14447	1.14350	1.14431	1303	0	9
2025.06.05	21:00:00	1.14430	1.14455	1.14398	1.14429	698	0	20
2025.06.05	22:00:00	1.14435	1.14515	1.14432	1.14511	869	0	9
2025.06.05	23:00:00	1.14513	1.14535	1.14461	1.14531	1039	0	9
2025.06.06	00:00:00	1.14531	1.14568	1.14494	1.14497	1820	0	9
2025.06.06	01:00:00	1.14495	1.14520	1.14411	1.14423	1884	0	9
2025.06.06	02:00:00	1.14424	1.14432	1.14328	1.14375	1702	0	9
2025.06.06	03:00:00	1.14375	1.14435	1.14357	1.14399	1367	0	9
2025.06.06	04:00:00	1.14399	1.14422	1.14367	1.14394	1109	0	9
2025.06.06	05:00:00	1.14393	1.14400	1.14304	1.14357	1565	0	9
2025.06.06	06:00:00	1.14356	1.14419	1.14244	1.14353	2768	0	9
2025.06.06	07:00:00	1.14351	1.14364	1.14211	1.14264	3348	0	9
2025.06.06	08:00:00	1.14263	1.14289	1.14111	1.14145	2964	0	9
2025.06.06	09:00:00	1.14144	1.14208	1.14104	1.14189	2353	0	9
2025.06.06	10:00:00	1.14191	1.14241	1.14170	1.14223	2140	0	9
2025.06.06	11:00:00	1.14225	1.14285	1.14167	1.14177	2307	0	9
2025.06.06	12:00:00	1.14177	1.14303	1.13857	1.13962	8699	0	8
2025.06.06	13:00:00	1.13961	1.14020	1.13714	1.13899	7914	0	9
2025.06.06	14:00:00	1.13901	1.14160	1.13804	1.13890	7005	0	9
2025.06.06	15:00:00	1.13889	1.14018	1.13806	1.13965	4941	0	9
2025.06.06	16:00:00	1.13964	1.14012	1.13858	1.13869	3198	0	9
2025.06.06	17:00:00	1.13870	1.13976	1.13843	1.13925	2487	0	9
2025.06.06	18:00:00	1.13927	1.13991	1.13922	1.13967	2145	0	9
2025.06.06	19:00:00	1.13968	1.14016	1.13923	1.13959	1622	0	9
2025.06.06	20:00:00	1.13956	1.13974	1.13909	1.13942	908	0	9
2025.06.08	21:00:00	1.13947	1.13948	1.13901	1.13918	383	0	40
2025.06.08	22:00:00	1.13938	1.14066	1.13928	1.14062	943	0	9
2025.06.08	23:00:00	1.14063	1.14111	1.14032	1.14060	1079	0	9
2025.06.09	00:00:00	1.14060	1.14088	1.13925	1.13937	1712	0	9
2025.06.09	01:00:00	1.13939	1.14168	1.13937	1.14147	2011	0	9
2025.06.09	02:00:00	1.14145	1.14250	1.14138	1.14170	1931	0	9
2025.06.09	03:00:00	1.14170	1.14206	1.14115	1.14118	1290	0	9
2025.06.09	04:00:00	1.14118	1.14187	1.14108	1.14181	1105	0	9
2025.06.09	05:00:00	1.14182	1.14238	1.14117	1.14215	1484	0	9
2025.06.09	06:00:00	1.14216	1.14294	1.14174	1.14269	2331	0	9
2025.06.09	07:00:00	1.14268	1.14284	1.14190	1.14221	2512	0	9
2025.06.09	08:00:00	1.14222	1.14357	1.14184	1.14279	2666	0	9
2025.06.09	09:00:00	1.14279	1.14387	1.14255	1.14257	2335	0	9
2025.06.09	10:00:00	1.14260	1.14289	1.14157	1.14190	2030	0	9
2025.06.09	11:00:00	1.14190	1.14228	1.14054	1.14169	2958	0	9
2025.06.09	12:00:00	1.14170	1.14177	1.13944	1.13999	3189	0	9
2025.06.09	13:00:00	1.13997	1.14041	1.13862	1.14017	3818	0	9
2025.06.09	14:00:00	1.14013	1.14085	1.13932	1.14075	3501	0	9
2025.06.09	15:00:00	1.14078	1.14252	1.14071	1.14239	2530	0	9
2025.06.09	16:00:00	1.14237	1.14254	1.14147	1.14241	1733	0	9
2025.06.09	17:00:00	1.14243	1.14261	1.14193	1.14216	1489	0	9
2025.06.09	18:00:00	1.14215	1.14305	1.14188	1.14274	1593	0	9
2025.06.09	19:00:00	1.14272	1.14290	1.14221	1.14224	1255	0	9
2025.06.09	20:00:00	1.14223	1.14268	1.14181	1.14190	754	0	9
2025.06.09	21:00:00	1.14193	1.14208	1.14163	1.14208	392	0	12
2025.06.09	22:00:00	1.14209	1.14233	1.14196	1.14227	518	0	9
2025.06.09	23:00:00	1.14227	1.14282	1.14196	1.14259	686	0	9
2025.06.10	00:00:00	1.14258	1.14353	1.14216	1.14241	2075	0	9
2025.06.10	01:00:00	1.14242	1.14278	1.13947	1.13965	2835	0	9
2025.06.10	02:00:00	1.13963	1.14001	1.13856	1.13987	2902	0	9
2025.06.10	03:00:00	1.13986	1.14046	1.13912	1.14026	1954	0	9
2025.06.10	04:00:00	1.14027	1.14038	1.13912	1.13992	1537	0	9
2025.06.10	05:00:00	1.13989	1.14133	1.13974	1.14049	2992	0	9
2025.06.10	06:00:00	1.14051	1.14143	1.13917	1.13939	4197	0	9
2025.06.10	07:00:00	1.13938	1.13994	1.13727	1.13917	4362	0	9
2025.06.10	08:00:00	1.13918	1.14109	1.13909	1.14077	3429	0	9
2025.06.10	09:00:00	1.14077	1.14182	1.14029	1.14161	2748	0	9
2025.06.10	10:00:00	1.14163	1.14249	1.14108	1.14231	2582	0	9
2025.06.10	11:00:00	1.14229	1.14337	1.14189	1.14288	2890	0	9
2025.06.10	12:00:00	1.14290	1.14401	1.14244	1.14316	3100	0	9
2025.06.10	13:00:00	1.14315	1.14474	1.14300	1.14423	3911	0	9
2025.06.10	14:00:00	1.14424	1.14445	1.14200	1.14254	3418	0	9
2025.06.10	15:00:00	1.14251	1.14275	1.14153	1.14224	2943	0	9
2025.06.10	16:00:00	1.14224	1.14261	1.14156	1.14232	1967	0	9
2025.06.10	17:00:00	1.14234	1.14285	1.14167	1.14227	1519	0	9
2025.06.10	18:00:00	1.14227	1.14249	1.14162	1.14200	1649	0	9
2025.06.10	19:00:00	1.14198	1.14361	1.14186	1.14259	1738	0	9
2025.06.10	20:00:00	1.14258	1.14294	1.14189	1.14235	1017	0	9
2025.06.10	21:00:00	1.14234	1.14242	1.14192	1.14233	697	0	23
2025.06.10	22:00:00	1.14237	1.14290	1.14228	1.14282	704	0	9
2025.06.10	23:00:00	1.14280	1.14391	1.14218	1.14370	1961	0	9
2025.06.11	00:00:00	1.14371	1.14383	1.14201	1.14208	3064	0	9
2025.06.11	01:00:00	1.14208	1.14264	1.14059	1.14083	2424	0	9
2025.06.11	02:00:00	1.14084	1.14174	1.14069	1.14150	1885	0	9
2025.06.11	03:00:00	1.14149	1.14173	1.14110	1.14157	1338	0	9
2025.06.11	04:00:00	1.14158	1.14176	1.14117	1.14151	1323	0	9
2025.06.11	05:00:00	1.14152	1.14225	1.14130	1.14219	1356	0	9
2025.06.11	06:00:00	1.14220	1.14231	1.14068	1.14097	2669	0	9
2025.06.11	07:00:00	1.14099	1.14235	1.14050	1.14191	3025	0	9
2025.06.11	08:00:00	1.14191	1.14381	1.14179	1.14306	2673	0	9
2025.06.11	09:00:00	1.14304	1.14456	1.14297	1.14346	2873	0	9
2025.06.11	10:00:00	1.14348	1.14421	1.14327	1.14377	2261	0	9
2025.06.11	11:00:00	1.14377	1.14402	1.14263	1.14323	2618	0	9
2025.06.11	12:00:00	1.14322	1.14889	1.14279	1.14604	7372	0	8
2025.06.11	13:00:00	1.14603	1.14732	1.14525	1.14698	5599	0	9
2025.06.11	14:00:00	1.14695	1.14863	1.14668	1.14813	4681	0	9
2025.06.11	15:00:00	1.14811	1.14900	1.14742	1.14889	3640	0	9
2025.06.11	16:00:00	1.14887	1.14959	1.14818	1.14892	2644	0	9
2025.06.11	17:00:00	1.14892	1.14987	1.14880	1.14971	1891	0	9
2025.06.11	18:00:00	1.14970	1.14994	1.14833	1.14857	2837	0	9
2025.06.11	19:00:00	1.14858	1.14864	1.14789	1.14825	1938	0	9
2025.06.11	20:00:00	1.14826	1.14887	1.14799	1.14862	1349	0	9
2025.06.11	21:00:00	1.14859	1.14874	1.14802	1.14872	490	0	13
2025.06.11	22:00:00	1.14875	1.15086	1.14869	1.15053	1246	0	9
2025.06.11	23:00:00	1.15055	1.15128	1.15039	1.15096	2012	0	9
2025.06.12	00:00:00	1.15096	1.15263	1.15014	1.15208	3221	0	9
2025.06.12	01:00:00	1.15209	1.15289	1.15144	1.15184	3263	0	9
2025.06.12	02:00:00	1.15182	1.15187	1.15063	1.15109	2193	0	9
2025.06.12	03:00:00	1.15108	1.15216	1.15100	1.15192	1842	0	9
2025.06.12	04:00:00	1.15190	1.15192	1.15118	1.15148	1526	0	9
2025.06.12	05:00:00	1.15148	1.15325	1.15104	1.15274	2102	0	9
2025.06.12	06:00:00	1.15272	1.15311	1.15111	1.15216	3819	0	9
2025.06.12	07:00:00	1.15218	1.15275	1.15053	1.15260	4409	0	9
2025.06.12	08:00:00	1.15257	1.15470	1.15226	1.15437	4310	0	9
2025.06.12	09:00:00	1.15435	1.15883	1.15396	1.15717	5292	0	9
2025.06.12	10:00:00	1.15719	1.16106	1.15666	1.15924	7312	0	9
2025.06.12	11:00:00	1.15924	1.16062	1.15838	1.15893	5174	0	9
2025.06.12	12:00:00	1.15895	1.16314	1.15878	1.16096	6799	0	9
2025.06.12	13:00:00	1.16094	1.16168	1.15791	1.15842	5890	0	9
2025.06.12	14:00:00	1.15845	1.15898	1.15786	1.15818	4659	0	9
2025.06.12	15:00:00	1.15815	1.15848	1.15672	1.15767	4668	0	9
2025.06.12	16:00:00	1.15767	1.15791	1.15666	1.15758	3474	0	9
2025.06.12	17:00:00	1.15755	1.15778	1.15635	1.15746	2284	0	9
2025.06.12	18:00:00	1.15745	1.15803	1.15694	1.15771	1726	0	9
2025.06.12	19:00:00	1.15772	1.15803	1.15745	1.15758	1538	0	9
2025.06.12	20:00:00	1.15761	1.15874	1.15751	1.15838	1107	0	9
2025.06.12	21:00:00	1.15836	1.15866	1.15800	1.15864	764	0	13
2025.06.12	22:00:00	1.15877	1.15924	1.15869	1.15894	858	0	9
2025.06.12	23:00:00	1.15896	1.16092	1.15863	1.16089	1308	0	9
2025.06.13	00:00:00	1.16087	1.16142	1.15392	1.15583	12313	0	9
2025.06.13	01:00:00	1.15583	1.15598	1.15369	1.15483	6548	0	9
2025.06.13	02:00:00	1.15482	1.15580	1.15368	1.15446	4259	0	9
2025.06.13	03:00:00	1.15447	1.15456	1.15273	1.15368	3698	0	9
2025.06.13	04:00:00	1.15369	1.15404	1.15138	1.15248	2853	0	9
2025.06.13	05:00:00	1.15250	1.15365	1.15114	1.15288	3399	0	9
2025.06.13	06:00:00	1.15292	1.15459	1.15237	1.15417	6234	0	9
2025.06.13	07:00:00	1.15418	1.15603	1.15347	1.15353	5396	0	9
2025.06.13	08:00:00	1.15350	1.15469	1.15252	1.15284	3931	0	9
2025.06.13	09:00:00	1.15282	1.15354	1.15181	1.15233	4213	0	9
2025.06.13	10:00:00	1.15231	1.15293	1.14884	1.15041	5203	0	9
2025.06.13	11:00:00	1.15044	1.15106	1.14900	1.15096	4898	0	9
2025.06.13	12:00:00	1.15095	1.15223	1.15061	1.15160	3833	0	9
2025.06.13	13:00:00	1.15158	1.15271	1.15008	1.15230	4418	0	9
2025.06.13	14:00:00	1.15232	1.15458	1.15207	1.15439	4730	0	9
2025.06.13	15:00:00	1.15439	1.15692	1.15376	1.15562	4083	0	9
2025.06.13	16:00:00	1.15560	1.15656	1.15520	1.15543	2938	0	9
2025.06.13	17:00:00	1.15542	1.15553	1.15367	1.15486	2688	0	9
2025.06.13	18:00:00	1.15487	1.15506	1.15330	1.15410	3181	0	9
2025.06.13	19:00:00	1.15408	1.15513	1.15363	1.15495	2258	0	9
2025.06.13	20:00:00	1.15494	1.15511	1.15375	1.15497	1972	0	9
2025.06.15	21:00:00	1.15272	1.15332	1.15252	1.15306	576	0	57
2025.06.15	22:00:00	1.15321	1.15470	1.15253	1.15408	2542	0	9
2025.06.15	23:00:00	1.15410	1.15419	1.15272	1.15375	2259	0	9
2025.06.16	00:00:00	1.15375	1.15466	1.15303	1.15342	2755	0	9
2025.06.16	01:00:00	1.15340	1.15438	1.15315	1.15317	2861	0	9
2025.06.16	02:00:00	1.15321	1.15358	1.15260	1.15304	2182	0	9
2025.06.16	03:00:00	1.15304	1.15344	1.15234	1.15271	1864	0	9
2025.06.16	04:00:00	1.15271	1.15367	1.15268	1.15356	1645	0	9
2025.06.16	05:00:00	1.15354	1.15618	1.15354	1.15565	2856	0	9
2025.06.16	06:00:00	1.15567	1.15754	1.15396	1.15731	4568	0	9
2025.06.16	07:00:00	1.15729	1.15866	1.15667	1.15787	4540	0	9
2025.06.16	08:00:00	1.15786	1.15845	1.15750	1.15780	3013	0	9
2025.06.16	09:00:00	1.15783	1.15841	1.15756	1.15835	2563	0	9
2025.06.16	10:00:00	1.15836	1.15857	1.15720	1.15750	2565	0	9
2025.06.16	11:00:00	1.15748	1.15833	1.15694	1.15724	2679	0	9
2025.06.16	12:00:00	1.15725	1.15846	1.15704	1.15836	3294	0	9
2025.06.16	13:00:00	1.15838	1.16046	1.15838	1.16006	5268	0	9
2025.06.16	14:00:00	1.16009	1.16145	1.15892	1.15907	5426	0	9
2025.06.16	15:00:00	1.15906	1.15945	1.15788	1.15798	3816	0	9
2025.06.16	16:00:00	1.15800	1.15857	1.15780	1.15835	2516	0	9
2025.06.16	17:00:00	1.15837	1.15848	1.15723	1.15776	1950	0	9
2025.06.16	18:00:00	1.15775	1.15810	1.15734	1.15797	1982	0	9
2025.06.16	19:00:00	1.15795	1.15795	1.15545	1.15554	2088	0	9
2025.06.16	20:00:00	1.15552	1.15633	1.15544	1.15597	1018	0	9
2025.06.16	21:00:00	1.15595	1.15612	1.15538	1.15611	767	0	19
2025.06.16	22:00:00	1.15627	1.15637	1.15530	1.15556	1634	0	9
2025.06.16	23:00:00	1.15555	1.15618	1.15488	1.15534	1844	0	9
2025.06.17	00:00:00	1.15535	1.15542	1.15423	1.15494	2677	0	9
2025.06.17	01:00:00	1.15497	1.15599	1.15492	1.15538	2019	0	9
2025.06.17	02:00:00	1.15540	1.15605	1.15454	1.15582	2217	0	9
2025.06.17	03:00:00	1.15583	1.15635	1.15547	1.15615	2358	0	9
2025.06.17	04:00:00	1.15615	1.15668	1.15592	1.15607	1691	0	9
2025.06.17	05:00:00	1.15606	1.15653	1.15523	1.15577	2010	0	9
2025.06.17	06:00:00	1.15575	1.15720	1.15525	1.15618	3182	0	9
2025.06.17	07:00:00	1.15619	1.15633	1.15447	1.15575	3762	0	9
2025.06.17	08:00:00	1.15573	1.15596	1.15494	1.15516	2822	0	9
2025.06.17	09:00:00	1.15517	1.15606	1.15499	1.15564	3055	0	9
2025.06.17	10:00:00	1.15565	1.15684	1.15546	1.15677	2434	0	9
2025.06.17	11:00:00	1.15676	1.15732	1.15572	1.15611	2574	0	9
2025.06.17	12:00:00	1.15612	1.15800	1.15471	1.15499	4740	0	9
2025.06.17	13:00:00	1.15500	1.15690	1.15500	1.15582	4262	0	9
2025.06.17	14:00:00	1.15582	1.15606	1.15103	1.15262	5968	0	9
2025.06.17	15:00:00	1.15260	1.15349	1.15182	1.15340	4114	0	9
2025.06.17	16:00:00	1.15337	1.15388	1.14983	1.15023	3829	0	9
2025.06.17	17:00:00	1.15024	1.15082	1.14778	1.14860	5111	0	9
2025.06.17	18:00:00	1.14861	1.14901	1.14743	1.14794	3602	0	9
2025.06.17	19:00:00	1.14792	1.14884	1.14766	1.14840	2462	0	9
2025.06.17	20:00:00	1.14842	1.14854	1.14743	1.14799	1764	0	9
2025.06.17	21:00:00	1.14797	1.14818	1.14738	1.14818	713	0	13
2025.06.17	22:00:00	1.14818	1.14836	1.14744	1.14748	884	0	9
2025.06.17	23:00:00	1.14751	1.14825	1.14746	1.14817	1230	0	9
2025.06.18	00:00:00	1.14815	1.14963	1.14803	1.14918	3239	0	9
2025.06.18	01:00:00	1.14917	1.15003	1.14889	1.14966	2528	0	9
2025.06.18	02:00:00	1.14964	1.15007	1.14928	1.14974	1846	0	9
2025.06.18	03:00:00	1.14972	1.15046	1.14956	1.14995	1614	0	9
2025.06.18	04:00:00	1.14995	1.15075	1.14961	1.15051	1556	0	9
2025.06.18	05:00:00	1.15054	1.15067	1.14999	1.15039	1646	0	9
2025.06.18	06:00:00	1.15037	1.15147	1.15002	1.15101	3154	0	9
2025.06.18	07:00:00	1.15100	1.15229	1.15089	1.15130	3298	0	9
2025.06.18	08:00:00	1.15127	1.15158	1.14980	1.15022	2760	0	9
2025.06.18	09:00:00	1.15017	1.15101	1.14966	1.15033	2690	0	9
2025.06.18	10:00:00	1.15033	1.15104	1.14916	1.14933	2577	0	9
2025.06.18	11:00:00	1.14932	1.15082	1.14916	1.15070	2579	0	9
2025.06.18	12:00:00	1.15073	1.15163	1.15005	1.15055	3282	0	9
2025.06.18	13:00:00	1.15054	1.15085	1.14876	1.14883	3846	0	9
2025.06.18	14:00:00	1.14883	1.15232	1.14840	1.15068	7461	0	9
2025.06.18	15:00:00	1.15069	1.15299	1.15054	1.15198	3845	0	9
2025.06.18	16:00:00	1.15199	1.15248	1.15012	1.15026	2549	0	9
2025.06.18	17:00:00	1.15026	1.15088	1.14877	1.14980	2108	0	9
2025.06.18	18:00:00	1.14983	1.15289	1.14736	1.14743	11736	0	9
2025.06.18	19:00:00	1.14746	1.14871	1.14605	1.14742	7556	0	9
2025.06.18	20:00:00	1.14740	1.14839	1.14716	1.14785	1828	0	9
2025.06.18	21:00:00	1.14783	1.14809	1.14713	1.14809	802	0	23
2025.06.18	22:00:00	1.14820	1.14887	1.14749	1.14800	1000	0	9
2025.06.18	23:00:00	1.14800	1.14815	1.14706	1.14758	1734	0	9
2025.06.19	00:00:00	1.14756	1.14832	1.14737	1.14808	2667	0	9
2025.06.19	01:00:00	1.14807	1.14817	1.14518	1.14529	3941	0	9
2025.06.19	02:00:00	1.14529	1.14579	1.14502	1.14550	2292	0	9
2025.06.19	03:00:00	1.14552	1.14678	1.14531	1.14653	1728	0	9
2025.06.19	04:00:00	1.14655	1.14689	1.14627	1.14687	1446	0	9
2025.06.19	05:00:00	1.14688	1.14688	1.14505	1.14561	2016	0	9
2025.06.19	06:00:00	1.14560	1.14674	1.14459	1.14662	3255	0	9
2025.06.19	07:00:00	1.14660	1.14765	1.14599	1.14610	3871	0	9
2025.06.19	08:00:00	1.14612	1.14789	1.14561	1.14761	3850	0	9
2025.06.19	09:00:00	1.14763	1.14793	1.14691	1.14750	2960	0	9
2025.06.19	10:00:00	1.14750	1.14789	1.14690	1.14733	2577	0	9
2025.06.19	11:00:00	1.14736	1.14873	1.14672	1.14807	3080	0	9
2025.06.19	12:00:00	1.14807	1.14859	1.14690	1.14772	3058	0	9
2025.06.19	13:00:00	1.14770	1.14841	1.14711	1.14725	3281	0	9
2025.06.19	14:00:00	1.14723	1.14803	1.14614	1.14682	3379	0	9
2025.06.19	15:00:00	1.14682	1.14720	1.14581	1.14598	2475	0	9
2025.06.19	16:00:00	1.14596	1.14613	1.14542	1.14564	1540	0	9
2025.06.19	17:00:00	1.14562	1.14826	1.14549	1.14785	1478	0	9
2025.06.19	18:00:00	1.14785	1.14865	1.14767	1.14847	1221	0	9
2025.06.19	19:00:00	1.14847	1.14996	1.14838	1.14973	1247	0	9
2025.06.19	20:00:00	1.14973	1.14992	1.14917	1.14956	711	0	9
2025.06.19	21:00:00	1.14955	1.14958	1.14896	1.14940	610	0	14
2025.06.19	22:00:00	1.14945	1.14997	1.14912	1.14970	1270	0	9
2025.06.19	23:00:00	1.14972	1.15122	1.14964	1.15112	1610	0	9
2025.06.20	00:00:00	1.15111	1.15234	1.15102	1.15221	2540	0	9
2025.06.20	01:00:00	1.15221	1.15226	1.15127	1.15129	2362	0	9
2025.06.20	02:00:00	1.15130	1.15212	1.15106	1.15177	2096	0	9
2025.06.20	03:00:00	1.15175	1.15299	1.15150	1.15290	2210	0	9
2025.06.20	04:00:00	1.15289	1.15319	1.15241	1.15265	1516	0	9
2025.06.20	05:00:00	1.15264	1.15288	1.15186	1.15269	1853	0	9
2025.06.20	06:00:00	1.15268	1.15293	1.15134	1.15164	3497	0	9
2025.06.20	07:00:00	1.15163	1.15193	1.15096	1.15163	2965	0	9
2025.06.20	08:00:00	1.15162	1.15263	1.15112	1.15221	2636	0	9
2025.06.20	09:00:00	1.15219	1.15281	1.15189	1.15264	2262	0	9
2025.06.20	10:00:00	1.15264	1.15347	1.15222	1.15237	2119	0	9
2025.06.20	11:00:00	1.15235	1.15257	1.15116	1.15207	2959	0	9
2025.06.20	12:00:00	1.15206	1.15265	1.15049	1.15125	4765	0	9
2025.06.20	13:00:00	1.15127	1.15208	1.15084	1.15181	3725	0	9
2025.06.20	14:00:00	1.15178	1.15189	1.14948	1.15133	4677	0	9
2025.06.20	15:00:00	1.15130	1.15285	1.15107	1.15191	4022	0	9
2025.06.20	16:00:00	1.15192	1.15367	1.15187	1.15358	2718	0	9
2025.06.20	17:00:00	1.15358	1.15435	1.15317	1.15320	2179	0	9
2025.06.20	18:00:00	1.15321	1.15368	1.15269	1.15283	1590	0	9
2025.06.20	19:00:00	1.15284	1.15313	1.15150	1.15153	1600	0	9
2025.06.20	20:00:00	1.15155	1.15222	1.15135	1.15213	1349	0	9
2025.06.22	21:00:00	1.14539	1.14729	1.14539	1.14729	691	0	22
2025.06.22	22:00:00	1.14739	1.14943	1.14735	1.14883	4270	0	9
2025.06.22	23:00:00	1.14885	1.15071	1.14857	1.14993	2361	0	9
2025.06.23	00:00:00	1.14995	1.15053	1.14806	1.14891	3517	0	9
2025.06.23	01:00:00	1.14892	1.14922	1.14719	1.14917	2963	0	9
2025.06.23	02:00:00	1.14920	1.15063	1.14919	1.14989	2455	0	9
2025.06.23	03:00:00	1.14991	1.15031	1.14920	1.14935	2414	0	9
2025.06.23	04:00:00	1.14935	1.14963	1.14850	1.14900	2048	0	9
2025.06.23	05:00:00	1.14903	1.15139	1.14903	1.15126	2834	0	9
2025.06.23	06:00:00	1.15129	1.15206	1.15032	1.15067	4198	0	9
2025.06.23	07:00:00	1.15070	1.15159	1.14909	1.14983	4633	0	9
2025.06.23	08:00:00	1.14981	1.15016	1.14799	1.14813	3265	0	9
2025.06.23	09:00:00	1.14815	1.14828	1.14531	1.14718	4298	0	9
2025.06.23	10:00:00	1.14716	1.14817	1.14591	1.14623	3370	0	9
2025.06.23	11:00:00	1.14624	1.14744	1.14601	1.14723	3432	0	9
2025.06.23	12:00:00	1.14722	1.14776	1.14566	1.14671	3825	0	9
2025.06.23	13:00:00	1.14672	1.14936	1.14643	1.14891	4712	0	9
2025.06.23	14:00:00	1.14894	1.15402	1.14889	1.15303	8063	0	9
2025.06.23	15:00:00	1.15305	1.15519	1.15283	1.15368	5139	0	9
2025.06.23	16:00:00	1.15370	1.15570	1.15175	1.15443	4994	0	9
2025.06.23	17:00:00	1.15442	1.15731	1.15402	1.15688	5045	0	9
2025.06.23	18:00:00	1.15688	1.15775	1.15658	1.15738	3651	0	9
2025.06.23	19:00:00	1.15736	1.15783	1.15699	1.15779	2164	0	9
2025.06.23	20:00:00	1.15779	1.15814	1.15743	1.15769	1133	0	9
2025.06.23	21:00:00	1.15766	1.15776	1.15745	1.15770	507	0	12
2025.06.23	22:00:00	1.15770	1.16020	1.15732	1.15921	2565	0	9
2025.06.23	23:00:00	1.15923	1.16082	1.15862	1.15975	2807	0	9
2025.06.24	00:00:00	1.15978	1.16085	1.15893	1.15987	4122	0	9
2025.06.24	01:00:00	1.15988	1.16053	1.15894	1.15904	3175	0	9
2025.06.24	02:00:00	1.15902	1.16012	1.15864	1.15997	2271	0	9
2025.06.24	03:00:00	1.15996	1.16096	1.15995	1.16051	1746	0	9
2025.06.24	04:00:00	1.16053	1.16137	1.16018	1.16059	1661	0	9
2025.06.24	05:00:00	1.16058	1.16134	1.16010	1.16104	2249	0	9
2025.06.24	06:00:00	1.16102	1.16221	1.16010	1.16045	5058	0	9
2025.06.24	07:00:00	1.16047	1.16100	1.15795	1.15919	6064	0	9
2025.06.24	08:00:00	1.15914	1.15992	1.15851	1.15923	3989	0	9
2025.06.24	09:00:00	1.15921	1.16177	1.15913	1.16091	3256	0	9
2025.06.24	10:00:00	1.16092	1.16092	1.15938	1.15962	2233	0	9
2025.06.24	11:00:00	1.15963	1.16146	1.15961	1.16080	2856	0	9
2025.06.24	12:00:00	1.16078	1.16109	1.15933	1.16004	3494	0	9
2025.06.24	13:00:00	1.16005	1.16030	1.15818	1.15915	4311	0	9
2025.06.24	14:00:00	1.15916	1.16416	1.15903	1.16167	7755	0	9
2025.06.24	15:00:00	1.16165	1.16363	1.16062	1.16070	4884	0	9
2025.06.24	16:00:00	1.16072	1.16244	1.16048	1.16236	3001	0	9
2025.06.24	17:00:00	1.16235	1.16322	1.16219	1.16255	2098	0	9
2025.06.24	18:00:00	1.16256	1.16288	1.16195	1.16234	1831	0	9
2025.06.24	19:00:00	1.16232	1.16246	1.16118	1.16123	1469	0	9
2025.06.24	20:00:00	1.16126	1.16154	1.16078	1.16080	1097	0	9
2025.06.24	21:00:00	1.16079	1.16093	1.16010	1.16093	726	0	29
2025.06.24	22:00:00	1.16097	1.16115	1.16041	1.16072	823	0	9
2025.06.24	23:00:00	1.16075	1.16151	1.16073	1.16118	1063	0	9
2025.06.25	00:00:00	1.16118	1.16264	1.16107	1.16246	2271	0	9
2025.06.25	01:00:00	1.16248	1.16317	1.16174	1.16282	2524	0	9
2025.06.25	02:00:00	1.16284	1.16293	1.16172	1.16200	1927	0	9
2025.06.25	03:00:00	1.16201	1.16229	1.16109	1.16115	1436	0	9
2025.06.25	04:00:00	1.16115	1.16174	1.16111	1.16133	1219	0	9
2025.06.25	05:00:00	1.16133	1.16201	1.16091	1.16187	1621	0	9
2025.06.25	06:00:00	1.16186	1.16223	1.16033	1.16069	2967	0	9
2025.06.25	07:00:00	1.16067	1.16088	1.15897	1.15981	3330	0	9
2025.06.25	08:00:00	1.15984	1.16110	1.15927	1.16094	2862	0	9
2025.06.25	09:00:00	1.16093	1.16109	1.15917	1.16001	2631	0	9
2025.06.25	10:00:00	1.16002	1.16079	1.15968	1.16032	2087	0	9
2025.06.25	11:00:00	1.16030	1.16130	1.15966	1.15988	2450	0	9
2025.06.25	12:00:00	1.15986	1.16047	1.15895	1.15925	2872	0	9
2025.06.25	13:00:00	1.15925	1.16072	1.15899	1.16007	3206	0	9
2025.06.25	14:00:00	1.16005	1.16232	1.16005	1.16205	4028	0	9
2025.06.25	15:00:00	1.16203	1.16293	1.16164	1.16192	3225	0	9
2025.06.25	16:00:00	1.16190	1.16356	1.16190	1.16305	2284	0	9
2025.06.25	17:00:00	1.16305	1.16441	1.16268	1.16422	2087	0	9
2025.06.25	18:00:00	1.16425	1.16612	1.16413	1.16603	2167	0	9
2025.06.25	19:00:00	1.16606	1.16649	1.16560	1.16581	1677	0	9
2025.06.25	20:00:00	1.16582	1.16606	1.16510	1.16574	1153	0	9
2025.06.25	21:00:00	1.16569	1.16569	1.16496	1.16537	606	0	22
2025.06.25	22:00:00	1.16555	1.16600	1.16554	1.16590	711	0	9
2025.06.25	23:00:00	1.16590	1.16843	1.16590	1.16829	2255	0	9
2025.06.26	00:00:00	1.16831	1.16885	1.16797	1.16819	1982	0	9
2025.06.26	01:00:00	1.16820	1.16874	1.16672	1.16857	2307	0	9
2025.06.26	02:00:00	1.16857	1.16948	1.16819	1.16903	2051	0	9
2025.06.26	03:00:00	1.16902	1.17173	1.16882	1.16941	3648	0	9
2025.06.26	04:00:00	1.16941	1.16943	1.16782	1.16796	1785	0	9
2025.06.26	05:00:00	1.16793	1.16855	1.16753	1.16847	1960	0	9
2025.06.26	06:00:00	1.16844	1.16999	1.16714	1.16991	4184	0	9
2025.06.26	07:00:00	1.16988	1.17131	1.16912	1.17100	4436	0	9
2025.06.26	08:00:00	1.17102	1.17451	1.17061	1.17275	5063	0	9
2025.06.26	09:00:00	1.17273	1.17283	1.17122	1.17248	3304	0	9
2025.06.26	10:00:00	1.17246	1.17307	1.17132	1.17146	2698	0	9
2025.06.26	11:00:00	1.17146	1.17153	1.16936	1.16946	3457	0	9
2025.06.26	12:00:00	1.16946	1.17125	1.16894	1.17065	5427	0	9
2025.06.26	13:00:00	1.17065	1.17206	1.16940	1.17168	5368	0	9
2025.06.26	14:00:00	1.17168	1.17189	1.17056	1.17077	5570	0	9
2025.06.26	15:00:00	1.17077	1.17170	1.16898	1.17164	4185	0	9
2025.06.26	16:00:00	1.17163	1.17400	1.17093	1.17288	3322	0	9
2025.06.26	17:00:00	1.17286	1.17319	1.17204	1.17243	2602	0	9
2025.06.26	18:00:00	1.17243	1.17284	1.17177	1.17204	2019	0	9
2025.06.26	19:00:00	1.17203	1.17204	1.17035	1.17043	2020	0	9
2025.06.26	20:00:00	1.17045	1.17085	1.16937	1.16990	1397	0	9
2025.06.26	21:00:00	1.16990	1.16990	1.16866	1.16962	1044	0	22
2025.06.26	22:00:00	1.16975	1.16983	1.16806	1.16827	1155	0	9
2025.06.26	23:00:00	1.16827	1.16976	1.16827	1.16924	1677	0	9
2025.06.27	00:00:00	1.16926	1.16976	1.16878	1.16920	2432	0	9
2025.06.27	01:00:00	1.16918	1.17037	1.16856	1.17011	2490	0	9
2025.06.27	02:00:00	1.17013	1.17053	1.16857	1.16993	2036	0	9
2025.06.27	03:00:00	1.16994	1.17092	1.16951	1.16954	1732	0	9
2025.06.27	04:00:00	1.16954	1.16980	1.16848	1.16850	1598	0	9
2025.06.27	05:00:00	1.16852	1.16933	1.16842	1.16886	1938	0	9
2025.06.27	06:00:00	1.16887	1.17185	1.16829	1.17183	3718	0	9
2025.06.27	07:00:00	1.17185	1.17266	1.17067	1.17143	3371	0	9
2025.06.27	08:00:00	1.17145	1.17259	1.17084	1.17091	2626	0	9
2025.06.27	09:00:00	1.17092	1.17110	1.17012	1.17089	2168	0	9
2025.06.27	10:00:00	1.17092	1.17150	1.17009	1.17131	2295	0	9
2025.06.27	11:00:00	1.17133	1.17200	1.17105	1.17138	2481	0	9
2025.06.27	12:00:00	1.17138	1.17496	1.17027	1.17464	5990	0	9
2025.06.27	13:00:00	1.17465	1.17539	1.17154	1.17279	6084	0	9
2025.06.27	14:00:00	1.17278	1.17379	1.17051	1.17178	5281	0	9
2025.06.27	15:00:00	1.17180	1.17300	1.17111	1.17231	3497	0	9
2025.06.27	16:00:00	1.17231	1.17322	1.17172	1.17221	2709	0	9
2025.06.27	17:00:00	1.17223	1.17238	1.16951	1.17018	3755	0	9
2025.06.27	18:00:00	1.17019	1.17055	1.16875	1.16989	3603	0	9
2025.06.27	19:00:00	1.16987	1.17086	1.16984	1.17063	2182	0	9
2025.06.27	20:00:00	1.17061	1.17198	1.17056	1.17182	1300	0	9
2025.06.29	21:00:00	1.17252	1.17280	1.17190	1.17278	594	0	53
2025.06.29	22:00:00	1.17295	1.17326	1.17216	1.17298	1547	0	9
2025.06.29	23:00:00	1.17298	1.17384	1.17258	1.17265	1639	0	9
2025.06.30	00:00:00	1.17267	1.17282	1.17154	1.17175	2051	0	9
2025.06.30	01:00:00	1.17177	1.17344	1.17148	1.17202	2306	0	9
2025.06.30	02:00:00	1.17200	1.17313	1.17179	1.17189	2301	0	9
2025.06.30	03:00:00	1.17186	1.17217	1.17114	1.17119	1671	0	9
2025.06.30	04:00:00	1.17119	1.17316	1.17119	1.17298	1594	0	9
2025.06.30	05:00:00	1.17296	1.17382	1.17231	1.17262	2289	0	9
2025.06.30	06:00:00	1.17264	1.17502	1.17205	1.17428	3727	0	9
2025.06.30	07:00:00	1.17426	1.17429	1.17244	1.17244	3778	0	9
2025.06.30	08:00:00	1.17243	1.17299	1.17133	1.17290	3756	0	9
2025.06.30	09:00:00	1.17288	1.17324	1.17169	1.17192	2766	0	9
2025.06.30	10:00:00	1.17192	1.17243	1.17160	1.17240	1969	0	9
2025.06.30	11:00:00	1.17243	1.17312	1.17225	1.17226	2254	0	9
2025.06.30	12:00:00	1.17229	1.17248	1.17073	1.17130	2809	0	9
2025.06.30	13:00:00	1.17131	1.17211	1.17116	1.17209	3096	0	9
2025.06.30	14:00:00	1.17212	1.17504	1.17103	1.17381	5636	0	9
2025.06.30	15:00:00	1.17379	1.17715	1.17330	1.17695	4917	0	9
2025.06.30	16:00:00	1.17693	1.17696	1.17486	1.17621	3436	0	9
2025.06.30	17:00:00	1.17620	1.17703	1.17600	1.17654	2469	0	9
2025.06.30	18:00:00	1.17655	1.17795	1.17643	1.17753	2350	0	9
2025.06.30	19:00:00	1.17753	1.17804	1.17722	1.17793	1715	0	9
2025.06.30	20:00:00	1.17794	1.17873	1.17769	1.17853	1248	0	9
2025.06.30	21:00:00	1.17855	1.17855	1.17732	1.17797	1108	0	22
2025.06.30	22:00:00	1.17803	1.17904	1.17779	1.17854	1122	0	9
2025.06.30	23:00:00	1.17854	1.17875	1.17829	1.17859	895	0	9
2025.07.01	00:00:00	1.17859	1.17976	1.17859	1.17969	2012	0	9
2025.07.01	01:00:00	1.17971	1.18075	1.17794	1.17799	2594	0	9
2025.07.01	02:00:00	1.17799	1.17891	1.17775	1.17877	1680	0	9
2025.07.01	03:00:00	1.17877	1.17935	1.17862	1.17891	1386	0	9
2025.07.01	04:00:00	1.17891	1.17936	1.17827	1.17860	1398	0	9
2025.07.01	05:00:00	1.17861	1.17892	1.17799	1.17860	1605	0	9
2025.07.01	06:00:00	1.17858	1.17865	1.17757	1.17787	2818	0	9
2025.07.01	07:00:00	1.17789	1.17875	1.17671	1.17855	3422	0	9
2025.07.01	08:00:00	1.17855	1.18170	1.17742	1.18045	4345	0	9
2025.07.01	09:00:00	1.18043	1.18296	1.17964	1.18131	4381	0	9
2025.07.01	10:00:00	1.18133	1.18229	1.18103	1.18111	2808	0	9
2025.07.01	11:00:00	1.18109	1.18191	1.18054	1.18136	2738	0	9
2025.07.01	12:00:00	1.18134	1.18171	1.18020	1.18032	3315	0	9
2025.07.01	13:00:00	1.18034	1.18117	1.17923	1.18031	4533	0	9
2025.07.01	14:00:00	1.18025	1.18034	1.17748	1.17791	6435	0	9
2025.07.01	15:00:00	1.17789	1.17793	1.17686	1.17756	4265	0	9
2025.07.01	16:00:00	1.17758	1.17760	1.17610	1.17650	3092	0	9
2025.07.01	17:00:00	1.17653	1.17833	1.17652	1.17823	2382	0	9
2025.07.01	18:00:00	1.17822	1.17831	1.17746	1.17805	1699	0	9
2025.07.01	19:00:00	1.17806	1.17909	1.17788	1.17903	1908	0	9
2025.07.01	20:00:00	1.17902	1.18064	1.17902	1.18023	1353	0	9
2025.07.01	21:00:00	1.18022	1.18038	1.17952	1.18026	857	0	22
2025.07.01	22:00:00	1.18021	1.18062	1.18008	1.18023	700	0	9
2025.07.01	23:00:00	1.18023	1.18064	1.17986	1.18047	944	0	9
2025.07.02	00:00:00	1.18045	1.18079	1.17988	1.18072	1700	0	9
2025.07.02	01:00:00	1.18070	1.18099	1.17918	1.17934	1810	0	9
2025.07.02	02:00:00	1.17935	1.18016	1.17882	1.17998	1750	0	9
2025.07.02	03:00:00	1.18000	1.18028	1.17957	1.17998	1338	0	9
2025.07.02	04:00:00	1.18000	1.18008	1.17952	1.17959	1060	0	9
2025.07.02	05:00:00	1.17959	1.17980	1.17843	1.17867	1755	0	9
2025.07.02	06:00:00	1.17867	1.17931	1.17729	1.17812	2652	0	9
2025.07.02	07:00:00	1.17809	1.17832	1.17708	1.17739	2903	0	9
2025.07.02	08:00:00	1.17737	1.17811	1.17697	1.17753	2777	0	9
2025.07.02	09:00:00	1.17752	1.17775	1.17668	1.17698	2471	0	9
2025.07.02	10:00:00	1.17698	1.17804	1.17643	1.17673	2236	0	9
2025.07.02	11:00:00	1.17673	1.17710	1.17463	1.17496	3009	0	9
2025.07.02	12:00:00	1.17493	1.17880	1.17468	1.17564	6942	0	9
2025.07.02	13:00:00	1.17561	1.17772	1.17544	1.17595	5099	0	9
2025.07.02	14:00:00	1.17594	1.17705	1.17500	1.17673	4824	0	9
2025.07.02	15:00:00	1.17670	1.17894	1.17654	1.17888	3796	0	9
2025.07.02	16:00:00	1.17888	1.17935	1.17850	1.17883	2599	0	9
2025.07.02	17:00:00	1.17881	1.17998	1.17879	1.17953	1961	0	9
2025.07.02	18:00:00	1.17952	1.17998	1.17928	1.17990	1787	0	9
2025.07.02	19:00:00	1.17990	1.18030	1.17951	1.18019	1308	0	9
2025.07.02	20:00:00	1.18020	1.18021	1.17952	1.17967	815	0	9
2025.07.02	21:00:00	1.17967	1.17968	1.17845	1.17936	859	0	53
2025.07.02	22:00:00	1.17957	1.17998	1.17947	1.17979	713	0	9
2025.07.02	23:00:00	1.17982	1.18018	1.17966	1.17981	706	0	9
2025.07.03	00:00:00	1.17979	1.18084	1.17973	1.18061	1856	0	9
2025.07.03	01:00:00	1.18061	1.18095	1.18035	1.18038	1417	0	9
2025.07.03	02:00:00	1.18038	1.18044	1.17941	1.17973	1377	0	9
2025.07.03	03:00:00	1.17972	1.17991	1.17889	1.17911	1204	0	9
2025.07.03	04:00:00	1.17911	1.17929	1.17873	1.17890	967	0	9
2025.07.03	05:00:00	1.17891	1.17957	1.17865	1.17957	1271	0	9
2025.07.03	06:00:00	1.17957	1.18027	1.17912	1.18018	2563	0	9
2025.07.03	07:00:00	1.18019	1.18097	1.17941	1.18010	2814	0	9
2025.07.03	08:00:00	1.18007	1.18080	1.17952	1.17976	2490	0	9
2025.07.03	09:00:00	1.17976	1.17979	1.17880	1.17918	2179	0	9
2025.07.03	10:00:00	1.17919	1.17996	1.17864	1.17928	1982	0	9
2025.07.03	11:00:00	1.17928	1.17966	1.17829	1.17845	2031	0	9
2025.07.03	12:00:00	1.17842	1.17895	1.17172	1.17381	9233	0	9
2025.07.03	13:00:00	1.17381	1.17789	1.17334	1.17737	7018	0	9
2025.07.03	14:00:00	1.17739	1.17894	1.17507	1.17528	5902	0	9
2025.07.03	15:00:00	1.17528	1.17658	1.17489	1.17566	3501	0	9
2025.07.03	16:00:00	1.17568	1.17578	1.17396	1.17519	2674	0	9
2025.07.03	17:00:00	1.17517	1.17579	1.17499	1.17536	1287	0	9
2025.07.03	18:00:00	1.17537	1.17562	1.17477	1.17487	932	0	9
2025.07.03	19:00:00	1.17486	1.17522	1.17440	1.17472	782	0	9
2025.07.03	20:00:00	1.17472	1.17594	1.17459	1.17541	861	0	9
2025.07.03	21:00:00	1.17541	1.17566	1.17487	1.17566	611	0	22
2025.07.03	22:00:00	1.17566	1.17592	1.17534	1.17592	676	0	9
2025.07.03	23:00:00	1.17591	1.17712	1.17555	1.17685	1200	0	9
2025.07.04	00:00:00	1.17686	1.17700	1.17631	1.17666	1741	0	9
2025.07.04	01:00:00	1.17668	1.17691	1.17556	1.17595	1678	0	9
2025.07.04	02:00:00	1.17592	1.17702	1.17591	1.17651	1438	0	9
2025.07.04	03:00:00	1.17649	1.17721	1.17639	1.17697	1252	0	9
2025.07.04	04:00:00	1.17696	1.17798	1.17688	1.17797	1332	0	9
2025.07.04	05:00:00	1.17796	1.17851	1.17792	1.17837	1352	0	9
2025.07.04	06:00:00	1.17837	1.17846	1.17741	1.17805	2328	0	9
2025.07.04	07:00:00	1.17806	1.17823	1.17673	1.17695	3175	0	9
2025.07.04	08:00:00	1.17695	1.17771	1.17678	1.17742	2580	0	9
2025.07.04	09:00:00	1.17741	1.17818	1.17716	1.17781	2078	0	9
2025.07.04	10:00:00	1.17782	1.17807	1.17744	1.17771	1830	0	9
2025.07.04	11:00:00	1.17773	1.17816	1.17680	1.17685	1790	0	9
2025.07.04	12:00:00	1.17685	1.17717	1.17634	1.17664	1961	0	9
2025.07.04	13:00:00	1.17663	1.17804	1.17659	1.17789	1826	0	9
2025.07.04	14:00:00	1.17790	1.17872	1.17749	1.17783	2337	0	9
2025.07.04	15:00:00	1.17780	1.17841	1.17757	1.17784	1785	0	9
2025.07.04	16:00:00	1.17784	1.17815	1.17734	1.17744	1156	0	9
2025.07.04	17:00:00	1.17741	1.17773	1.17718	1.17753	1109	0	9
2025.07.04	18:00:00	1.17753	1.17789	1.17739	1.17786	786	0	9
2025.07.04	19:00:00	1.17786	1.17794	1.17727	1.17750	1059	0	9
2025.07.04	20:00:00	1.17749	1.17821	1.17739	1.17775	3119	0	9
2025.07.06	21:00:00	1.17820	1.17821	1.17767	1.17778	477	0	53
2025.07.06	22:00:00	1.17793	1.17814	1.17721	1.17797	1001	0	9
2025.07.06	23:00:00	1.17797	1.17820	1.17749	1.17798	1046	0	9
2025.07.07	00:00:00	1.17800	1.17899	1.17784	1.17795	2159	0	9
2025.07.07	01:00:00	1.17793	1.17802	1.17698	1.17713	1974	0	9
2025.07.07	02:00:00	1.17715	1.17750	1.17643	1.17672	1828	0	9
2025.07.07	03:00:00	1.17672	1.17738	1.17658	1.17686	1462	0	9
2025.07.07	04:00:00	1.17686	1.17720	1.17636	1.17654	1496	0	9
2025.07.07	05:00:00	1.17656	1.17734	1.17631	1.17711	1842	0	9
2025.07.07	06:00:00	1.17710	1.17732	1.17498	1.17556	2826	0	9
2025.07.07	07:00:00	1.17558	1.17583	1.17448	1.17453	3251	0	9
2025.07.07	08:00:00	1.17451	1.17472	1.17232	1.17242	3095	0	9
2025.07.07	09:00:00	1.17241	1.17343	1.17217	1.17337	2511	0	9
2025.07.07	10:00:00	1.17337	1.17355	1.17227	1.17273	2221	0	9
2025.07.07	11:00:00	1.17273	1.17339	1.17247	1.17294	2027	0	9
2025.07.07	12:00:00	1.17293	1.17307	1.17174	1.17223	2422	0	9
2025.07.07	13:00:00	1.17220	1.17404	1.17215	1.17349	3020	0	9
2025.07.07	14:00:00	1.17349	1.17451	1.17325	1.17383	2845	0	9
2025.07.07	15:00:00	1.17381	1.17402	1.17298	1.17324	2776	0	9
2025.07.07	16:00:00	1.17327	1.17393	1.16870	1.16938	5071	0	9
2025.07.07	17:00:00	1.16939	1.17130	1.16862	1.17066	4587	0	9
2025.07.07	18:00:00	1.17066	1.17194	1.16997	1.17184	2728	0	9
2025.07.07	19:00:00	1.17183	1.17234	1.17157	1.17191	1851	0	9
2025.07.07	20:00:00	1.17190	1.17208	1.17050	1.17055	1046	0	9
2025.07.07	21:00:00	1.17055	1.17088	1.17052	1.17084	497	0	22
2025.07.07	22:00:00	1.17082	1.17371	1.17082	1.17349	1347	0	9
2025.07.07	23:00:00	1.17349	1.17383	1.17311	1.17361	1409	0	9
2025.07.08	00:00:00	1.17363	1.17474	1.17363	1.17429	2318	0	9
2025.07.08	01:00:00	1.17429	1.17442	1.17305	1.17377	2316	0	9
2025.07.08	02:00:00	1.17377	1.17484	1.17356	1.17380	1747	0	9
2025.07.08	03:00:00	1.17382	1.17485	1.17367	1.17463	1563	0	9
2025.07.08	04:00:00	1.17463	1.17501	1.17403	1.17413	1835	0	9
2025.07.08	05:00:00	1.17413	1.17445	1.17334	1.17345	1933	0	9
2025.07.08	06:00:00	1.17345	1.17445	1.17313	1.17415	2794	0	9
2025.07.08	07:00:00	1.17416	1.17651	1.17416	1.17594	3118	0	9
2025.07.08	08:00:00	1.17594	1.17601	1.17471	1.17485	2756	0	9
2025.07.08	09:00:00	1.17486	1.17503	1.17385	1.17418	2111	0	9
2025.07.08	10:00:00	1.17419	1.17421	1.17230	1.17280	2064	0	9
2025.07.08	11:00:00	1.17278	1.17380	1.17208	1.17214	2247	0	9
2025.07.08	12:00:00	1.17214	1.17243	1.17133	1.17208	2803	0	9
2025.07.08	13:00:00	1.17208	1.17220	1.16934	1.17048	3748	0	9
2025.07.08	14:00:00	1.17048	1.17064	1.16819	1.16919	4478	0	9
2025.07.08	15:00:00	1.16921	1.17120	1.16892	1.17063	3209	0	9
2025.07.08	16:00:00	1.17064	1.17126	1.16959	1.17086	3707	0	9
2025.07.08	17:00:00	1.17084	1.17255	1.17070	1.17241	3263	0	9
2025.07.08	18:00:00	1.17241	1.17283	1.17176	1.17248	2175	0	9
2025.07.08	19:00:00	1.17250	1.17295	1.17190	1.17241	1782	0	9
2025.07.08	20:00:00	1.17238	1.17286	1.17219	1.17238	1024	0	9
2025.07.08	21:00:00	1.17241	1.17247	1.17134	1.17200	1067	0	22
2025.07.08	22:00:00	1.17214	1.17290	1.17195	1.17282	571	0	9
2025.07.08	23:00:00	1.17285	1.17287	1.17215	1.17231	890	0	9
2025.07.09	00:00:00	1.17232	1.17258	1.17172	1.17242	1901	0	9
2025.07.09	01:00:00	1.17243	1.17254	1.17165	1.17200	1900	0	9
2025.07.09	02:00:00	1.17203	1.17251	1.17044	1.17105	1936	0	9
2025.07.09	03:00:00	1.17108	1.17112	1.17026	1.17034	1615	0	9
2025.07.09	04:00:00	1.17033	1.17134	1.17012	1.17122	1573	0	9
2025.07.09	05:00:00	1.17122	1.17209	1.17103	1.17162	1630	0	9
2025.07.09	06:00:00	1.17163	1.17281	1.17118	1.17256	2392	0	9
2025.07.09	07:00:00	1.17257	1.17283	1.17040	1.17076	3268	0	9
2025.07.09	08:00:00	1.17073	1.17197	1.17020	1.17131	2985	0	9
2025.07.09	09:00:00	1.17129	1.17194	1.17071	1.17130	2402	0	9
2025.07.09	10:00:00	1.17130	1.17173	1.17013	1.17015	2273	0	9
2025.07.09	11:00:00	1.17015	1.17064	1.16894	1.16908	1968	0	9
2025.07.09	12:00:00	1.16910	1.17167	1.16910	1.17150	3795	0	9
2025.07.09	13:00:00	1.17151	1.17221	1.17003	1.17031	3722	0	9
2025.07.09	14:00:00	1.17033	1.17243	1.17023	1.17146	3853	0	9
2025.07.09	15:00:00	1.17146	1.17161	1.17046	1.17058	2346	0	9
2025.07.09	16:00:00	1.17060	1.17089	1.17003	1.17048	1706	0	9
2025.07.09	17:00:00	1.17046	1.17105	1.17034	1.17090	1662	0	9
2025.07.09	18:00:00	1.17088	1.17175	1.17046	1.17128	1957	0	9
2025.07.09	19:00:00	1.17130	1.17229	1.17122	1.17185	1409	0	9
2025.07.09	20:00:00	1.17183	1.17228	1.17114	1.17191	1137	0	9
2025.07.09	21:00:00	1.17189	1.17197	1.17132	1.17192	679	0	22
2025.07.09	22:00:00	1.17192	1.17245	1.17192	1.17238	510	0	9
2025.07.09	23:00:00	1.17241	1.17392	1.17225	1.17375	921	0	9
2025.07.10	00:00:00	1.17375	1.17492	1.17351	1.17433	2530	0	9
2025.07.10	01:00:00	1.17431	1.17440	1.17374	1.17402	1588	0	9
2025.07.10	02:00:00	1.17402	1.17442	1.17368	1.17384	1615	0	9
2025.07.10	03:00:00	1.17385	1.17397	1.17333	1.17335	1191	0	9
2025.07.10	04:00:00	1.17335	1.17357	1.17300	1.17347	969	0	9
2025.07.10	05:00:00	1.17347	1.17407	1.17341	1.17385	1365	0	9
2025.07.10	06:00:00	1.17384	1.17431	1.17291	1.17324	2539	0	9
2025.07.10	07:00:00	1.17322	1.17376	1.17259	1.17324	2655	0	9
2025.07.10	08:00:00	1.17326	1.17341	1.17254	1.17275	1954	0	9
2025.07.10	09:00:00	1.17274	1.17340	1.17274	1.17307	1673	0	9
2025.07.10	10:00:00	1.17309	1.17338	1.17272	1.17278	1466	0	9
2025.07.10	11:00:00	1.17278	1.17293	1.17077	1.17113	2175	0	9
2025.07.10	12:00:00	1.17116	1.17137	1.17013	1.17062	3065	0	9
2025.07.10	13:00:00	1.17063	1.17141	1.16863	1.16924	3659	0	9
2025.07.10	14:00:00	1.16923	1.16936	1.16621	1.16795	5828	0	9
2025.07.10	15:00:00	1.16796	1.16881	1.16736	1.16868	3568	0	9
2025.07.10	16:00:00	1.16868	1.16898	1.16819	1.16852	2438	0	9
2025.07.10	17:00:00	1.16852	1.16910	1.16811	1.16887	1892	0	9
2025.07.10	18:00:00	1.16887	1.16944	1.16873	1.16916	1745	0	9
2025.07.10	19:00:00	1.16916	1.16986	1.16892	1.16951	1456	0	9
2025.07.10	20:00:00	1.16950	1.16998	1.16941	1.16985	968	0	9
2025.07.10	21:00:00	1.16985	1.17005	1.16967	1.17002	736	0	22
2025.07.10	22:00:00	1.17022	1.17068	1.17019	1.17052	659	0	9
2025.07.10	23:00:00	1.17049	1.17056	1.16987	1.17013	737	0	9
2025.07.11	00:00:00	1.17014	1.17045	1.16644	1.16746	4931	0	9
2025.07.11	01:00:00	1.16744	1.16856	1.16683	1.16749	3003	0	9
2025.07.11	02:00:00	1.16751	1.16777	1.16703	1.16706	1971	0	9
2025.07.11	03:00:00	1.16707	1.16840	1.16696	1.16812	1469	0	9
2025.07.11	04:00:00	1.16812	1.16826	1.16690	1.16760	1505	0	9
2025.07.11	05:00:00	1.16759	1.16839	1.16743	1.16777	1673	0	9
2025.07.11	06:00:00	1.16777	1.16846	1.16701	1.16745	3038	0	9
2025.07.11	07:00:00	1.16746	1.16955	1.16746	1.16887	3187	0	9
2025.07.11	08:00:00	1.16889	1.16920	1.16793	1.16818	2802	0	9
2025.07.11	09:00:00	1.16819	1.16949	1.16808	1.16944	2336	0	9
2025.07.11	10:00:00	1.16940	1.16964	1.16872	1.16922	2151	0	9
2025.07.11	11:00:00	1.16921	1.17009	1.16858	1.16872	2594	0	9
2025.07.11	12:00:00	1.16871	1.16997	1.16820	1.16881	3220	0	9
2025.07.11	13:00:00	1.16882	1.17136	1.16860	1.16882	4458	0	9
2025.07.11	14:00:00	1.16882	1.16940	1.16736	1.16915	4263	0	9
2025.07.11	15:00:00	1.16914	1.17037	1.16887	1.16957	2991	0	9
2025.07.11	16:00:00	1.16955	1.16977	1.16884	1.16910	2893	0	9
2025.07.11	17:00:00	1.16910	1.16946	1.16862	1.16931	1607	0	9
2025.07.11	18:00:00	1.16931	1.16956	1.16879	1.16881	1870	0	9
2025.07.11	19:00:00	1.16883	1.16916	1.16853	1.16875	1689	0	9
2025.07.11	20:00:00	1.16877	1.16936	1.16784	1.16902	1375	0	9
2025.07.13	21:00:00	1.16662	1.16707	1.16582	1.16681	801	0	53
2025.07.13	22:00:00	1.16692	1.16832	1.16625	1.16646	2093	0	9
2025.07.13	23:00:00	1.16644	1.16823	1.16631	1.16823	1778	0	9
2025.07.14	00:00:00	1.16824	1.16937	1.16811	1.16930	1997	0	9
2025.07.14	01:00:00	1.16932	1.16974	1.16839	1.16844	1892	0	9
2025.07.14	02:00:00	1.16841	1.16899	1.16725	1.16741	1735	0	9
2025.07.14	03:00:00	1.16743	1.16845	1.16730	1.16808	1524	0	9
2025.07.14	04:00:00	1.16806	1.16816	1.16743	1.16743	1329	0	9
2025.07.14	05:00:00	1.16743	1.16781	1.16646	1.16693	1854	0	9
2025.07.14	06:00:00	1.16693	1.16700	1.16540	1.16631	2636	0	9
2025.07.14	07:00:00	1.16633	1.16871	1.16624	1.16851	2988	0	9
2025.07.14	08:00:00	1.16853	1.16885	1.16795	1.16821	2315	0	9
2025.07.14	09:00:00	1.16821	1.16916	1.16790	1.16910	2130	0	9
2025.07.14	10:00:00	1.16908	1.16949	1.16874	1.16946	1722	0	9
2025.07.14	11:00:00	1.16947	1.16967	1.16860	1.16882	2213	0	9
2025.07.14	12:00:00	1.16880	1.16915	1.16797	1.16851	2229	0	9
2025.07.14	13:00:00	1.16849	1.16862	1.16743	1.16816	2916	0	9
2025.07.14	14:00:00	1.16816	1.16938	1.16781	1.16830	3108	0	9
2025.07.14	15:00:00	1.16830	1.16954	1.16668	1.16707	3299	0	9
2025.07.14	16:00:00	1.16707	1.16756	1.16598	1.16622	3237	0	9
2025.07.14	17:00:00	1.16619	1.16665	1.16585	1.16625	1562	0	9
2025.07.14	18:00:00	1.16625	1.16725	1.16623	1.16697	1643	0	9
2025.07.14	19:00:00	1.16695	1.16713	1.16641	1.16678	1154	0	9
2025.07.14	20:00:00	1.16678	1.16689	1.16618	1.16620	733	0	9
2025.07.14	21:00:00	1.16620	1.16637	1.16573	1.16635	664	0	22
2025.07.14	22:00:00	1.16634	1.16674	1.16634	1.16662	695	0	9
2025.07.14	23:00:00	1.16662	1.16664	1.16601	1.16648	790	0	9
2025.07.15	00:00:00	1.16648	1.16768	1.16644	1.16718	1649	0	9
2025.07.15	01:00:00	1.16720	1.16741	1.16657	1.16687	1659	0	9
2025.07.15	02:00:00	1.16690	1.16746	1.16650	1.16739	1481	0	9
2025.07.15	03:00:00	1.16740	1.16773	1.16726	1.16753	1134	0	9
2025.07.15	04:00:00	1.16754	1.16797	1.16734	1.16754	887	0	9
2025.07.15	05:00:00	1.16754	1.16857	1.16752	1.16851	1219	0	9
2025.07.15	06:00:00	1.16850	1.16876	1.16745	1.16775	2194	0	9
2025.07.15	07:00:00	1.16776	1.16922	1.16712	1.16902	2942	0	9
2025.07.15	08:00:00	1.16903	1.16909	1.16815	1.16865	1966	0	9
2025.07.15	09:00:00	1.16866	1.16905	1.16809	1.16844	1976	0	9
2025.07.15	10:00:00	1.16844	1.16872	1.16759	1.16832	1674	0	9
2025.07.15	11:00:00	1.16832	1.16838	1.16669	1.16691	2098	0	9
2025.07.15	12:00:00	1.16690	1.16906	1.16619	1.16776	5341	0	9
2025.07.15	13:00:00	1.16776	1.16790	1.16385	1.16427	6209	0	9
2025.07.15	14:00:00	1.16428	1.16439	1.16147	1.16182	5974	0	9
2025.07.15	15:00:00	1.16184	1.16184	1.16003	1.16176	3721	0	9
2025.07.15	16:00:00	1.16177	1.16200	1.15932	1.15957	2895	0	9
2025.07.15	17:00:00	1.15958	1.16008	1.15926	1.15965	1927	0	9
2025.07.15	18:00:00	1.15963	1.16049	1.15951	1.16025	1600	0	9
2025.07.15	19:00:00	1.16024	1.16033	1.15987	1.16007	1219	0	9
2025.07.15	20:00:00	1.16005	1.16034	1.15990	1.15991	833	0	9
2025.07.15	21:00:00	1.15991	1.16003	1.15952	1.16003	553	0	22
2025.07.15	22:00:00	1.16004	1.16040	1.15987	1.16038	558	0	9
2025.07.15	23:00:00	1.16039	1.16075	1.16027	1.16070	756	0	9
2025.07.16	00:00:00	1.16071	1.16129	1.16020	1.16076	1688	0	9
2025.07.16	01:00:00	1.16074	1.16149	1.16061	1.16131	1516	0	9
2025.07.16	02:00:00	1.16133	1.16134	1.16068	1.16098	1121	0	9
2025.07.16	03:00:00	1.16098	1.16153	1.16055	1.16107	1132	0	9
2025.07.16	04:00:00	1.16107	1.16193	1.16097	1.16191	1054	0	9
2025.07.16	05:00:00	1.16192	1.16205	1.16141	1.16201	1297	0	9
2025.07.16	06:00:00	1.16201	1.16274	1.16179	1.16272	2244	0	9
2025.07.16	07:00:00	1.16271	1.16279	1.16124	1.16184	2486	0	9
2025.07.16	08:00:00	1.16180	1.16254	1.16174	1.16249	2234	0	9
2025.07.16	09:00:00	1.16249	1.16262	1.16128	1.16151	2069	0	9
2025.07.16	10:00:00	1.16152	1.16186	1.16089	1.16169	1633	0	9
2025.07.16	11:00:00	1.16167	1.16205	1.16004	1.16033	2151	0	9
2025.07.16	12:00:00	1.16035	1.16127	1.15925	1.15983	4603	0	9
2025.07.16	13:00:00	1.15981	1.16028	1.15627	1.15720	5109	0	9
2025.07.16	14:00:00	1.15722	1.16055	1.15618	1.15924	7543	0	9
2025.07.16	15:00:00	1.15923	1.17212	1.15919	1.16283	34214	0	9
2025.07.16	16:00:00	1.16282	1.16558	1.16152	1.16386	11705	0	9
2025.07.16	17:00:00	1.16388	1.16581	1.16362	1.16411	4797	0	9
2025.07.16	18:00:00	1.16413	1.16441	1.16269	1.16277	2817	0	9
2025.07.16	19:00:00	1.16279	1.16368	1.16200	1.16356	2430	0	9
2025.07.16	20:00:00	1.16353	1.16423	1.16329	1.16399	1270	0	9
2025.07.16	21:00:00	1.16401	1.16408	1.16313	1.16337	746	0	22
2025.07.16	22:00:00	1.16336	1.16422	1.16331	1.16360	907	0	9
2025.07.16	23:00:00	1.16360	1.16396	1.16330	1.16351	911	0	9
2025.07.17	00:00:00	1.16350	1.16359	1.16170	1.16236	1739	0	9
2025.07.17	01:00:00	1.16236	1.16285	1.16133	1.16276	2160	0	9
2025.07.17	02:00:00	1.16275	1.16275	1.16164	1.16178	1588	0	9
2025.07.17	03:00:00	1.16178	1.16193	1.16136	1.16185	1341	0	9
2025.07.17	04:00:00	1.16184	1.16241	1.16156	1.16239	1009	0	9
2025.07.17	05:00:00	1.16238	1.16268	1.16160	1.16165	1335	0	9
2025.07.17	06:00:00	1.16164	1.16172	1.15726	1.15829	4513	0	9
2025.07.17	07:00:00	1.15832	1.15961	1.15736	1.15901	3680	0	9
2025.07.17	08:00:00	1.15901	1.16048	1.15889	1.16011	2554	0	9
2025.07.17	09:00:00	1.16013	1.16044	1.15884	1.15902	1874	0	9
2025.07.17	10:00:00	1.15902	1.15910	1.15831	1.15859	1677	0	9
2025.07.17	11:00:00	1.15857	1.15897	1.15697	1.15743	1935	0	9
2025.07.17	12:00:00	1.15743	1.15922	1.15563	1.15870	4515	0	9
2025.07.17	13:00:00	1.15869	1.15981	1.15797	1.15859	4219	0	9
2025.07.17	14:00:00	1.15857	1.15924	1.15774	1.15875	3774	0	9
2025.07.17	15:00:00	1.15873	1.16022	1.15848	1.15958	2793	0	9
2025.07.17	16:00:00	1.15961	1.16015	1.15830	1.15858	2382	0	9
2025.07.17	17:00:00	1.15859	1.15902	1.15819	1.15846	1799	0	9
2025.07.17	18:00:00	1.15846	1.15878	1.15793	1.15844	1548	0	9
2025.07.17	19:00:00	1.15842	1.15992	1.15837	1.15968	1472	0	9
2025.07.17	20:00:00	1.15969	1.15997	1.15937	1.15950	862	0	9
2025.07.17	21:00:00	1.15952	1.15972	1.15904	1.15962	553	0	22
2025.07.17	22:00:00	1.15981	1.16189	1.15973	1.16164	1201	0	9
2025.07.17	23:00:00	1.16163	1.16194	1.16141	1.16145	972	0	9
2025.07.18	00:00:00	1.16146	1.16274	1.16142	1.16241	1823	0	9
2025.07.18	01:00:00	1.16242	1.16337	1.16195	1.16288	1842	0	9
2025.07.18	02:00:00	1.16288	1.16307	1.16240	1.16287	1444	0	9
2025.07.18	03:00:00	1.16287	1.16315	1.16218	1.16237	1298	0	9
2025.07.18	04:00:00	1.16236	1.16237	1.16180	1.16189	1066	0	9
2025.07.18	05:00:00	1.16187	1.16203	1.16119	1.16166	1290	0	9
2025.07.18	06:00:00	1.16163	1.16221	1.16115	1.16201	2171	0	9
2025.07.18	07:00:00	1.16203	1.16309	1.16194	1.16285	2418	0	9
2025.07.18	08:00:00	1.16285	1.16453	1.16275	1.16352	2380	0	9
2025.07.18	09:00:00	1.16353	1.16428	1.16329	1.16330	1822	0	9
2025.07.18	10:00:00	1.16328	1.16417	1.16315	1.16394	1871	0	9
2025.07.18	11:00:00	1.16396	1.16477	1.16392	1.16439	2066	0	9
2025.07.18	12:00:00	1.16438	1.16580	1.16426	1.16556	2993	0	9
2025.07.18	13:00:00	1.16557	1.16672	1.16476	1.16659	3577	0	9
2025.07.18	14:00:00	1.16663	1.16715	1.16443	1.16475	3999	0	9
2025.07.18	15:00:00	1.16476	1.16576	1.16423	1.16442	2906	0	9
2025.07.18	16:00:00	1.16445	1.16484	1.16262	1.16283	3081	0	9
2025.07.18	17:00:00	1.16284	1.16297	1.16176	1.16265	1987	0	9
2025.07.18	18:00:00	1.16267	1.16278	1.16190	1.16214	1568	0	9
2025.07.18	19:00:00	1.16213	1.16229	1.16167	1.16218	1411	0	9
2025.07.18	20:00:00	1.16216	1.16270	1.16191	1.16242	1415	0	9
2025.07.20	21:00:00	1.16250	1.16319	1.16245	1.16319	762	0	53
2025.07.20	22:00:00	1.16320	1.16341	1.16219	1.16260	2008	0	9
2025.07.20	23:00:00	1.16260	1.16315	1.16242	1.16293	1094	0	9
2025.07.21	00:00:00	1.16292	1.16359	1.16184	1.16187	1656	0	9
2025.07.21	01:00:00	1.16185	1.16250	1.16153	1.16170	1806	0	9
2025.07.21	02:00:00	1.16167	1.16238	1.16141	1.16214	1466	0	9
2025.07.21	03:00:00	1.16214	1.16254	1.16194	1.16250	1090	0	9
2025.07.21	04:00:00	1.16249	1.16300	1.16226	1.16287	940	0	9
2025.07.21	05:00:00	1.16287	1.16350	1.16272	1.16330	1282	0	9
2025.07.21	06:00:00	1.16330	1.16424	1.16288	1.16409	2483	0	9
2025.07.21	07:00:00	1.16412	1.16470	1.16351	1.16429	2653	0	9
2025.07.21	08:00:00	1.16430	1.16518	1.16362	1.16419	2440	0	9
2025.07.21	09:00:00	1.16420	1.16481	1.16382	1.16447	1809	0	9
2025.07.21	10:00:00	1.16444	1.16458	1.16333	1.16450	1917	0	9
2025.07.21	11:00:00	1.16450	1.16693	1.16438	1.16671	2603	0	9
2025.07.21	12:00:00	1.16671	1.16729	1.16622	1.16645	2494	0	9
2025.07.21	13:00:00	1.16646	1.16654	1.16575	1.16644	2458	0	9
2025.07.21	14:00:00	1.16645	1.16980	1.16636	1.16960	4469	0	9
2025.07.21	15:00:00	1.16963	1.17165	1.16951	1.17045	3563	0	9
2025.07.21	16:00:00	1.17043	1.17055	1.16952	1.16996	2531	0	9
2025.07.21	17:00:00	1.16997	1.17010	1.16857	1.16902	1817	0	9
2025.07.21	18:00:00	1.16901	1.16950	1.16863	1.16935	1584	0	9
2025.07.21	19:00:00	1.16935	1.16958	1.16889	1.16891	1325	0	9
2025.07.21	20:00:00	1.16892	1.16956	1.16878	1.16935	987	0	9
2025.07.21	21:00:00	1.16930	1.16930	1.16882	1.16908	638	0	22
2025.07.21	22:00:00	1.16923	1.16946	1.16909	1.16944	544	0	9
2025.07.21	23:00:00	1.16944	1.16955	1.16899	1.16944	644	0	9
2025.07.22	00:00:00	1.16945	1.16951	1.16832	1.16879	1618	0	9
2025.07.22	01:00:00	1.16879	1.16900	1.16821	1.16878	1490	0	9
2025.07.22	02:00:00	1.16877	1.16954	1.16876	1.16904	1116	0	9
2025.07.22	03:00:00	1.16904	1.16910	1.16849	1.16870	973	0	9
2025.07.22	04:00:00	1.16870	1.16941	1.16857	1.16880	981	0	9
2025.07.22	05:00:00	1.16882	1.16920	1.16826	1.16868	1241	0	9
2025.07.22	06:00:00	1.16866	1.16919	1.16836	1.16903	2024	0	9
2025.07.22	07:00:00	1.16901	1.16917	1.16814	1.16858	2237	0	9
2025.07.22	08:00:00	1.16859	1.17030	1.16836	1.16981	2414	0	9
2025.07.22	09:00:00	1.16983	1.17065	1.16929	1.17050	1974	0	9
2025.07.22	10:00:00	1.17050	1.17089	1.16991	1.17016	1671	0	9
2025.07.22	11:00:00	1.17016	1.17036	1.16941	1.17012	2105	0	9
2025.07.22	12:00:00	1.17012	1.17044	1.16827	1.16904	2678	0	9
2025.07.22	13:00:00	1.16903	1.17042	1.16783	1.17041	4057	0	9
2025.07.22	14:00:00	1.17040	1.17262	1.16907	1.17219	4672	0	9
2025.07.22	15:00:00	1.17217	1.17487	1.17142	1.17473	4242	0	9
2025.07.22	16:00:00	1.17475	1.17601	1.17441	1.17547	3012	0	9
2025.07.22	17:00:00	1.17547	1.17550	1.17429	1.17453	1953	0	9
2025.07.22	18:00:00	1.17453	1.17481	1.17415	1.17477	1330	0	9
2025.07.22	19:00:00	1.17476	1.17522	1.17443	1.17509	1184	0	9
2025.07.22	20:00:00	1.17507	1.17540	1.17446	1.17513	989	0	9
2025.07.22	21:00:00	1.17514	1.17538	1.17442	1.17489	590	0	22
2025.07.22	22:00:00	1.17488	1.17511	1.17462	1.17478	639	0	9
2025.07.22	23:00:00	1.17478	1.17557	1.17358	1.17374	1725	0	9
2025.07.23	00:00:00	1.17375	1.17475	1.17333	1.17466	2490	0	9
2025.07.23	01:00:00	1.17466	1.17483	1.17303	1.17369	2356	0	9
2025.07.23	02:00:00	1.17368	1.17415	1.17326	1.17345	2091	0	9
2025.07.23	03:00:00	1.17346	1.17457	1.17336	1.17389	1555	0	9
2025.07.23	04:00:00	1.17389	1.17394	1.17317	1.17346	1189	0	9
2025.07.23	05:00:00	1.17346	1.17375	1.17269	1.17301	1535	0	9
2025.07.23	06:00:00	1.17302	1.17421	1.17297	1.17418	2465	0	9
2025.07.23	07:00:00	1.17416	1.17525	1.17337	1.17415	3070	0	9
2025.07.23	08:00:00	1.17415	1.17477	1.17305	1.17325	2716	0	9
2025.07.23	09:00:00	1.17323	1.17391	1.17298	1.17354	2149	0	9
2025.07.23	10:00:00	1.17355	1.17360	1.17227	1.17259	2074	0	9
2025.07.23	11:00:00	1.17258	1.17310	1.17233	1.17252	2427	0	9
2025.07.23	12:00:00	1.17254	1.17326	1.17198	1.17248	2437	0	9
2025.07.23	13:00:00	1.17246	1.17300	1.17107	1.17257	3636	0	9
2025.07.23	14:00:00	1.17256	1.17374	1.17229	1.17330	3303	0	9
2025.07.23	15:00:00	1.17333	1.17579	1.17214	1.17462	5478	0	9
2025.07.23	16:00:00	1.17463	1.17604	1.17427	1.17506	5436	0	9
2025.07.23	17:00:00	1.17507	1.17649	1.17451	1.17592	3941	0	9
2025.07.23	18:00:00	1.17592	1.17734	1.17592	1.17707	2217	0	9
2025.07.23	19:00:00	1.17709	1.17746	1.17675	1.17726	1507	0	9
2025.07.23	20:00:00	1.17728	1.17749	1.17660	1.17684	1439	0	9
2025.07.23	21:00:00	1.17687	1.17721	1.17657	1.17669	888	0	53
2025.07.23	22:00:00	1.17689	1.17745	1.17689	1.17729	680	0	9
2025.07.23	23:00:00	1.17729	1.17782	1.17726	1.17727	868	0	9
2025.07.24	00:00:00	1.17726	1.17730	1.17617	1.17665	1788	0	9
2025.07.24	01:00:00	1.17665	1.17793	1.17664	1.17744	2143	0	9
2025.07.24	02:00:00	1.17747	1.17783	1.17707	1.17762	1492	0	9
2025.07.24	03:00:00	1.17762	1.17798	1.17736	1.17749	1307	0	9
2025.07.24	04:00:00	1.17746	1.17775	1.17725	1.17737	1059	0	9
2025.07.24	05:00:00	1.17737	1.17778	1.17699	1.17704	1406	0	9
2025.07.24	06:00:00	1.17702	1.17724	1.17568	1.17568	2248	0	9
2025.07.24	07:00:00	1.17566	1.17690	1.17548	1.17612	2643	0	9
2025.07.24	08:00:00	1.17614	1.17678	1.17551	1.17577	2202	0	9
2025.07.24	09:00:00	1.17577	1.17591	1.17462	1.17522	1994	0	9
2025.07.24	10:00:00	1.17522	1.17545	1.17428	1.17487	1638	0	9
2025.07.24	11:00:00	1.17489	1.17559	1.17453	1.17552	2017	0	9
2025.07.24	12:00:00	1.17555	1.17583	1.17318	1.17358	3701	0	9
2025.07.24	13:00:00	1.17360	1.17766	1.17302	1.17710	7395	0	9
2025.07.24	14:00:00	1.17708	1.17886	1.17611	1.17656	5078	0	9
2025.07.24	15:00:00	1.17659	1.17779	1.17548	1.17644	4054	0	9
2025.07.24	16:00:00	1.17644	1.17721	1.17567	1.17622	2783	0	9
2025.07.24	17:00:00	1.17624	1.17775	1.17601	1.17698	1918	0	9
2025.07.24	18:00:00	1.17697	1.17707	1.17618	1.17653	1493	0	9
2025.07.24	19:00:00	1.17655	1.17696	1.17577	1.17581	1263	0	9
2025.07.24	20:00:00	1.17578	1.17597	1.17448	1.17459	1766	0	9
2025.07.24	21:00:00	1.17457	1.17468	1.17354	1.17446	1069	0	53
2025.07.24	22:00:00	1.17463	1.17527	1.17441	1.17513	736	0	9
2025.07.24	23:00:00	1.17513	1.17568	1.17492	1.17541	914	0	9
2025.07.25	00:00:00	1.17543	1.17583	1.17483	1.17538	1883	0	9
2025.07.25	01:00:00	1.17539	1.17580	1.17390	1.17427	2023	0	9
2025.07.25	02:00:00	1.17427	1.17435	1.17333	1.17391	1363	0	9
2025.07.25	03:00:00	1.17390	1.17448	1.17364	1.17419	1055	0	9
2025.07.25	04:00:00	1.17418	1.17459	1.17340	1.17396	1303	0	9
2025.07.25	05:00:00	1.17396	1.17486	1.17369	1.17466	1635	0	9
2025.07.25	06:00:00	1.17466	1.17604	1.17412	1.17476	2960	0	9
2025.07.25	07:00:00	1.17478	1.17590	1.17478	1.17523	3089	0	9
2025.07.25	08:00:00	1.17522	1.17575	1.17413	1.17430	2984	0	9
2025.07.25	09:00:00	1.17429	1.17433	1.17327	1.17347	2370	0	9
2025.07.25	10:00:00	1.17347	1.17370	1.17241	1.17279	1969	0	9
2025.07.25	11:00:00	1.17276	1.17308	1.17108	1.17205	2567	0	9
2025.07.25	12:00:00	1.17203	1.17268	1.17113	1.17180	2668	0	9
2025.07.25	13:00:00	1.17182	1.17303	1.17028	1.17216	8434	0	9
2025.07.25	14:00:00	1.17214	1.17351	1.17208	1.17289	3949	0	9
2025.07.25	15:00:00	1.17287	1.17382	1.17215	1.17283	2962	0	9
2025.07.25	16:00:00	1.17286	1.17303	1.17201	1.17287	2442	0	9
2025.07.25	17:00:00	1.17284	1.17392	1.17282	1.17359	1514	0	9
2025.07.25	18:00:00	1.17360	1.17461	1.17352	1.17449	1507	0	9
2025.07.25	19:00:00	1.17448	1.17465	1.17407	1.17434	1151	0	9
2025.07.25	20:00:00	1.17434	1.17435	1.17370	1.17400	1541	0	9
2025.07.27	21:00:00	1.17533	1.17606	1.17511	1.17589	581	0	53
2025.07.27	22:00:00	1.17606	1.17676	1.17501	1.17545	1732	0	9
2025.07.27	23:00:00	1.17547	1.17602	1.17533	1.17549	1189	0	9
2025.07.28	00:00:00	1.17548	1.17701	1.17546	1.17632	2645	0	9
2025.07.28	01:00:00	1.17632	1.17694	1.17473	1.17521	2224	0	9
2025.07.28	02:00:00	1.17522	1.17568	1.17461	1.17546	1584	0	9
2025.07.28	03:00:00	1.17546	1.17568	1.17506	1.17560	1284	0	9
2025.07.28	04:00:00	1.17560	1.17577	1.17453	1.17471	1235	0	9
2025.07.28	05:00:00	1.17468	1.17474	1.17394	1.17405	1323	0	9
2025.07.28	06:00:00	1.17403	1.17442	1.17108	1.17209	3751	0	9
2025.07.28	07:00:00	1.17208	1.17235	1.16700	1.16748	4734	0	9
2025.07.28	08:00:00	1.16747	1.16899	1.16708	1.16788	3903	0	9
2025.07.28	09:00:00	1.16784	1.16840	1.16579	1.16664	3055	0	9
2025.07.28	10:00:00	1.16663	1.16717	1.16548	1.16578	3142	0	9
2025.07.28	11:00:00	1.16579	1.16584	1.16434	1.16504	3845	0	9
2025.07.28	12:00:00	1.16506	1.16646	1.16477	1.16574	4855	0	9
2025.07.28	13:00:00	1.16576	1.16616	1.16254	1.16330	4624	0	9
2025.07.28	14:00:00	1.16328	1.16468	1.16300	1.16369	4226	0	9
2025.07.28	15:00:00	1.16368	1.16389	1.16075	1.16086	3731	0	9
2025.07.28	16:00:00	1.16087	1.16107	1.15982	1.15989	2490	0	9
2025.07.28	17:00:00	1.15989	1.16015	1.15886	1.15919	2135	0	9
2025.07.28	18:00:00	1.15919	1.15943	1.15847	1.15943	1749	0	9
2025.07.28	19:00:00	1.15942	1.15957	1.15887	1.15913	1185	0	9
2025.07.28	20:00:00	1.15913	1.15940	1.15819	1.15871	1107	0	9
2025.07.28	21:00:00	1.15854	1.15898	1.15836	1.15892	554	0	22
2025.07.28	22:00:00	1.15891	1.15939	1.15870	1.15932	797	0	9
2025.07.28	23:00:00	1.15929	1.15965	1.15888	1.15959	710	0	9
2025.07.29	00:00:00	1.15960	1.15971	1.15840	1.15847	1689	0	9
2025.07.29	01:00:00	1.15846	1.15979	1.15846	1.15907	1945	0	9
2025.07.29	02:00:00	1.15907	1.15988	1.15907	1.15968	1464	0	9
2025.07.29	03:00:00	1.15968	1.15982	1.15809	1.15824	1422	0	9
2025.07.29	04:00:00	1.15824	1.15886	1.15740	1.15883	1614	0	9
2025.07.29	05:00:00	1.15883	1.15899	1.15766	1.15783	1421	0	9
2025.07.29	06:00:00	1.15785	1.15855	1.15311	1.15335	5313	0	9
2025.07.29	07:00:00	1.15338	1.15543	1.15261	1.15543	5737	0	9
2025.07.29	08:00:00	1.15544	1.15692	1.15518	1.15685	3291	0	9
2025.07.29	09:00:00	1.15687	1.15842	1.15627	1.15763	3076	0	9
2025.07.29	10:00:00	1.15763	1.15880	1.15718	1.15735	2358	0	9
2025.07.29	11:00:00	1.15737	1.15748	1.15370	1.15399	3629	0	9
2025.07.29	12:00:00	1.15397	1.15419	1.15241	1.15241	3852	0	9
2025.07.29	13:00:00	1.15244	1.15466	1.15185	1.15456	4419	0	9
2025.07.29	14:00:00	1.15453	1.15511	1.15212	1.15224	6484	0	9
2025.07.29	15:00:00	1.15227	1.15406	1.15215	1.15331	4063	0	9
2025.07.29	16:00:00	1.15333	1.15491	1.15333	1.15409	2681	0	9
2025.07.29	17:00:00	1.15409	1.15602	1.15393	1.15412	3123	0	9
2025.07.29	18:00:00	1.15415	1.15500	1.15371	1.15498	1991	0	9
2025.07.29	19:00:00	1.15500	1.15571	1.15484	1.15496	1526	0	9
2025.07.29	20:00:00	1.15495	1.15524	1.15432	1.15433	951	0	9
2025.07.29	21:00:00	1.15434	1.15468	1.15419	1.15451	308	0	22
2025.07.29	22:00:00	1.15473	1.15507	1.15467	1.15492	542	0	9
2025.07.29	23:00:00	1.15492	1.15507	1.15460	1.15504	451	0	9
2025.07.30	00:00:00	1.15501	1.15674	1.15501	1.15668	1735	0	9
2025.07.30	01:00:00	1.15667	1.15722	1.15600	1.15636	2037	0	9
2025.07.30	02:00:00	1.15634	1.15680	1.15601	1.15635	1220	0	9
2025.07.30	03:00:00	1.15636	1.15702	1.15577	1.15614	1325	0	9
2025.07.30	04:00:00	1.15614	1.15616	1.15499	1.15509	1195	0	9
2025.07.30	05:00:00	1.15509	1.15593	1.15478	1.15497	1586	0	9
2025.07.30	06:00:00	1.15499	1.15602	1.15396	1.15564	2726	0	9
2025.07.30	07:00:00	1.15563	1.15683	1.15505	1.15529	2881	0	9
2025.07.30	08:00:00	1.15529	1.15590	1.15482	1.15564	2382	0	9
2025.07.30	09:00:00	1.15563	1.15603	1.15443	1.15513	2401	0	9
2025.07.30	10:00:00	1.15512	1.15548	1.15318	1.15389	2376	0	9
2025.07.30	11:00:00	1.15389	1.15406	1.15216	1.15308	2552	0	9
2025.07.30	12:00:00	1.15311	1.15342	1.14686	1.14728	7141	0	9
2025.07.30	13:00:00	1.14729	1.14805	1.14573	1.14688	6373	0	9
2025.07.30	14:00:00	1.14686	1.14818	1.14650	1.14799	3959	0	9
2025.07.30	15:00:00	1.14797	1.14848	1.14631	1.14684	3067	0	9
2025.07.30	16:00:00	1.14685	1.14740	1.14644	1.14735	2325	0	9
2025.07.30	17:00:00	1.14736	1.14821	1.14736	1.14817	2005	0	9
2025.07.30	18:00:00	1.14814	1.15029	1.14236	1.14236	14658	0	9
2025.07.30	19:00:00	1.14239	1.14356	1.14136	1.14238	6630	0	9
2025.07.30	20:00:00	1.14240	1.14290	1.13987	1.14019	2980	0	9
2025.07.30	21:00:00	1.14020	1.14071	1.13982	1.14061	772	0	22
2025.07.30	22:00:00	1.14079	1.14241	1.14058	1.14223	1166	0	9
2025.07.30	23:00:00	1.14223	1.14301	1.14190	1.14276	1173	0	9
2025.07.31	00:00:00	1.14276	1.14370	1.14276	1.14336	2293	0	9
2025.07.31	01:00:00	1.14337	1.14379	1.14232	1.14306	2554	0	9
2025.07.31	02:00:00	1.14306	1.14315	1.14207	1.14287	2272	0	9
2025.07.31	03:00:00	1.14285	1.14340	1.14072	1.14229	2546	0	9
2025.07.31	04:00:00	1.14228	1.14362	1.14189	1.14352	1788	0	9
2025.07.31	05:00:00	1.14351	1.14423	1.14303	1.14362	1962	0	9
2025.07.31	06:00:00	1.14360	1.14604	1.14348	1.14579	3501	0	9
2025.07.31	07:00:00	1.14577	1.14577	1.14327	1.14483	3490	0	9
2025.07.31	08:00:00	1.14485	1.14547	1.14377	1.14495	3167	0	9
2025.07.31	09:00:00	1.14497	1.14507	1.14320	1.14325	2535	0	9
2025.07.31	10:00:00	1.14326	1.14413	1.14203	1.14392	2721	0	9
2025.07.31	11:00:00	1.14392	1.14505	1.14354	1.14487	2924	0	9
2025.07.31	12:00:00	1.14485	1.14507	1.14243	1.14281	4571	0	9
2025.07.31	13:00:00	1.14281	1.14294	1.14052	1.14109	4947	0	9
2025.07.31	14:00:00	1.14107	1.14493	1.14071	1.14443	5184	0	9
2025.07.31	15:00:00	1.14441	1.14497	1.14275	1.14300	4213	0	9
2025.07.31	16:00:00	1.14298	1.14325	1.14212	1.14223	3178	0	9
2025.07.31	17:00:00	1.14223	1.14244	1.14147	1.14194	2159	0	9
2025.07.31	18:00:00	1.14194	1.14327	1.14152	1.14263	1798	0	9
2025.07.31	19:00:00	1.14262	1.14315	1.14117	1.14120	2029	0	9
2025.07.31	20:00:00	1.14122	1.14180	1.14093	1.14130	1646	0	9
2025.07.31	21:00:00	1.14133	1.14168	1.14087	1.14160	665	0	22
2025.07.31	22:00:00	1.14159	1.14224	1.14142	1.14176	990	0	9
2025.07.31	23:00:00	1.14177	1.14255	1.14113	1.14213	1866	0	9
2025.08.01	00:00:00	1.14213	1.14285	1.14152	1.14238	2494	0	9
2025.08.01	01:00:00	1.14235	1.14283	1.14044	1.14069	2643	0	9
2025.08.01	02:00:00	1.14069	1.14147	1.14054	1.14109	2005	0	9
2025.08.01	03:00:00	1.14111	1.14219	1.14099	1.14181	1542	0	9
2025.08.01	04:00:00	1.14182	1.14211	1.14152	1.14187	1167	0	9
2025.08.01	05:00:00	1.14186	1.14342	1.14157	1.14301	1630	0	9
2025.08.01	06:00:00	1.14302	1.14377	1.14257	1.14290	2650	0	9
2025.08.01	07:00:00	1.14292	1.14337	1.14121	1.14184	3004	0	9
2025.08.01	08:00:00	1.14182	1.14203	1.14050	1.14062	2473	0	9
2025.08.01	09:00:00	1.14064	1.14126	1.13927	1.14004	2321	0	9
2025.08.01	10:00:00	1.14006	1.14173	1.14006	1.14117	2470	0	9
2025.08.01	11:00:00	1.14114	1.14221	1.14038	1.14044	2513	0	9
2025.08.01	12:00:00	1.14042	1.15585	1.13909	1.15447	15936	0	8
2025.08.01	13:00:00	1.15449	1.15827	1.15365	1.15619	15812	0	9
2025.08.01	14:00:00	1.15622	1.15879	1.15507	1.15558	13696	0	9
2025.08.01	15:00:00	1.15556	1.15648	1.15359	1.15539	5641	0	9
2025.08.01	16:00:00	1.15537	1.15645	1.15376	1.15391	3746	0	9
2025.08.01	17:00:00	1.15391	1.15391	1.15161	1.15262	3873	0	9
2025.08.01	18:00:00	1.15264	1.15477	1.15213	1.15254	3317	0	9
2025.08.01	19:00:00	1.15257	1.15818	1.15234	1.15689	6670	0	9
2025.08.01	20:00:00	1.15687	1.15966	1.15683	1.15872	3261	0	9
2025.08.03	21:00:00	1.15880	1.15926	1.15870	1.15893	622	0	23
2025.08.03	22:00:00	1.15891	1.15952	1.15778	1.15833	2333	0	9
2025.08.03	23:00:00	1.15835	1.15898	1.15777	1.15871	1980	0	9
2025.08.04	00:00:00	1.15871	1.15884	1.15556	1.15575	3253	0	9
2025.08.04	01:00:00	1.15575	1.15718	1.15497	1.15710	3218	0	9
2025.08.04	02:00:00	1.15710	1.15778	1.15670	1.15754	2281	0	9
2025.08.04	03:00:00	1.15753	1.15856	1.15753	1.15786	1809	0	9
2025.08.04	04:00:00	1.15786	1.15850	1.15739	1.15739	1487	0	9
2025.08.04	05:00:00	1.15739	1.15819	1.15666	1.15698	2056	0	9
2025.08.04	06:00:00	1.15698	1.15830	1.15630	1.15711	4055	0	9
2025.08.04	07:00:00	1.15713	1.15782	1.15504	1.15631	4220	0	9
2025.08.04	08:00:00	1.15633	1.15647	1.15491	1.15576	3517	0	9
2025.08.04	09:00:00	1.15574	1.15770	1.15550	1.15639	3120	0	9
2025.08.04	10:00:00	1.15641	1.15768	1.15545	1.15733	2760	0	9
2025.08.04	11:00:00	1.15734	1.15862	1.15643	1.15663	3248	0	9
2025.08.04	12:00:00	1.15666	1.15883	1.15601	1.15750	3989	0	9
2025.08.04	13:00:00	1.15750	1.15881	1.15725	1.15751	4520	0	9
2025.08.04	14:00:00	1.15757	1.15870	1.15564	1.15636	5654	0	9
2025.08.04	15:00:00	1.15634	1.15764	1.15605	1.15667	4313	0	9
2025.08.04	16:00:00	1.15670	1.15748	1.15566	1.15717	2609	0	9
2025.08.04	17:00:00	1.15715	1.15737	1.15639	1.15727	2196	0	9
2025.08.04	18:00:00	1.15727	1.15775	1.15637	1.15651	2172	0	9
2025.08.04	19:00:00	1.15650	1.15722	1.15626	1.15672	1859	0	9
2025.08.04	20:00:00	1.15675	1.15758	1.15650	1.15713	1201	0	9
2025.08.04	21:00:00	1.15715	1.15722	1.15655	1.15676	582	0	9
2025.08.04	22:00:00	1.15681	1.15810	1.15666	1.15787	915	0	9
2025.08.04	23:00:00	1.15787	1.15850	1.15772	1.15835	977	0	9
2025.08.05	00:00:00	1.15835	1.15875	1.15705	1.15717	1830	0	9
2025.08.05	01:00:00	1.15715	1.15739	1.15591	1.15635	2194	0	9
2025.08.05	02:00:00	1.15635	1.15640	1.15555	1.15599	1662	0	9
2025.08.05	03:00:00	1.15598	1.15612	1.15537	1.15550	1302	0	9
2025.08.05	04:00:00	1.15550	1.15600	1.15537	1.15579	1184	0	9
2025.08.05	05:00:00	1.15577	1.15577	1.15438	1.15478	1761	0	9
2025.08.05	06:00:00	1.15475	1.15609	1.15422	1.15506	2511	0	9
2025.08.05	07:00:00	1.15505	1.15618	1.15328	1.15457	3294	0	9
2025.08.05	08:00:00	1.15457	1.15488	1.15307	1.15363	3398	0	9
2025.08.05	09:00:00	1.15365	1.15462	1.15293	1.15418	2469	0	9
2025.08.05	10:00:00	1.15416	1.15454	1.15338	1.15437	2295	0	9
2025.08.05	11:00:00	1.15435	1.15476	1.15271	1.15389	2599	0	9
2025.08.05	12:00:00	1.15391	1.15482	1.15297	1.15366	4409	0	9
2025.08.05	13:00:00	1.15369	1.15540	1.15319	1.15371	4017	0	9
2025.08.05	14:00:00	1.15376	1.15657	1.15335	1.15645	7652	0	9
2025.08.05	15:00:00	1.15647	1.15846	1.15623	1.15789	3990	0	9
2025.08.05	16:00:00	1.15789	1.15858	1.15767	1.15824	2435	0	9
2025.08.05	17:00:00	1.15826	1.15830	1.15751	1.15778	1850	0	9
2025.08.05	18:00:00	1.15776	1.15792	1.15701	1.15731	1783	0	9
2025.08.05	19:00:00	1.15732	1.15747	1.15661	1.15723	1487	0	9
2025.08.05	20:00:00	1.15723	1.15774	1.15709	1.15740	1021	0	9
2025.08.05	21:00:00	1.15742	1.15744	1.15713	1.15735	554	0	22
2025.08.05	22:00:00	1.15732	1.15773	1.15704	1.15757	743	0	9
2025.08.05	23:00:00	1.15757	1.15811	1.15726	1.15780	769	0	9
2025.08.06	00:00:00	1.15781	1.15847	1.15726	1.15733	1506	0	9
2025.08.06	01:00:00	1.15733	1.15733	1.15645	1.15669	1427	0	9
2025.08.06	02:00:00	1.15668	1.15716	1.15639	1.15689	1289	0	9
2025.08.06	03:00:00	1.15691	1.15815	1.15690	1.15795	1167	0	9
2025.08.06	04:00:00	1.15795	1.15860	1.15773	1.15824	1064	0	9
2025.08.06	05:00:00	1.15821	1.15830	1.15738	1.15786	1302	0	9
2025.08.06	06:00:00	1.15784	1.15881	1.15763	1.15781	2272	0	9
2025.08.06	07:00:00	1.15779	1.15818	1.15710	1.15805	2385	0	9
2025.08.06	08:00:00	1.15808	1.15830	1.15700	1.15740	2281	0	9
2025.08.06	09:00:00	1.15743	1.15877	1.15739	1.15848	1895	0	9
2025.08.06	10:00:00	1.15846	1.16104	1.15836	1.16065	3241	0	9
2025.08.06	11:00:00	1.16064	1.16149	1.15973	1.16041	2157	0	9
2025.08.06	12:00:00	1.16038	1.16282	1.15999	1.16232	2986	0	9
2025.08.06	13:00:00	1.16231	1.16357	1.16171	1.16356	3847	0	9
2025.08.06	14:00:00	1.16358	1.16373	1.16217	1.16269	3960	0	9
2025.08.06	15:00:00	1.16267	1.16467	1.16221	1.16460	4760	0	9
2025.08.06	16:00:00	1.16457	1.16481	1.16304	1.16342	3349	0	9
2025.08.06	17:00:00	1.16343	1.16547	1.16323	1.16486	2455	0	9
2025.08.06	18:00:00	1.16489	1.16681	1.16476	1.16620	2166	0	9
2025.08.06	19:00:00	1.16620	1.16636	1.16523	1.16562	1310	0	9
2025.08.06	20:00:00	1.16563	1.16594	1.16497	1.16578	1629	0	9
2025.08.06	21:00:00	1.16578	1.16587	1.16504	1.16569	750	0	22
2025.08.06	22:00:00	1.16568	1.16657	1.16565	1.16632	1002	0	9
2025.08.06	23:00:00	1.16632	1.16634	1.16589	1.16625	759	0	9
2025.08.07	00:00:00	1.16624	1.16633	1.16506	1.16520	1704	0	9
2025.08.07	01:00:00	1.16520	1.16625	1.16492	1.16574	1734	0	9
2025.08.07	02:00:00	1.16575	1.16649	1.16556	1.16569	1332	0	9
2025.08.07	03:00:00	1.16570	1.16649	1.16529	1.16642	1122	0	9
2025.08.07	04:00:00	1.16643	1.16760	1.16624	1.16708	1444	0	9
2025.08.07	05:00:00	1.16708	1.16760	1.16680	1.16748	1382	0	9
2025.08.07	06:00:00	1.16748	1.16794	1.16676	1.16756	2349	0	9
2025.08.07	07:00:00	1.16759	1.16908	1.16729	1.16892	2899	0	9
2025.08.07	08:00:00	1.16892	1.16983	1.16753	1.16821	3643	0	9
2025.08.07	09:00:00	1.16823	1.16845	1.16702	1.16703	2141	0	9
2025.08.07	10:00:00	1.16706	1.16713	1.16612	1.16700	2359	0	9
2025.08.07	11:00:00	1.16700	1.16762	1.16338	1.16441	4628	0	9
2025.08.07	12:00:00	1.16439	1.16621	1.16370	1.16507	4867	0	9
2025.08.07	13:00:00	1.16507	1.16583	1.16375	1.16424	5634	0	9
2025.08.07	14:00:00	1.16423	1.16495	1.16135	1.16240	8255	0	9
2025.08.07	15:00:00	1.16241	1.16417	1.16106	1.16392	4155	0	9
2025.08.07	16:00:00	1.16395	1.16442	1.16346	1.16375	2116	0	9
2025.08.07	17:00:00	1.16378	1.16395	1.16316	1.16326	2298	0	9
2025.08.07	18:00:00	1.16328	1.16370	1.16212	1.16215	1763	0	9
2025.08.07	19:00:00	1.16215	1.16564	1.16189	1.16542	4216	0	9
2025.08.07	20:00:00	1.16543	1.16710	1.16542	1.16624	2054	0	9
2025.08.07	21:00:00	1.16626	1.16641	1.16563	1.16641	994	0	22
2025.08.07	22:00:00	1.16641	1.16742	1.16641	1.16722	1085	0	9
2025.08.07	23:00:00	1.16723	1.16779	1.16696	1.16763	1056	0	9
2025.08.08	00:00:00	1.16766	1.16789	1.16670	1.16723	1945	0	9
2025.08.08	01:00:00	1.16724	1.16734	1.16548	1.16568	2137	0	9
2025.08.08	02:00:00	1.16567	1.16647	1.16567	1.16602	1455	0	9
2025.08.08	03:00:00	1.16602	1.16608	1.16545	1.16596	1309	0	9
2025.08.08	04:00:00	1.16596	1.16632	1.16572	1.16578	1048	0	9
2025.08.08	05:00:00	1.16576	1.16595	1.16383	1.16407	1762	0	9
2025.08.08	06:00:00	1.16408	1.16523	1.16405	1.16497	1993	0	9
2025.08.08	07:00:00	1.16497	1.16642	1.16481	1.16586	2818	0	9
2025.08.08	08:00:00	1.16586	1.16626	1.16339	1.16370	2668	0	9
2025.08.08	09:00:00	1.16371	1.16435	1.16292	1.16412	2868	0	9
2025.08.08	10:00:00	1.16411	1.16471	1.16282	1.16352	2146	0	9
2025.08.08	11:00:00	1.16353	1.16489	1.16346	1.16434	2011	0	9
2025.08.08	12:00:00	1.16431	1.16540	1.16374	1.16412	3120	0	9
2025.08.08	13:00:00	1.16414	1.16550	1.16407	1.16484	3166	0	9
2025.08.08	14:00:00	1.16483	1.16625	1.16453	1.16555	3887	0	9
2025.08.08	15:00:00	1.16553	1.16673	1.16539	1.16594	2577	0	9
2025.08.08	16:00:00	1.16594	1.16628	1.16491	1.16558	2236	0	9
2025.08.08	17:00:00	1.16556	1.16664	1.16531	1.16583	1551	0	9
2025.08.08	18:00:00	1.16586	1.16625	1.16476	1.16556	2138	0	9
2025.08.08	19:00:00	1.16553	1.16558	1.16359	1.16423	2114	0	9
2025.08.08	20:00:00	1.16424	1.16433	1.16381	1.16413	1350	0	9
2025.08.10	21:00:00	1.16457	1.16476	1.16418	1.16461	646	0	53
2025.08.10	22:00:00	1.16476	1.16508	1.16431	1.16468	1008	0	9
2025.08.10	23:00:00	1.16470	1.16507	1.16441	1.16471	904	0	9
2025.08.11	00:00:00	1.16472	1.16482	1.16415	1.16471	1496	0	9
2025.08.11	01:00:00	1.16471	1.16584	1.16447	1.16584	1503	0	9
2025.08.11	02:00:00	1.16584	1.16682	1.16584	1.16656	1283	0	9
2025.08.11	03:00:00	1.16655	1.16751	1.16644	1.16707	1321	0	9
2025.08.11	04:00:00	1.16707	1.16750	1.16704	1.16716	890	0	9
2025.08.11	05:00:00	1.16716	1.16724	1.16669	1.16689	1292	0	9
2025.08.11	06:00:00	1.16691	1.16735	1.16628	1.16640	1866	0	9
2025.08.11	07:00:00	1.16637	1.16655	1.16456	1.16464	2295	0	9
2025.08.11	08:00:00	1.16466	1.16599	1.16436	1.16551	2067	0	9
2025.08.11	09:00:00	1.16549	1.16580	1.16377	1.16408	2249	0	9
2025.08.11	10:00:00	1.16409	1.16475	1.16400	1.16466	1542	0	9
2025.08.11	11:00:00	1.16464	1.16466	1.16227	1.16285	2732	0	9
2025.08.11	12:00:00	1.16286	1.16308	1.16138	1.16197	2912	0	9
2025.08.11	13:00:00	1.16198	1.16274	1.16155	1.16190	2959	0	9
2025.08.11	14:00:00	1.16192	1.16200	1.15900	1.15956	4139	0	9
2025.08.11	15:00:00	1.15956	1.16066	1.15896	1.16063	2876	0	9
2025.08.11	16:00:00	1.16062	1.16116	1.16014	1.16071	1931	0	9
2025.08.11	17:00:00	1.16071	1.16119	1.15981	1.16106	1571	0	9
2025.08.11	18:00:00	1.16106	1.16137	1.16065	1.16118	1519	0	9
2025.08.11	19:00:00	1.16118	1.16125	1.16017	1.16045	1251	0	9
2025.08.11	20:00:00	1.16046	1.16191	1.16038	1.16125	998	0	9
2025.08.11	21:00:00	1.16126	1.16142	1.16107	1.16131	648	0	22
2025.08.11	22:00:00	1.16149	1.16183	1.16098	1.16126	675	0	9
2025.08.11	23:00:00	1.16128	1.16173	1.16123	1.16159	564	0	9
2025.08.12	00:00:00	1.16158	1.16196	1.16115	1.16147	1790	0	9
2025.08.12	01:00:00	1.16147	1.16249	1.16138	1.16187	1729	0	9
2025.08.12	02:00:00	1.16188	1.16253	1.16170	1.16223	1122	0	9
2025.08.12	03:00:00	1.16223	1.16241	1.16179	1.16201	1112	0	9
2025.08.12	04:00:00	1.16201	1.16275	1.16153	1.16271	1315	0	9
2025.08.12	05:00:00	1.16269	1.16287	1.16128	1.16134	1981	0	9
2025.08.12	06:00:00	1.16133	1.16182	1.16076	1.16086	2686	0	9
2025.08.12	07:00:00	1.16087	1.16237	1.16074	1.16199	2880	0	9
2025.08.12	08:00:00	1.16199	1.16222	1.16113	1.16145	2195	0	9
2025.08.12	09:00:00	1.16145	1.16182	1.15999	1.16062	2012	0	9
2025.08.12	10:00:00	1.16060	1.16126	1.16052	1.16099	1640	0	9
2025.08.12	11:00:00	1.16096	1.16109	1.15983	1.16048	2042	0	9
2025.08.12	12:00:00	1.16050	1.16553	1.16008	1.16422	9484	0	9
2025.08.12	13:00:00	1.16420	1.16677	1.16170	1.16519	11850	0	9
2025.08.12	14:00:00	1.16517	1.16625	1.16415	1.16576	5873	0	9
2025.08.12	15:00:00	1.16573	1.16969	1.16555	1.16718	5049	0	9
2025.08.12	16:00:00	1.16719	1.16855	1.16652	1.16793	3281	0	9
2025.08.12	17:00:00	1.16794	1.16802	1.16706	1.16727	2729	0	9
2025.08.12	18:00:00	1.16729	1.16781	1.16643	1.16682	1890	0	9
2025.08.12	19:00:00	1.16682	1.16751	1.16641	1.16742	1567	0	9
2025.08.12	20:00:00	1.16741	1.16767	1.16699	1.16705	1010	0	9
2025.08.12	21:00:00	1.16705	1.16717	1.16671	1.16717	676	0	53
2025.08.12	22:00:00	1.16734	1.16773	1.16731	1.16763	607	0	9
2025.08.12	23:00:00	1.16763	1.16789	1.16748	1.16774	647	0	9
2025.08.13	00:00:00	1.16772	1.16805	1.16704	1.16794	1558	0	9
2025.08.13	01:00:00	1.16795	1.16860	1.16757	1.16767	1699	0	9
2025.08.13	02:00:00	1.16766	1.16857	1.16702	1.16816	1426	0	9
2025.08.13	03:00:00	1.16813	1.16873	1.16793	1.16835	1157	0	9
2025.08.13	04:00:00	1.16833	1.16859	1.16811	1.16836	1058	0	9
2025.08.13	05:00:00	1.16836	1.16847	1.16763	1.16788	1282	0	9
2025.08.13	06:00:00	1.16790	1.16965	1.16787	1.16917	2688	0	9
2025.08.13	07:00:00	1.16916	1.17125	1.16914	1.17076	3145	0	9
2025.08.13	08:00:00	1.17074	1.17201	1.17064	1.17135	2886	0	9
2025.08.13	09:00:00	1.17137	1.17299	1.17136	1.17287	2246	0	9
2025.08.13	10:00:00	1.17285	1.17298	1.17160	1.17162	2222	0	9
2025.08.13	11:00:00	1.17161	1.17187	1.17075	1.17186	2080	0	9
2025.08.13	12:00:00	1.17186	1.17214	1.16968	1.16982	3029	0	9
2025.08.13	13:00:00	1.16980	1.17068	1.16925	1.17040	3320	0	9
2025.08.13	14:00:00	1.17038	1.17231	1.17022	1.17198	3949	0	9
2025.08.13	15:00:00	1.17198	1.17223	1.17079	1.17133	3147	0	9
2025.08.13	16:00:00	1.17133	1.17149	1.17061	1.17065	1854	0	9
2025.08.13	17:00:00	1.17064	1.17106	1.17021	1.17035	1635	0	9
2025.08.13	18:00:00	1.17038	1.17040	1.16955	1.17000	1432	0	9
2025.08.13	19:00:00	1.16999	1.17038	1.16969	1.16992	1095	0	9
2025.08.13	20:00:00	1.16992	1.17065	1.16989	1.17016	884	0	9
2025.08.13	21:00:00	1.17017	1.17038	1.17010	1.17032	654	0	22
2025.08.13	22:00:00	1.17050	1.17078	1.17042	1.17078	550	0	9
2025.08.13	23:00:00	1.17079	1.17122	1.17071	1.17120	588	0	9
2025.08.14	00:00:00	1.17120	1.17144	1.17088	1.17109	1410	0	9
2025.08.14	01:00:00	1.17108	1.17146	1.17087	1.17123	1613	0	9
2025.08.14	02:00:00	1.17123	1.17124	1.16987	1.17047	1456	0	9
2025.08.14	03:00:00	1.17047	1.17049	1.16992	1.17033	1129	0	9
2025.08.14	04:00:00	1.17033	1.17064	1.17010	1.17033	898	0	9
2025.08.14	05:00:00	1.17033	1.17036	1.16966	1.17012	1305	0	9
2025.08.14	06:00:00	1.17013	1.17063	1.16845	1.16846	2849	0	9
2025.08.14	07:00:00	1.16849	1.16925	1.16773	1.16796	3251	0	9
2025.08.14	08:00:00	1.16794	1.16848	1.16676	1.16682	2583	0	9
2025.08.14	09:00:00	1.16680	1.16866	1.16680	1.16816	2183	0	9
2025.08.14	10:00:00	1.16814	1.16969	1.16809	1.16949	2202	0	9
2025.08.14	11:00:00	1.16947	1.16962	1.16824	1.16877	2311	0	9
2025.08.14	12:00:00	1.16878	1.16919	1.16491	1.16633	6347	0	9
2025.08.14	13:00:00	1.16632	1.16712	1.16487	1.16497	5345	0	9
2025.08.14	14:00:00	1.16499	1.16660	1.16374	1.16604	4437	0	9
2025.08.14	15:00:00	1.16605	1.16618	1.16369	1.16426	3962	0	9
2025.08.14	16:00:00	1.16425	1.16449	1.16306	1.16338	2666	0	9
2025.08.14	17:00:00	1.16338	1.16434	1.16309	1.16365	1953	0	9
2025.08.14	18:00:00	1.16365	1.16421	1.16327	1.16411	1676	0	9
2025.08.14	19:00:00	1.16413	1.16499	1.16409	1.16479	1351	0	9
2025.08.14	20:00:00	1.16478	1.16499	1.16443	1.16452	842	0	9
2025.08.14	21:00:00	1.16450	1.16499	1.16450	1.16497	569	0	22
2025.08.14	22:00:00	1.16500	1.16525	1.16477	1.16496	549	0	9
2025.08.14	23:00:00	1.16497	1.16526	1.16456	1.16503	653	0	9
2025.08.15	00:00:00	1.16503	1.16528	1.16462	1.16517	1242	0	9
2025.08.15	01:00:00	1.16516	1.16576	1.16478	1.16525	1412	0	9
2025.08.15	02:00:00	1.16525	1.16573	1.16491	1.16564	1241	0	9
2025.08.15	03:00:00	1.16562	1.16642	1.16562	1.16598	1092	0	9
2025.08.15	04:00:00	1.16598	1.16633	1.16583	1.16625	640	0	9
2025.08.15	05:00:00	1.16622	1.16708	1.16606	1.16704	980	0	9
2025.08.15	06:00:00	1.16705	1.16744	1.16647	1.16712	1974	0	9
2025.08.15	07:00:00	1.16712	1.16837	1.16712	1.16822	2306	0	9
2025.08.15	08:00:00	1.16822	1.16850	1.16761	1.16817	1930	0	9
2025.08.15	09:00:00	1.16815	1.16895	1.16796	1.16872	1877	0	9
2025.08.15	10:00:00	1.16871	1.16910	1.16800	1.16853	1709	0	9
2025.08.15	11:00:00	1.16852	1.16914	1.16812	1.16872	1567	0	9
2025.08.15	12:00:00	1.16872	1.16998	1.16734	1.16935	3976	0	9
2025.08.15	13:00:00	1.16934	1.17076	1.16815	1.17026	4446	0	9
2025.08.15	14:00:00	1.17028	1.17150	1.17002	1.17113	4301	0	9
2025.08.15	15:00:00	1.17111	1.17145	1.17029	1.17067	2725	0	9
2025.08.15	16:00:00	1.17066	1.17080	1.16991	1.17036	1768	0	9
2025.08.15	17:00:00	1.17038	1.17058	1.16988	1.17040	1571	0	9
2025.08.15	18:00:00	1.17040	1.17064	1.16980	1.17023	1448	0	9
2025.08.15	19:00:00	1.17023	1.17034	1.16996	1.17007	1053	0	9
2025.08.15	20:00:00	1.17006	1.17078	1.17003	1.17043	1396	0	9
2025.08.17	21:00:00	1.17080	1.17111	1.17052	1.17109	533	0	53
2025.08.17	22:00:00	1.17136	1.17157	1.17091	1.17130	870	0	9
2025.08.17	23:00:00	1.17133	1.17141	1.17036	1.17059	935	0	9
2025.08.18	00:00:00	1.17059	1.17104	1.16995	1.17013	1536	0	9
2025.08.18	01:00:00	1.17014	1.17041	1.16932	1.17029	1583	0	9
2025.08.18	02:00:00	1.17029	1.17050	1.16970	1.17010	1069	0	9
2025.08.18	03:00:00	1.17010	1.17045	1.16992	1.17034	1086	0	9
2025.08.18	04:00:00	1.17034	1.17101	1.17020	1.17080	1128	0	9
2025.08.18	05:00:00	1.17077	1.17087	1.17008	1.17055	1262	0	9
2025.08.18	06:00:00	1.17053	1.17076	1.16930	1.16962	2149	0	9
2025.08.18	07:00:00	1.16964	1.17031	1.16798	1.16811	2745	0	9
2025.08.18	08:00:00	1.16811	1.16873	1.16707	1.16816	2957	0	9
2025.08.18	09:00:00	1.16815	1.16857	1.16725	1.16797	2394	0	9
2025.08.18	10:00:00	1.16794	1.16826	1.16768	1.16806	1813	0	9
2025.08.18	11:00:00	1.16805	1.16880	1.16713	1.16746	2116	0	9
2025.08.18	12:00:00	1.16747	1.16789	1.16656	1.16760	2621	0	9
2025.08.18	13:00:00	1.16762	1.16775	1.16691	1.16775	2727	0	9
2025.08.18	14:00:00	1.16776	1.16841	1.16601	1.16639	3483	0	9
2025.08.18	15:00:00	1.16636	1.16741	1.16605	1.16668	2688	0	9
2025.08.18	16:00:00	1.16667	1.16671	1.16557	1.16576	2110	0	9
2025.08.18	17:00:00	1.16577	1.16661	1.16565	1.16623	1715	0	9
2025.08.18	18:00:00	1.16621	1.16674	1.16580	1.16595	1352	0	9
2025.08.18	19:00:00	1.16597	1.16700	1.16595	1.16670	1199	0	9
2025.08.18	20:00:00	1.16667	1.16691	1.16578	1.16581	869	0	9
2025.08.18	21:00:00	1.16589	1.16611	1.16580	1.16610	382	0	22
2025.08.18	22:00:00	1.16612	1.16744	1.16598	1.16693	1071	0	9
2025.08.18	23:00:00	1.16696	1.16696	1.16616	1.16674	805	0	9
2025.08.19	00:00:00	1.16674	1.16700	1.16554	1.16582	1521	0	9
2025.08.19	01:00:00	1.16581	1.16620	1.16388	1.16489	2405	0	9
2025.08.19	02:00:00	1.16487	1.16555	1.16466	1.16525	1552	0	9
2025.08.19	03:00:00	1.16526	1.16585	1.16499	1.16545	1402	0	9
2025.08.19	04:00:00	1.16545	1.16615	1.16529	1.16605	1117	0	9
2025.08.19	05:00:00	1.16605	1.16654	1.16537	1.16548	1375	0	9
2025.08.19	06:00:00	1.16550	1.16743	1.16507	1.16738	2490	0	9
2025.08.19	07:00:00	1.16741	1.16840	1.16730	1.16831	2808	0	9
2025.08.19	08:00:00	1.16832	1.16839	1.16712	1.16745	2230	0	9
2025.08.19	09:00:00	1.16746	1.16818	1.16721	1.16798	1768	0	9
2025.08.19	10:00:00	1.16798	1.16917	1.16786	1.16881	1858	0	9
2025.08.19	11:00:00	1.16879	1.16925	1.16797	1.16851	1849	0	9
2025.08.19	12:00:00	1.16854	1.16875	1.16727	1.16749	2825	0	9
2025.08.19	13:00:00	1.16750	1.16780	1.16677	1.16758	3222	0	9
2025.08.19	14:00:00	1.16756	1.16774	1.16635	1.16719	3065	0	9
2025.08.19	15:00:00	1.16718	1.16752	1.16570	1.16584	2536	0	9
2025.08.19	16:00:00	1.16586	1.16629	1.16541	1.16559	2124	0	9
2025.08.19	17:00:00	1.16560	1.16605	1.16525	1.16545	1388	0	9
2025.08.19	18:00:00	1.16543	1.16543	1.16420	1.16470	1470	0	9
2025.08.19	19:00:00	1.16469	1.16479	1.16423	1.16461	1134	0	9
2025.08.19	20:00:00	1.16461	1.16479	1.16436	1.16453	854	0	9
2025.08.19	21:00:00	1.16436	1.16465	1.16419	1.16449	656	0	22
2025.08.19	22:00:00	1.16465	1.16490	1.16439	1.16482	567	0	9
2025.08.19	23:00:00	1.16482	1.16484	1.16403	1.16411	707	0	9
2025.08.20	00:00:00	1.16411	1.16422	1.16311	1.16384	1665	0	9
2025.08.20	01:00:00	1.16384	1.16417	1.16266	1.16270	2026	0	9
2025.08.20	02:00:00	1.16270	1.16294	1.16216	1.16260	2093	0	9
2025.08.20	03:00:00	1.16262	1.16360	1.16262	1.16327	1517	0	9
2025.08.20	04:00:00	1.16326	1.16376	1.16321	1.16341	912	0	9
2025.08.20	05:00:00	1.16340	1.16398	1.16319	1.16391	1086	0	9
2025.08.20	06:00:00	1.16389	1.16420	1.16227	1.16330	3526	0	9
2025.08.20	07:00:00	1.16331	1.16464	1.16329	1.16442	2829	0	9
2025.08.20	08:00:00	1.16440	1.16462	1.16312	1.16375	2370	0	9
2025.08.20	09:00:00	1.16373	1.16458	1.16346	1.16445	1903	0	9
2025.08.20	10:00:00	1.16444	1.16571	1.16430	1.16464	2161	0	9
2025.08.20	11:00:00	1.16466	1.16495	1.16398	1.16415	1822	0	9
2025.08.20	12:00:00	1.16417	1.16733	1.16417	1.16707	3672	0	9
2025.08.20	13:00:00	1.16705	1.16715	1.16557	1.16582	3502	0	9
2025.08.20	14:00:00	1.16583	1.16689	1.16482	1.16624	4218	0	9
2025.08.20	15:00:00	1.16624	1.16629	1.16459	1.16474	2870	0	9
2025.08.20	16:00:00	1.16474	1.16614	1.16474	1.16593	1777	0	9
2025.08.20	17:00:00	1.16592	1.16723	1.16588	1.16711	1719	0	9
2025.08.20	18:00:00	1.16708	1.16708	1.16544	1.16546	2165	0	9
2025.08.20	19:00:00	1.16546	1.16582	1.16521	1.16525	1180	0	9
2025.08.20	20:00:00	1.16526	1.16527	1.16464	1.16472	890	0	9
2025.08.20	21:00:00	1.16470	1.16522	1.16447	1.16501	788	0	22
2025.08.20	22:00:00	1.16526	1.16553	1.16498	1.16524	536	0	9
2025.08.20	23:00:00	1.16524	1.16533	1.16478	1.16505	727	0	9
2025.08.21	00:00:00	1.16505	1.16513	1.16408	1.16463	1569	0	9
2025.08.21	01:00:00	1.16461	1.16503	1.16410	1.16459	1747	0	9
2025.08.21	02:00:00	1.16457	1.16491	1.16430	1.16464	1286	0	9
2025.08.21	03:00:00	1.16466	1.16485	1.16413	1.16455	922	0	9
2025.08.21	04:00:00	1.16455	1.16479	1.16424	1.16449	851	0	9
2025.08.21	05:00:00	1.16451	1.16495	1.16415	1.16490	1124	0	9
2025.08.21	06:00:00	1.16490	1.16494	1.16255	1.16296	2316	0	9
2025.08.21	07:00:00	1.16298	1.16608	1.16245	1.16576	3057	0	9
2025.08.21	08:00:00	1.16578	1.16593	1.16497	1.16543	2192	0	9
2025.08.21	09:00:00	1.16544	1.16625	1.16530	1.16544	2012	0	9
2025.08.21	10:00:00	1.16541	1.16562	1.16477	1.16488	1699	0	9
2025.08.21	11:00:00	1.16491	1.16568	1.16392	1.16400	2263	0	9
2025.08.21	12:00:00	1.16403	1.16558	1.16364	1.16464	3219	0	9
2025.08.21	13:00:00	1.16465	1.16497	1.16153	1.16208	4402	0	9
2025.08.21	14:00:00	1.16206	1.16289	1.16058	1.16154	4571	0	9
2025.08.21	15:00:00	1.16152	1.16254	1.16007	1.16043	5055	0	9
2025.08.21	16:00:00	1.16041	1.16115	1.16011	1.16108	2052	0	9
2025.08.21	17:00:00	1.16110	1.16183	1.16110	1.16142	1524	0	9
2025.08.21	18:00:00	1.16142	1.16166	1.16066	1.16095	1598	0	9
2025.08.21	19:00:00	1.16094	1.16100	1.16033	1.16048	1003	0	9
2025.08.21	20:00:00	1.16047	1.16080	1.16028	1.16029	692	0	9
2025.08.21	21:00:00	1.16029	1.16080	1.15996	1.16066	990	0	22
2025.08.21	22:00:00	1.16082	1.16133	1.16059	1.16129	510	0	9
2025.08.21	23:00:00	1.16129	1.16143	1.16088	1.16121	657	0	9
2025.08.22	00:00:00	1.16121	1.16163	1.16101	1.16142	1233	0	9
2025.08.22	01:00:00	1.16142	1.16154	1.16038	1.16080	1435	0	9
2025.08.22	02:00:00	1.16079	1.16138	1.16047	1.16085	1311	0	9
2025.08.22	03:00:00	1.16085	1.16087	1.15885	1.15891	1638	0	9
2025.08.22	04:00:00	1.15892	1.15937	1.15823	1.15842	1358	0	9
2025.08.22	05:00:00	1.15841	1.15886	1.15828	1.15865	1186	0	9
2025.08.22	06:00:00	1.15863	1.15948	1.15829	1.15883	2172	0	9
2025.08.22	07:00:00	1.15883	1.15986	1.15880	1.15944	2122	0	9
2025.08.22	08:00:00	1.15941	1.15991	1.15908	1.15990	1824	0	9
2025.08.22	09:00:00	1.15991	1.16021	1.15950	1.15961	1690	0	9
2025.08.22	10:00:00	1.15961	1.15997	1.15930	1.15953	1575	0	9
2025.08.22	11:00:00	1.15955	1.16060	1.15944	1.16039	2067	0	9
2025.08.22	12:00:00	1.16041	1.16132	1.16041	1.16082	2108	0	9
2025.08.22	13:00:00	1.16083	1.16187	1.15972	1.15995	3064	0	9
2025.08.22	14:00:00	1.15998	1.17197	1.15998	1.17176	15799	0	9
2025.08.22	15:00:00	1.17174	1.17319	1.17119	1.17119	5428	0	9
2025.08.22	16:00:00	1.17118	1.17262	1.17113	1.17214	3346	0	9
2025.08.22	17:00:00	1.17217	1.17421	1.17217	1.17369	2740	0	9
2025.08.22	18:00:00	1.17366	1.17390	1.17208	1.17210	1917	0	9
2025.08.22	19:00:00	1.17212	1.17223	1.17146	1.17195	1456	0	9
2025.08.22	20:00:00	1.17194	1.17264	1.17176	1.17206	1447	0	9
2025.08.24	21:00:00	1.17199	1.17245	1.17198	1.17205	526	0	53
2025.08.24	22:00:00	1.17232	1.17236	1.17104	1.17123	1244	0	9
2025.08.24	23:00:00	1.17124	1.17143	1.17071	1.17078	959	0	9
2025.08.25	00:00:00	1.17076	1.17080	1.16950	1.16976	1715	0	9
2025.08.25	01:00:00	1.16975	1.17033	1.16933	1.16961	1664	0	9
2025.08.25	02:00:00	1.16962	1.16999	1.16935	1.16968	1151	0	9
2025.08.25	03:00:00	1.16968	1.17074	1.16965	1.17062	1007	0	9
2025.08.25	04:00:00	1.17062	1.17075	1.17031	1.17054	812	0	9
2025.08.25	05:00:00	1.17053	1.17053	1.16977	1.17004	930	0	9
2025.08.25	06:00:00	1.17003	1.17202	1.17003	1.17143	2480	0	9
2025.08.25	07:00:00	1.17142	1.17177	1.16940	1.16973	2367	0	9
2025.08.25	08:00:00	1.16973	1.17104	1.16969	1.17038	2064	0	9
2025.08.25	09:00:00	1.17036	1.17042	1.16896	1.16931	1625	0	9
2025.08.25	10:00:00	1.16929	1.16970	1.16850	1.16874	1762	0	9
2025.08.25	11:00:00	1.16876	1.17025	1.16872	1.17025	1711	0	9
2025.08.25	12:00:00	1.17026	1.17031	1.16932	1.16993	1999	0	9
2025.08.25	13:00:00	1.16993	1.17086	1.16941	1.17027	2389	0	9
2025.08.25	14:00:00	1.17028	1.17054	1.16888	1.16897	3128	0	9
2025.08.25	15:00:00	1.16899	1.16914	1.16651	1.16690	3541	0	9
2025.08.25	16:00:00	1.16690	1.16693	1.16511	1.16545	2597	0	9
2025.08.25	17:00:00	1.16548	1.16556	1.16404	1.16464	2182	0	9
2025.08.25	18:00:00	1.16465	1.16481	1.16185	1.16202	2478	0	9
2025.08.25	19:00:00	1.16203	1.16211	1.16023	1.16090	2577	0	9
2025.08.25	20:00:00	1.16090	1.16250	1.16089	1.16168	1340	0	9
2025.08.25	21:00:00	1.16168	1.16182	1.16148	1.16176	705	0	22
2025.08.25	22:00:00	1.16193	1.16223	1.16181	1.16203	694	0	9
2025.08.25	23:00:00	1.16203	1.16211	1.16120	1.16142	793	0	9
2025.08.26	00:00:00	1.16143	1.16595	1.16097	1.16476	7602	0	9
2025.08.26	01:00:00	1.16477	1.16498	1.16345	1.16416	2845	0	9
2025.08.26	02:00:00	1.16414	1.16469	1.16320	1.16363	2060	0	9
2025.08.26	03:00:00	1.16363	1.16363	1.16236	1.16255	1822	0	9
2025.08.26	04:00:00	1.16253	1.16320	1.16231	1.16315	1367	0	9
2025.08.26	05:00:00	1.16313	1.16439	1.16289	1.16411	1821	0	9
2025.08.26	06:00:00	1.16409	1.16409	1.16130	1.16219	3701	0	9
2025.08.26	07:00:00	1.16218	1.16281	1.16016	1.16213	4538	0	9
2025.08.26	08:00:00	1.16216	1.16247	1.16054	1.16174	3483	0	9
2025.08.26	09:00:00	1.16176	1.16433	1.16172	1.16419	2888	0	9
2025.08.26	10:00:00	1.16421	1.16471	1.16366	1.16444	2159	0	9
2025.08.26	11:00:00	1.16444	1.16603	1.16408	1.16533	2520	0	9
2025.08.26	12:00:00	1.16533	1.16594	1.16445	1.16458	3581	0	9
2025.08.26	13:00:00	1.16456	1.16561	1.16368	1.16508	4115	0	9
2025.08.26	14:00:00	1.16506	1.16650	1.16431	1.16543	4029	0	9
2025.08.26	15:00:00	1.16545	1.16636	1.16484	1.16554	2987	0	9
2025.08.26	16:00:00	1.16556	1.16612	1.16481	1.16483	1997	0	9
2025.08.26	17:00:00	1.16485	1.16524	1.16370	1.16376	1924	0	9
2025.08.26	18:00:00	1.16375	1.16471	1.16331	1.16432	1846	0	9
2025.08.26	19:00:00	1.16432	1.16482	1.16393	1.16399	1537	0	9
2025.08.26	20:00:00	1.16398	1.16429	1.16332	1.16376	1163	0	9
2025.08.26	21:00:00	1.16377	1.16443	1.16339	1.16443	808	0	22
2025.08.26	22:00:00	1.16440	1.16473	1.16405	1.16427	627	0	9
2025.08.26	23:00:00	1.16427	1.16437	1.16365	1.16369	683	0	9
2025.08.27	00:00:00	1.16369	1.16415	1.16332	1.16362	1367	0	9
2025.08.27	01:00:00	1.16362	1.16405	1.16305	1.16336	1788	0	9
2025.08.27	02:00:00	1.16335	1.16339	1.16244	1.16308	1257	0	9
2025.08.27	03:00:00	1.16309	1.16325	1.16212	1.16246	1015	0	9
2025.08.27	04:00:00	1.16246	1.16251	1.16117	1.16138	1128	0	9
2025.08.27	05:00:00	1.16138	1.16199	1.16131	1.16199	1078	0	9
2025.08.27	06:00:00	1.16197	1.16234	1.16142	1.16206	2042	0	9
2025.08.27	07:00:00	1.16208	1.16217	1.15956	1.16033	2920	0	9
2025.08.27	08:00:00	1.16032	1.16034	1.15768	1.15886	3446	0	9
2025.08.27	09:00:00	1.15884	1.15946	1.15857	1.15896	2057	0	9
2025.08.27	10:00:00	1.15896	1.15923	1.15783	1.15791	1911	0	9
2025.08.27	11:00:00	1.15790	1.15895	1.15738	1.15858	2267	0	9
2025.08.27	12:00:00	1.15858	1.15977	1.15840	1.15862	3258	0	9
2025.08.27	13:00:00	1.15861	1.16033	1.15836	1.15974	3631	0	9
2025.08.27	14:00:00	1.15973	1.16024	1.15818	1.15918	3913	0	9
2025.08.27	15:00:00	1.15918	1.16117	1.15918	1.16102	3334	0	9
2025.08.27	16:00:00	1.16102	1.16403	1.16102	1.16378	2606	0	9
2025.08.27	17:00:00	1.16377	1.16425	1.16319	1.16372	2140	0	9
2025.08.27	18:00:00	1.16372	1.16379	1.16275	1.16303	1734	0	9
2025.08.27	19:00:00	1.16300	1.16346	1.16285	1.16332	1326	0	9
2025.08.27	20:00:00	1.16332	1.16380	1.16310	1.16354	955	0	9
2025.08.27	21:00:00	1.16355	1.16372	1.16339	1.16365	533	0	22
2025.08.27	22:00:00	1.16365	1.16435	1.16347	1.16430	747	0	9
2025.08.27	23:00:00	1.16430	1.16474	1.16420	1.16470	759	0	9
2025.08.28	00:00:00	1.16470	1.16492	1.16421	1.16451	1200	0	9
2025.08.28	01:00:00	1.16451	1.16501	1.16408	1.16448	1441	0	9
2025.08.28	02:00:00	1.16448	1.16544	1.16441	1.16522	1368	0	9
2025.08.28	03:00:00	1.16522	1.16541	1.16419	1.16426	1061	0	9
2025.08.28	04:00:00	1.16427	1.16438	1.16385	1.16392	975	0	9
2025.08.28	05:00:00	1.16392	1.16404	1.16356	1.16369	1152	0	9
2025.08.28	06:00:00	1.16370	1.16446	1.16334	1.16423	2376	0	9
2025.08.28	07:00:00	1.16422	1.16493	1.16332	1.16434	2902	0	9
2025.08.28	08:00:00	1.16432	1.16451	1.16284	1.16422	2786	0	9
2025.08.28	09:00:00	1.16420	1.16543	1.16420	1.16484	2108	0	9
2025.08.28	10:00:00	1.16483	1.16745	1.16477	1.16712	2312	0	9
2025.08.28	11:00:00	1.16709	1.16734	1.16591	1.16660	2293	0	9
2025.08.28	12:00:00	1.16662	1.16866	1.16620	1.16693	4944	0	9
2025.08.28	13:00:00	1.16690	1.16768	1.16581	1.16718	4470	0	9
2025.08.28	14:00:00	1.16721	1.16856	1.16656	1.16699	3977	0	9
2025.08.28	15:00:00	1.16696	1.16750	1.16607	1.16718	3081	0	9
2025.08.28	16:00:00	1.16715	1.16898	1.16712	1.16888	1876	0	9
2025.08.28	17:00:00	1.16888	1.16970	1.16864	1.16873	1829	0	9
2025.08.28	18:00:00	1.16874	1.16900	1.16844	1.16887	1247	0	9
2025.08.28	19:00:00	1.16888	1.16899	1.16819	1.16823	1119	0	9
2025.08.28	20:00:00	1.16823	1.16831	1.16776	1.16813	758	0	9
2025.08.28	21:00:00	1.16811	1.16818	1.16724	1.16786	605	0	22
2025.08.28	22:00:00	1.16788	1.16806	1.16732	1.16736	908	0	9
2025.08.28	23:00:00	1.16736	1.16815	1.16733	1.16781	755	0	9
2025.08.29	00:00:00	1.16782	1.16819	1.16724	1.16745	1408	0	9
2025.08.29	01:00:00	1.16745	1.16761	1.16557	1.16585	2077	0	9
2025.08.29	02:00:00	1.16587	1.16648	1.16586	1.16613	1432	0	9
2025.08.29	03:00:00	1.16615	1.16647	1.16594	1.16621	939	0	9
2025.08.29	04:00:00	1.16621	1.16646	1.16580	1.16644	871	0	9
2025.08.29	05:00:00	1.16643	1.16699	1.16608	1.16696	1034	0	9
2025.08.29	06:00:00	1.16694	1.16700	1.16608	1.16671	2067	0	9
2025.08.29	07:00:00	1.16666	1.16766	1.16624	1.16755	2580	0	9
2025.08.29	08:00:00	1.16754	1.16898	1.16693	1.16757	2804	0	9
2025.08.29	09:00:00	1.16756	1.16822	1.16685	1.16724	2343	0	9
2025.08.29	10:00:00	1.16722	1.16742	1.16647	1.16672	1892	0	9
2025.08.29	11:00:00	1.16674	1.16679	1.16605	1.16626	1925	0	9
2025.08.29	12:00:00	1.16625	1.16639	1.16507	1.16582	3539	0	9
2025.08.29	13:00:00	1.16581	1.16728	1.16531	1.16685	3598	0	9
2025.08.29	14:00:00	1.16684	1.17049	1.16684	1.17039	4950	0	9
2025.08.29	15:00:00	1.17041	1.17085	1.16938	1.16939	3705	0	9
2025.08.29	16:00:00	1.16940	1.17068	1.16932	1.17011	2649	0	9
2025.08.29	17:00:00	1.17008	1.17026	1.16957	1.16962	1452	0	9
2025.08.29	18:00:00	1.16962	1.16992	1.16928	1.16982	1141	0	9
2025.08.29	19:00:00	1.16981	1.16993	1.16925	1.16976	1185	0	9
2025.08.29	20:00:00	1.16979	1.17002	1.16807	1.16851	1179	0	9
2025.08.31	21:00:00	1.16915	1.16931	1.16852	1.16879	308	0	37
2025.08.31	22:00:00	1.16885	1.16902	1.16853	1.16881	754	0	9
2025.08.31	23:00:00	1.16881	1.16900	1.16862	1.16897	669	0	9
2025.09.01	00:00:00	1.16895	1.16976	1.16892	1.16965	1112	0	9
2025.09.01	01:00:00	1.16965	1.16969	1.16876	1.16945	1549	0	9
2025.09.01	02:00:00	1.16945	1.17135	1.16943	1.17112	1756	0	9
2025.09.01	03:00:00	1.17112	1.17140	1.17041	1.17079	1263	0	9
2025.09.01	04:00:00	1.17077	1.17099	1.17042	1.17078	945	0	9
2025.09.01	05:00:00	1.17078	1.17152	1.17076	1.17138	1231	0	9
2025.09.01	06:00:00	1.17136	1.17329	1.17128	1.17249	2528	0	9
2025.09.01	07:00:00	1.17246	1.17276	1.17149	1.17247	2531	0	9
2025.09.01	08:00:00	1.17245	1.17359	1.17155	1.17348	2523	0	9
2025.09.01	09:00:00	1.17347	1.17357	1.17184	1.17193	2261	0	9
2025.09.01	10:00:00	1.17192	1.17261	1.17178	1.17192	1691	0	9
2025.09.01	11:00:00	1.17192	1.17288	1.17124	1.17139	2043	0	9
2025.09.01	12:00:00	1.17137	1.17175	1.17060	1.17075	2016	0	9
2025.09.01	13:00:00	1.17072	1.17159	1.17048	1.17077	2115	0	9
2025.09.01	14:00:00	1.17075	1.17139	1.17050	1.17108	2174	0	9
2025.09.01	15:00:00	1.17105	1.17113	1.16990	1.16994	1572	0	9
2025.09.01	16:00:00	1.16995	1.17043	1.16962	1.17043	1115	0	9
2025.09.01	17:00:00	1.17044	1.17047	1.17007	1.17041	503	0	9
2025.09.01	18:00:00	1.17042	1.17070	1.17035	1.17069	468	0	9
2025.09.01	19:00:00	1.17070	1.17135	1.17070	1.17125	581	0	9
2025.09.01	20:00:00	1.17122	1.17132	1.17080	1.17084	475	0	9
2025.09.01	21:00:00	1.17084	1.17102	1.17052	1.17083	507	0	22
2025.09.01	22:00:00	1.17085	1.17133	1.17081	1.17105	584	0	9
2025.09.01	23:00:00	1.17107	1.17177	1.17104	1.17143	699	0	9
2025.09.02	00:00:00	1.17145	1.17154	1.17026	1.17039	1659	0	9
2025.09.02	01:00:00	1.17039	1.17065	1.16991	1.17034	2213	0	9
2025.09.02	02:00:00	1.17035	1.17036	1.16920	1.16978	1745	0	9
2025.09.02	03:00:00	1.16978	1.16989	1.16925	1.16949	1266	0	9
2025.09.02	04:00:00	1.16949	1.16959	1.16892	1.16931	1024	0	9
2025.09.02	05:00:00	1.16931	1.16968	1.16867	1.16941	1413	0	9
2025.09.02	06:00:00	1.16941	1.17060	1.16941	1.17026	2162	0	9
2025.09.02	07:00:00	1.17027	1.17062	1.16427	1.16455	5747	0	9
2025.09.02	08:00:00	1.16456	1.16553	1.16333	1.16449	5404	0	9
2025.09.02	09:00:00	1.16447	1.16482	1.16234	1.16371	4027	0	9
2025.09.02	10:00:00	1.16371	1.16416	1.16265	1.16317	3452	0	9
2025.09.02	11:00:00	1.16315	1.16492	1.16276	1.16462	3467	0	9
2025.09.02	12:00:00	1.16465	1.16526	1.16125	1.16166	4986	0	9
2025.09.02	13:00:00	1.16169	1.16511	1.16147	1.16495	4754	0	9
2025.09.02	14:00:00	1.16497	1.16822	1.16497	1.16620	6306	0	9
2025.09.02	15:00:00	1.16623	1.16683	1.16490	1.16523	3843	0	9
2025.09.02	16:00:00	1.16523	1.16546	1.16423	1.16437	2369	0	9
2025.09.02	17:00:00	1.16439	1.16480	1.16408	1.16418	1647	0	9
2025.09.02	18:00:00	1.16416	1.16432	1.16291	1.16334	1909	0	9
2025.09.02	19:00:00	1.16334	1.16408	1.16314	1.16408	1378	0	9
2025.09.02	20:00:00	1.16408	1.16429	1.16381	1.16395	875	0	9
2025.09.02	21:00:00	1.16387	1.16408	1.16371	1.16406	515	0	22
2025.09.02	22:00:00	1.16409	1.16438	1.16361	1.16366	589	0	9
2025.09.02	23:00:00	1.16368	1.16378	1.16322	1.16325	663	0	9
2025.09.03	00:00:00	1.16325	1.16360	1.16284	1.16328	1371	0	9
2025.09.03	01:00:00	1.16328	1.16351	1.16260	1.16301	1747	0	9
2025.09.03	02:00:00	1.16301	1.16351	1.16242	1.16270	1430	0	9
2025.09.03	03:00:00	1.16270	1.16300	1.16225	1.16230	1177	0	9
2025.09.03	04:00:00	1.16230	1.16315	1.16215	1.16314	1092	0	9
2025.09.03	05:00:00	1.16312	1.16342	1.16258	1.16298	1309	0	9
2025.09.03	06:00:00	1.16296	1.16427	1.16280	1.16331	2299	0	9
2025.09.03	07:00:00	1.16328	1.16357	1.16078	1.16354	3944	0	9
2025.09.03	08:00:00	1.16356	1.16571	1.16353	1.16560	3279	0	9
2025.09.03	09:00:00	1.16560	1.16647	1.16512	1.16560	2779	0	9
2025.09.03	10:00:00	1.16558	1.16576	1.16505	1.16520	686	0	9
2025.09.03	12:00:00	1.16517	1.16585	1.16441	1.16480	3075	0	9
2025.09.03	13:00:00	1.16482	1.16539	1.16379	1.16495	4030	0	9
2025.09.03	14:00:00	1.16492	1.16800	1.16486	1.16634	5763	0	9
2025.09.03	15:00:00	1.16634	1.16818	1.16626	1.16748	3540	0	9
2025.09.03	16:00:00	1.16748	1.16772	1.16662	1.16751	2064	0	9
2025.09.03	17:00:00	1.16749	1.16768	1.16583	1.16606	1921	0	9
2025.09.03	18:00:00	1.16607	1.16676	1.16577	1.16615	1875	0	9
2025.09.03	19:00:00	1.16615	1.16624	1.16554	1.16581	1307	0	9
2025.09.03	20:00:00	1.16578	1.16642	1.16552	1.16582	909	0	9
2025.09.03	21:00:00	1.16580	1.16601	1.16569	1.16590	745	0	22
2025.09.03	22:00:00	1.16590	1.16629	1.16585	1.16598	494	0	9
2025.09.03	23:00:00	1.16598	1.16621	1.16562	1.16605	663	0	9
2025.09.04	00:00:00	1.16607	1.16620	1.16544	1.16585	1707	0	9
2025.09.04	01:00:00	1.16587	1.16691	1.16519	1.16577	2008	0	9
2025.09.04	02:00:00	1.16576	1.16587	1.16506	1.16525	1482	0	9
2025.09.04	03:00:00	1.16526	1.16554	1.16497	1.16529	1128	0	9
2025.09.04	04:00:00	1.16529	1.16545	1.16501	1.16513	871	0	9
2025.09.04	05:00:00	1.16513	1.16552	1.16480	1.16548	1202	0	9
2025.09.04	06:00:00	1.16549	1.16609	1.16497	1.16515	2192	0	9
2025.09.04	07:00:00	1.16515	1.16580	1.16436	1.16504	2705	0	9
2025.09.04	08:00:00	1.16501	1.16591	1.16476	1.16571	2536	0	9
2025.09.04	09:00:00	1.16572	1.16592	1.16390	1.16429	2399	0	9
2025.09.04	10:00:00	1.16428	1.16594	1.16426	1.16525	2332	0	9
2025.09.04	11:00:00	1.16526	1.16527	1.16388	1.16423	2273	0	9
2025.09.04	12:00:00	1.16426	1.16583	1.16296	1.16453	5255	0	9
2025.09.04	13:00:00	1.16453	1.16552	1.16369	1.16498	4097	0	9
2025.09.04	14:00:00	1.16488	1.16513	1.16314	1.16344	5147	0	9
2025.09.04	15:00:00	1.16346	1.16493	1.16310	1.16472	2503	0	9
2025.09.04	16:00:00	1.16470	1.16480	1.16335	1.16391	1943	0	9
2025.09.04	17:00:00	1.16391	1.16399	1.16340	1.16369	1387	0	9
2025.09.04	18:00:00	1.16369	1.16472	1.16363	1.16435	1326	0	9
2025.09.04	19:00:00	1.16437	1.16516	1.16435	1.16503	1217	0	9
2025.09.04	20:00:00	1.16502	1.16519	1.16477	1.16482	612	0	9
2025.09.04	21:00:00	1.16484	1.16487	1.16446	1.16483	585	0	22
2025.09.04	22:00:00	1.16484	1.16528	1.16480	1.16485	495	0	9
2025.09.04	23:00:00	1.16484	1.16573	1.16481	1.16562	841	0	9
2025.09.05	00:00:00	1.16562	1.16603	1.16521	1.16591	1572	0	9
2025.09.05	01:00:00	1.16590	1.16715	1.16590	1.16701	1342	0	9
2025.09.05	02:00:00	1.16701	1.16740	1.16677	1.16681	1011	0	9
2025.09.05	03:00:00	1.16681	1.16729	1.16657	1.16708	900	0	9
2025.09.05	04:00:00	1.16708	1.16716	1.16647	1.16667	758	0	9
2025.09.05	05:00:00	1.16667	1.16772	1.16660	1.16766	978	0	9
2025.09.05	06:00:00	1.16765	1.16771	1.16648	1.16686	2234	0	9
2025.09.05	07:00:00	1.16689	1.16785	1.16661	1.16773	2241	0	9
2025.09.05	08:00:00	1.16770	1.16839	1.16747	1.16827	1758	0	9
2025.09.05	09:00:00	1.16827	1.16919	1.16808	1.16875	1849	0	9
2025.09.05	10:00:00	1.16873	1.16960	1.16863	1.16911	1629	0	9
2025.09.05	11:00:00	1.16912	1.16912	1.16773	1.16867	2412	0	9
2025.09.05	12:00:00	1.16868	1.17498	1.16854	1.17341	10248	0	9
2025.09.05	13:00:00	1.17342	1.17498	1.17136	1.17481	8454	0	9
2025.09.05	14:00:00	1.17484	1.17589	1.17227	1.17361	6621	0	9
2025.09.05	15:00:00	1.17359	1.17589	1.17343	1.17580	3941	0	9
2025.09.05	16:00:00	1.17578	1.17593	1.17362	1.17385	2816	0	9
2025.09.05	17:00:00	1.17387	1.17390	1.17244	1.17257	2510	0	9
2025.09.05	18:00:00	1.17256	1.17260	1.17141	1.17169	1769	0	9
2025.09.05	19:00:00	1.17168	1.17228	1.17127	1.17177	1452	0	9
2025.09.05	20:00:00	1.17179	1.17217	1.17143	1.17182	1128	0	9
2025.09.07	21:00:00	1.17114	1.17167	1.17114	1.17153	293	0	53
2025.09.07	22:00:00	1.17176	1.17189	1.17034	1.17058	1789	0	9
2025.09.07	23:00:00	1.17058	1.17154	1.17054	1.17119	1457	0	9
2025.09.08	00:00:00	1.17121	1.17129	1.17044	1.17126	1992	0	9
2025.09.08	01:00:00	1.17128	1.17169	1.17070	1.17126	2263	0	9
2025.09.08	02:00:00	1.17128	1.17160	1.17095	1.17146	1892	0	9
2025.09.08	03:00:00	1.17147	1.17155	1.17076	1.17092	1337	0	9
2025.09.08	04:00:00	1.17092	1.17137	1.17058	1.17126	1124	0	9
2025.09.08	05:00:00	1.17124	1.17206	1.17118	1.17149	1459	0	9
2025.09.08	06:00:00	1.17151	1.17275	1.17112	1.17265	3022	0	9
2025.09.08	07:00:00	1.17264	1.17335	1.17201	1.17322	3060	0	9
2025.09.08	08:00:00	1.17324	1.17423	1.17254	1.17311	2750	0	9
2025.09.08	09:00:00	1.17310	1.17311	1.17204	1.17234	2190	0	9
2025.09.08	10:00:00	1.17234	1.17285	1.17195	1.17255	2022	0	9
2025.09.08	11:00:00	1.17253	1.17316	1.17241	1.17287	2011	0	9
2025.09.08	12:00:00	1.17285	1.17413	1.17223	1.17372	3151	0	9
2025.09.08	13:00:00	1.17370	1.17560	1.17358	1.17506	3548	0	9
2025.09.08	14:00:00	1.17508	1.17541	1.17396	1.17451	3457	0	9
2025.09.08	15:00:00	1.17452	1.17520	1.17428	1.17499	2535	0	9
2025.09.08	16:00:00	1.17498	1.17516	1.17345	1.17402	1981	0	9
2025.09.08	17:00:00	1.17401	1.17467	1.17346	1.17394	1605	0	9
2025.09.08	18:00:00	1.17394	1.17623	1.17391	1.17607	1644	0	9
2025.09.08	19:00:00	1.17606	1.17653	1.17588	1.17622	1471	0	9
2025.09.08	20:00:00	1.17619	1.17634	1.17590	1.17607	963	0	9
2025.09.08	21:00:00	1.17607	1.17622	1.17557	1.17587	919	0	22
2025.09.08	22:00:00	1.17604	1.17650	1.17604	1.17616	732	0	9
2025.09.08	23:00:00	1.17616	1.17724	1.17616	1.17682	1022	0	9
2025.09.09	00:00:00	1.17682	1.17740	1.17652	1.17710	1421	0	9
2025.09.09	01:00:00	1.17709	1.17777	1.17653	1.17747	1535	0	9
2025.09.09	02:00:00	1.17748	1.17766	1.17676	1.17686	1303	0	9
2025.09.09	03:00:00	1.17686	1.17698	1.17631	1.17637	985	0	9
2025.09.09	04:00:00	1.17637	1.17753	1.17632	1.17723	917	0	9
2025.09.09	05:00:00	1.17722	1.17797	1.17710	1.17784	1376	0	9
2025.09.09	06:00:00	1.17787	1.17796	1.17558	1.17643	2644	0	9
2025.09.09	07:00:00	1.17644	1.17681	1.17473	1.17524	3067	0	9
2025.09.09	08:00:00	1.17523	1.17619	1.17439	1.17588	3932	0	9
2025.09.09	09:00:00	1.17589	1.17718	1.17589	1.17672	2569	0	9
2025.09.09	10:00:00	1.17672	1.17710	1.17520	1.17538	2309	0	9
2025.09.09	11:00:00	1.17538	1.17543	1.17410	1.17416	2007	0	9
2025.09.09	12:00:00	1.17419	1.17447	1.17271	1.17367	3079	0	9
2025.09.09	13:00:00	1.17368	1.17485	1.17334	1.17416	3523	0	9
2025.09.09	14:00:00	1.17418	1.17622	1.17219	1.17305	8466	0	9
2025.09.09	15:00:00	1.17306	1.17313	1.17152	1.17217	3503	0	9
2025.09.09	16:00:00	1.17219	1.17296	1.17183	1.17185	2310	0	9
2025.09.09	17:00:00	1.17186	1.17233	1.17081	1.17090	2360	0	9
2025.09.09	18:00:00	1.17093	1.17141	1.17038	1.17061	1988	0	9
2025.09.09	19:00:00	1.17061	1.17087	1.17034	1.17063	1249	0	9
2025.09.09	20:00:00	1.17063	1.17112	1.17040	1.17063	938	0	9
2025.09.09	21:00:00	1.17065	1.17101	1.17043	1.17084	855	0	22
2025.09.09	22:00:00	1.17102	1.17134	1.17073	1.17117	594	0	9
2025.09.09	23:00:00	1.17117	1.17119	1.16968	1.17021	1225	0	9
2025.09.10	00:00:00	1.17020	1.17021	1.16956	1.16967	1489	0	9
2025.09.10	01:00:00	1.16969	1.17021	1.16891	1.16991	2172	0	9
2025.09.10	02:00:00	1.16993	1.17078	1.16991	1.17068	1670	0	9
2025.09.10	03:00:00	1.17070	1.17098	1.17061	1.17075	1001	0	9
2025.09.10	04:00:00	1.17075	1.17152	1.17068	1.17144	1027	0	9
2025.09.10	05:00:00	1.17143	1.17156	1.17046	1.17083	1371	0	9
2025.09.10	06:00:00	1.17082	1.17181	1.16915	1.16976	2805	0	9
2025.09.10	07:00:00	1.16977	1.17075	1.16820	1.17023	3771	0	9
2025.09.10	08:00:00	1.17025	1.17034	1.16907	1.16992	2752	0	9
2025.09.10	09:00:00	1.16992	1.17165	1.16980	1.17129	2407	0	9
2025.09.10	10:00:00	1.17129	1.17143	1.16960	1.17001	2037	0	9
2025.09.10	11:00:00	1.16999	1.17063	1.16951	1.17043	2188	0	9
2025.09.10	12:00:00	1.17045	1.17265	1.16908	1.17000	6401	0	9
2025.09.10	13:00:00	1.17001	1.17241	1.16953	1.17198	5034	0	9
2025.09.10	14:00:00	1.17196	1.17302	1.17147	1.17272	4113	0	9
2025.09.10	15:00:00	1.17269	1.17297	1.17128	1.17142	2452	0	9
2025.09.10	16:00:00	1.17145	1.17159	1.17023	1.17053	1889	0	9
2025.09.10	17:00:00	1.17054	1.17111	1.17012	1.17055	1689	0	9
2025.09.10	18:00:00	1.17056	1.17118	1.17024	1.17043	1459	0	9
2025.09.10	19:00:00	1.17042	1.17042	1.16930	1.16999	1371	0	9
2025.09.10	20:00:00	1.16997	1.17011	1.16913	1.16915	867	0	9
2025.09.10	21:00:00	1.16915	1.16986	1.16902	1.16986	846	0	22
2025.09.10	22:00:00	1.16988	1.17031	1.16978	1.17027	529	0	9
2025.09.10	23:00:00	1.17027	1.17065	1.17006	1.17023	597	0	9
2025.09.11	00:00:00	1.17022	1.17022	1.16933	1.16937	1176	0	9
2025.09.11	01:00:00	1.16938	1.17022	1.16926	1.16969	1244	0	9
2025.09.11	02:00:00	1.16971	1.16986	1.16931	1.16962	964	0	9
2025.09.11	03:00:00	1.16961	1.16998	1.16941	1.16955	928	0	9
2025.09.11	04:00:00	1.16955	1.16991	1.16934	1.16991	798	0	9
2025.09.11	05:00:00	1.16991	1.16993	1.16886	1.16897	1220	0	9
2025.09.11	06:00:00	1.16896	1.16962	1.16834	1.16903	2849	0	9
2025.09.11	07:00:00	1.16906	1.16960	1.16862	1.16924	3222	0	9
2025.09.11	08:00:00	1.16925	1.16949	1.16881	1.16917	2306	0	9
2025.09.11	09:00:00	1.16915	1.16928	1.16770	1.16855	2358	0	9
2025.09.11	10:00:00	1.16855	1.16880	1.16794	1.16825	2210	0	9
2025.09.11	11:00:00	1.16826	1.16907	1.16775	1.16836	2553	0	9
2025.09.11	12:00:00	1.16837	1.17204	1.16603	1.17145	10119	0	9
2025.09.11	13:00:00	1.17146	1.17406	1.17137	1.17388	9320	0	9
2025.09.11	14:00:00	1.17385	1.17439	1.17251	1.17277	5031	0	9
2025.09.11	15:00:00	1.17274	1.17457	1.17258	1.17311	3348	0	9
2025.09.11	16:00:00	1.17314	1.17393	1.17304	1.17360	2297	0	9
2025.09.11	17:00:00	1.17360	1.17386	1.17273	1.17311	2106	0	9
2025.09.11	18:00:00	1.17312	1.17379	1.17301	1.17350	1461	0	9
2025.09.11	19:00:00	1.17351	1.17386	1.17332	1.17362	1355	0	9
2025.09.11	20:00:00	1.17362	1.17394	1.17316	1.17317	1205	0	9
2025.09.11	21:00:00	1.17315	1.17348	1.17300	1.17343	728	0	22
2025.09.11	22:00:00	1.17341	1.17402	1.17341	1.17386	690	0	9
2025.09.11	23:00:00	1.17386	1.17397	1.17326	1.17329	735	0	9
2025.09.12	00:00:00	1.17327	1.17340	1.17269	1.17325	1690	0	9
2025.09.12	01:00:00	1.17325	1.17341	1.17248	1.17255	1389	0	9
2025.09.12	02:00:00	1.17254	1.17289	1.17233	1.17265	1073	0	9
2025.09.12	03:00:00	1.17264	1.17269	1.17222	1.17249	954	0	9
2025.09.12	04:00:00	1.17247	1.17268	1.17205	1.17252	979	0	9
2025.09.12	05:00:00	1.17251	1.17332	1.17237	1.17304	1045	0	9
2025.09.12	06:00:00	1.17303	1.17400	1.17217	1.17390	2473	0	9
2025.09.12	07:00:00	1.17390	1.17474	1.17366	1.17401	2674	0	9
2025.09.12	08:00:00	1.17401	1.17406	1.17154	1.17170	2903	0	9
2025.09.12	09:00:00	1.17169	1.17249	1.17120	1.17217	2342	0	9
2025.09.12	10:00:00	1.17220	1.17345	1.17214	1.17337	1966	0	9
2025.09.12	11:00:00	1.17336	1.17351	1.17203	1.17209	2117	0	9
2025.09.12	12:00:00	1.17209	1.17225	1.17007	1.17120	3497	0	9
2025.09.12	13:00:00	1.17119	1.17162	1.17032	1.17128	3349	0	9
2025.09.12	14:00:00	1.17125	1.17278	1.17119	1.17244	3981	0	9
2025.09.12	15:00:00	1.17245	1.17272	1.17129	1.17137	2666	0	9
2025.09.12	16:00:00	1.17137	1.17312	1.17096	1.17263	1847	0	9
2025.09.12	17:00:00	1.17266	1.17375	1.17264	1.17317	1615	0	9
2025.09.12	18:00:00	1.17317	1.17414	1.17316	1.17408	1380	0	9
2025.09.12	19:00:00	1.17408	1.17412	1.17336	1.17364	1280	0	9
2025.09.12	20:00:00	1.17361	1.17364	1.17284	1.17341	1223	0	9
2025.09.14	21:00:00	1.17314	1.17339	1.17276	1.17294	420	0	48
2025.09.14	22:00:00	1.17313	1.17345	1.17276	1.17281	809	0	8
2025.09.14	23:00:00	1.17282	1.17313	1.17248	1.17254	800	0	8
2025.09.15	00:00:00	1.17252	1.17275	1.17215	1.17264	1072	0	8
2025.09.15	01:00:00	1.17264	1.17293	1.17224	1.17273	1420	0	8
2025.09.15	02:00:00	1.17273	1.17292	1.17243	1.17273	904	0	8
2025.09.15	03:00:00	1.17275	1.17339	1.17268	1.17307	799	0	8
2025.09.15	04:00:00	1.17307	1.17349	1.17304	1.17338	743	0	8
2025.09.15	05:00:00	1.17338	1.17340	1.17274	1.17280	846	0	8
2025.09.15	06:00:00	1.17280	1.17298	1.17158	1.17246	2144	0	8
2025.09.15	07:00:00	1.17246	1.17439	1.17238	1.17334	2871	0	8
2025.09.15	08:00:00	1.17333	1.17434	1.17297	1.17368	2795	0	8
2025.09.15	09:00:00	1.17367	1.17513	1.17359	1.17457	2225	0	8
2025.09.15	10:00:00	1.17458	1.17624	1.17458	1.17526	2359	0	8
2025.09.15	11:00:00	1.17526	1.17628	1.17526	1.17605	2087	0	8
2025.09.15	12:00:00	1.17607	1.17706	1.17607	1.17690	2978	0	8
2025.09.15	13:00:00	1.17690	1.17728	1.17573	1.17585	3086	0	8
2025.09.15	14:00:00	1.17584	1.17600	1.17506	1.17575	3334	0	8
2025.09.15	15:00:00	1.17572	1.17719	1.17560	1.17709	2212	0	8
2025.09.15	16:00:00	1.17709	1.17743	1.17556	1.17580	2180	0	8
2025.09.15	17:00:00	1.17579	1.17725	1.17576	1.17704	1516	0	8
2025.09.15	18:00:00	1.17703	1.17720	1.17657	1.17691	1606	0	8
2025.09.15	19:00:00	1.17692	1.17716	1.17639	1.17655	1281	0	8
2025.09.15	20:00:00	1.17652	1.17685	1.17581	1.17582	874	0	8
2025.09.15	21:00:00	1.17580	1.17645	1.17554	1.17644	540	0	20
2025.09.15	22:00:00	1.17646	1.17696	1.17612	1.17625	672	0	8
2025.09.15	23:00:00	1.17627	1.17657	1.17624	1.17625	572	0	8
2025.09.16	00:00:00	1.17625	1.17660	1.17571	1.17615	1461	0	8
2025.09.16	01:00:00	1.17614	1.17689	1.17576	1.17670	1652	0	8
2025.09.16	02:00:00	1.17671	1.17770	1.17670	1.17760	1629	0	8
2025.09.16	03:00:00	1.17760	1.17865	1.17738	1.17799	1673	0	8
2025.09.16	04:00:00	1.17799	1.17801	1.17736	1.17765	1304	0	8
2025.09.16	05:00:00	1.17765	1.17799	1.17733	1.17777	1524	0	8
2025.09.16	06:00:00	1.17779	1.17909	1.17773	1.17870	3009	0	8
2025.09.16	07:00:00	1.17868	1.18014	1.17860	1.17938	3299	0	8
2025.09.16	08:00:00	1.17937	1.18034	1.17899	1.17944	2856	0	8
2025.09.16	09:00:00	1.17944	1.18176	1.17944	1.18137	3255	0	8
2025.09.16	10:00:00	1.18138	1.18151	1.18037	1.18078	2682	0	8
2025.09.16	11:00:00	1.18079	1.18211	1.18010	1.18137	3038	0	8
2025.09.16	12:00:00	1.18138	1.18151	1.17901	1.18044	5056	0	8
2025.09.16	13:00:00	1.18041	1.18268	1.18037	1.18237	4555	0	8
2025.09.16	14:00:00	1.18238	1.18527	1.18206	1.18512	6089	0	8
2025.09.16	15:00:00	1.18510	1.18527	1.18347	1.18467	3667	0	8
2025.09.16	16:00:00	1.18466	1.18715	1.18459	1.18641	2844	0	8
2025.09.16	17:00:00	1.18640	1.18783	1.18631	1.18656	2824	0	8
2025.09.16	18:00:00	1.18656	1.18706	1.18610	1.18663	1960	0	8
2025.09.16	19:00:00	1.18661	1.18685	1.18578	1.18599	1705	0	8
2025.09.16	20:00:00	1.18597	1.18677	1.18580	1.18645	1354	0	8
2025.09.16	21:00:00	1.18644	1.18657	1.18525	1.18617	783	0	20
2025.09.16	22:00:00	1.18630	1.18679	1.18618	1.18655	656	0	8
2025.09.16	23:00:00	1.18657	1.18727	1.18655	1.18706	714	0	8
2025.09.17	00:00:00	1.18706	1.18728	1.18576	1.18581	1849	0	8
2025.09.17	01:00:00	1.18578	1.18592	1.18518	1.18557	1720	0	8
2025.09.17	02:00:00	1.18556	1.18576	1.18509	1.18552	1344	0	8
2025.09.17	03:00:00	1.18551	1.18574	1.18509	1.18516	920	0	8
2025.09.17	04:00:00	1.18516	1.18551	1.18510	1.18536	771	0	8
2025.09.17	05:00:00	1.18537	1.18594	1.18537	1.18578	1116	0	8
2025.09.17	06:00:00	1.18580	1.18597	1.18509	1.18556	2427	0	8
2025.09.17	07:00:00	1.18556	1.18559	1.18379	1.18401	2626	0	8
2025.09.17	08:00:00	1.18401	1.18508	1.18393	1.18478	2124	0	8
2025.09.17	09:00:00	1.18479	1.18496	1.18409	1.18453	1970	0	8
2025.09.17	10:00:00	1.18452	1.18467	1.18323	1.18359	2152	0	8
2025.09.17	11:00:00	1.18358	1.18458	1.18343	1.18390	2212	0	8
2025.09.17	12:00:00	1.18390	1.18448	1.18338	1.18431	2319	0	8
2025.09.17	13:00:00	1.18432	1.18524	1.18419	1.18497	2594	0	8
2025.09.17	14:00:00	1.18499	1.18589	1.18455	1.18493	3000	0	8
2025.09.17	15:00:00	1.18491	1.18523	1.18431	1.18442	2373	0	8
2025.09.17	16:00:00	1.18444	1.18559	1.18418	1.18528	2099	0	8
2025.09.17	17:00:00	1.18526	1.18549	1.18464	1.18521	2023	0	8
2025.09.17	18:00:00	1.18525	1.19183	1.18189	1.18342	23591	0	8
2025.09.17	19:00:00	1.18344	1.18567	1.18202	1.18243	11403	0	8
2025.09.17	20:00:00	1.18243	1.18274	1.18076	1.18112	2513	0	8
2025.09.17	21:00:00	1.18112	1.18147	1.18101	1.18147	524	0	20
2025.09.17	22:00:00	1.18149	1.18218	1.18121	1.18189	1233	0	8
2025.09.17	23:00:00	1.18189	1.18285	1.18174	1.18249	1354	0	8
2025.09.18	00:00:00	1.18249	1.18280	1.18146	1.18249	2650	0	8
2025.09.18	01:00:00	1.18247	1.18283	1.18072	1.18135	3021	0	8
2025.09.18	02:00:00	1.18137	1.18222	1.18121	1.18192	1582	0	8
2025.09.18	03:00:00	1.18192	1.18223	1.18113	1.18120	1212	0	8
2025.09.18	04:00:00	1.18120	1.18135	1.17934	1.17948	1505	0	8
2025.09.18	05:00:00	1.17948	1.18001	1.17851	1.17905	2116	0	8
2025.09.18	06:00:00	1.17907	1.17990	1.17801	1.17941	3523	0	8
2025.09.18	07:00:00	1.17939	1.18384	1.17933	1.18313	4461	0	8
2025.09.18	08:00:00	1.18311	1.18340	1.18205	1.18275	3670	0	8
2025.09.18	09:00:00	1.18276	1.18478	1.18267	1.18376	3130	0	8
2025.09.18	10:00:00	1.18376	1.18398	1.18305	1.18364	2380	0	8
2025.09.18	11:00:00	1.18365	1.18368	1.18193	1.18252	3580	0	8
2025.09.18	12:00:00	1.18250	1.18259	1.17950	1.17952	4972	0	8
2025.09.18	13:00:00	1.17954	1.17961	1.17498	1.17664	6928	0	8
2025.09.18	14:00:00	1.17662	1.17814	1.17624	1.17749	6382	0	8
2025.09.18	15:00:00	1.17750	1.17874	1.17692	1.17790	4335	0	8
2025.09.18	16:00:00	1.17789	1.17875	1.17717	1.17865	2754	0	8
2025.09.18	17:00:00	1.17864	1.17935	1.17853	1.17875	2075	0	8
2025.09.18	18:00:00	1.17873	1.17894	1.17816	1.17874	1758	0	8
2025.09.18	19:00:00	1.17874	1.17908	1.17823	1.17845	1435	0	8
2025.09.18	20:00:00	1.17847	1.17857	1.17810	1.17833	1125	0	8
2025.09.18	21:00:00	1.17836	1.17860	1.17809	1.17842	837	0	20
2025.09.18	22:00:00	1.17866	1.17894	1.17833	1.17867	1302	0	8
2025.09.18	23:00:00	1.17867	1.17903	1.17861	1.17885	638	0	8
2025.09.19	00:00:00	1.17886	1.17902	1.17750	1.17861	1843	0	8
2025.09.19	01:00:00	1.17859	1.17864	1.17740	1.17752	1842	0	8
2025.09.19	02:00:00	1.17752	1.17806	1.17717	1.17790	1449	0	8
2025.09.19	03:00:00	1.17792	1.17921	1.17791	1.17815	2657	0	8
2025.09.19	04:00:00	1.17817	1.17893	1.17700	1.17736	2488	0	8
2025.09.19	05:00:00	1.17736	1.17774	1.17702	1.17728	1618	0	8
2025.09.19	06:00:00	1.17729	1.17771	1.17629	1.17662	4191	0	8
2025.09.19	07:00:00	1.17664	1.17780	1.17571	1.17697	4028	0	8
2025.09.19	08:00:00	1.17697	1.17708	1.17506	1.17607	3289	0	8
2025.09.19	09:00:00	1.17605	1.17685	1.17560	1.17594	2674	0	8
2025.09.19	10:00:00	1.17594	1.17650	1.17580	1.17608	2094	0	8
2025.09.19	11:00:00	1.17611	1.17619	1.17347	1.17366	2914	0	8
2025.09.19	12:00:00	1.17366	1.17430	1.17285	1.17357	3709	0	8
2025.09.19	13:00:00	1.17359	1.17634	1.17350	1.17579	4441	0	8
2025.09.19	14:00:00	1.17576	1.17674	1.17555	1.17569	4311	0	8
2025.09.19	15:00:00	1.17568	1.17589	1.17370	1.17516	3507	0	8
2025.09.19	16:00:00	1.17514	1.17549	1.17407	1.17526	2045	0	8
2025.09.19	17:00:00	1.17524	1.17549	1.17481	1.17503	1648	0	8
2025.09.19	18:00:00	1.17503	1.17510	1.17465	1.17480	1315	0	8
2025.09.19	19:00:00	1.17481	1.17504	1.17448	1.17473	986	0	8
2025.09.19	20:00:00	1.17474	1.17475	1.17403	1.17449	1059	0	8
2025.09.21	21:00:00	1.17383	1.17452	1.17376	1.17446	363	0	48
2025.09.21	22:00:00	1.17472	1.17487	1.17387	1.17405	937	0	8
2025.09.21	23:00:00	1.17405	1.17414	1.17355	1.17362	940	0	8
2025.09.22	00:00:00	1.17360	1.17377	1.17257	1.17342	1747	0	8
2025.09.22	01:00:00	1.17345	1.17406	1.17312	1.17321	2237	0	8
2025.09.22	02:00:00	1.17321	1.17335	1.17267	1.17279	1591	0	8
2025.09.22	03:00:00	1.17277	1.17346	1.17274	1.17321	1229	0	8
2025.09.22	04:00:00	1.17321	1.17321	1.17261	1.17302	1003	0	8
2025.09.22	05:00:00	1.17302	1.17381	1.17295	1.17379	1127	0	8
2025.09.22	06:00:00	1.17380	1.17485	1.17354	1.17433	2595	0	8
2025.09.22	07:00:00	1.17434	1.17540	1.17385	1.17483	3187	0	8
2025.09.22	08:00:00	1.17481	1.17688	1.17465	1.17620	3034	0	8
2025.09.22	09:00:00	1.17619	1.17757	1.17613	1.17755	2360	0	8
2025.09.22	10:00:00	1.17755	1.17855	1.17733	1.17738	2248	0	8
2025.09.22	11:00:00	1.17736	1.17820	1.17690	1.17776	2128	0	8
2025.09.22	12:00:00	1.17777	1.17871	1.17725	1.17830	3395	0	8
2025.09.22	13:00:00	1.17832	1.17876	1.17684	1.17763	4396	0	8
2025.09.22	14:00:00	1.17766	1.17767	1.17624	1.17694	3230	0	8
2025.09.22	15:00:00	1.17691	1.17753	1.17639	1.17721	2558	0	8
2025.09.22	16:00:00	1.17722	1.17900	1.17710	1.17877	2402	0	8
2025.09.22	17:00:00	1.17877	1.17966	1.17851	1.17962	1523	0	8
2025.09.22	18:00:00	1.17961	1.17989	1.17918	1.17962	1439	0	8
2025.09.22	19:00:00	1.17963	1.18018	1.17949	1.17993	1071	0	8
2025.09.22	20:00:00	1.17994	1.18027	1.17973	1.18001	886	0	8
2025.09.22	21:00:00	1.18003	1.18003	1.17887	1.17974	801	0	20
2025.09.22	22:00:00	1.17988	1.18037	1.17979	1.18006	596	0	8
2025.09.22	23:00:00	1.18006	1.18024	1.17992	1.18002	507	0	8
2025.09.23	00:00:00	1.18002	1.18072	1.17963	1.18059	1259	0	8
2025.09.23	01:00:00	1.18059	1.18198	1.18038	1.18143	1806	0	8
2025.09.23	02:00:00	1.18144	1.18166	1.18013	1.18041	1546	0	8
2025.09.23	03:00:00	1.18041	1.18060	1.17964	1.18054	1299	0	8
2025.09.23	04:00:00	1.18054	1.18075	1.17970	1.17974	1083	0	8
2025.09.23	05:00:00	1.17974	1.18046	1.17946	1.17981	1435	0	8
2025.09.23	06:00:00	1.17980	1.18041	1.17896	1.17946	2619	0	8
2025.09.23	07:00:00	1.17948	1.17997	1.17791	1.17906	4409	0	8
2025.09.23	08:00:00	1.17905	1.18052	1.17835	1.18024	3460	0	8
2025.09.23	09:00:00	1.18027	1.18120	1.18001	1.18020	2425	0	8
2025.09.23	10:00:00	1.18021	1.18064	1.17903	1.17955	2442	0	8
2025.09.23	11:00:00	1.17956	1.17998	1.17910	1.17915	2074	0	8
2025.09.23	12:00:00	1.17915	1.17981	1.17841	1.17965	2810	0	8
2025.09.23	13:00:00	1.17965	1.18043	1.17837	1.17991	4471	0	8
2025.09.23	14:00:00	1.17993	1.18051	1.17921	1.17952	4659	0	8
2025.09.23	15:00:00	1.17951	1.17988	1.17878	1.17979	2672	0	8
2025.09.23	16:00:00	1.17980	1.18089	1.17913	1.18044	3137	0	8
2025.09.23	17:00:00	1.18042	1.18176	1.18024	1.18116	2827	0	8
2025.09.23	18:00:00	1.18114	1.18165	1.18079	1.18107	1946	0	8
2025.09.23	19:00:00	1.18108	1.18178	1.18067	1.18158	1839	0	8
2025.09.23	20:00:00	1.18160	1.18179	1.18114	1.18131	790	0	8
2025.09.23	21:00:00	1.18128	1.18139	1.18077	1.18132	663	0	20
2025.09.23	22:00:00	1.18131	1.18186	1.18127	1.18143	2165	0	8
2025.09.23	23:00:00	1.18144	1.18170	1.18122	1.18152	818	0	8
2025.09.24	00:00:00	1.18151	1.18162	1.18031	1.18036	1868	0	8
2025.09.24	01:00:00	1.18036	1.18050	1.17971	1.17998	2416	0	8
2025.09.24	02:00:00	1.17999	1.18036	1.17957	1.17965	1721	0	8
2025.09.24	03:00:00	1.17965	1.17998	1.17945	1.17971	1182	0	8
2025.09.24	04:00:00	1.17971	1.18042	1.17950	1.18028	1154	0	8
2025.09.24	05:00:00	1.18027	1.18048	1.17920	1.17979	1486	0	8
2025.09.24	06:00:00	1.17976	1.18025	1.17856	1.17871	2795	0	8
2025.09.24	07:00:00	1.17871	1.17946	1.17838	1.17885	3103	0	8
2025.09.24	08:00:00	1.17883	1.17883	1.17660	1.17717	3132	0	8
2025.09.24	09:00:00	1.17716	1.17746	1.17620	1.17674	2313	0	8
2025.09.24	10:00:00	1.17674	1.17697	1.17505	1.17516	2293	0	8
2025.09.24	11:00:00	1.17516	1.17551	1.17459	1.17488	2569	0	8
2025.09.24	12:00:00	1.17487	1.17577	1.17392	1.17425	3563	0	8
2025.09.24	13:00:00	1.17424	1.17432	1.17299	1.17381	4112	0	8
2025.09.24	14:00:00	1.17384	1.17462	1.17278	1.17425	4445	0	8
2025.09.24	15:00:00	1.17426	1.17455	1.17364	1.17414	3285	0	8
2025.09.24	16:00:00	1.17414	1.17434	1.17297	1.17324	2382	0	8
2025.09.24	17:00:00	1.17324	1.17403	1.17316	1.17373	1664	0	8
2025.09.24	18:00:00	1.17373	1.17384	1.17321	1.17361	1867	0	8
2025.09.24	19:00:00	1.17363	1.17387	1.17317	1.17376	1472	0	8
2025.09.24	20:00:00	1.17374	1.17391	1.17346	1.17366	1001	0	8
2025.09.24	21:00:00	1.17364	1.17390	1.17349	1.17387	632	0	20
2025.09.24	22:00:00	1.17387	1.17448	1.17387	1.17441	601	0	8
2025.09.24	23:00:00	1.17442	1.17459	1.17415	1.17418	707	0	8
2025.09.25	00:00:00	1.17416	1.17478	1.17401	1.17472	1591	0	8
2025.09.25	01:00:00	1.17472	1.17490	1.17404	1.17440	1656	0	8
2025.09.25	02:00:00	1.17440	1.17514	1.17428	1.17494	1331	0	8
2025.09.25	03:00:00	1.17493	1.17533	1.17472	1.17522	962	0	8
2025.09.25	04:00:00	1.17521	1.17531	1.17482	1.17516	912	0	8
2025.09.25	05:00:00	1.17516	1.17519	1.17401	1.17416	1195	0	8
2025.09.25	06:00:00	1.17418	1.17520	1.17378	1.17455	2615	0	8
2025.09.25	07:00:00	1.17457	1.17478	1.17309	1.17331	3356	0	8
2025.09.25	08:00:00	1.17332	1.17440	1.17301	1.17424	2895	0	8
2025.09.25	09:00:00	1.17425	1.17515	1.17386	1.17444	2398	0	8
2025.09.25	10:00:00	1.17447	1.17537	1.17440	1.17461	1987	0	8
2025.09.25	11:00:00	1.17464	1.17467	1.17343	1.17398	2704	0	8
2025.09.25	12:00:00	1.17398	1.17451	1.16871	1.16976	6491	0	8
2025.09.25	13:00:00	1.16977	1.17097	1.16826	1.16855	5967	0	8
2025.09.25	14:00:00	1.16854	1.16942	1.16733	1.16759	5466	0	8
2025.09.25	15:00:00	1.16759	1.16804	1.16665	1.16720	3615	0	8
2025.09.25	16:00:00	1.16722	1.16829	1.16683	1.16706	2848	0	8
2025.09.25	17:00:00	1.16704	1.16719	1.16517	1.16569	2884	0	8
2025.09.25	18:00:00	1.16571	1.16596	1.16452	1.16521	2591	0	8
2025.09.25	19:00:00	1.16520	1.16625	1.16512	1.16604	1753	0	8
2025.09.25	20:00:00	1.16602	1.16687	1.16588	1.16629	1115	0	8
2025.09.25	21:00:00	1.16628	1.16632	1.16539	1.16598	1237	0	20
2025.09.25	22:00:00	1.16597	1.16684	1.16589	1.16680	647	0	8
2025.09.25	23:00:00	1.16680	1.16680	1.16596	1.16616	1048	0	8
2025.09.26	00:00:00	1.16616	1.16709	1.16576	1.16709	1690	0	8
2025.09.26	01:00:00	1.16708	1.16733	1.16652	1.16676	1640	0	8
2025.09.26	02:00:00	1.16677	1.16791	1.16673	1.16767	1220	0	8
2025.09.26	03:00:00	1.16767	1.16785	1.16744	1.16779	916	0	8
2025.09.26	04:00:00	1.16777	1.16815	1.16739	1.16794	1164	0	8
2025.09.26	05:00:00	1.16795	1.16817	1.16757	1.16766	1244	0	8
2025.09.26	06:00:00	1.16768	1.16837	1.16713	1.16792	2734	0	8
2025.09.26	07:00:00	1.16790	1.16829	1.16680	1.16726	3093	0	8
2025.09.26	08:00:00	1.16728	1.16874	1.16702	1.16802	2616	0	8
2025.09.26	09:00:00	1.16800	1.16842	1.16755	1.16783	2251	0	8
2025.09.26	10:00:00	1.16781	1.16809	1.16614	1.16628	2099	0	8
2025.09.26	11:00:00	1.16629	1.16755	1.16622	1.16673	2220	0	8
2025.09.26	12:00:00	1.16673	1.16859	1.16663	1.16826	4726	0	8
2025.09.26	13:00:00	1.16828	1.16942	1.16776	1.16832	4854	0	8
2025.09.26	14:00:00	1.16837	1.17043	1.16835	1.16910	5256	0	8
2025.09.26	15:00:00	1.16908	1.16994	1.16867	1.16907	3458	0	8
2025.09.26	16:00:00	1.16908	1.16964	1.16863	1.16923	2247	0	8
2025.09.26	17:00:00	1.16925	1.17015	1.16904	1.16992	1812	0	8
2025.09.26	18:00:00	1.16992	1.17054	1.16956	1.17034	1600	0	8
2025.09.26	19:00:00	1.17034	1.17053	1.16980	1.17053	1247	0	8
2025.09.26	20:00:00	1.17051	1.17071	1.16986	1.16998	1218	0	8
2025.09.28	21:00:00	1.17012	1.17024	1.16986	1.17016	499	0	48
2025.09.28	22:00:00	1.17029	1.17059	1.17019	1.17040	744	0	8
2025.09.28	23:00:00	1.17040	1.17094	1.17036	1.17045	720	0	8
2025.09.29	00:00:00	1.17045	1.17227	1.17041	1.17211	1692	0	8
2025.09.29	01:00:00	1.17211	1.17249	1.17141	1.17228	1877	0	8
2025.09.29	02:00:00	1.17228	1.17279	1.17220	1.17256	1486	0	8
2025.09.29	03:00:00	1.17256	1.17289	1.17244	1.17246	1018	0	8
2025.09.29	04:00:00	1.17248	1.17326	1.17225	1.17268	1056	0	8
2025.09.29	05:00:00	1.17268	1.17328	1.17235	1.17279	1897	0	8
2025.09.29	06:00:00	1.17280	1.17286	1.17175	1.17194	2593	0	8
2025.09.29	07:00:00	1.17192	1.17329	1.17172	1.17265	2796	0	8
2025.09.29	08:00:00	1.17267	1.17285	1.17075	1.17231	2710	0	8
2025.09.29	09:00:00	1.17232	1.17259	1.17163	1.17171	2131	0	8
2025.09.29	10:00:00	1.17172	1.17214	1.17152	1.17194	1765	0	8
2025.09.29	11:00:00	1.17193	1.17306	1.17090	1.17287	2577	0	8
2025.09.29	12:00:00	1.17287	1.17507	1.17180	1.17492	4860	0	8
2025.09.29	13:00:00	1.17495	1.17542	1.17367	1.17405	4452	0	8
2025.09.29	14:00:00	1.17403	1.17443	1.17291	1.17299	3884	0	8
2025.09.29	15:00:00	1.17301	1.17339	1.17223	1.17286	3293	0	8
2025.09.29	16:00:00	1.17288	1.17327	1.17248	1.17289	1777	0	8
2025.09.29	17:00:00	1.17289	1.17314	1.17210	1.17213	1480	0	8
2025.09.29	18:00:00	1.17213	1.17324	1.17197	1.17308	1328	0	8
2025.09.29	19:00:00	1.17309	1.17314	1.17255	1.17273	1133	0	8
2025.09.29	20:00:00	1.17271	1.17275	1.17231	1.17255	807	0	8
2025.09.29	21:00:00	1.17255	1.17265	1.17237	1.17251	605	0	20
2025.09.29	22:00:00	1.17252	1.17277	1.17238	1.17275	538	0	8
2025.09.29	23:00:00	1.17274	1.17320	1.17270	1.17303	643	0	8
2025.09.30	00:00:00	1.17301	1.17312	1.17122	1.17202	2251	0	8
2025.09.30	01:00:00	1.17205	1.17254	1.17133	1.17139	2234	0	8
2025.09.30	02:00:00	1.17138	1.17237	1.17119	1.17221	1319	0	8
2025.09.30	03:00:00	1.17220	1.17261	1.17198	1.17234	1293	0	8
2025.09.30	04:00:00	1.17235	1.17285	1.17180	1.17281	1471	0	8
2025.09.30	05:00:00	1.17283	1.17369	1.17278	1.17329	1682	0	8
2025.09.30	06:00:00	1.17331	1.17435	1.17306	1.17371	2699	0	8
2025.09.30	07:00:00	1.17370	1.17480	1.17359	1.17414	3067	0	8
2025.09.30	08:00:00	1.17416	1.17613	1.17416	1.17552	3045	0	8
2025.09.30	09:00:00	1.17552	1.17579	1.17446	1.17478	2227	0	8
2025.09.30	10:00:00	1.17479	1.17513	1.17400	1.17452	2081	0	8
2025.09.30	11:00:00	1.17453	1.17485	1.17363	1.17422	2124	0	8
2025.09.30	12:00:00	1.17421	1.17471	1.17326	1.17369	2877	0	8
2025.09.30	13:00:00	1.17370	1.17390	1.17162	1.17305	4079	0	8
2025.09.30	14:00:00	1.17307	1.17521	1.17239	1.17494	5664	0	8
2025.09.30	15:00:00	1.17494	1.17501	1.17251	1.17338	4157	0	8
2025.09.30	16:00:00	1.17339	1.17587	1.17334	1.17560	2630	0	8
2025.09.30	17:00:00	1.17561	1.17612	1.17465	1.17489	2099	0	8
2025.09.30	18:00:00	1.17489	1.17491	1.17354	1.17405	1995	0	8
2025.09.30	19:00:00	1.17406	1.17409	1.17358	1.17392	1605	0	8
2025.09.30	20:00:00	1.17394	1.17399	1.17306	1.17309	945	0	8
2025.09.30	21:00:00	1.17309	1.17356	1.17291	1.17334	892	0	20
2025.09.30	22:00:00	1.17349	1.17418	1.17325	1.17341	1282	0	8
2025.09.30	23:00:00	1.17342	1.17423	1.17333	1.17347	932	0	8
2025.10.01	00:00:00	1.17344	1.17380	1.17293	1.17357	1722	0	8
2025.10.01	01:00:00	1.17357	1.17402	1.17300	1.17386	1250	0	8
2025.10.01	02:00:00	1.17388	1.17392	1.17319	1.17373	1222	0	8
2025.10.01	03:00:00	1.17374	1.17388	1.17336	1.17373	1046	0	8
2025.10.01	04:00:00	1.17375	1.17584	1.17375	1.17577	1384	0	8
2025.10.01	05:00:00	1.17579	1.17666	1.17520	1.17523	2190	0	8
2025.10.01	06:00:00	1.17520	1.17745	1.17503	1.17676	3705	0	8
2025.10.01	07:00:00	1.17675	1.17782	1.17417	1.17497	5715	0	8
2025.10.01	08:00:00	1.17497	1.17653	1.17486	1.17491	4230	0	8
2025.10.01	09:00:00	1.17489	1.17539	1.17305	1.17326	3176	0	8
2025.10.01	10:00:00	1.17324	1.17333	1.17156	1.17249	3431	0	8
2025.10.01	11:00:00	1.17251	1.17399	1.17249	1.17339	2620	0	8
2025.10.01	12:00:00	1.17339	1.17683	1.17221	1.17489	9847	0	8
2025.10.01	13:00:00	1.17490	1.17611	1.17455	1.17544	5743	0	8
2025.10.01	14:00:00	1.17546	1.17633	1.17306	1.17463	9128	0	8
2025.10.01	15:00:00	1.17460	1.17490	1.17209	1.17227	5691	0	8
2025.10.01	16:00:00	1.17224	1.17263	1.17149	1.17226	3170	0	8
2025.10.01	17:00:00	1.17228	1.17321	1.17225	1.17235	2012	0	8
2025.10.01	18:00:00	1.17237	1.17415	1.17211	1.17342	2164	0	8
2025.10.01	19:00:00	1.17345	1.17368	1.17294	1.17303	1551	0	8
2025.10.01	20:00:00	1.17304	1.17308	1.17258	1.17277	962	0	8
2025.10.01	21:00:00	1.17278	1.17318	1.17261	1.17317	863	0	20
2025.10.01	22:00:00	1.17317	1.17370	1.17308	1.17333	790	0	8
2025.10.01	23:00:00	1.17334	1.17366	1.17324	1.17324	569	0	8
2025.10.02	00:00:00	1.17323	1.17348	1.17242	1.17296	1750	0	8
2025.10.02	01:00:00	1.17295	1.17389	1.17235	1.17384	1700	0	8
2025.10.02	02:00:00	1.17384	1.17417	1.17364	1.17366	957	0	8
2025.10.02	03:00:00	1.17366	1.17384	1.17322	1.17345	912	0	8
2025.10.02	04:00:00	1.17345	1.17356	1.17298	1.17340	874	0	8
2025.10.02	05:00:00	1.17340	1.17368	1.17290	1.17353	1298	0	8
2025.10.02	06:00:00	1.17354	1.17445	1.17337	1.17424	3221	0	8
2025.10.02	07:00:00	1.17425	1.17563	1.17405	1.17498	3252	0	8
2025.10.02	08:00:00	1.17498	1.17566	1.17445	1.17533	2613	0	8
2025.10.02	09:00:00	1.17532	1.17580	1.17502	1.17544	2262	0	8
2025.10.02	10:00:00	1.17543	1.17546	1.17457	1.17514	2253	0	8
2025.10.02	11:00:00	1.17516	1.17563	1.17467	1.17502	2368	0	8
2025.10.02	12:00:00	1.17500	1.17580	1.17340	1.17373	3081	0	8
2025.10.02	13:00:00	1.17375	1.17435	1.17130	1.17219	4507	0	8
2025.10.02	14:00:00	1.17218	1.17218	1.17043	1.17130	5200	0	8
2025.10.02	15:00:00	1.17128	1.17129	1.16828	1.16963	4272	0	8
2025.10.02	16:00:00	1.16961	1.17146	1.16946	1.17145	2451	0	8
2025.10.02	17:00:00	1.17144	1.17200	1.17118	1.17132	1829	0	8
2025.10.02	18:00:00	1.17131	1.17217	1.17123	1.17205	1469	0	8
2025.10.02	19:00:00	1.17205	1.17263	1.17171	1.17184	1112	0	8
2025.10.02	20:00:00	1.17184	1.17238	1.17131	1.17133	990	0	8
2025.10.02	21:00:00	1.17134	1.17169	1.17121	1.17156	713	0	20
2025.10.02	22:00:00	1.17173	1.17218	1.17151	1.17187	591	0	8
2025.10.02	23:00:00	1.17188	1.17256	1.17183	1.17241	540	0	8
2025.10.03	00:00:00	1.17241	1.17243	1.17187	1.17240	1220	0	8
2025.10.03	01:00:00	1.17239	1.17288	1.17160	1.17262	2130	0	8
2025.10.03	02:00:00	1.17264	1.17274	1.17200	1.17240	1229	0	8
2025.10.03	03:00:00	1.17239	1.17265	1.17194	1.17260	962	0	8
2025.10.03	04:00:00	1.17259	1.17277	1.17177	1.17177	920	0	8
2025.10.03	05:00:00	1.17177	1.17212	1.17146	1.17167	1702	0	8
2025.10.03	06:00:00	1.17167	1.17288	1.17156	1.17201	2235	0	8
2025.10.03	07:00:00	1.17201	1.17338	1.17201	1.17317	2362	0	8
2025.10.03	08:00:00	1.17319	1.17444	1.17307	1.17398	2639	0	8
2025.10.03	09:00:00	1.17398	1.17401	1.17309	1.17369	1915	0	8
2025.10.03	10:00:00	1.17369	1.17395	1.17333	1.17358	1472	0	8
2025.10.03	11:00:00	1.17360	1.17425	1.17307	1.17337	2356	0	8
2025.10.03	12:00:00	1.17338	1.17407	1.17264	1.17392	3353	0	8
2025.10.03	13:00:00	1.17394	1.17442	1.17322	1.17378	3740	0	8
2025.10.03	14:00:00	1.17377	1.17591	1.17338	1.17403	6688	0	8
2025.10.03	15:00:00	1.17406	1.17483	1.17364	1.17458	3135	0	8
2025.10.03	16:00:00	1.17460	1.17480	1.17373	1.17393	1694	0	8
2025.10.03	17:00:00	1.17394	1.17413	1.17317	1.17334	1575	0	8
2025.10.03	18:00:00	1.17334	1.17398	1.17265	1.17392	1590	0	8
2025.10.03	19:00:00	1.17390	1.17418	1.17368	1.17404	1183	0	8
2025.10.03	20:00:00	1.17404	1.17439	1.17382	1.17408	1066	0	8
2025.10.05	21:00:00	1.17239	1.17263	1.17175	1.17260	933	0	48
2025.10.05	22:00:00	1.17263	1.17286	1.17149	1.17161	2180	0	8
2025.10.05	23:00:00	1.17161	1.17163	1.17059	1.17115	3071	0	8
2025.10.06	00:00:00	1.17117	1.17186	1.17094	1.17159	2723	0	8
2025.10.06	01:00:00	1.17161	1.17247	1.17097	1.17238	2028	0	8
2025.10.06	02:00:00	1.17237	1.17305	1.17234	1.17266	1333	0	8
2025.10.06	03:00:00	1.17266	1.17298	1.17231	1.17240	1174	0	8
2025.10.06	04:00:00	1.17240	1.17271	1.17193	1.17199	1618	0	8
2025.10.06	05:00:00	1.17199	1.17249	1.17136	1.17168	1561	0	8
2025.10.06	06:00:00	1.17169	1.17192	1.16899	1.16933	3683	0	8
2025.10.06	07:00:00	1.16931	1.17118	1.16619	1.16625	8829	0	8
2025.10.06	08:00:00	1.16623	1.16794	1.16515	1.16675	5627	0	8
2025.10.06	09:00:00	1.16673	1.16695	1.16565	1.16659	3328	0	8
2025.10.06	10:00:00	1.16656	1.16669	1.16522	1.16631	2810	0	8
2025.10.06	11:00:00	1.16630	1.16785	1.16571	1.16751	2796	0	8
2025.10.06	12:00:00	1.16749	1.16893	1.16725	1.16887	4677	0	8
2025.10.06	13:00:00	1.16888	1.17024	1.16835	1.16989	3748	0	8
2025.10.06	14:00:00	1.16990	1.17175	1.16946	1.17159	3930	0	8
2025.10.06	15:00:00	1.17160	1.17205	1.17026	1.17060	3001	0	8
2025.10.06	16:00:00	1.17063	1.17118	1.17026	1.17116	1690	0	8
2025.10.06	17:00:00	1.17117	1.17155	1.17092	1.17098	1419	0	8
2025.10.06	18:00:00	1.17098	1.17155	1.17091	1.17121	1277	0	8
2025.10.06	19:00:00	1.17121	1.17166	1.17098	1.17104	1194	0	8
2025.10.06	20:00:00	1.17102	1.17136	1.17079	1.17104	891	0	8
2025.10.06	21:00:00	1.17104	1.17117	1.17063	1.17085	831	0	20
2025.10.06	22:00:00	1.17094	1.17143	1.17080	1.17093	1325	0	8
2025.10.06	23:00:00	1.17093	1.17141	1.17079	1.17091	998	0	8
2025.10.07	00:00:00	1.17092	1.17110	1.17038	1.17084	1628	0	8
2025.10.07	01:00:00	1.17085	1.17085	1.16962	1.16963	1332	0	8
2025.10.07	02:00:00	1.16963	1.17056	1.16963	1.17012	1089	0	8
2025.10.07	03:00:00	1.17011	1.17070	1.16993	1.17028	965	0	8
2025.10.07	04:00:00	1.17027	1.17070	1.16940	1.16981	1162	0	8
2025.10.07	05:00:00	1.16980	1.16995	1.16871	1.16914	1504	0	8
2025.10.07	06:00:00	1.16914	1.16915	1.16824	1.16864	2824	0	8
2025.10.07	07:00:00	1.16862	1.16875	1.16700	1.16762	3024	0	8
2025.10.07	08:00:00	1.16759	1.16825	1.16647	1.16656	2300	0	8
2025.10.07	09:00:00	1.16654	1.16709	1.16601	1.16665	2236	0	8
2025.10.07	10:00:00	1.16662	1.16755	1.16626	1.16737	2095	0	8
2025.10.07	11:00:00	1.16735	1.16739	1.16534	1.16621	2481	0	8
2025.10.07	12:00:00	1.16621	1.16667	1.16535	1.16664	3321	0	8
2025.10.07	13:00:00	1.16666	1.16699	1.16589	1.16599	3773	0	8
2025.10.07	14:00:00	1.16600	1.16657	1.16544	1.16626	3437	0	8
2025.10.07	15:00:00	1.16628	1.16796	1.16612	1.16726	3329	0	8
2025.10.07	16:00:00	1.16729	1.16807	1.16696	1.16698	2442	0	8
2025.10.07	17:00:00	1.16697	1.16789	1.16662	1.16668	2033	0	8
2025.10.07	18:00:00	1.16668	1.16677	1.16564	1.16575	1980	0	8
2025.10.07	19:00:00	1.16576	1.16580	1.16471	1.16501	1627	0	8
2025.10.07	20:00:00	1.16499	1.16580	1.16485	1.16544	1027	0	8
2025.10.07	21:00:00	1.16544	1.16575	1.16537	1.16570	515	0	20
2025.10.07	22:00:00	1.16570	1.16608	1.16570	1.16588	604	0	8
2025.10.07	23:00:00	1.16589	1.16589	1.16523	1.16525	1084	0	8
2025.10.08	00:00:00	1.16525	1.16529	1.16452	1.16468	1654	0	8
2025.10.08	01:00:00	1.16469	1.16469	1.16254	1.16265	3503	0	8
2025.10.08	02:00:00	1.16266	1.16270	1.16167	1.16236	2216	0	8
2025.10.08	03:00:00	1.16236	1.16244	1.16172	1.16235	1225	0	8
2025.10.08	04:00:00	1.16235	1.16250	1.16156	1.16189	1169	0	8
2025.10.08	05:00:00	1.16189	1.16190	1.16116	1.16167	1617	0	8
2025.10.08	06:00:00	1.16168	1.16200	1.16066	1.16160	3009	0	8
2025.10.08	07:00:00	1.16161	1.16339	1.16113	1.16306	4031	0	8
2025.10.08	08:00:00	1.16305	1.16351	1.16102	1.16144	2998	0	8
2025.10.08	09:00:00	1.16143	1.16201	1.16054	1.16110	3509	0	8
2025.10.08	10:00:00	1.16109	1.16358	1.16088	1.16331	2633	0	8
2025.10.08	11:00:00	1.16334	1.16342	1.16246	1.16260	2745	0	8
2025.10.08	12:00:00	1.16261	1.16375	1.16239	1.16320	2854	0	8
2025.10.08	13:00:00	1.16321	1.16444	1.16272	1.16313	3533	0	8
2025.10.08	14:00:00	1.16315	1.16362	1.16200	1.16214	3562	0	8
2025.10.08	15:00:00	1.16211	1.16218	1.16024	1.16056	3241	0	8
2025.10.08	16:00:00	1.16058	1.16068	1.15980	1.16052	2139	0	8
2025.10.08	17:00:00	1.16051	1.16089	1.16022	1.16067	1508	0	8
2025.10.08	18:00:00	1.16068	1.16219	1.15991	1.16196	4253	0	8
2025.10.08	19:00:00	1.16199	1.16279	1.16199	1.16276	1566	0	8
2025.10.08	20:00:00	1.16275	1.16321	1.16261	1.16262	1188	0	8
2025.10.08	21:00:00	1.16262	1.16280	1.16218	1.16258	1342	0	20
2025.10.08	22:00:00	1.16274	1.16346	1.16262	1.16333	821	0	8
2025.10.08	23:00:00	1.16333	1.16335	1.16277	1.16288	994	0	8
2025.10.09	00:00:00	1.16286	1.16406	1.16277	1.16366	1600	0	8
2025.10.09	01:00:00	1.16367	1.16454	1.16360	1.16396	2216	0	8
2025.10.09	02:00:00	1.16394	1.16473	1.16384	1.16437	1155	0	8
2025.10.09	03:00:00	1.16434	1.16462	1.16401	1.16444	973	0	8
2025.10.09	04:00:00	1.16445	1.16467	1.16415	1.16452	773	0	8
2025.10.09	05:00:00	1.16452	1.16479	1.16381	1.16383	1168	0	8
2025.10.09	06:00:00	1.16383	1.16384	1.16110	1.16155	3470	0	8
2025.10.09	07:00:00	1.16157	1.16231	1.16060	1.16108	3309	0	8
2025.10.09	08:00:00	1.16105	1.16142	1.16028	1.16123	3036	0	8
2025.10.09	09:00:00	1.16120	1.16267	1.16106	1.16252	3755	0	8
2025.10.09	10:00:00	1.16254	1.16271	1.16128	1.16180	2151	0	8
2025.10.09	11:00:00	1.16180	1.16217	1.16089	1.16118	2591	0	8
2025.10.09	12:00:00	1.16120	1.16159	1.16043	1.16147	3488	0	8
2025.10.09	13:00:00	1.16147	1.16229	1.15912	1.16023	7089	0	8
2025.10.09	14:00:00	1.16021	1.16026	1.15761	1.15807	6231	0	8
2025.10.09	15:00:00	1.15805	1.15816	1.15468	1.15583	5512	0	8
2025.10.09	16:00:00	1.15585	1.15629	1.15519	1.15574	3196	0	8
2025.10.09	17:00:00	1.15575	1.15660	1.15536	1.15593	2924	0	8
2025.10.09	18:00:00	1.15594	1.15603	1.15417	1.15458	1910	0	8
2025.10.09	19:00:00	1.15460	1.15612	1.15460	1.15593	1910	0	8
2025.10.09	20:00:00	1.15591	1.15668	1.15584	1.15625	1324	0	8
2025.10.09	21:00:00	1.15616	1.15644	1.15591	1.15643	621	0	20
2025.10.09	22:00:00	1.15649	1.15667	1.15612	1.15646	728	0	8
2025.10.09	23:00:00	1.15645	1.15659	1.15567	1.15651	1032	0	8
2025.10.10	00:00:00	1.15649	1.15703	1.15602	1.15671	1556	0	8
2025.10.10	01:00:00	1.15673	1.15710	1.15622	1.15625	1562	0	8
2025.10.10	02:00:00	1.15627	1.15726	1.15622	1.15692	1243	0	8
2025.10.10	03:00:00	1.15691	1.15739	1.15668	1.15726	1072	0	8
2025.10.10	04:00:00	1.15726	1.15734	1.15672	1.15730	938	0	8
2025.10.10	05:00:00	1.15731	1.15776	1.15693	1.15695	1256	0	8
2025.10.10	06:00:00	1.15694	1.15744	1.15606	1.15702	3435	0	8
2025.10.10	07:00:00	1.15699	1.15795	1.15635	1.15776	3589	0	8
2025.10.10	08:00:00	1.15777	1.15891	1.15750	1.15786	2889	0	8
2025.10.10	09:00:00	1.15785	1.15797	1.15684	1.15739	2223	0	8
2025.10.10	10:00:00	1.15740	1.15830	1.15700	1.15710	1912	0	8
2025.10.10	11:00:00	1.15712	1.15747	1.15601	1.15608	2622	0	8
2025.10.10	12:00:00	1.15606	1.15759	1.15586	1.15714	3065	0	8
2025.10.10	13:00:00	1.15714	1.15731	1.15615	1.15685	3311	0	8
2025.10.10	14:00:00	1.15684	1.15821	1.15644	1.15781	4443	0	8
2025.10.10	15:00:00	1.15780	1.16303	1.15776	1.16123	11530	0	8
2025.10.10	16:00:00	1.16121	1.16254	1.16039	1.16054	4990	0	8
2025.10.10	17:00:00	1.16054	1.16091	1.15966	1.16007	2722	0	8
2025.10.10	18:00:00	1.16010	1.16127	1.15996	1.16082	1978	0	8
2025.10.10	19:00:00	1.16084	1.16148	1.16034	1.16123	1677	0	8
2025.10.10	20:00:00	1.16123	1.16286	1.16036	1.16217	3376	0	8
2025.10.12	21:00:00	1.16077	1.16123	1.16052	1.16114	965	0	48
2025.10.12	22:00:00	1.16131	1.16132	1.15917	1.16026	2834	0	8
2025.10.12	23:00:00	1.16026	1.16097	1.15998	1.16012	2177	0	8
2025.10.13	00:00:00	1.16012	1.16155	1.15997	1.16154	2722	0	8
2025.10.13	01:00:00	1.16156	1.16208	1.16095	1.16194	2685	0	8
2025.10.13	02:00:00	1.16196	1.16273	1.16165	1.16192	1696	0	8
2025.10.13	03:00:00	1.16193	1.16214	1.16159	1.16202	1193	0	8
2025.10.13	04:00:00	1.16202	1.16249	1.16174	1.16200	1018	0	8
2025.10.13	05:00:00	1.16200	1.16237	1.16127	1.16144	1600	0	8
2025.10.13	06:00:00	1.16146	1.16295	1.16106	1.16138	3517	0	8
2025.10.13	07:00:00	1.16137	1.16155	1.15971	1.15996	4546	0	8
2025.10.13	08:00:00	1.15997	1.16045	1.15813	1.15851	3646	0	8
2025.10.13	09:00:00	1.15851	1.15978	1.15842	1.15938	2313	0	8
2025.10.13	10:00:00	1.15939	1.15953	1.15810	1.15831	2269	0	8
2025.10.13	11:00:00	1.15830	1.15939	1.15651	1.15680	3586	0	8
2025.10.13	12:00:00	1.15681	1.15760	1.15612	1.15683	3342	0	8
2025.10.13	13:00:00	1.15681	1.15771	1.15643	1.15749	3663	0	8
2025.10.13	14:00:00	1.15748	1.15750	1.15572	1.15608	3626	0	8
2025.10.13	15:00:00	1.15610	1.15750	1.15597	1.15734	2443	0	8
2025.10.13	16:00:00	1.15735	1.15790	1.15692	1.15750	1986	0	8
2025.10.13	17:00:00	1.15750	1.15768	1.15694	1.15727	1445	0	8
2025.10.13	18:00:00	1.15727	1.15773	1.15654	1.15682	1375	0	8
2025.10.13	19:00:00	1.15682	1.15736	1.15657	1.15660	1128	0	8
2025.10.13	20:00:00	1.15660	1.15700	1.15647	1.15688	927	0	8
2025.10.13	21:00:00	1.15686	1.15709	1.15673	1.15706	631	0	20
2025.10.13	22:00:00	1.15704	1.15735	1.15674	1.15675	627	0	8
2025.10.13	23:00:00	1.15676	1.15694	1.15632	1.15654	941	0	8
2025.10.14	00:00:00	1.15654	1.15670	1.15547	1.15605	2208	0	8
2025.10.14	01:00:00	1.15607	1.15732	1.15604	1.15702	1955	0	8
2025.10.14	02:00:00	1.15703	1.15760	1.15700	1.15735	1090	0	8
2025.10.14	03:00:00	1.15734	1.15816	1.15709	1.15784	1280	0	8
2025.10.14	04:00:00	1.15782	1.15923	1.15778	1.15914	1986	0	8
2025.10.14	05:00:00	1.15914	1.15932	1.15821	1.15839	2357	0	8
2025.10.14	06:00:00	1.15839	1.15892	1.15627	1.15698	4601	0	8
2025.10.14	07:00:00	1.15699	1.15741	1.15421	1.15492	5335	0	8
2025.10.14	08:00:00	1.15492	1.15604	1.15453	1.15586	3624	0	8
2025.10.14	09:00:00	1.15586	1.15628	1.15510	1.15546	2981	0	8
2025.10.14	10:00:00	1.15544	1.15593	1.15507	1.15530	2969	0	8
2025.10.14	11:00:00	1.15530	1.15581	1.15458	1.15518	3076	0	8
2025.10.14	12:00:00	1.15519	1.15647	1.15475	1.15554	4148	0	8
2025.10.14	13:00:00	1.15552	1.15829	1.15540	1.15736	6069	0	8
2025.10.14	14:00:00	1.15737	1.15971	1.15687	1.15936	5059	0	8
2025.10.14	15:00:00	1.15940	1.16078	1.15862	1.16067	4327	0	8
2025.10.14	16:00:00	1.16069	1.16147	1.16008	1.16089	4461	0	8
2025.10.14	17:00:00	1.16089	1.16117	1.16015	1.16089	2619	0	8
2025.10.14	18:00:00	1.16089	1.16116	1.16030	1.16046	1909	0	8
2025.10.14	19:00:00	1.16045	1.16111	1.16041	1.16054	2417	0	8
2025.10.14	20:00:00	1.16053	1.16073	1.15994	1.16055	1126	0	8
2025.10.14	21:00:00	1.16054	1.16075	1.16044	1.16071	450	0	20
2025.10.14	22:00:00	1.16077	1.16094	1.16030	1.16030	756	0	8
2025.10.14	23:00:00	1.16033	1.16055	1.16015	1.16029	806	0	8
2025.10.15	00:00:00	1.16029	1.16139	1.16014	1.16099	1912	0	8
2025.10.15	01:00:00	1.16100	1.16225	1.16068	1.16188	2277	0	8
2025.10.15	02:00:00	1.16188	1.16256	1.16175	1.16226	1563	0	8
2025.10.15	03:00:00	1.16225	1.16238	1.16181	1.16220	1284	0	8
2025.10.15	04:00:00	1.16222	1.16240	1.16165	1.16179	1062	0	8
2025.10.15	05:00:00	1.16179	1.16264	1.16179	1.16194	1487	0	8
2025.10.15	06:00:00	1.16191	1.16381	1.16172	1.16339	3188	0	8
2025.10.15	07:00:00	1.16342	1.16442	1.16290	1.16353	3634	0	8
2025.10.15	08:00:00	1.16352	1.16450	1.16313	1.16323	3098	0	8
2025.10.15	09:00:00	1.16323	1.16390	1.16274	1.16343	2617	0	8
2025.10.15	10:00:00	1.16341	1.16347	1.16201	1.16238	1997	0	8
2025.10.15	11:00:00	1.16240	1.16318	1.16192	1.16198	2346	0	8
2025.10.15	12:00:00	1.16199	1.16273	1.16133	1.16174	3636	0	8
2025.10.15	13:00:00	1.16175	1.16318	1.16103	1.16268	4856	0	8
2025.10.15	14:00:00	1.16270	1.16297	1.16190	1.16243	3302	0	8
2025.10.15	15:00:00	1.16245	1.16469	1.16181	1.16365	4009	0	8
2025.10.15	16:00:00	1.16367	1.16406	1.16282	1.16396	3096	0	8
2025.10.15	17:00:00	1.16394	1.16401	1.16267	1.16291	3025	0	8
2025.10.15	18:00:00	1.16292	1.16369	1.16275	1.16330	1732	0	8
2025.10.15	19:00:00	1.16329	1.16444	1.16325	1.16439	1431	0	8
2025.10.15	20:00:00	1.16438	1.16476	1.16424	1.16463	1209	0	8
2025.10.15	21:00:00	1.16462	1.16462	1.16402	1.16437	664	0	20
2025.10.15	22:00:00	1.16436	1.16516	1.16435	1.16458	861	0	8
2025.10.15	23:00:00	1.16459	1.16468	1.16443	1.16455	777	0	8
2025.10.16	00:00:00	1.16454	1.16665	1.16426	1.16628	2519	0	8
2025.10.16	01:00:00	1.16631	1.16749	1.16609	1.16697	2517	0	8
2025.10.16	02:00:00	1.16697	1.16743	1.16638	1.16659	1747	0	8
2025.10.16	03:00:00	1.16659	1.16670	1.16613	1.16617	1179	0	8
2025.10.16	04:00:00	1.16617	1.16619	1.16555	1.16558	984	0	8
2025.10.16	05:00:00	1.16559	1.16610	1.16536	1.16599	1622	0	8
2025.10.16	06:00:00	1.16597	1.16675	1.16517	1.16534	3226	0	8
2025.10.16	07:00:00	1.16535	1.16563	1.16426	1.16520	4159	0	8
2025.10.16	08:00:00	1.16519	1.16595	1.16485	1.16587	2827	0	8
2025.10.16	09:00:00	1.16586	1.16635	1.16520	1.16578	2283	0	8
2025.10.16	10:00:00	1.16579	1.16625	1.16527	1.16551	2244	0	8
2025.10.16	11:00:00	1.16551	1.16559	1.16461	1.16537	2692	0	8
2025.10.16	12:00:00	1.16535	1.16613	1.16485	1.16600	3349	0	8
2025.10.16	13:00:00	1.16603	1.16639	1.16497	1.16575	3723	0	8
2025.10.16	14:00:00	1.16574	1.16778	1.16533	1.16763	3754	0	8
2025.10.16	15:00:00	1.16764	1.16778	1.16607	1.16642	3285	0	8
2025.10.16	16:00:00	1.16640	1.16788	1.16639	1.16764	4096	0	8
2025.10.16	17:00:00	1.16766	1.16934	1.16763	1.16878	3438	0	8
2025.10.16	18:00:00	1.16876	1.16929	1.16801	1.16890	2671	0	8
2025.10.16	19:00:00	1.16892	1.16938	1.16866	1.16884	2223	0	8
2025.10.16	20:00:00	1.16883	1.16911	1.16843	1.16870	1059	0	8
2025.10.16	21:00:00	1.16859	1.16885	1.16843	1.16881	515	0	20
2025.10.16	22:00:00	1.16883	1.16955	1.16865	1.16940	1132	0	8
2025.10.16	23:00:00	1.16942	1.16994	1.16928	1.16988	942	0	8
2025.10.17	00:00:00	1.16988	1.17108	1.16946	1.17064	1776	0	8
2025.10.17	01:00:00	1.17064	1.17095	1.16997	1.17004	2445	0	8
2025.10.17	02:00:00	1.17004	1.17110	1.16951	1.17050	1775	0	8
2025.10.17	03:00:00	1.17049	1.17121	1.17044	1.17088	1322	0	8
2025.10.17	04:00:00	1.17089	1.17117	1.17057	1.17094	1106	0	8
2025.10.17	05:00:00	1.17094	1.17280	1.17093	1.17228	1770	0	8
2025.10.17	06:00:00	1.17230	1.17262	1.17083	1.17103	4289	0	8
2025.10.17	07:00:00	1.17102	1.17149	1.16931	1.17111	6488	0	8
2025.10.17	08:00:00	1.17113	1.17158	1.16914	1.16968	4174	0	8
2025.10.17	09:00:00	1.16968	1.17075	1.16960	1.17010	2832	0	8
2025.10.17	10:00:00	1.17008	1.17021	1.16871	1.16895	3105	0	8
2025.10.17	11:00:00	1.16896	1.16967	1.16799	1.16846	4873	0	8
2025.10.17	12:00:00	1.16848	1.16861	1.16666	1.16760	4226	0	8
2025.10.17	13:00:00	1.16759	1.16810	1.16686	1.16702	4277	0	8
2025.10.17	14:00:00	1.16700	1.16727	1.16563	1.16668	4709	0	8
2025.10.17	15:00:00	1.16666	1.16730	1.16604	1.16730	3211	0	8
2025.10.17	16:00:00	1.16729	1.16790	1.16695	1.16705	2368	0	8
2025.10.17	17:00:00	1.16704	1.16755	1.16666	1.16672	1958	0	8
2025.10.17	18:00:00	1.16674	1.16739	1.16635	1.16676	1884	0	8
2025.10.17	19:00:00	1.16677	1.16707	1.16657	1.16702	1225	0	8
2025.10.17	20:00:00	1.16702	1.16702	1.16485	1.16505	2069	0	8
2025.10.19	21:00:00	1.16626	1.16638	1.16557	1.16568	553	0	48
2025.10.19	22:00:00	1.16576	1.16585	1.16513	1.16558	1228	0	8
2025.10.19	23:00:00	1.16559	1.16612	1.16539	1.16576	970	0	8
2025.10.20	00:00:00	1.16578	1.16660	1.16576	1.16659	1876	0	8
2025.10.20	01:00:00	1.16659	1.16671	1.16563	1.16597	1519	0	8
2025.10.20	02:00:00	1.16599	1.16703	1.16598	1.16652	1185	0	8
2025.10.20	03:00:00	1.16653	1.16686	1.16644	1.16681	828	0	8
2025.10.20	04:00:00	1.16680	1.16735	1.16651	1.16709	990	0	8
2025.10.20	05:00:00	1.16708	1.16751	1.16696	1.16735	1071	0	8
2025.10.20	06:00:00	1.16732	1.16732	1.16563	1.16579	2635	0	8
2025.10.20	07:00:00	1.16578	1.16678	1.16532	1.16622	2809	0	8
2025.10.20	08:00:00	1.16622	1.16661	1.16576	1.16633	2464	0	8
2025.10.20	09:00:00	1.16635	1.16673	1.16589	1.16617	2799	0	8
2025.10.20	10:00:00	1.16617	1.16627	1.16507	1.16531	2006	0	8
2025.10.20	11:00:00	1.16529	1.16561	1.16443	1.16560	2185	0	8
2025.10.20	12:00:00	1.16561	1.16600	1.16499	1.16531	3028	0	8
2025.10.20	13:00:00	1.16533	1.16542	1.16458	1.16486	2884	0	8
2025.10.20	14:00:00	1.16486	1.16641	1.16471	1.16533	2799	0	8
2025.10.20	15:00:00	1.16534	1.16641	1.16522	1.16548	2568	0	8
2025.10.20	16:00:00	1.16551	1.16580	1.16488	1.16496	1683	0	8
2025.10.20	17:00:00	1.16493	1.16524	1.16408	1.16431	1422	0	8
2025.10.20	18:00:00	1.16431	1.16479	1.16381	1.16459	1339	0	8
2025.10.20	19:00:00	1.16460	1.16488	1.16394	1.16406	1035	0	8
2025.10.20	20:00:00	1.16406	1.16441	1.16385	1.16405	892	0	8
2025.10.20	21:00:00	1.16392	1.16445	1.16388	1.16445	495	0	8
2025.10.20	22:00:00	1.16443	1.16451	1.16424	1.16428	489	0	8
2025.10.20	23:00:00	1.16428	1.16451	1.16420	1.16438	566	0	8
2025.10.21	00:00:00	1.16437	1.16549	1.16428	1.16528	1475	0	8
2025.10.21	01:00:00	1.16526	1.16526	1.16417	1.16446	1468	0	8
2025.10.21	02:00:00	1.16448	1.16449	1.16323	1.16338	1617	0	8
2025.10.21	03:00:00	1.16338	1.16358	1.16325	1.16342	908	0	8
2025.10.21	04:00:00	1.16342	1.16366	1.16314	1.16354	1188	0	8
2025.10.21	05:00:00	1.16356	1.16375	1.16241	1.16250	1903	0	8
2025.10.21	06:00:00	1.16249	1.16336	1.16183	1.16316	2363	0	8
2025.10.21	07:00:00	1.16315	1.16351	1.16215	1.16252	3211	0	8
2025.10.21	08:00:00	1.16250	1.16273	1.16121	1.16209	3103	0	8
2025.10.21	09:00:00	1.16209	1.16268	1.16156	1.16201	2461	0	8
2025.10.21	10:00:00	1.16203	1.16232	1.16062	1.16174	2587	0	8
2025.10.21	11:00:00	1.16174	1.16255	1.16088	1.16128	2703	0	8
2025.10.21	12:00:00	1.16127	1.16166	1.16016	1.16108	3924	0	8
2025.10.21	13:00:00	1.16106	1.16165	1.16023	1.16123	4498	0	8
2025.10.21	14:00:00	1.16122	1.16179	1.15972	1.16042	4123	0	8
2025.10.21	15:00:00	1.16043	1.16161	1.16037	1.16149	2772	0	8
2025.10.21	16:00:00	1.16151	1.16241	1.16073	1.16089	3363	0	8
2025.10.21	17:00:00	1.16087	1.16097	1.16010	1.16037	1968	0	8
2025.10.21	18:00:00	1.16037	1.16081	1.16031	1.16048	1157	0	8
2025.10.21	19:00:00	1.16048	1.16073	1.15996	1.16005	1102	0	8
2025.10.21	20:00:00	1.16007	1.16026	1.15982	1.15984	730	0	8
2025.10.21	21:00:00	1.15983	1.16026	1.15967	1.16023	521	0	20
2025.10.21	22:00:00	1.16032	1.16033	1.15993	1.15999	650	0	8
2025.10.21	23:00:00	1.15999	1.16016	1.15985	1.15990	532	0	8
2025.10.22	00:00:00	1.15992	1.16075	1.15992	1.16044	1720	0	8
2025.10.22	01:00:00	1.16046	1.16088	1.16010	1.16045	1372	0	8
2025.10.22	02:00:00	1.16045	1.16105	1.16045	1.16082	995	0	8
2025.10.22	03:00:00	1.16082	1.16089	1.16043	1.16067	813	0	8
2025.10.22	04:00:00	1.16067	1.16094	1.16046	1.16090	751	0	8
2025.10.22	05:00:00	1.16089	1.16152	1.16086	1.16131	1055	0	8
2025.10.22	06:00:00	1.16133	1.16146	1.16035	1.16092	3361	0	8
2025.10.22	07:00:00	1.16093	1.16125	1.15991	1.16004	3048	0	8
2025.10.22	08:00:00	1.16003	1.16003	1.15893	1.15973	2930	0	8
2025.10.22	09:00:00	1.15973	1.16015	1.15921	1.15943	1864	0	8
2025.10.22	10:00:00	1.15941	1.15965	1.15822	1.15856	1891	0	8
2025.10.22	11:00:00	1.15855	1.15891	1.15819	1.15824	2352	0	8
2025.10.22	12:00:00	1.15824	1.15912	1.15765	1.15827	3158	0	8
2025.10.22	13:00:00	1.15826	1.15973	1.15816	1.15946	3225	0	8
2025.10.22	14:00:00	1.15944	1.16111	1.15918	1.16106	3322	0	8
2025.10.22	15:00:00	1.16107	1.16164	1.16082	1.16108	3236	0	8
2025.10.22	16:00:00	1.16110	1.16221	1.16098	1.16190	3083	0	8
2025.10.22	17:00:00	1.16190	1.16201	1.16122	1.16143	2025	0	8
2025.10.22	18:00:00	1.16144	1.16152	1.16072	1.16087	1382	0	8
2025.10.22	19:00:00	1.16088	1.16109	1.16045	1.16055	1220	0	8
2025.10.22	20:00:00	1.16054	1.16106	1.16054	1.16075	698	0	8
2025.10.22	21:00:00	1.16066	1.16120	1.16065	1.16120	397	0	8
2025.10.22	22:00:00	1.16120	1.16142	1.16104	1.16120	452	0	8
2025.10.22	23:00:00	1.16122	1.16124	1.16065	1.16069	591	0	8
2025.10.23	00:00:00	1.16069	1.16072	1.15972	1.16037	1332	0	8
2025.10.23	01:00:00	1.16037	1.16051	1.15974	1.15976	1193	0	8
2025.10.23	02:00:00	1.15976	1.15990	1.15947	1.15964	901	0	8
2025.10.23	03:00:00	1.15964	1.15984	1.15918	1.15927	809	0	8
2025.10.23	04:00:00	1.15926	1.15989	1.15903	1.15986	783	0	8
2025.10.23	05:00:00	1.15986	1.16038	1.15963	1.16011	936	0	8
2025.10.23	06:00:00	1.16009	1.16037	1.15901	1.15939	2322	0	8
2025.10.23	07:00:00	1.15937	1.16011	1.15906	1.15996	2571	0	8
2025.10.23	08:00:00	1.15996	1.16060	1.15926	1.15959	2105	0	8
2025.10.23	09:00:00	1.15957	1.16000	1.15928	1.15932	1711	0	8
2025.10.23	10:00:00	1.15933	1.15947	1.15853	1.15877	1543	0	8
2025.10.23	11:00:00	1.15876	1.15925	1.15851	1.15868	1822	0	8
2025.10.23	12:00:00	1.15870	1.16057	1.15862	1.16005	2418	0	8
2025.10.23	13:00:00	1.16005	1.16103	1.15977	1.16063	3028	0	8
2025.10.23	14:00:00	1.16063	1.16196	1.16050	1.16127	3224	0	8
2025.10.23	15:00:00	1.16129	1.16154	1.16060	1.16111	2517	0	8
2025.10.23	16:00:00	1.16113	1.16158	1.16060	1.16066	1760	0	8
2025.10.23	17:00:00	1.16065	1.16117	1.16040	1.16112	1498	0	8
2025.10.23	18:00:00	1.16113	1.16176	1.16094	1.16171	1241	0	8
2025.10.23	19:00:00	1.16171	1.16197	1.16149	1.16159	977	0	8
2025.10.23	20:00:00	1.16159	1.16190	1.16133	1.16177	710	0	8
2025.10.23	21:00:00	1.16177	1.16177	1.16133	1.16148	474	0	8
2025.10.23	22:00:00	1.16156	1.16209	1.16151	1.16177	583	0	8
2025.10.23	23:00:00	1.16177	1.16187	1.16148	1.16167	479	0	8
2025.10.24	00:00:00	1.16166	1.16211	1.16163	1.16176	1142	0	8
2025.10.24	01:00:00	1.16176	1.16185	1.16084	1.16091	1160	0	8
2025.10.24	02:00:00	1.16093	1.16122	1.16073	1.16076	871	0	8
2025.10.24	03:00:00	1.16076	1.16114	1.16068	1.16087	621	0	8
2025.10.24	04:00:00	1.16087	1.16088	1.16053	1.16072	655	0	8
2025.10.24	05:00:00	1.16072	1.16078	1.16012	1.16051	915	0	8
2025.10.24	06:00:00	1.16048	1.16137	1.16004	1.16132	1916	0	8
2025.10.24	07:00:00	1.16130	1.16275	1.16015	1.16181	3524	0	8
2025.10.24	08:00:00	1.16182	1.16234	1.16061	1.16100	2686	0	8
2025.10.24	09:00:00	1.16100	1.16123	1.16048	1.16116	1823	0	8
2025.10.24	10:00:00	1.16116	1.16162	1.16106	1.16123	1480	0	8
2025.10.24	11:00:00	1.16123	1.16155	1.16067	1.16146	2118	0	8
2025.10.24	12:00:00	1.16147	1.16541	1.16084	1.16339	6416	0	8
2025.10.24	13:00:00	1.16341	1.16432	1.16202	1.16266	4842	0	8
2025.10.24	14:00:00	1.16264	1.16355	1.16178	1.16255	4048	0	8
2025.10.24	15:00:00	1.16255	1.16352	1.16209	1.16251	3086	0	8
2025.10.24	16:00:00	1.16249	1.16272	1.16209	1.16252	1635	0	8
2025.10.24	17:00:00	1.16251	1.16316	1.16241	1.16271	1198	0	8
2025.10.24	18:00:00	1.16270	1.16277	1.16244	1.16256	1068	0	8
2025.10.24	19:00:00	1.16257	1.16328	1.16257	1.16312	1076	0	8
2025.10.24	20:00:00	1.16310	1.16356	1.16206	1.16258	1504	0	8
2025.10.26	21:00:00	1.16327	1.16344	1.16254	1.16299	634	0	48
2025.10.26	22:00:00	1.16308	1.16351	1.16253	1.16282	1634	0	8
2025.10.26	23:00:00	1.16282	1.16324	1.16254	1.16307	1094	0	8
2025.10.27	00:00:00	1.16305	1.16372	1.16275	1.16345	1379	0	8
2025.10.27	01:00:00	1.16345	1.16472	1.16331	1.16388	1587	0	8
2025.10.27	02:00:00	1.16388	1.16394	1.16298	1.16306	804	0	8
2025.10.27	03:00:00	1.16305	1.16321	1.16267	1.16274	651	0	8
2025.10.27	04:00:00	1.16274	1.16276	1.16204	1.16240	748	0	8
2025.10.27	05:00:00	1.16240	1.16268	1.16204	1.16258	965	0	8
2025.10.27	06:00:00	1.16259	1.16320	1.16244	1.16259	1599	0	8
2025.10.27	07:00:00	1.16259	1.16276	1.16194	1.16195	1889	0	8
2025.10.27	08:00:00	1.16194	1.16328	1.16174	1.16279	2372	0	8
2025.10.27	09:00:00	1.16277	1.16394	1.16258	1.16376	2328	0	8
2025.10.27	10:00:00	1.16376	1.16441	1.16349	1.16413	1744	0	8
2025.10.27	11:00:00	1.16413	1.16472	1.16356	1.16455	1749	0	8
2025.10.27	12:00:00	1.16455	1.16514	1.16375	1.16408	2285	0	8
2025.10.27	13:00:00	1.16406	1.16427	1.16313	1.16355	2345	0	8
2025.10.27	14:00:00	1.16358	1.16422	1.16319	1.16404	2053	0	8
2025.10.27	15:00:00	1.16404	1.16413	1.16325	1.16350	2110	0	8
2025.10.27	16:00:00	1.16348	1.16406	1.16320	1.16384	1658	0	8
2025.10.27	17:00:00	1.16386	1.16412	1.16351	1.16376	1173	0	8
2025.10.27	18:00:00	1.16377	1.16519	1.16347	1.16498	1341	0	8
2025.10.27	19:00:00	1.16499	1.16501	1.16438	1.16472	1105	0	8
2025.10.27	20:00:00	1.16472	1.16486	1.16428	1.16440	788	0	8
2025.10.27	21:00:00	1.16441	1.16455	1.16417	1.16454	402	0	8
2025.10.27	22:00:00	1.16455	1.16503	1.16448	1.16494	614	0	8
2025.10.27	23:00:00	1.16497	1.16547	1.16491	1.16507	642	0	8
2025.10.28	00:00:00	1.16507	1.16585	1.16462	1.16553	1194	0	8
2025.10.28	01:00:00	1.16551	1.16635	1.16548	1.16570	1380	0	8
2025.10.28	02:00:00	1.16570	1.16626	1.16535	1.16544	1139	0	8
2025.10.28	03:00:00	1.16542	1.16626	1.16538	1.16596	1020	0	8
2025.10.28	04:00:00	1.16596	1.16672	1.16587	1.16659	1096	0	8
2025.10.28	05:00:00	1.16659	1.16675	1.16624	1.16633	1143	0	8
2025.10.28	06:00:00	1.16634	1.16667	1.16547	1.16556	1349	0	8
2025.10.28	07:00:00	1.16554	1.16609	1.16506	1.16550	1932	0	8
2025.10.28	08:00:00	1.16549	1.16624	1.16486	1.16520	2990	0	8
2025.10.28	09:00:00	1.16517	1.16584	1.16445	1.16567	2021	0	8
2025.10.28	10:00:00	1.16567	1.16647	1.16545	1.16637	1598	0	8
2025.10.28	11:00:00	1.16636	1.16638	1.16545	1.16587	1706	0	8
2025.10.28	12:00:00	1.16588	1.16597	1.16344	1.16398	2834	0	8
2025.10.28	13:00:00	1.16397	1.16401	1.16251	1.16390	3250	0	8
2025.10.28	14:00:00	1.16388	1.16632	1.16368	1.16600	2937	0	8
2025.10.28	15:00:00	1.16602	1.16670	1.16545	1.16584	2581	0	8
2025.10.28	16:00:00	1.16585	1.16677	1.16526	1.16676	2946	0	8
2025.10.28	17:00:00	1.16676	1.16686	1.16590	1.16627	1846	0	8
2025.10.28	18:00:00	1.16628	1.16633	1.16558	1.16619	1294	0	8
2025.10.28	19:00:00	1.16620	1.16648	1.16515	1.16521	1223	0	8
2025.10.28	20:00:00	1.16521	1.16570	1.16493	1.16494	851	0	8
2025.10.28	21:00:00	1.16494	1.16520	1.16490	1.16512	418	0	8
2025.10.28	22:00:00	1.16518	1.16535	1.16494	1.16502	638	0	8
2025.10.28	23:00:00	1.16502	1.16568	1.16482	1.16568	605	0	8
2025.10.29	00:00:00	1.16567	1.16605	1.16529	1.16542	2366	0	8
2025.10.29	01:00:00	1.16540	1.16557	1.16461	1.16470	1664	0	8
2025.10.29	02:00:00	1.16468	1.16477	1.16413	1.16459	1044	0	8
2025.10.29	03:00:00	1.16461	1.16463	1.16366	1.16369	733	0	8
2025.10.29	04:00:00	1.16369	1.16372	1.16313	1.16340	786	0	8
2025.10.29	05:00:00	1.16339	1.16352	1.16269	1.16311	1350	0	8
2025.10.29	06:00:00	1.16312	1.16323	1.16246	1.16294	1466	0	8
2025.10.29	07:00:00	1.16292	1.16374	1.16279	1.16324	2516	0	8
2025.10.29	08:00:00	1.16323	1.16338	1.16226	1.16229	2182	0	8
2025.10.29	09:00:00	1.16227	1.16467	1.16184	1.16411	2362	0	8
2025.10.29	10:00:00	1.16410	1.16485	1.16367	1.16468	1782	0	8
2025.10.29	11:00:00	1.16468	1.16484	1.16328	1.16392	2037	0	8
2025.10.29	12:00:00	1.16394	1.16447	1.16271	1.16333	2594	0	8
2025.10.29	13:00:00	1.16337	1.16454	1.16332	1.16363	3262	0	8
2025.10.29	14:00:00	1.16363	1.16512	1.16312	1.16502	2617	0	8
2025.10.29	15:00:00	1.16502	1.16643	1.16447	1.16632	3129	0	8
2025.10.29	16:00:00	1.16632	1.16655	1.16552	1.16570	2296	0	8
2025.10.29	17:00:00	1.16569	1.16587	1.16455	1.16468	1797	0	8
2025.10.29	18:00:00	1.16471	1.16511	1.15835	1.15940	15316	0	8
2025.10.29	19:00:00	1.15942	1.15995	1.15772	1.15991	7899	0	8
2025.10.29	20:00:00	1.15990	1.16070	1.15905	1.15982	2026	0	8
2025.10.29	21:00:00	1.15980	1.16032	1.15978	1.16026	898	0	8
2025.10.29	22:00:00	1.16024	1.16052	1.16008	1.16036	758	0	8
2025.10.29	23:00:00	1.16036	1.16050	1.16011	1.16025	747	0	8
2025.10.30	00:00:00	1.16025	1.16151	1.15966	1.16117	1739	0	8
2025.10.30	01:00:00	1.16116	1.16147	1.16084	1.16133	1589	0	8
2025.10.30	02:00:00	1.16132	1.16193	1.16119	1.16169	1287	0	8
2025.10.30	03:00:00	1.16171	1.16194	1.16066	1.16150	1984	0	8
2025.10.30	04:00:00	1.16149	1.16372	1.16130	1.16317	3054	0	8
2025.10.30	05:00:00	1.16317	1.16337	1.16233	1.16237	1649	0	8
2025.10.30	06:00:00	1.16237	1.16293	1.16179	1.16194	2392	0	8
2025.10.30	07:00:00	1.16196	1.16225	1.16093	1.16182	2944	0	8
2025.10.30	08:00:00	1.16182	1.16201	1.16060	1.16168	2910	0	8
2025.10.30	09:00:00	1.16167	1.16280	1.16141	1.16163	2584	0	8
2025.10.30	10:00:00	1.16165	1.16196	1.16055	1.16065	2122	0	8
2025.10.30	11:00:00	1.16064	1.16108	1.15958	1.15976	2317	0	8
2025.10.30	12:00:00	1.15976	1.15994	1.15528	1.15547	4042	0	8
2025.10.30	13:00:00	1.15547	1.15789	1.15468	1.15789	5683	0	8
2025.10.30	14:00:00	1.15790	1.15861	1.15676	1.15730	4959	0	8
2025.10.30	15:00:00	1.15732	1.15769	1.15603	1.15633	2811	0	8
2025.10.30	16:00:00	1.15635	1.15712	1.15590	1.15690	2142	0	8
2025.10.30	17:00:00	1.15691	1.15696	1.15599	1.15661	1703	0	8
2025.10.30	18:00:00	1.15662	1.15699	1.15638	1.15676	1490	0	8
2025.10.30	19:00:00	1.15676	1.15714	1.15614	1.15639	1478	0	8
2025.10.30	20:00:00	1.15641	1.15720	1.15630	1.15648	850	0	8
2025.10.30	21:00:00	1.15648	1.15682	1.15626	1.15682	523	0	8
2025.10.30	22:00:00	1.15684	1.15693	1.15657	1.15677	562	0	8
2025.10.30	23:00:00	1.15676	1.15729	1.15654	1.15714	711	0	8
2025.10.31	00:00:00	1.15714	1.15767	1.15697	1.15735	1368	0	8
2025.10.31	01:00:00	1.15735	1.15771	1.15663	1.15673	1421	0	8
2025.10.31	02:00:00	1.15672	1.15741	1.15646	1.15678	1106	0	8
2025.10.31	03:00:00	1.15678	1.15707	1.15657	1.15670	755	0	8
2025.10.31	04:00:00	1.15669	1.15730	1.15659	1.15720	736	0	8
2025.10.31	05:00:00	1.15718	1.15718	1.15660	1.15678	987	0	8
2025.10.31	06:00:00	1.15679	1.15729	1.15603	1.15609	1489	0	8
2025.10.31	07:00:00	1.15609	1.15654	1.15545	1.15644	2282	0	8
2025.10.31	08:00:00	1.15644	1.15709	1.15593	1.15702	2212	0	8
2025.10.31	09:00:00	1.15704	1.15764	1.15647	1.15754	1898	0	8
2025.10.31	10:00:00	1.15758	1.15759	1.15669	1.15705	1593	0	8
2025.10.31	11:00:00	1.15705	1.15739	1.15578	1.15663	1840	0	8
2025.10.31	12:00:00	1.15662	1.15662	1.15528	1.15555	2867	0	8
2025.10.31	13:00:00	1.15553	1.15559	1.15298	1.15387	3494	0	8
2025.10.31	14:00:00	1.15386	1.15424	1.15217	1.15338	3592	0	8
2025.10.31	15:00:00	1.15339	1.15425	1.15231	1.15404	3671	0	8
2025.10.31	16:00:00	1.15402	1.15430	1.15277	1.15297	2910	0	8
2025.10.31	17:00:00	1.15299	1.15309	1.15216	1.15236	1710	0	8
2025.10.31	18:00:00	1.15236	1.15266	1.15211	1.15245	1273	0	8
2025.10.31	19:00:00	1.15247	1.15312	1.15227	1.15252	1117	0	8
2025.10.31	20:00:00	1.15255	1.15380	1.15251	1.15364	1488	0	8
2025.11.02	22:00:00	1.15287	1.15335	1.15281	1.15332	645	0	20
2025.11.02	23:00:00	1.15320	1.15381	1.15251	1.15273	1738	0	8
2025.11.03	00:00:00	1.15272	1.15307	1.15237	1.15253	1333	0	8
2025.11.03	01:00:00	1.15253	1.15287	1.15214	1.15269	1213	0	8
2025.11.03	02:00:00	1.15268	1.15336	1.15259	1.15313	1075	0	8
2025.11.03	03:00:00	1.15313	1.15340	1.15297	1.15333	679	0	8
2025.11.03	04:00:00	1.15334	1.15367	1.15315	1.15338	769	0	8
2025.11.03	05:00:00	1.15338	1.15372	1.15318	1.15346	770	0	8
2025.11.03	06:00:00	1.15345	1.15408	1.15338	1.15372	1002	0	8
2025.11.03	07:00:00	1.15371	1.15409	1.15328	1.15394	1913	0	8
2025.11.03	08:00:00	1.15395	1.15398	1.15092	1.15132	2463	0	8
2025.11.03	09:00:00	1.15130	1.15203	1.15108	1.15142	1987	0	8
2025.11.03	10:00:00	1.15141	1.15196	1.15075	1.15152	2064	0	8
2025.11.03	11:00:00	1.15152	1.15198	1.15123	1.15152	1677	0	8
2025.11.03	12:00:00	1.15153	1.15219	1.15137	1.15170	1623	0	8
2025.11.03	13:00:00	1.15170	1.15173	1.15053	1.15106	2315	0	8
2025.11.03	14:00:00	1.15104	1.15125	1.15048	1.15102	2655	0	8
2025.11.03	15:00:00	1.15107	1.15248	1.15057	1.15247	3674	0	8
2025.11.03	16:00:00	1.15244	1.15315	1.15209	1.15303	2261	0	8
2025.11.03	17:00:00	1.15303	1.15374	1.15262	1.15266	1691	0	8
2025.11.03	18:00:00	1.15268	1.15309	1.15202	1.15227	1390	0	8
2025.11.03	19:00:00	1.15228	1.15244	1.15162	1.15194	1291	0	8
2025.11.03	20:00:00	1.15194	1.15228	1.15175	1.15177	887	0	8
2025.11.03	21:00:00	1.15192	1.15201	1.15159	1.15163	564	0	8
2025.11.03	22:00:00	1.15164	1.15204	1.15164	1.15204	696	0	8
2025.11.03	23:00:00	1.15203	1.15206	1.15181	1.15182	512	0	8
2025.11.04	00:00:00	1.15182	1.15182	1.15053	1.15081	1489	0	8
2025.11.04	01:00:00	1.15079	1.15098	1.14979	1.15098	1624	0	8
2025.11.04	02:00:00	1.15095	1.15108	1.15045	1.15108	1228	0	8
2025.11.04	03:00:00	1.15109	1.15171	1.15098	1.15132	1138	0	8
2025.11.04	04:00:00	1.15132	1.15172	1.15090	1.15090	889	0	8
2025.11.04	05:00:00	1.15091	1.15138	1.15070	1.15121	1193	0	8
2025.11.04	06:00:00	1.15121	1.15261	1.15110	1.15231	1921	0	8
2025.11.04	07:00:00	1.15232	1.15333	1.15220	1.15267	2195	0	8
2025.11.04	08:00:00	1.15266	1.15284	1.15132	1.15135	2747	0	8
2025.11.04	09:00:00	1.15133	1.15168	1.14997	1.15009	2262	0	8
2025.11.04	10:00:00	1.15008	1.15096	1.14986	1.15037	1877	0	8
2025.11.04	11:00:00	1.15037	1.15055	1.14891	1.14897	1864	0	8
2025.11.04	12:00:00	1.14899	1.14928	1.14763	1.14888	2686	0	8
2025.11.04	13:00:00	1.14887	1.14964	1.14877	1.14917	2209	0	8
2025.11.04	14:00:00	1.14915	1.14945	1.14726	1.14809	2862	0	8
2025.11.04	15:00:00	1.14807	1.14923	1.14744	1.14912	2742	0	8
2025.11.04	16:00:00	1.14912	1.14963	1.14871	1.14891	2128	0	8
2025.11.04	17:00:00	1.14892	1.14899	1.14830	1.14837	1313	0	8
2025.11.04	18:00:00	1.14837	1.14862	1.14808	1.14837	1211	0	8
2025.11.04	19:00:00	1.14836	1.14868	1.14783	1.14788	1167	0	8
2025.11.04	20:00:00	1.14789	1.14830	1.14750	1.14785	1075	0	8
2025.11.04	21:00:00	1.14800	1.14824	1.14789	1.14806	915	0	8
2025.11.04	22:00:00	1.14806	1.14829	1.14789	1.14827	593	0	20
2025.11.04	23:00:00	1.14833	1.14855	1.14824	1.14848	561	0	8
2025.11.05	00:00:00	1.14847	1.14850	1.14804	1.14835	1132	0	8
2025.11.05	01:00:00	1.14835	1.14976	1.14794	1.14892	2172	0	8
2025.11.05	02:00:00	1.14894	1.14920	1.14850	1.14881	1264	0	8
2025.11.05	03:00:00	1.14881	1.14920	1.14854	1.14885	1283	0	8
2025.11.05	04:00:00	1.14886	1.14917	1.14873	1.14905	702	0	8
2025.11.05	05:00:00	1.14906	1.14939	1.14889	1.14913	842	0	8
2025.11.05	06:00:00	1.14912	1.14939	1.14867	1.14876	1013	0	8
2025.11.05	07:00:00	1.14876	1.14906	1.14829	1.14864	1675	0	8
2025.11.05	08:00:00	1.14866	1.14952	1.14853	1.14885	2122	0	8
2025.11.05	09:00:00	1.14886	1.14922	1.14811	1.14842	1725	0	8
2025.11.05	10:00:00	1.14842	1.14847	1.14757	1.14829	1685	0	8
2025.11.05	11:00:00	1.14829	1.14889	1.14784	1.14879	1500	0	8
2025.11.05	12:00:00	1.14880	1.14923	1.14866	1.14906	1582	0	8
2025.11.05	13:00:00	1.14906	1.14932	1.14725	1.14731	2839	0	8
2025.11.05	14:00:00	1.14730	1.14928	1.14683	1.14867	2887	0	8
2025.11.05	15:00:00	1.14870	1.14870	1.14698	1.14790	4692	0	8
2025.11.05	16:00:00	1.14790	1.14853	1.14695	1.14834	2797	0	8
2025.11.05	17:00:00	1.14834	1.14856	1.14760	1.14802	1621	0	8
2025.11.05	18:00:00	1.14801	1.14834	1.14782	1.14814	1125	0	8
2025.11.05	19:00:00	1.14813	1.14873	1.14801	1.14856	861	0	8
2025.11.05	20:00:00	1.14858	1.14914	1.14850	1.14861	935	0	8
2025.11.05	21:00:00	1.14876	1.14940	1.14871	1.14900	689	0	8
2025.11.05	22:00:00	1.14901	1.14924	1.14889	1.14921	500	0	8
2025.11.05	23:00:00	1.14919	1.14965	1.14909	1.14955	596	0	8
2025.11.06	00:00:00	1.14955	1.15014	1.14927	1.15002	991	0	8
2025.11.06	01:00:00	1.15004	1.15085	1.15004	1.15070	1166	0	8
2025.11.06	02:00:00	1.15070	1.15083	1.15028	1.15048	783	0	8
2025.11.06	03:00:00	1.15050	1.15077	1.15029	1.15065	698	0	8
2025.11.06	04:00:00	1.15066	1.15079	1.15034	1.15066	568	0	8
2025.11.06	05:00:00	1.15064	1.15108	1.15034	1.15097	788	0	8
2025.11.06	06:00:00	1.15097	1.15134	1.15049	1.15066	1189	0	8
2025.11.06	07:00:00	1.15067	1.15131	1.15063	1.15079	1738	0	8
2025.11.06	08:00:00	1.15080	1.15231	1.15056	1.15205	2476	0	8
2025.11.06	09:00:00	1.15206	1.15235	1.15110	1.15132	1969	0	8
2025.11.06	10:00:00	1.15131	1.15170	1.15098	1.15103	1529	0	8
2025.11.06	11:00:00	1.15103	1.15206	1.15100	1.15200	1352	0	8
2025.11.06	12:00:00	1.15199	1.15330	1.15138	1.15303	2809	0	8
2025.11.06	13:00:00	1.15304	1.15438	1.15285	1.15354	2864	0	8
2025.11.06	14:00:00	1.15354	1.15372	1.15198	1.15203	2866	0	8
2025.11.06	15:00:00	1.15204	1.15425	1.15187	1.15394	3654	0	8
2025.11.06	16:00:00	1.15392	1.15415	1.15312	1.15373	2619	0	8
2025.11.06	17:00:00	1.15374	1.15424	1.15295	1.15403	2413	0	8
2025.11.06	18:00:00	1.15403	1.15497	1.15388	1.15466	1537	0	8
2025.11.06	19:00:00	1.15465	1.15520	1.15416	1.15443	1402	0	8
2025.11.06	20:00:00	1.15442	1.15486	1.15424	1.15469	1052	0	8
2025.11.06	21:00:00	1.15461	1.15482	1.15424	1.15458	745	0	8
2025.11.06	22:00:00	1.15459	1.15464	1.15418	1.15446	798	0	20
2025.11.06	23:00:00	1.15452	1.15513	1.15452	1.15484	894	0	8
2025.11.07	00:00:00	1.15486	1.15489	1.15375	1.15391	1127	0	8
2025.11.07	01:00:00	1.15392	1.15411	1.15359	1.15377	1397	0	8
2025.11.07	02:00:00	1.15377	1.15428	1.15377	1.15396	887	0	8
2025.11.07	03:00:00	1.15398	1.15409	1.15346	1.15376	795	0	8
2025.11.07	04:00:00	1.15375	1.15375	1.15319	1.15363	782	0	8
2025.11.07	05:00:00	1.15363	1.15383	1.15322	1.15338	715	0	8
2025.11.07	06:00:00	1.15340	1.15354	1.15294	1.15305	1138	0	8
2025.11.07	07:00:00	1.15305	1.15358	1.15304	1.15323	1435	0	8
2025.11.07	08:00:00	1.15321	1.15399	1.15290	1.15346	2065	0	8
2025.11.07	09:00:00	1.15346	1.15418	1.15340	1.15380	1549	0	8
2025.11.07	10:00:00	1.15378	1.15517	1.15372	1.15497	1597	0	8
2025.11.07	11:00:00	1.15496	1.15608	1.15490	1.15576	1932	0	8
2025.11.07	12:00:00	1.15576	1.15648	1.15536	1.15553	2089	0	8
2025.11.07	13:00:00	1.15556	1.15695	1.15552	1.15670	2886	0	8
2025.11.07	14:00:00	1.15672	1.15785	1.15653	1.15733	2712	0	8
2025.11.07	15:00:00	1.15730	1.15909	1.15710	1.15715	3425	0	8
2025.11.07	16:00:00	1.15715	1.15820	1.15708	1.15774	2070	0	8
2025.11.07	17:00:00	1.15773	1.15816	1.15712	1.15799	1614	0	8
2025.11.07	18:00:00	1.15799	1.15834	1.15674	1.15681	1311	0	8
2025.11.07	19:00:00	1.15681	1.15724	1.15552	1.15594	1654	0	8
2025.11.07	20:00:00	1.15591	1.15662	1.15573	1.15641	1456	0	8
2025.11.07	21:00:00	1.15642	1.15661	1.15583	1.15642	720	0	8
2025.11.09	22:00:00	1.15555	1.15586	1.15532	1.15577	664	0	20
2025.11.09	23:00:00	1.15584	1.15598	1.15414	1.15431	2097	0	8
2025.11.10	00:00:00	1.15430	1.15594	1.15427	1.15543	2626	0	8
2025.11.10	01:00:00	1.15543	1.15601	1.15462	1.15578	1825	0	8
2025.11.10	02:00:00	1.15578	1.15603	1.15543	1.15577	1127	0	8
2025.11.10	03:00:00	1.15577	1.15584	1.15508	1.15543	1008	0	8
2025.11.10	04:00:00	1.15544	1.15622	1.15544	1.15609	960	0	8
2025.11.10	05:00:00	1.15608	1.15662	1.15576	1.15617	1004	0	8
2025.11.10	06:00:00	1.15617	1.15646	1.15511	1.15538	1307	0	8
2025.11.10	07:00:00	1.15536	1.15717	1.15530	1.15674	2207	0	8
2025.11.10	08:00:00	1.15672	1.15827	1.15648	1.15720	2497	0	8
2025.11.10	09:00:00	1.15722	1.15736	1.15637	1.15679	1947	0	8
2025.11.10	10:00:00	1.15678	1.15712	1.15607	1.15624	1731	0	8
2025.11.10	11:00:00	1.15622	1.15639	1.15537	1.15630	1539	0	8
2025.11.10	12:00:00	1.15630	1.15752	1.15623	1.15676	1807	0	8
2025.11.10	13:00:00	1.15677	1.15775	1.15665	1.15675	2174	0	8
2025.11.10	14:00:00	1.15673	1.15682	1.15589	1.15643	2479	0	8
2025.11.10	15:00:00	1.15643	1.15668	1.15448	1.15452	2761	0	8
2025.11.10	16:00:00	1.15450	1.15546	1.15427	1.15445	2254	0	8
2025.11.10	17:00:00	1.15448	1.15609	1.15409	1.15601	2017	0	8
2025.11.10	18:00:00	1.15601	1.15644	1.15575	1.15580	1243	0	8
2025.11.10	19:00:00	1.15581	1.15627	1.15575	1.15605	1058	0	8
2025.11.10	20:00:00	1.15603	1.15642	1.15603	1.15634	792	0	8
2025.11.10	21:00:00	1.15634	1.15635	1.15547	1.15563	598	0	8
2025.11.10	22:00:00	1.15564	1.15580	1.15543	1.15580	561	0	8
2025.11.10	23:00:00	1.15582	1.15601	1.15559	1.15565	718	0	8
2025.11.11	00:00:00	1.15566	1.15594	1.15515	1.15520	1058	0	8
2025.11.11	01:00:00	1.15520	1.15544	1.15468	1.15544	1335	0	8
2025.11.11	02:00:00	1.15544	1.15567	1.15515	1.15532	904	0	8
2025.11.11	03:00:00	1.15532	1.15579	1.15530	1.15559	780	0	8
2025.11.11	04:00:00	1.15558	1.15591	1.15549	1.15577	725	0	8
2025.11.11	05:00:00	1.15576	1.15649	1.15573	1.15612	1029	0	8
2025.11.11	06:00:00	1.15611	1.15627	1.15499	1.15519	1232	0	8
2025.11.11	07:00:00	1.15520	1.15604	1.15491	1.15599	2517	0	8
2025.11.11	08:00:00	1.15600	1.15680	1.15540	1.15542	2267	0	8
2025.11.11	09:00:00	1.15543	1.15683	1.15530	1.15642	1827	0	8
2025.11.11	10:00:00	1.15642	1.15744	1.15621	1.15727	1632	0	8
2025.11.11	11:00:00	1.15727	1.15776	1.15695	1.15715	1627	0	8
2025.11.11	12:00:00	1.15715	1.15766	1.15681	1.15700	1676	0	8
2025.11.11	13:00:00	1.15702	1.16056	1.15702	1.16006	4130	0	8
2025.11.11	14:00:00	1.16007	1.16047	1.15932	1.16001	2795	0	8
2025.11.11	15:00:00	1.16000	1.16026	1.15911	1.15947	2817	0	8
2025.11.11	16:00:00	1.15947	1.15994	1.15903	1.15931	1942	0	8
2025.11.11	17:00:00	1.15931	1.15988	1.15904	1.15944	1152	0	8
2025.11.11	18:00:00	1.15942	1.15953	1.15907	1.15923	970	0	8
2025.11.11	19:00:00	1.15920	1.15927	1.15831	1.15841	1184	0	8
2025.11.11	20:00:00	1.15841	1.15885	1.15831	1.15832	1041	0	8
2025.11.11	21:00:00	1.15831	1.15851	1.15797	1.15814	777	0	8
2025.11.11	22:00:00	1.15814	1.15847	1.15795	1.15838	873	0	20
2025.11.11	23:00:00	1.15852	1.15869	1.15818	1.15866	565	0	8
2025.11.12	00:00:00	1.15864	1.15866	1.15787	1.15792	1074	0	8
2025.11.12	01:00:00	1.15792	1.15819	1.15742	1.15751	1236	0	8
2025.11.12	02:00:00	1.15751	1.15794	1.15749	1.15786	714	0	8
2025.11.12	03:00:00	1.15786	1.15811	1.15753	1.15771	752	0	8
2025.11.12	04:00:00	1.15771	1.15781	1.15699	1.15719	818	0	8
2025.11.12	05:00:00	1.15719	1.15783	1.15708	1.15761	1233	0	8
2025.11.12	06:00:00	1.15759	1.15821	1.15748	1.15817	1003	0	8
2025.11.12	07:00:00	1.15820	1.15880	1.15808	1.15836	1641	0	8
2025.11.12	08:00:00	1.15837	1.15873	1.15765	1.15766	2300	0	8
2025.11.12	09:00:00	1.15767	1.15802	1.15676	1.15699	2078	0	8
2025.11.12	10:00:00	1.15698	1.15751	1.15646	1.15697	1756	0	8
2025.11.12	11:00:00	1.15699	1.15776	1.15654	1.15776	1470	0	8
2025.11.12	12:00:00	1.15775	1.15801	1.15713	1.15763	1979	0	8
2025.11.12	13:00:00	1.15765	1.15795	1.15655	1.15717	2164	0	8
2025.11.12	14:00:00	1.15717	1.15754	1.15625	1.15750	2695	0	8
2025.11.12	15:00:00	1.15749	1.15955	1.15724	1.15935	3027	0	8
2025.11.12	16:00:00	1.15935	1.15974	1.15879	1.15906	2127	0	8
2025.11.12	17:00:00	1.15907	1.15965	1.15905	1.15926	1591	0	8
2025.11.12	18:00:00	1.15928	1.15941	1.15886	1.15892	1154	0	8
2025.11.12	19:00:00	1.15893	1.15900	1.15838	1.15862	1196	0	8
2025.11.12	20:00:00	1.15859	1.15902	1.15849	1.15891	896	0	8
2025.11.12	21:00:00	1.15890	1.15923	1.15846	1.15916	795	0	8
2025.11.12	22:00:00	1.15914	1.15920	1.15885	1.15894	447	0	8
2025.11.12	23:00:00	1.15899	1.15942	1.15891	1.15913	586	0	8
2025.11.13	00:00:00	1.15915	1.15918	1.15799	1.15799	1451	0	8
2025.11.13	01:00:00	1.15799	1.15891	1.15786	1.15890	1375	0	8
2025.11.13	02:00:00	1.15892	1.15925	1.15850	1.15891	975	0	8
2025.11.13	03:00:00	1.15894	1.15913	1.15863	1.15894	822	0	8
2025.11.13	04:00:00	1.15893	1.15915	1.15868	1.15898	690	0	8
2025.11.13	05:00:00	1.15898	1.15906	1.15800	1.15816	863	0	8
2025.11.13	06:00:00	1.15817	1.15855	1.15808	1.15855	1036	0	8
2025.11.13	07:00:00	1.15850	1.16120	1.15825	1.16108	2247	0	8
2025.11.13	08:00:00	1.16108	1.16290	1.16096	1.16276	2655	0	8
2025.11.13	09:00:00	1.16274	1.16344	1.16105	1.16159	3146	0	8
2025.11.13	10:00:00	1.16161	1.16230	1.16109	1.16155	2073	0	8
2025.11.13	11:00:00	1.16154	1.16199	1.16042	1.16060	2100	0	8
2025.11.13	12:00:00	1.16060	1.16227	1.16053	1.16225	2229	0	8
2025.11.13	13:00:00	1.16227	1.16247	1.16109	1.16200	2718	0	8
2025.11.13	14:00:00	1.16200	1.16307	1.16165	1.16278	3263	0	8
2025.11.13	15:00:00	1.16277	1.16427	1.16229	1.16387	3454	0	8
2025.11.13	16:00:00	1.16387	1.16487	1.16361	1.16483	2937	0	8
2025.11.13	17:00:00	1.16485	1.16560	1.16453	1.16509	2640	0	8
2025.11.13	18:00:00	1.16508	1.16517	1.16364	1.16380	2221	0	8
2025.11.13	19:00:00	1.16380	1.16411	1.16348	1.16353	1407	0	8
2025.11.13	20:00:00	1.16353	1.16393	1.16323	1.16325	1159	0	8
2025.11.13	21:00:00	1.16325	1.16376	1.16305	1.16327	795	0	8
2025.11.13	22:00:00	1.16318	1.16368	1.16318	1.16356	661	0	20
2025.11.13	23:00:00	1.16363	1.16377	1.16231	1.16297	1188	0	8
2025.11.14	00:00:00	1.16295	1.16332	1.16265	1.16325	1602	0	8
2025.11.14	01:00:00	1.16325	1.16388	1.16295	1.16331	1874	0	8
2025.11.14	02:00:00	1.16329	1.16374	1.16293	1.16354	1323	0	8
2025.11.14	03:00:00	1.16354	1.16445	1.16351	1.16382	1082	0	8
2025.11.14	04:00:00	1.16382	1.16425	1.16374	1.16417	962	0	8
2025.11.14	05:00:00	1.16417	1.16479	1.16388	1.16475	1197	0	8
2025.11.14	06:00:00	1.16474	1.16483	1.16330	1.16373	1521	0	8
2025.11.14	07:00:00	1.16374	1.16461	1.16315	1.16328	2478	0	8
2025.11.14	08:00:00	1.16329	1.16367	1.16201	1.16292	4424	0	8
2025.11.14	09:00:00	1.16294	1.16310	1.16198	1.16217	2548	0	8
2025.11.14	10:00:00	1.16214	1.16217	1.16120	1.16135	1940	0	8
2025.11.14	11:00:00	1.16131	1.16196	1.16083	1.16192	1988	0	8
2025.11.14	12:00:00	1.16194	1.16522	1.16164	1.16522	3197	0	8
2025.11.14	13:00:00	1.16524	1.16532	1.16335	1.16373	4006	0	8
2025.11.14	14:00:00	1.16372	1.16381	1.16206	1.16232	4218	0	8
2025.11.14	15:00:00	1.16229	1.16254	1.16058	1.16128	3816	0	8
2025.11.14	16:00:00	1.16128	1.16222	1.16096	1.16167	2613	0	8
2025.11.14	17:00:00	1.16167	1.16178	1.16074	1.16137	1962	0	8
2025.11.14	18:00:00	1.16137	1.16176	1.16094	1.16159	1506	0	8
2025.11.14	19:00:00	1.16159	1.16196	1.16154	1.16175	1279	0	8
2025.11.14	20:00:00	1.16175	1.16226	1.16163	1.16200	1135	0	8
2025.11.14	21:00:00	1.16200	1.16232	1.16157	1.16202	991	0	8
2025.11.16	22:00:00	1.16184	1.16228	1.16175	1.16222	448	0	8
2025.11.16	23:00:00	1.16228	1.16243	1.16112	1.16144	1121	0	8
2025.11.17	00:00:00	1.16145	1.16145	1.16047	1.16061	1579	0	8
2025.11.17	01:00:00	1.16059	1.16097	1.16048	1.16061	1246	0	8
2025.11.17	02:00:00	1.16058	1.16063	1.16011	1.16020	978	0	8
2025.11.17	03:00:00	1.16017	1.16018	1.15962	1.15981	987	0	8
2025.11.17	04:00:00	1.15981	1.16029	1.15971	1.16023	751	0	8
2025.11.17	05:00:00	1.16023	1.16046	1.15988	1.16001	863	0	8
2025.11.17	06:00:00	1.16003	1.16082	1.15948	1.16072	1143	0	8
2025.11.17	07:00:00	1.16070	1.16145	1.16062	1.16129	1493	0	8
2025.11.17	08:00:00	1.16131	1.16148	1.15987	1.16028	2170	0	8
2025.11.17	09:00:00	1.16027	1.16043	1.15967	1.16008	1878	0	8
2025.11.17	10:00:00	1.16009	1.16077	1.15956	1.15962	1725	0	8
2025.11.17	11:00:00	1.15962	1.16027	1.15944	1.16010	1778	0	8
2025.11.17	12:00:00	1.16009	1.16043	1.15954	1.15985	1768	0	8
2025.11.17	13:00:00	1.15986	1.15992	1.15879	1.15909	2538	0	8
2025.11.17	14:00:00	1.15908	1.15949	1.15829	1.15856	2352	0	8
2025.11.17	15:00:00	1.15855	1.15977	1.15815	1.15971	2632	0	8
2025.11.17	16:00:00	1.15970	1.16014	1.15934	1.15968	1985	0	8
2025.11.17	17:00:00	1.15968	1.15991	1.15909	1.15935	1498	0	8
2025.11.17	18:00:00	1.15935	1.15942	1.15877	1.15906	1555	0	8
2025.11.17	19:00:00	1.15904	1.15951	1.15830	1.15835	1699	0	8
2025.11.17	20:00:00	1.15837	1.15903	1.15821	1.15882	1485	0	8
2025.11.17	21:00:00	1.15883	1.15919	1.15867	1.15898	806	0	8
2025.11.17	22:00:00	1.15901	1.15906	1.15875	1.15896	312	0	20
2025.11.17	23:00:00	1.15897	1.15938	1.15885	1.15897	640	0	8
2025.11.18	00:00:00	1.15897	1.15898	1.15845	1.15867	927	0	8
2025.11.18	01:00:00	1.15867	1.15929	1.15843	1.15904	1043	0	8
2025.11.18	02:00:00	1.15904	1.15936	1.15877	1.15925	822	0	8
2025.11.18	03:00:00	1.15928	1.15955	1.15909	1.15920	932	0	8
2025.11.18	04:00:00	1.15919	1.16035	1.15884	1.15991	1599	0	8
2025.11.18	05:00:00	1.15990	1.16000	1.15948	1.15975	981	0	8
2025.11.18	06:00:00	1.15974	1.16008	1.15928	1.15939	1257	0	8
2025.11.18	07:00:00	1.15938	1.15994	1.15906	1.15907	2202	0	8
2025.11.18	08:00:00	1.15906	1.16060	1.15894	1.15915	2755	0	8
2025.11.18	09:00:00	1.15914	1.15952	1.15869	1.15889	2179	0	8
2025.11.18	10:00:00	1.15891	1.15906	1.15790	1.15815	1815	0	8
2025.11.18	11:00:00	1.15815	1.15881	1.15797	1.15842	1548	0	8
2025.11.18	12:00:00	1.15844	1.15924	1.15827	1.15916	1881	0	8
2025.11.18	13:00:00	1.15918	1.16018	1.15877	1.15965	3344	0	8
2025.11.18	14:00:00	1.15967	1.16018	1.15927	1.15997	2553	0	8
2025.11.18	15:00:00	1.15999	1.16076	1.15814	1.15817	3278	0	8
2025.11.18	16:00:00	1.15819	1.15836	1.15722	1.15789	3215	0	8
2025.11.18	17:00:00	1.15788	1.15803	1.15711	1.15753	1896	0	8
2025.11.18	18:00:00	1.15755	1.15853	1.15746	1.15818	1677	0	8
2025.11.18	19:00:00	1.15816	1.15867	1.15800	1.15851	1194	0	8
2025.11.18	20:00:00	1.15850	1.15865	1.15784	1.15803	1195	0	8
2025.11.18	21:00:00	1.15803	1.15832	1.15778	1.15787	790	0	8
2025.11.18	22:00:00	1.15785	1.15809	1.15757	1.15771	403	0	20
2025.11.18	23:00:00	1.15774	1.15815	1.15774	1.15799	652	0	8
2025.11.19	00:00:00	1.15799	1.15839	1.15782	1.15818	1215	0	8
2025.11.19	01:00:00	1.15818	1.15845	1.15757	1.15766	1263	0	8
2025.11.19	02:00:00	1.15765	1.15813	1.15722	1.15787	1181	0	8
2025.11.19	03:00:00	1.15786	1.15837	1.15766	1.15835	982	0	8
2025.11.19	04:00:00	1.15834	1.15838	1.15773	1.15838	903	0	8
2025.11.19	05:00:00	1.15838	1.15904	1.15829	1.15887	1130	0	8
2025.11.19	06:00:00	1.15886	1.15913	1.15860	1.15866	1042	0	8
2025.11.19	07:00:00	1.15867	1.15969	1.15770	1.15812	2518	0	8
2025.11.19	08:00:00	1.15814	1.15888	1.15707	1.15731	2874	0	8
2025.11.19	09:00:00	1.15729	1.15801	1.15652	1.15729	2488	0	8
2025.11.19	10:00:00	1.15728	1.15770	1.15674	1.15690	2413	0	8
2025.11.19	11:00:00	1.15688	1.15871	1.15681	1.15859	2506	0	8
2025.11.19	12:00:00	1.15859	1.15890	1.15757	1.15779	1936	0	8
2025.11.19	13:00:00	1.15780	1.15905	1.15705	1.15725	2409	0	8
2025.11.19	14:00:00	1.15726	1.15737	1.15545	1.15548	3316	0	8
2025.11.19	15:00:00	1.15548	1.15562	1.15401	1.15464	3324	0	8
2025.11.19	16:00:00	1.15462	1.15473	1.15344	1.15390	2600	0	8
2025.11.19	17:00:00	1.15393	1.15421	1.15256	1.15325	2549	0	8
2025.11.19	18:00:00	1.15328	1.15370	1.15288	1.15295	1625	0	8
2025.11.19	19:00:00	1.15295	1.15309	1.15173	1.15208	2830	0	8
2025.11.19	20:00:00	1.15208	1.15283	1.15197	1.15259	1428	0	8
2025.11.19	21:00:00	1.15258	1.15382	1.15227	1.15360	1262	0	8
2025.11.19	22:00:00	1.15362	1.15378	1.15352	1.15377	276	0	8
2025.11.19	23:00:00	1.15379	1.15416	1.15359	1.15391	906	0	8
2025.11.20	00:00:00	1.15391	1.15391	1.15285	1.15340	1574	0	8
2025.11.20	01:00:00	1.15340	1.15351	1.15221	1.15225	1578	0	8
2025.11.20	02:00:00	1.15225	1.15234	1.15149	1.15199	1413	0	8
2025.11.20	03:00:00	1.15199	1.15220	1.15098	1.15139	1372	0	8
2025.11.20	04:00:00	1.15138	1.15202	1.15126	1.15192	876	0	8
2025.11.20	05:00:00	1.15190	1.15193	1.15137	1.15152	1061	0	8
2025.11.20	06:00:00	1.15151	1.15229	1.15133	1.15195	1547	0	8
2025.11.20	07:00:00	1.15195	1.15226	1.15146	1.15192	2163	0	8
2025.11.20	08:00:00	1.15191	1.15228	1.15111	1.15205	2312	0	8
2025.11.20	09:00:00	1.15205	1.15273	1.15167	1.15269	1914	0	8
2025.11.20	10:00:00	1.15272	1.15291	1.15239	1.15268	1719	0	8
2025.11.20	11:00:00	1.15269	1.15269	1.15127	1.15140	1829	0	8
2025.11.20	12:00:00	1.15139	1.15165	1.15068	1.15106	1802	0	8
2025.11.20	13:00:00	1.15106	1.15393	1.15008	1.15275	6770	0	8
2025.11.20	14:00:00	1.15273	1.15499	1.15228	1.15345	5667	0	8
2025.11.20	15:00:00	1.15344	1.15366	1.15196	1.15271	3434	0	8
2025.11.20	16:00:00	1.15271	1.15408	1.15271	1.15334	3139	0	8
2025.11.20	17:00:00	1.15336	1.15377	1.15244	1.15284	2898	0	8
2025.11.20	18:00:00	1.15283	1.15363	1.15263	1.15361	1815	0	8
2025.11.20	19:00:00	1.15361	1.15404	1.15350	1.15377	1322	0	8
2025.11.20	20:00:00	1.15379	1.15383	1.15257	1.15260	1250	0	8
2025.11.20	21:00:00	1.15261	1.15283	1.15237	1.15277	912	0	8
2025.11.20	22:00:00	1.15276	1.15283	1.15249	1.15283	383	0	8
2025.11.20	23:00:00	1.15282	1.15342	1.15231	1.15332	1055	0	8
2025.11.21	00:00:00	1.15332	1.15357	1.15281	1.15348	1176	0	8
2025.11.21	01:00:00	1.15346	1.15378	1.15318	1.15321	1375	0	8
2025.11.21	02:00:00	1.15321	1.15385	1.15320	1.15355	1078	0	8
2025.11.21	03:00:00	1.15355	1.15374	1.15330	1.15359	969	0	8
2025.11.21	04:00:00	1.15360	1.15416	1.15356	1.15384	1127	0	8
2025.11.21	05:00:00	1.15385	1.15416	1.15343	1.15347	999	0	8
2025.11.21	06:00:00	1.15349	1.15464	1.15348	1.15412	1537	0	8
2025.11.21	07:00:00	1.15410	1.15474	1.15383	1.15412	2422	0	8
2025.11.21	08:00:00	1.15411	1.15522	1.15336	1.15407	3500	0	8
2025.11.21	09:00:00	1.15407	1.15426	1.15246	1.15248	2569	0	8
2025.11.21	10:00:00	1.15246	1.15268	1.15121	1.15196	2983	0	8
2025.11.21	11:00:00	1.15197	1.15225	1.15041	1.15057	2320	0	8
2025.11.21	12:00:00	1.15055	1.15256	1.14963	1.15242	5197	0	8
2025.11.21	13:00:00	1.15241	1.15267	1.15152	1.15203	2951	0	8
2025.11.21	14:00:00	1.15202	1.15229	1.15051	1.15136	3647	0	8
2025.11.21	15:00:00	1.15138	1.15230	1.14986	1.15027	4042	0	8
2025.11.21	16:00:00	1.15026	1.15049	1.14907	1.15046	3065	0	8
2025.11.21	17:00:00	1.15046	1.15125	1.15002	1.15070	2438	0	8
2025.11.21	18:00:00	1.15071	1.15080	1.15017	1.15040	1766	0	8
2025.11.21	19:00:00	1.15042	1.15173	1.15037	1.15127	1447	0	8
2025.11.21	20:00:00	1.15128	1.15175	1.15087	1.15170	1311	0	8
2025.11.21	21:00:00	1.15169	1.15205	1.15125	1.15139	1099	0	8
2025.11.23	22:00:00	1.15122	1.15123	1.15051	1.15123	350	0	20
2025.11.23	23:00:00	1.15129	1.15145	1.15058	1.15070	1085	0	8
2025.11.24	00:00:00	1.15070	1.15080	1.15016	1.15066	816	0	8
2025.11.24	01:00:00	1.15066	1.15125	1.15045	1.15101	1033	0	8
2025.11.24	02:00:00	1.15101	1.15180	1.15099	1.15155	1043	0	8
2025.11.24	03:00:00	1.15155	1.15187	1.15129	1.15157	854	0	8
2025.11.24	04:00:00	1.15156	1.15214	1.15153	1.15204	704	0	8
2025.11.24	05:00:00	1.15203	1.15278	1.15203	1.15222	1175	0	8
2025.11.24	06:00:00	1.15220	1.15266	1.15198	1.15203	1078	0	8
2025.11.24	07:00:00	1.15203	1.15220	1.15108	1.15114	1953	0	8
2025.11.24	08:00:00	1.15116	1.15340	1.15094	1.15275	2780	0	8
2025.11.24	09:00:00	1.15275	1.15340	1.15242	1.15295	2240	0	8
2025.11.24	10:00:00	1.15294	1.15417	1.15294	1.15406	2197	0	8
2025.11.24	11:00:00	1.15404	1.15468	1.15357	1.15448	1648	0	8
2025.11.24	12:00:00	1.15448	1.15500	1.15360	1.15472	2113	0	8
2025.11.24	13:00:00	1.15472	1.15495	1.15369	1.15384	2357	0	8
2025.11.24	14:00:00	1.15382	1.15408	1.15257	1.15268	2965	0	8
2025.11.24	15:00:00	1.15266	1.15296	1.15165	1.15288	2893	0	8
2025.11.24	16:00:00	1.15287	1.15306	1.15169	1.15172	1806	0	8
2025.11.24	17:00:00	1.15174	1.15194	1.15113	1.15178	1837	0	8
2025.11.24	18:00:00	1.15177	1.15279	1.15167	1.15274	1329	0	8
2025.11.24	19:00:00	1.15274	1.15287	1.15228	1.15273	1252	0	8
2025.11.24	20:00:00	1.15276	1.15280	1.15216	1.15221	1148	0	8
2025.11.24	21:00:00	1.15222	1.15230	1.15182	1.15183	568	0	8
2025.11.24	22:00:00	1.15183	1.15247	1.15182	1.15244	422	0	20
2025.11.24	23:00:00	1.15251	1.15251	1.15184	1.15201	671	0	8
2025.11.25	00:00:00	1.15201	1.15230	1.15186	1.15229	925	0	8
2025.11.25	01:00:00	1.15227	1.15296	1.15216	1.15254	1283	0	8
2025.11.25	02:00:00	1.15254	1.15280	1.15220	1.15280	958	0	8
2025.11.25	03:00:00	1.15281	1.15299	1.15168	1.15176	1111	0	8
2025.11.25	04:00:00	1.15176	1.15176	1.15139	1.15147	779	0	8
2025.11.25	05:00:00	1.15147	1.15179	1.15113	1.15163	869	0	8
2025.11.25	06:00:00	1.15162	1.15212	1.15143	1.15181	1237	0	8
2025.11.25	07:00:00	1.15179	1.15300	1.15173	1.15225	2090	0	8
2025.11.25	08:00:00	1.15226	1.15332	1.15204	1.15281	2373	0	8
2025.11.25	09:00:00	1.15284	1.15363	1.15268	1.15338	2076	0	8
2025.11.25	10:00:00	1.15337	1.15406	1.15318	1.15385	1888	0	8
2025.11.25	11:00:00	1.15385	1.15386	1.15243	1.15266	1526	0	8
2025.11.25	12:00:00	1.15265	1.15564	1.15249	1.15441	3912	0	8
2025.11.25	13:00:00	1.15443	1.15623	1.15423	1.15580	4885	0	8
2025.11.25	14:00:00	1.15580	1.15716	1.15520	1.15662	3900	0	8
2025.11.25	15:00:00	1.15660	1.15837	1.15615	1.15621	3522	0	8
2025.11.25	16:00:00	1.15623	1.15714	1.15501	1.15526	2341	0	8
2025.11.25	17:00:00	1.15525	1.15834	1.15516	1.15820	5091	0	8
2025.11.25	18:00:00	1.15818	1.15855	1.15764	1.15793	2703	0	8
2025.11.25	19:00:00	1.15793	1.15853	1.15737	1.15834	1542	0	8
2025.11.25	20:00:00	1.15833	1.15841	1.15579	1.15649	2061	0	8
2025.11.25	21:00:00	1.15647	1.15719	1.15641	1.15685	924	0	8
2025.11.25	22:00:00	1.15684	1.15695	1.15661	1.15695	401	0	20
2025.11.25	23:00:00	1.15700	1.15727	1.15638	1.15643	688	0	8
2025.11.26	00:00:00	1.15644	1.15722	1.15631	1.15679	1570	0	8
2025.11.26	01:00:00	1.15680	1.15826	1.15651	1.15770	2340	0	8
2025.11.26	02:00:00	1.15771	1.15863	1.15743	1.15815	1917	0	8
2025.11.26	03:00:00	1.15816	1.15913	1.15805	1.15901	1438	0	8
2025.11.26	04:00:00	1.15902	1.15912	1.15820	1.15832	1080	0	8
2025.11.26	05:00:00	1.15835	1.15908	1.15822	1.15903	1223	0	8
2025.11.26	06:00:00	1.15904	1.15955	1.15836	1.15859	1718	0	8
2025.11.26	07:00:00	1.15861	1.15919	1.15747	1.15791	2365	0	8
2025.11.26	08:00:00	1.15792	1.15806	1.15655	1.15713	2517	0	8
2025.11.26	09:00:00	1.15715	1.15794	1.15678	1.15717	2355	0	8
2025.11.26	10:00:00	1.15717	1.15776	1.15679	1.15733	1872	0	8
2025.11.26	11:00:00	1.15732	1.15805	1.15678	1.15739	2922	0	8
2025.11.26	12:00:00	1.15736	1.15796	1.15687	1.15721	4343	0	8
2025.11.26	13:00:00	1.15722	1.15837	1.15479	1.15521	6246	0	8
2025.11.26	14:00:00	1.15521	1.15815	1.15466	1.15783	4017	0	8
2025.11.26	15:00:00	1.15781	1.15944	1.15776	1.15890	3861	0	8
2025.11.26	16:00:00	1.15892	1.16005	1.15885	1.15898	2700	0	8
2025.11.26	17:00:00	1.15898	1.15934	1.15847	1.15927	2369	0	8
2025.11.26	18:00:00	1.15927	1.15960	1.15888	1.15929	1491	0	8
2025.11.26	19:00:00	1.15929	1.15959	1.15901	1.15932	1203	0	8
2025.11.26	20:00:00	1.15931	1.15969	1.15918	1.15940	1041	0	8
2025.11.26	21:00:00	1.15939	1.15970	1.15931	1.15939	742	0	8
2025.11.26	22:00:00	1.15946	1.15959	1.15933	1.15957	516	0	8
2025.11.26	23:00:00	1.15958	1.16017	1.15952	1.16016	771	0	8
2025.11.27	00:00:00	1.16016	1.16046	1.15996	1.16020	1049	0	8
2025.11.27	01:00:00	1.16020	1.16122	1.16002	1.16088	1813	0	8
2025.11.27	02:00:00	1.16090	1.16129	1.16002	1.16036	1497	0	8
2025.11.27	03:00:00	1.16035	1.16062	1.15997	1.16017	1140	0	8
2025.11.27	04:00:00	1.16017	1.16049	1.15998	1.16008	947	0	8
2025.11.27	05:00:00	1.16006	1.16059	1.16004	1.16020	1258	0	8
2025.11.27	06:00:00	1.16022	1.16049	1.15910	1.15923	1534	0	8
2025.11.27	07:00:00	1.15923	1.15935	1.15855	1.15912	1497	0	8
2025.11.27	08:00:00	1.15914	1.15953	1.15863	1.15925	2042	0	8
2025.11.27	09:00:00	1.15923	1.15935	1.15762	1.15773	2034	0	8
2025.11.27	10:00:00	1.15775	1.15846	1.15766	1.15834	1419	0	8
2025.11.27	11:00:00	1.15834	1.15871	1.15783	1.15859	1620	0	8
2025.11.27	12:00:00	1.15861	1.15901	1.15817	1.15829	1421	0	8
2025.11.27	13:00:00	1.15827	1.15965	1.15827	1.15946	1949	0	8
2025.11.27	14:00:00	1.15945	1.15976	1.15899	1.15948	1671	0	8
2025.11.27	15:00:00	1.15945	1.15992	1.15918	1.15938	1511	0	8
2025.11.27	16:00:00	1.15940	1.16000	1.15918	1.15988	1147	0	8
2025.11.27	17:00:00	1.15988	1.16011	1.15913	1.15947	822	0	8
2025.11.27	18:00:00	1.15947	1.15953	1.15909	1.15916	475	0	8
2025.11.27	19:00:00	1.15916	1.15958	1.15915	1.15949	412	0	8
2025.11.27	20:00:00	1.15949	1.15960	1.15939	1.15944	363	0	8
2025.11.27	21:00:00	1.15944	1.15967	1.15926	1.15926	389	0	8
2025.11.27	22:00:00	1.15927	1.15960	1.15925	1.15960	264	0	8
2025.11.27	23:00:00	1.15961	1.16011	1.15951	1.15992	564	0	8
2025.11.28	00:00:00	1.15992	1.16016	1.15917	1.15938	1445	0	8
2025.11.28	01:00:00	1.15938	1.15983	1.15814	1.15828	1398	0	8
2025.11.28	02:00:00	1.15830	1.15877	1.15806	1.15840	3090	0	8
2025.11.28	03:00:00	1.15842	1.15906	1.15814	1.15869	5173	0	8
2025.11.28	04:00:00	1.15871	1.15916	1.15858	1.15889	2921	0	8
2025.11.28	05:00:00	1.15888	1.15929	1.15818	1.15880	3383	0	16
2025.11.28	06:00:00	1.15882	1.15898	1.15807	1.15825	3594	0	16
2025.11.28	07:00:00	1.15829	1.15888	1.15751	1.15792	3378	0	8
2025.11.28	08:00:00	1.15795	1.15814	1.15665	1.15700	3215	0	8
2025.11.28	09:00:00	1.15699	1.15796	1.15668	1.15686	6850	0	8
2025.11.28	10:00:00	1.15688	1.15691	1.15544	1.15585	2030	0	16
2025.11.28	11:00:00	1.15589	1.15679	1.15551	1.15672	1749	0	16
2025.11.28	12:00:00	1.15671	1.15717	1.15607	1.15658	2170	0	16
2025.11.28	13:00:00	1.15657	1.15769	1.15619	1.15732	2930	0	16
2025.11.28	14:00:00	1.15735	1.15837	1.15701	1.15830	1940	0	24
2025.11.28	15:00:00	1.15828	1.16060	1.15777	1.16057	2310	0	24
2025.11.28	16:00:00	1.16059	1.16059	1.15919	1.15975	2177	0	24
2025.11.28	17:00:00	1.15974	1.16029	1.15925	1.16010	1404	0	24
2025.11.28	18:00:00	1.16010	1.16031	1.15950	1.15998	1077	0	24
2025.11.28	19:00:00	1.15996	1.16023	1.15993	1.16003	677	0	32
2025.11.28	20:00:00	1.16003	1.16027	1.15978	1.15980	592	0	32
2025.11.28	21:00:00	1.15979	1.16010	1.15942	1.15946	608	0	49
2025.11.30	22:00:00	1.15907	1.15957	1.15893	1.15956	579	0	48
2025.11.30	23:00:00	1.15974	1.16075	1.15953	1.16004	1342	0	8
2025.12.01	00:00:00	1.16006	1.16067	1.15974	1.16028	1797	0	8
2025.12.01	01:00:00	1.16027	1.16153	1.16002	1.16047	2547	0	8
2025.12.01	02:00:00	1.16047	1.16055	1.15926	1.15946	1616	0	8
2025.12.01	03:00:00	1.15944	1.15972	1.15892	1.15967	1065	0	8
2025.12.01	04:00:00	1.15967	1.16021	1.15942	1.15981	1016	0	8
2025.12.01	05:00:00	1.15981	1.16011	1.15944	1.15974	1174	0	8
2025.12.01	06:00:00	1.15972	1.15986	1.15902	1.15959	1768	0	8
2025.12.01	07:00:00	1.15962	1.16124	1.15952	1.16066	2077	0	8
2025.12.01	08:00:00	1.16065	1.16214	1.16039	1.16126	3016	0	8
2025.12.01	09:00:00	1.16128	1.16231	1.16128	1.16219	2525	0	8
2025.12.01	10:00:00	1.16218	1.16281	1.16188	1.16272	2108	0	8
2025.12.01	11:00:00	1.16271	1.16319	1.16239	1.16274	1696	0	8
2025.12.01	12:00:00	1.16276	1.16485	1.16261	1.16483	2157	0	8
2025.12.01	13:00:00	1.16483	1.16520	1.16391	1.16445	2826	0	8
2025.12.01	14:00:00	1.16442	1.16447	1.16300	1.16322	3393	0	8
2025.12.01	15:00:00	1.16328	1.16402	1.16224	1.16283	3360	0	8
2025.12.01	16:00:00	1.16283	1.16339	1.16208	1.16226	2457	0	8
2025.12.01	17:00:00	1.16225	1.16284	1.16175	1.16204	1568	0	8
2025.12.01	18:00:00	1.16205	1.16231	1.16113	1.16117	1464	0	8
2025.12.01	19:00:00	1.16115	1.16120	1.16069	1.16084	1149	0	8
2025.12.01	20:00:00	1.16082	1.16099	1.16063	1.16091	823	0	8
2025.12.01	21:00:00	1.16091	1.16106	1.16071	1.16084	541	0	8
2025.12.01	22:00:00	1.16085	1.16086	1.16055	1.16085	479	0	8
2025.12.01	23:00:00	1.16086	1.16100	1.16063	1.16065	386	0	8
2025.12.02	00:00:00	1.16067	1.16092	1.16037	1.16054	761	0	8
2025.12.02	01:00:00	1.16054	1.16108	1.16035	1.16089	1060	0	8
2025.12.02	02:00:00	1.16089	1.16118	1.16084	1.16113	689	0	8
2025.12.02	03:00:00	1.16115	1.16125	1.16085	1.16119	756	0	8
2025.12.02	04:00:00	1.16119	1.16137	1.16086	1.16087	652	0	8
2025.12.02	05:00:00	1.16086	1.16108	1.16068	1.16098	641	0	8
2025.12.02	06:00:00	1.16097	1.16109	1.16046	1.16092	956	0	8
2025.12.02	07:00:00	1.16092	1.16160	1.16082	1.16125	1561	0	8
2025.12.02	08:00:00	1.16124	1.16160	1.16086	1.16101	1911	0	8
2025.12.02	09:00:00	1.16102	1.16139	1.16019	1.16100	1822	0	8
2025.12.02	10:00:00	1.16100	1.16118	1.15980	1.16062	1956	0	8
2025.12.02	11:00:00	1.16061	1.16126	1.16030	1.16112	1430	0	8
2025.12.02	12:00:00	1.16112	1.16191	1.16070	1.16174	1661	0	8
2025.12.02	13:00:00	1.16173	1.16190	1.16108	1.16173	1800	0	8
2025.12.02	14:00:00	1.16175	1.16228	1.16127	1.16173	2675	0	8
2025.12.02	15:00:00	1.16173	1.16184	1.15928	1.16055	3405	0	8
2025.12.02	16:00:00	1.16057	1.16095	1.15910	1.15953	2699	0	8
2025.12.02	17:00:00	1.15953	1.16075	1.15925	1.16068	1874	0	8
2025.12.02	18:00:00	1.16068	1.16130	1.16053	1.16085	1296	0	8
2025.12.02	19:00:00	1.16087	1.16246	1.16084	1.16202	1408	0	8
2025.12.02	20:00:00	1.16204	1.16254	1.16193	1.16241	1277	0	8
2025.12.02	21:00:00	1.16242	1.16253	1.16208	1.16230	729	0	8
2025.12.02	22:00:00	1.16225	1.16244	1.16178	1.16232	510	0	20
2025.12.02	23:00:00	1.16238	1.16287	1.16238	1.16278	572	0	8
2025.12.03	00:00:00	1.16278	1.16326	1.16274	1.16305	1042	0	8
2025.12.03	01:00:00	1.16305	1.16371	1.16302	1.16365	1024	0	8
2025.12.03	02:00:00	1.16365	1.16384	1.16349	1.16376	704	0	8
2025.12.03	03:00:00	1.16376	1.16386	1.16365	1.16373	519	0	8
2025.12.03	04:00:00	1.16372	1.16417	1.16356	1.16407	562	0	8
2025.12.03	05:00:00	1.16407	1.16433	1.16404	1.16421	707	0	8
2025.12.03	06:00:00	1.16422	1.16474	1.16414	1.16424	1032	0	8
2025.12.03	07:00:00	1.16426	1.16524	1.16391	1.16409	1921	0	8
2025.12.03	08:00:00	1.16409	1.16453	1.16356	1.16435	1952	0	8
2025.12.03	09:00:00	1.16436	1.16475	1.16396	1.16453	2043	0	8
2025.12.03	10:00:00	1.16454	1.16634	1.16444	1.16601	1948	0	8
2025.12.03	11:00:00	1.16601	1.16656	1.16547	1.16650	1426	0	8
2025.12.03	12:00:00	1.16650	1.16690	1.16618	1.16627	1567	0	8
2025.12.03	13:00:00	1.16626	1.16749	1.16615	1.16660	2773	0	8
2025.12.03	14:00:00	1.16661	1.16667	1.16553	1.16620	3171	0	8
2025.12.03	15:00:00	1.16618	1.16677	1.16542	1.16593	3996	0	8
2025.12.03	16:00:00	1.16593	1.16659	1.16582	1.16593	2509	0	8
2025.12.03	17:00:00	1.16593	1.16704	1.16573	1.16680	1589	0	8
2025.12.03	18:00:00	1.16681	1.16752	1.16678	1.16713	1406	0	8
2025.12.03	19:00:00	1.16713	1.16775	1.16707	1.16722	976	0	8
2025.12.03	20:00:00	1.16720	1.16727	1.16647	1.16654	897	0	8
2025.12.03	21:00:00	1.16655	1.16712	1.16639	1.16696	644	0	8
2025.12.03	22:00:00	1.16681	1.16718	1.16681	1.16703	501	0	20
2025.12.03	23:00:00	1.16702	1.16721	1.16633	1.16659	610	0	8
2025.12.04	00:00:00	1.16659	1.16671	1.16590	1.16625	1010	0	8
2025.12.04	01:00:00	1.16625	1.16646	1.16587	1.16629	1121	0	8
2025.12.04	02:00:00	1.16627	1.16637	1.16587	1.16599	869	0	8
2025.12.04	03:00:00	1.16599	1.16601	1.16531	1.16556	768	0	8
2025.12.04	04:00:00	1.16556	1.16582	1.16551	1.16568	668	0	8
2025.12.04	05:00:00	1.16567	1.16616	1.16558	1.16594	1103	0	8
2025.12.04	06:00:00	1.16595	1.16595	1.16528	1.16577	1090	0	8
2025.12.04	07:00:00	1.16578	1.16648	1.16548	1.16648	1465	0	8
2025.12.04	08:00:00	1.16650	1.16816	1.16630	1.16765	2410	0	8
2025.12.04	09:00:00	1.16764	1.16800	1.16731	1.16771	1986	0	8
2025.12.04	10:00:00	1.16771	1.16794	1.16633	1.16662	1712	0	8
2025.12.04	11:00:00	1.16662	1.16803	1.16650	1.16799	1659	0	8
2025.12.04	12:00:00	1.16799	1.16805	1.16652	1.16698	1861	0	8
2025.12.04	13:00:00	1.16700	1.16709	1.16519	1.16645	3110	0	8
2025.12.04	14:00:00	1.16647	1.16764	1.16641	1.16698	2858	0	8
2025.12.04	15:00:00	1.16695	1.16743	1.16578	1.16728	2678	0	8
2025.12.04	16:00:00	1.16729	1.16730	1.16533	1.16586	2114	0	8
2025.12.04	17:00:00	1.16586	1.16595	1.16526	1.16558	1324	0	8
2025.12.04	18:00:00	1.16557	1.16596	1.16532	1.16540	1271	0	8
2025.12.04	19:00:00	1.16538	1.16553	1.16499	1.16524	1161	0	8
2025.12.04	20:00:00	1.16521	1.16521	1.16407	1.16438	1313	0	8
2025.12.04	21:00:00	1.16438	1.16455	1.16406	1.16427	647	0	8
2025.12.04	22:00:00	1.16426	1.16441	1.16414	1.16438	420	0	8
2025.12.04	23:00:00	1.16443	1.16449	1.16405	1.16431	574	0	8
2025.12.05	00:00:00	1.16432	1.16496	1.16431	1.16495	883	0	8
2025.12.05	01:00:00	1.16495	1.16533	1.16493	1.16530	973	0	8
2025.12.05	02:00:00	1.16529	1.16539	1.16507	1.16516	696	0	8
2025.12.05	03:00:00	1.16514	1.16517	1.16460	1.16487	593	0	8
2025.12.05	04:00:00	1.16487	1.16538	1.16483	1.16532	780	0	8
2025.12.05	05:00:00	1.16531	1.16588	1.16526	1.16587	949	0	8
2025.12.05	06:00:00	1.16586	1.16611	1.16548	1.16589	1070	0	8
2025.12.05	07:00:00	1.16589	1.16714	1.16580	1.16628	1821	0	8
2025.12.05	08:00:00	1.16629	1.16639	1.16521	1.16536	2216	0	8
2025.12.05	09:00:00	1.16535	1.16552	1.16480	1.16540	1695	0	8
2025.12.05	10:00:00	1.16541	1.16566	1.16475	1.16508	1557	0	8
2025.12.05	11:00:00	1.16508	1.16520	1.16412	1.16461	1472	0	8
2025.12.05	12:00:00	1.16462	1.16529	1.16433	1.16513	1880	0	8
2025.12.05	13:00:00	1.16512	1.16534	1.16431	1.16513	2262	0	8
2025.12.05	14:00:00	1.16513	1.16598	1.16453	1.16501	2862	0	8
2025.12.05	15:00:00	1.16502	1.16585	1.16434	1.16479	3369	0	8
2025.12.05	16:00:00	1.16480	1.16488	1.16277	1.16340	2962	0	8
2025.12.05	17:00:00	1.16338	1.16436	1.16322	1.16436	1742	0	8
2025.12.05	18:00:00	1.16437	1.16480	1.16416	1.16421	1375	0	8
2025.12.05	19:00:00	1.16423	1.16437	1.16395	1.16425	1024	0	8
2025.12.05	20:00:00	1.16423	1.16442	1.16394	1.16438	953	0	8
2025.12.05	21:00:00	1.16437	1.16467	1.16399	1.16427	847	0	8
2025.12.07	22:00:00	1.16383	1.16433	1.16343	1.16429	451	0	48
2025.12.07	23:00:00	1.16454	1.16461	1.16390	1.16399	1050	0	8
2025.12.08	00:00:00	1.16401	1.16509	1.16391	1.16506	1379	0	8
2025.12.08	01:00:00	1.16506	1.16527	1.16454	1.16514	1352	0	8
2025.12.08	02:00:00	1.16515	1.16539	1.16484	1.16532	1067	0	8
2025.12.08	03:00:00	1.16532	1.16550	1.16495	1.16499	815	0	8
2025.12.08	04:00:00	1.16498	1.16549	1.16493	1.16541	680	0	8
2025.12.08	05:00:00	1.16542	1.16559	1.16521	1.16559	824	0	8
2025.12.08	06:00:00	1.16559	1.16716	1.16556	1.16604	2055	0	8
2025.12.08	07:00:00	1.16606	1.16676	1.16547	1.16577	1714	0	8
2025.12.08	08:00:00	1.16579	1.16621	1.16477	1.16555	2049	0	8
2025.12.08	09:00:00	1.16554	1.16572	1.16475	1.16484	1793	0	8
2025.12.08	10:00:00	1.16484	1.16552	1.16474	1.16503	1606	0	8
2025.12.08	11:00:00	1.16503	1.16532	1.16464	1.16502	1632	0	8
2025.12.08	12:00:00	1.16500	1.16534	1.16472	1.16528	1695	0	8
2025.12.08	13:00:00	1.16530	1.16571	1.16453	1.16480	2126	0	8
2025.12.08	14:00:00	1.16482	1.16543	1.16373	1.16400	2730	0	8
2025.12.08	15:00:00	1.16398	1.16398	1.16166	1.16248	3284	0	8
2025.12.08	16:00:00	1.16249	1.16282	1.16162	1.16247	2504	0	8
2025.12.08	17:00:00	1.16248	1.16388	1.16197	1.16386	1944	0	8
2025.12.08	18:00:00	1.16386	1.16416	1.16338	1.16369	1474	0	8
2025.12.08	19:00:00	1.16367	1.16413	1.16359	1.16389	1239	0	8
2025.12.08	20:00:00	1.16391	1.16415	1.16370	1.16380	913	0	8
2025.12.08	21:00:00	1.16381	1.16386	1.16342	1.16345	631	0	8
2025.12.08	22:00:00	1.16360	1.16361	1.16335	1.16358	376	0	8
2025.12.08	23:00:00	1.16359	1.16404	1.16357	1.16404	551	0	8
2025.12.09	00:00:00	1.16403	1.16425	1.16366	1.16380	779	0	8
2025.12.09	01:00:00	1.16382	1.16470	1.16358	1.16467	1103	0	8
2025.12.09	02:00:00	1.16468	1.16478	1.16435	1.16453	883	0	8
2025.12.09	03:00:00	1.16453	1.16486	1.16434	1.16451	912	0	8
2025.12.09	04:00:00	1.16451	1.16468	1.16433	1.16462	787	0	8
2025.12.09	05:00:00	1.16462	1.16499	1.16437	1.16484	877	0	8
2025.12.09	06:00:00	1.16483	1.16487	1.16417	1.16435	1292	0	8
2025.12.09	07:00:00	1.16437	1.16459	1.16379	1.16395	1467	0	8
2025.12.09	08:00:00	1.16397	1.16492	1.16332	1.16445	2106	0	8
2025.12.09	09:00:00	1.16446	1.16569	1.16433	1.16518	2118	0	8
2025.12.09	10:00:00	1.16518	1.16538	1.16401	1.16443	1694	0	8
2025.12.09	11:00:00	1.16444	1.16470	1.16376	1.16433	1701	0	8
2025.12.09	12:00:00	1.16432	1.16441	1.16340	1.16374	1812	0	8
2025.12.09	13:00:00	1.16374	1.16394	1.16287	1.16341	2627	0	8
2025.12.09	14:00:00	1.16343	1.16382	1.16277	1.16379	3487	0	8
2025.12.09	15:00:00	1.16375	1.16375	1.16148	1.16285	4221	0	8
2025.12.09	16:00:00	1.16286	1.16409	1.16284	1.16378	2235	0	8
2025.12.09	17:00:00	1.16381	1.16392	1.16217	1.16237	1840	0	8
2025.12.09	18:00:00	1.16237	1.16246	1.16166	1.16238	1517	0	8
2025.12.09	19:00:00	1.16240	1.16297	1.16218	1.16281	1160	0	8
2025.12.09	20:00:00	1.16282	1.16318	1.16262	1.16264	1025	0	8
2025.12.09	21:00:00	1.16264	1.16289	1.16234	1.16254	703	0	8
2025.12.09	22:00:00	1.16251	1.16271	1.16233	1.16263	446	0	20
2025.12.09	23:00:00	1.16268	1.16284	1.16246	1.16278	506	0	8
2025.12.10	00:00:00	1.16278	1.16287	1.16240	1.16259	914	0	8
2025.12.10	01:00:00	1.16260	1.16283	1.16222	1.16236	1080	0	8
2025.12.10	02:00:00	1.16234	1.16280	1.16230	1.16236	927	0	8
2025.12.10	03:00:00	1.16235	1.16268	1.16213	1.16260	885	0	8
2025.12.10	04:00:00	1.16262	1.16288	1.16247	1.16270	645	0	8
2025.12.10	05:00:00	1.16268	1.16306	1.16261	1.16292	780	0	8
2025.12.10	06:00:00	1.16292	1.16351	1.16283	1.16347	892	0	8
2025.12.10	07:00:00	1.16347	1.16491	1.16339	1.16476	1813	0	8
2025.12.10	08:00:00	1.16477	1.16573	1.16432	1.16521	2357	0	8
2025.12.10	09:00:00	1.16523	1.16528	1.16353	1.16360	2174	0	8
2025.12.10	10:00:00	1.16359	1.16393	1.16273	1.16341	2095	0	8
2025.12.10	11:00:00	1.16340	1.16380	1.16297	1.16346	1795	0	8
2025.12.10	12:00:00	1.16348	1.16418	1.16326	1.16391	1536	0	8
2025.12.10	13:00:00	1.16391	1.16417	1.16272	1.16397	2680	0	8
2025.12.10	14:00:00	1.16395	1.16446	1.16335	1.16429	3149	0	8
2025.12.10	15:00:00	1.16428	1.16509	1.16343	1.16415	2810	0	8
2025.12.10	16:00:00	1.16412	1.16495	1.16369	1.16495	1997	0	8
2025.12.10	17:00:00	1.16494	1.16599	1.16453	1.16583	1780	0	8
2025.12.10	18:00:00	1.16581	1.16606	1.16535	1.16554	1541	0	8
2025.12.10	19:00:00	1.16552	1.16809	1.16464	1.16778	15356	0	8
2025.12.10	20:00:00	1.16776	1.16993	1.16733	1.16936	5836	0	8
2025.12.10	21:00:00	1.16935	1.16950	1.16892	1.16948	1406	0	8
2025.12.10	22:00:00	1.16948	1.16948	1.16875	1.16923	848	0	8
2025.12.10	23:00:00	1.16944	1.17023	1.16942	1.17011	734	0	8
2025.12.11	00:00:00	1.17011	1.17044	1.16968	1.17016	1500	0	8
2025.12.11	01:00:00	1.17016	1.17071	1.17000	1.17014	1673	0	8
2025.12.11	02:00:00	1.17015	1.17057	1.16929	1.16936	1477	0	8
2025.12.11	03:00:00	1.16936	1.16973	1.16899	1.16904	1375	0	8
2025.12.11	04:00:00	1.16905	1.16914	1.16852	1.16898	975	0	8
2025.12.11	05:00:00	1.16898	1.16917	1.16845	1.16853	1066	0	8
2025.12.11	06:00:00	1.16855	1.16894	1.16819	1.16885	1273	0	8
2025.12.11	07:00:00	1.16888	1.17006	1.16871	1.16933	2043	0	8
2025.12.11	08:00:00	1.16933	1.17063	1.16933	1.16969	2404	0	8
2025.12.11	09:00:00	1.16971	1.17031	1.16870	1.17017	2366	0	8
2025.12.11	10:00:00	1.17018	1.17074	1.16984	1.17067	1973	0	8
2025.12.11	11:00:00	1.17066	1.17174	1.17056	1.17125	1831	0	8
2025.12.11	12:00:00	1.17124	1.17190	1.17095	1.17164	1988	0	8
2025.12.11	13:00:00	1.17166	1.17360	1.17130	1.17307	3503	0	8
2025.12.11	14:00:00	1.17305	1.17480	1.17298	1.17371	3420	0	8
2025.12.11	15:00:00	1.17372	1.17568	1.17316	1.17557	3444	0	8
2025.12.11	16:00:00	1.17557	1.17593	1.17459	1.17550	2735	0	8
2025.12.11	17:00:00	1.17549	1.17624	1.17494	1.17547	2352	0	8
2025.12.11	18:00:00	1.17546	1.17591	1.17507	1.17531	1602	0	8
2025.12.11	19:00:00	1.17531	1.17533	1.17401	1.17408	1589	0	8
2025.12.11	20:00:00	1.17408	1.17454	1.17363	1.17408	1432	0	8
2025.12.11	21:00:00	1.17407	1.17430	1.17356	1.17356	962	0	8
2025.12.11	22:00:00	1.17357	1.17394	1.17354	1.17394	401	0	8
2025.12.11	23:00:00	1.17394	1.17417	1.17369	1.17404	621	0	8
2025.12.12	00:00:00	1.17406	1.17442	1.17386	1.17402	1341	0	8
2025.12.12	01:00:00	1.17402	1.17459	1.17322	1.17346	1430	0	8
2025.12.12	02:00:00	1.17346	1.17374	1.17310	1.17357	1217	0	8
2025.12.12	03:00:00	1.17357	1.17372	1.17329	1.17339	724	0	8
2025.12.12	04:00:00	1.17339	1.17353	1.17310	1.17316	813	0	8
2025.12.12	05:00:00	1.17316	1.17390	1.17314	1.17384	833	0	8
2025.12.12	06:00:00	1.17384	1.17414	1.17335	1.17385	1235	0	8
2025.12.12	07:00:00	1.17382	1.17430	1.17353	1.17376	1902	0	8
2025.12.12	08:00:00	1.17377	1.17420	1.17278	1.17278	2605	0	8
2025.12.12	09:00:00	1.17276	1.17345	1.17266	1.17325	1905	0	8
2025.12.12	10:00:00	1.17325	1.17330	1.17241	1.17272	1638	0	8
2025.12.12	11:00:00	1.17272	1.17289	1.17221	1.17265	1375	0	8
2025.12.12	12:00:00	1.17265	1.17278	1.17192	1.17248	1650	0	8
2025.12.12	13:00:00	1.17247	1.17348	1.17234	1.17272	2307	0	8
2025.12.12	14:00:00	1.17271	1.17431	1.17228	1.17416	2960	0	8
2025.12.12	15:00:00	1.17415	1.17446	1.17291	1.17378	3286	0	8
2025.12.12	16:00:00	1.17377	1.17429	1.17259	1.17307	2698	0	8
2025.12.12	17:00:00	1.17307	1.17478	1.17295	1.17471	1826	0	8
2025.12.12	18:00:00	1.17472	1.17494	1.17403	1.17411	1502	0	8
2025.12.12	19:00:00	1.17413	1.17413	1.17350	1.17400	1349	0	8
2025.12.12	20:00:00	1.17399	1.17463	1.17366	1.17391	1776	0	8
2025.12.12	21:00:00	1.17389	1.17446	1.17380	1.17396	848	0	8
2025.12.14	22:00:00	1.17378	1.17378	1.17322	1.17351	486	0	48
2025.12.14	23:00:00	1.17364	1.17402	1.17352	1.17366	778	0	8
2025.12.15	00:00:00	1.17368	1.17368	1.17282	1.17328	1149	0	8
2025.12.15	01:00:00	1.17327	1.17421	1.17290	1.17409	1444	0	8
2025.12.15	02:00:00	1.17408	1.17445	1.17368	1.17409	1558	0	8
2025.12.15	03:00:00	1.17410	1.17445	1.17317	1.17340	1218	0	8
2025.12.15	04:00:00	1.17340	1.17355	1.17317	1.17321	917	0	8
2025.12.15	05:00:00	1.17322	1.17356	1.17318	1.17341	972	0	8
2025.12.15	06:00:00	1.17340	1.17361	1.17285	1.17350	1468	0	8
2025.12.15	07:00:00	1.17351	1.17379	1.17275	1.17281	1810	0	8
2025.12.15	08:00:00	1.17280	1.17384	1.17259	1.17311	2312	0	8
2025.12.15	09:00:00	1.17310	1.17432	1.17301	1.17429	1939	0	8
2025.12.15	10:00:00	1.17428	1.17465	1.17388	1.17425	1611	0	8
2025.12.15	11:00:00	1.17425	1.17496	1.17409	1.17484	1234	0	8
2025.12.15	12:00:00	1.17484	1.17589	1.17478	1.17525	1588	0	8
2025.12.15	13:00:00	1.17523	1.17595	1.17469	1.17472	2179	0	8
2025.12.15	14:00:00	1.17470	1.17638	1.17437	1.17631	2798	0	8
2025.12.15	15:00:00	1.17633	1.17685	1.17544	1.17625	4217	0	8
2025.12.15	16:00:00	1.17626	1.17642	1.17520	1.17552	2674	0	8
2025.12.15	17:00:00	1.17551	1.17554	1.17444	1.17456	1764	0	8
2025.12.15	18:00:00	1.17456	1.17480	1.17389	1.17430	1416	0	8
2025.12.15	19:00:00	1.17429	1.17495	1.17380	1.17483	999	0	8
2025.12.15	20:00:00	1.17482	1.17515	1.17471	1.17508	961	0	8
2025.12.15	21:00:00	1.17506	1.17531	1.17485	1.17523	731	0	8
2025.12.15	22:00:00	1.17524	1.17531	1.17483	1.17509	587	0	20
2025.12.15	23:00:00	1.17512	1.17554	1.17512	1.17530	515	0	8
2025.12.16	00:00:00	1.17530	1.17576	1.17479	1.17495	1075	0	8
2025.12.16	01:00:00	1.17495	1.17549	1.17464	1.17515	1559	0	8
2025.12.16	02:00:00	1.17515	1.17562	1.17496	1.17551	1130	0	8
2025.12.16	03:00:00	1.17552	1.17588	1.17499	1.17515	1077	0	8
2025.12.16	04:00:00	1.17515	1.17535	1.17496	1.17507	695	0	8
2025.12.16	05:00:00	1.17507	1.17538	1.17488	1.17501	993	0	8
2025.12.16	06:00:00	1.17500	1.17533	1.17463	1.17524	1145	0	8
2025.12.16	07:00:00	1.17521	1.17540	1.17440	1.17519	1789	0	8
2025.12.16	08:00:00	1.17521	1.17636	1.17463	1.17540	2604	0	8
2025.12.16	09:00:00	1.17539	1.17615	1.17498	1.17558	2280	0	8
2025.12.16	10:00:00	1.17558	1.17614	1.17533	1.17569	1972	0	8
2025.12.16	11:00:00	1.17568	1.17629	1.17514	1.17627	1406	0	8
2025.12.16	12:00:00	1.17629	1.17779	1.17603	1.17774	1889	0	8
2025.12.16	13:00:00	1.17776	1.17943	1.17567	1.17753	7624	0	8
2025.12.16	14:00:00	1.17751	1.17995	1.17686	1.17991	4833	0	8
2025.12.16	15:00:00	1.17992	1.18038	1.17671	1.17698	4448	0	8
2025.12.16	16:00:00	1.17700	1.17755	1.17608	1.17686	3017	0	8
2025.12.16	17:00:00	1.17688	1.17775	1.17621	1.17637	2079	0	8
2025.12.16	18:00:00	1.17637	1.17637	1.17448	1.17527	2266	0	8
2025.12.16	19:00:00	1.17525	1.17620	1.17343	1.17573	2982	0	8
2025.12.16	20:00:00	1.17571	1.17625	1.17461	1.17476	1889	0	8
2025.12.16	21:00:00	1.17473	1.17509	1.17455	1.17465	948	0	8
2025.12.16	22:00:00	1.17463	1.17481	1.17442	1.17481	380	0	8
2025.12.16	23:00:00	1.17481	1.17509	1.17481	1.17489	443	0	8
2025.12.17	00:00:00	1.17490	1.17513	1.17449	1.17500	917	0	8
2025.12.17	01:00:00	1.17500	1.17520	1.17447	1.17470	1335	0	8
2025.12.17	02:00:00	1.17470	1.17477	1.17370	1.17396	1384	0	8
2025.12.17	03:00:00	1.17397	1.17403	1.17366	1.17387	923	0	8
2025.12.17	04:00:00	1.17387	1.17393	1.17274	1.17294	1096	0	8
2025.12.17	05:00:00	1.17294	1.17307	1.17246	1.17288	1190	0	8
2025.12.17	06:00:00	1.17289	1.17305	1.17062	1.17095	1833	0	8
2025.12.17	07:00:00	1.17096	1.17131	1.17028	1.17126	3447	0	8
2025.12.17	08:00:00	1.17126	1.17206	1.17056	1.17182	2659	0	8
2025.12.17	09:00:00	1.17182	1.17204	1.17111	1.17156	2245	0	8
2025.12.17	10:00:00	1.17157	1.17249	1.17125	1.17247	1986	0	8
2025.12.17	11:00:00	1.17250	1.17269	1.17075	1.17090	2008	0	8
2025.12.17	12:00:00	1.17091	1.17271	1.17080	1.17261	2106	0	8
2025.12.17	13:00:00	1.17262	1.17329	1.17194	1.17315	3340	0	8
2025.12.17	14:00:00	1.17314	1.17439	1.17279	1.17408	2953	0	8
2025.12.17	15:00:00	1.17408	1.17577	1.17398	1.17527	3621	0	8
2025.12.17	16:00:00	1.17524	1.17560	1.17451	1.17468	2811	0	8
2025.12.17	17:00:00	1.17469	1.17543	1.17453	1.17489	1859	0	8
2025.12.17	18:00:00	1.17489	1.17553	1.17421	1.17436	1743	0	8
2025.12.17	19:00:00	1.17436	1.17471	1.17412	1.17446	1317	0	8
2025.12.17	20:00:00	1.17445	1.17459	1.17382	1.17395	1078	0	8
2025.12.17	21:00:00	1.17394	1.17412	1.17383	1.17386	665	0	8
2025.12.17	22:00:00	1.17386	1.17415	1.17370	1.17385	405	0	20
2025.12.17	23:00:00	1.17393	1.17431	1.17393	1.17414	472	0	8
2025.12.18	00:00:00	1.17414	1.17455	1.17399	1.17438	949	0	8
2025.12.18	01:00:00	1.17438	1.17451	1.17348	1.17380	1469	0	8
2025.12.18	02:00:00	1.17380	1.17424	1.17363	1.17404	1238	0	8
2025.12.18	03:00:00	1.17404	1.17417	1.17372	1.17389	867	0	8
2025.12.18	04:00:00	1.17389	1.17426	1.17380	1.17425	695	0	8
2025.12.18	05:00:00	1.17424	1.17464	1.17407	1.17457	936	0	8
2025.12.18	06:00:00	1.17457	1.17468	1.17385	1.17437	1322	0	8
2025.12.18	07:00:00	1.17437	1.17493	1.17333	1.17334	2029	0	8
2025.12.18	08:00:00	1.17332	1.17368	1.17278	1.17318	2235	0	8
2025.12.18	09:00:00	1.17316	1.17324	1.17170	1.17216	2323	0	8
2025.12.18	10:00:00	1.17215	1.17264	1.17171	1.17245	1722	0	8
2025.12.18	11:00:00	1.17247	1.17271	1.17199	1.17201	1565	0	8
2025.12.18	12:00:00	1.17200	1.17231	1.17118	1.17137	2505	0	8
2025.12.18	13:00:00	1.17137	1.17625	1.17129	1.17465	7071	0	8
2025.12.18	14:00:00	1.17463	1.17553	1.17323	1.17343	6318	0	8
2025.12.18	15:00:00	1.17343	1.17401	1.17157	1.17269	4864	0	8
2025.12.18	16:00:00	1.17268	1.17456	1.17252	1.17277	3222	0	8
2025.12.18	17:00:00	1.17279	1.17286	1.17148	1.17184	2539	0	8
2025.12.18	18:00:00	1.17185	1.17244	1.17149	1.17194	1750	0	8
2025.12.18	19:00:00	1.17194	1.17272	1.17173	1.17246	1521	0	8
2025.12.18	20:00:00	1.17245	1.17273	1.17200	1.17219	1203	0	8
2025.12.18	21:00:00	1.17218	1.17250	1.17214	1.17232	627	0	8
2025.12.18	22:00:00	1.17233	1.17242	1.17177	1.17236	791	0	20
2025.12.18	23:00:00	1.17237	1.17272	1.17234	1.17244	514	0	8
2025.12.19	00:00:00	1.17243	1.17265	1.17214	1.17261	935	0	8
2025.12.19	01:00:00	1.17263	1.17283	1.17200	1.17238	1171	0	8
2025.12.19	02:00:00	1.17238	1.17281	1.17210	1.17223	907	0	8
2025.12.19	03:00:00	1.17225	1.17254	1.17178	1.17208	1450	0	8
2025.12.19	04:00:00	1.17209	1.17223	1.17152	1.17176	890	0	8
2025.12.19	05:00:00	1.17176	1.17204	1.17173	1.17196	836	0	8
2025.12.19	06:00:00	1.17196	1.17212	1.17114	1.17195	1786	0	8
2025.12.19	07:00:00	1.17196	1.17202	1.17029	1.17076	2323	0	8
2025.12.19	08:00:00	1.17075	1.17159	1.17059	1.17122	2304	0	8
2025.12.19	09:00:00	1.17123	1.17175	1.17085	1.17116	2288	0	8
2025.12.19	10:00:00	1.17118	1.17174	1.17085	1.17158	1954	0	8
2025.12.19	11:00:00	1.17157	1.17174	1.17073	1.17109	1809	0	8
2025.12.19	12:00:00	1.17107	1.17147	1.17073	1.17097	1702	0	8
2025.12.19	13:00:00	1.17099	1.17190	1.17018	1.17190	2868	0	8
2025.12.19	14:00:00	1.17191	1.17374	1.17185	1.17261	3298	0	8
2025.12.19	15:00:00	1.17261	1.17281	1.17090	1.17092	3193	0	8
2025.12.19	16:00:00	1.17095	1.17206	1.17081	1.17206	2233	0	8
2025.12.19	17:00:00	1.17204	1.17205	1.17132	1.17190	1554	0	8
2025.12.19	18:00:00	1.17189	1.17268	1.17176	1.17198	1599	0	8
2025.12.19	19:00:00	1.17198	1.17247	1.17161	1.17232	1364	0	8
2025.12.19	20:00:00	1.17231	1.17252	1.17061	1.17095	1322	0	8
2025.12.19	21:00:00	1.17097	1.17135	1.17055	1.17087	1067	0	8
2025.12.21	22:00:00	1.17073	1.17143	1.17065	1.17125	905	0	20
2025.12.21	23:00:00	1.17130	1.17149	1.17059	1.17097	981	0	8
2025.12.22	00:00:00	1.17095	1.17158	1.17092	1.17155	2178	0	8
2025.12.22	01:00:00	1.17156	1.17190	1.17134	1.17170	1314	0	8
2025.12.22	02:00:00	1.17170	1.17191	1.17149	1.17160	644	0	8
2025.12.22	03:00:00	1.17161	1.17179	1.17132	1.17170	893	0	8
2025.12.22	04:00:00	1.17170	1.17213	1.17159	1.17196	657	0	8
2025.12.22	05:00:00	1.17196	1.17217	1.17153	1.17171	816	0	8
2025.12.22	06:00:00	1.17171	1.17187	1.17126	1.17154	1060	0	8
2025.12.22	07:00:00	1.17154	1.17307	1.17146	1.17285	1734	0	8
2025.12.22	08:00:00	1.17283	1.17380	1.17228	1.17352	1936	0	8
2025.12.22	09:00:00	1.17355	1.17360	1.17269	1.17298	1950	0	8
2025.12.22	10:00:00	1.17297	1.17377	1.17286	1.17327	1956	0	8
2025.12.22	11:00:00	1.17329	1.17362	1.17283	1.17331	1404	0	8
2025.12.22	12:00:00	1.17331	1.17431	1.17328	1.17411	2094	0	8
2025.12.22	13:00:00	1.17413	1.17541	1.17413	1.17502	2675	0	8
2025.12.22	14:00:00	1.17502	1.17661	1.17445	1.17597	2558	0	8
2025.12.22	15:00:00	1.17595	1.17691	1.17573	1.17634	2618	0	8
2025.12.22	16:00:00	1.17634	1.17637	1.17480	1.17494	2001	0	8
2025.12.22	17:00:00	1.17494	1.17642	1.17489	1.17580	1587	0	8
2025.12.22	18:00:00	1.17579	1.17580	1.17491	1.17524	1315	0	8
2025.12.22	19:00:00	1.17524	1.17556	1.17482	1.17549	1136	0	8
2025.12.22	20:00:00	1.17550	1.17585	1.17517	1.17549	878	0	8
2025.12.22	21:00:00	1.17549	1.17619	1.17542	1.17607	628	0	8
2025.12.22	22:00:00	1.17607	1.17614	1.17564	1.17589	905	0	20
2025.12.22	23:00:00	1.17595	1.17652	1.17585	1.17632	749	0	8
2025.12.23	00:00:00	1.17632	1.17700	1.17624	1.17686	951	0	8
2025.12.23	01:00:00	1.17684	1.17758	1.17657	1.17728	1310	0	8
2025.12.23	02:00:00	1.17728	1.17801	1.17720	1.17772	1210	0	8
2025.12.23	03:00:00	1.17774	1.17789	1.17727	1.17760	1106	0	8
2025.12.23	04:00:00	1.17760	1.17788	1.17731	1.17748	1074	0	8
2025.12.23	05:00:00	1.17747	1.17795	1.17739	1.17745	1108	0	8
2025.12.23	06:00:00	1.17745	1.17761	1.17683	1.17709	1164	0	8
2025.12.23	07:00:00	1.17710	1.17810	1.17688	1.17784	2078	0	8
2025.12.23	08:00:00	1.17782	1.17843	1.17749	1.17841	2436	0	8
2025.12.23	09:00:00	1.17840	1.17925	1.17814	1.17922	2545	0	8
2025.12.23	10:00:00	1.17924	1.18000	1.17912	1.17985	1788	0	8
2025.12.23	11:00:00	1.17982	1.17997	1.17920	1.17952	1539	0	8
2025.12.23	12:00:00	1.17953	1.18016	1.17886	1.17896	1794	0	8
2025.12.23	13:00:00	1.17894	1.17935	1.17739	1.17745	3495	0	8
2025.12.23	14:00:00	1.17745	1.17792	1.17682	1.17693	3212	0	8
2025.12.23	15:00:00	1.17692	1.17786	1.17636	1.17738	3287	0	8
2025.12.23	16:00:00	1.17737	1.17802	1.17727	1.17753	2115	0	8
2025.12.23	17:00:00	1.17753	1.17785	1.17687	1.17706	1602	0	8
2025.12.23	18:00:00	1.17706	1.17826	1.17693	1.17825	1301	0	8
2025.12.23	19:00:00	1.17827	1.17910	1.17816	1.17896	1273	0	8
2025.12.23	20:00:00	1.17895	1.17933	1.17866	1.17891	1063	0	8
2025.12.23	21:00:00	1.17892	1.17967	1.17880	1.17906	743	0	8
2025.12.23	22:00:00	1.17909	1.17942	1.17908	1.17935	416	0	20
2025.12.23	23:00:00	1.17943	1.17967	1.17929	1.17942	702	0	8
2025.12.24	00:00:00	1.17942	1.17987	1.17899	1.17986	1252	0	8
2025.12.24	01:00:00	1.17984	1.18060	1.17963	1.18048	1481	0	8
2025.12.24	02:00:00	1.18048	1.18076	1.17980	1.17981	1036	0	8
2025.12.24	03:00:00	1.17980	1.17983	1.17867	1.17872	1184	0	8
2025.12.24	04:00:00	1.17872	1.17931	1.17856	1.17909	931	0	8
2025.12.24	05:00:00	1.17908	1.18016	1.17902	1.17986	897	0	8
2025.12.24	06:00:00	1.17986	1.18036	1.17972	1.17996	1382	0	8
2025.12.24	07:00:00	1.17996	1.18016	1.17861	1.17888	1953	0	8
2025.12.24	08:00:00	1.17891	1.17990	1.17794	1.17988	2480	0	8
2025.12.24	09:00:00	1.17991	1.18006	1.17940	1.17991	1530	0	8
2025.12.24	10:00:00	1.17992	1.17996	1.17902	1.17959	1614	0	8
2025.12.24	11:00:00	1.17961	1.17985	1.17907	1.17924	1590	0	8
2025.12.24	12:00:00	1.17925	1.17929	1.17837	1.17840	1554	0	8
2025.12.24	13:00:00	1.17841	1.17905	1.17836	1.17852	2358	0	8
2025.12.24	14:00:00	1.17850	1.17867	1.17769	1.17803	2345	0	8
2025.12.24	15:00:00	1.17801	1.17822	1.17750	1.17779	2360	0	8
2025.12.24	16:00:00	1.17778	1.17806	1.17726	1.17790	1868	0	8
2025.12.24	17:00:00	1.17789	1.17828	1.17723	1.17763	1299	0	8
2025.12.24	18:00:00	1.17755	1.17771	1.17709	1.17759	695	0	20
2025.12.24	19:00:00	1.17759	1.17793	1.17751	1.17765	372	0	60
2025.12.24	20:00:00	1.17765	1.17774	1.17742	1.17756	356	0	80
2025.12.24	21:00:00	1.17757	1.17763	1.17735	1.17748	630	0	80
2025.12.25	22:00:00	1.17781	1.17822	1.17757	1.17807	500	0	20
2025.12.25	23:00:00	1.17809	1.17847	1.17773	1.17832	2199	0	8
2025.12.26	00:00:00	1.17833	1.17918	1.17764	1.17857	2329	0	8
2025.12.26	01:00:00	1.17857	1.17912	1.17825	1.17869	1778	0	8
2025.12.26	02:00:00	1.17867	1.17931	1.17833	1.17917	1103	0	8
2025.12.26	03:00:00	1.17917	1.17924	1.17831	1.17839	1271	0	8
2025.12.26	04:00:00	1.17839	1.17867	1.17797	1.17829	1016	0	8
2025.12.26	05:00:00	1.17830	1.17869	1.17798	1.17855	1087	0	8
2025.12.26	06:00:00	1.17856	1.17877	1.17712	1.17762	1822	0	8
2025.12.26	07:00:00	1.17764	1.17776	1.17696	1.17726	2080	0	8
2025.12.26	08:00:00	1.17726	1.17771	1.17662	1.17768	1858	0	8
2025.12.26	09:00:00	1.17766	1.17775	1.17680	1.17700	1537	0	8
2025.12.26	10:00:00	1.17698	1.17792	1.17688	1.17728	1496	0	8
2025.12.26	11:00:00	1.17728	1.17819	1.17728	1.17770	1491	0	8
2025.12.26	12:00:00	1.17770	1.17821	1.17724	1.17811	1451	0	8
2025.12.26	13:00:00	1.17814	1.17962	1.17814	1.17911	2507	0	8
2025.12.26	14:00:00	1.17913	1.17940	1.17808	1.17835	2369	0	8
2025.12.26	15:00:00	1.17835	1.17922	1.17711	1.17769	2412	0	8
2025.12.26	16:00:00	1.17769	1.17794	1.17616	1.17648	2464	0	8
2025.12.26	17:00:00	1.17650	1.17700	1.17609	1.17696	1984	0	8
2025.12.26	18:00:00	1.17698	1.17734	1.17686	1.17714	1463	0	8
2025.12.26	19:00:00	1.17713	1.17761	1.17686	1.17761	1214	0	8
2025.12.26	20:00:00	1.17763	1.17812	1.17721	1.17747	1251	0	8
2025.12.26	21:00:00	1.17748	1.17763	1.17655	1.17711	1209	0	8
2025.12.28	22:00:00	1.17723	1.17747	1.17676	1.17703	457	0	20
2025.12.28	23:00:00	1.17706	1.17774	1.17706	1.17724	1026	0	8
2025.12.29	00:00:00	1.17725	1.17835	1.17712	1.17793	1681	0	8
2025.12.29	01:00:00	1.17794	1.17861	1.17783	1.17836	1299	0	8
2025.12.29	02:00:00	1.17836	1.17850	1.17753	1.17753	1232	0	8
2025.12.29	03:00:00	1.17752	1.17758	1.17709	1.17732	817	0	8
2025.12.29	04:00:00	1.17732	1.17732	1.17637	1.17641	924	0	8
2025.12.29	05:00:00	1.17640	1.17641	1.17534	1.17557	1268	0	8
2025.12.29	06:00:00	1.17559	1.17691	1.17538	1.17689	1563	0	8
2025.12.29	07:00:00	1.17691	1.17787	1.17651	1.17765	2031	0	8
2025.12.29	08:00:00	1.17763	1.17883	1.17708	1.17834	2418	0	8
2025.12.29	09:00:00	1.17836	1.17887	1.17715	1.17758	2811	0	8
2025.12.29	10:00:00	1.17756	1.17799	1.17650	1.17656	2339	0	8
2025.12.29	11:00:00	1.17654	1.17708	1.17575	1.17656	2237	0	8
2025.12.29	12:00:00	1.17654	1.17686	1.17552	1.17614	2232	0	8
2025.12.29	13:00:00	1.17613	1.17734	1.17598	1.17692	2536	0	8
2025.12.29	14:00:00	1.17694	1.17884	1.17666	1.17826	2914	0	8
2025.12.29	15:00:00	1.17825	1.17860	1.17661	1.17675	4019	0	8
2025.12.29	16:00:00	1.17672	1.17676	1.17523	1.17559	3281	0	8
2025.12.29	17:00:00	1.17557	1.17567	1.17492	1.17519	1897	0	8
2025.12.29	18:00:00	1.17518	1.17587	1.17503	1.17569	1383	0	8
2025.12.29	19:00:00	1.17569	1.17678	1.17564	1.17668	1072	0	8
2025.12.29	20:00:00	1.17667	1.17700	1.17640	1.17699	1198	0	8
2025.12.29	21:00:00	1.17701	1.17745	1.17697	1.17699	667	0	8
2025.12.29	22:00:00	1.17699	1.17723	1.17663	1.17666	490	0	20
2025.12.29	23:00:00	1.17675	1.17745	1.17657	1.17721	702	0	8
2025.12.30	00:00:00	1.17721	1.17749	1.17711	1.17725	1025	0	8
2025.12.30	01:00:00	1.17724	1.17747	1.17694	1.17747	958	0	8
2025.12.30	02:00:00	1.17748	1.17761	1.17713	1.17728	970	0	8
2025.12.30	03:00:00	1.17728	1.17754	1.17701	1.17723	681	0	8
2025.12.30	04:00:00	1.17723	1.17774	1.17714	1.17768	640	0	8
2025.12.30	05:00:00	1.17769	1.17786	1.17724	1.17748	911	0	8
2025.12.30	06:00:00	1.17748	1.17795	1.17734	1.17781	1120	0	8
2025.12.30	07:00:00	1.17781	1.17781	1.17659	1.17701	1663	0	8
2025.12.30	08:00:00	1.17702	1.17748	1.17656	1.17666	2067	0	8
2025.12.30	09:00:00	1.17669	1.17775	1.17638	1.17687	2013	0	8
2025.12.30	10:00:00	1.17685	1.17770	1.17685	1.17735	1578	0	8
2025.12.30	11:00:00	1.17735	1.17763	1.17658	1.17665	1402	0	8
2025.12.30	12:00:00	1.17665	1.17677	1.17602	1.17614	1479	0	8
2025.12.30	13:00:00	1.17615	1.17674	1.17550	1.17631	3275	0	8
2025.12.30	14:00:00	1.17632	1.17640	1.17561	1.17628	2619	0	8
2025.12.30	15:00:00	1.17629	1.17657	1.17449	1.17593	2939	0	8
2025.12.30	16:00:00	1.17592	1.17661	1.17540	1.17642	2382	0	8
2025.12.30	17:00:00	1.17644	1.17663	1.17548	1.17555	1353	0	8
2025.12.30	18:00:00	1.17555	1.17591	1.17480	1.17502	1224	0	8
2025.12.30	19:00:00	1.17498	1.17526	1.17449	1.17465	1308	0	8
2025.12.30	20:00:00	1.17465	1.17499	1.17429	1.17436	1177	0	8
2025.12.30	21:00:00	1.17437	1.17481	1.17437	1.17468	554	0	8
2025.12.30	22:00:00	1.17468	1.17476	1.17442	1.17458	390	0	20
2025.12.30	23:00:00	1.17461	1.17488	1.17452	1.17453	447	0	8
2025.12.31	00:00:00	1.17453	1.17476	1.17438	1.17467	626	0	8
2025.12.31	01:00:00	1.17468	1.17487	1.17415	1.17422	1091	0	8
2025.12.31	02:00:00	1.17421	1.17423	1.17386	1.17396	1174	0	8
2025.12.31	03:00:00	1.17396	1.17433	1.17391	1.17424	669	0	8
2025.12.31	04:00:00	1.17424	1.17424	1.17327	1.17341	713	0	8
2025.12.31	05:00:00	1.17342	1.17390	1.17339	1.17380	927	0	8
2025.12.31	06:00:00	1.17379	1.17393	1.17327	1.17372	923	0	8
2025.12.31	07:00:00	1.17370	1.17383	1.17294	1.17367	1557	0	8
2025.12.31	08:00:00	1.17367	1.17395	1.17198	1.17228	2059	0	8
2025.12.31	09:00:00	1.17227	1.17384	1.17197	1.17345	2050	0	8
2025.12.31	10:00:00	1.17347	1.17433	1.17284	1.17389	1819	0	8
2025.12.31	11:00:00	1.17390	1.17474	1.17360	1.17467	1762	0	8
2025.12.31	12:00:00	1.17468	1.17589	1.17468	1.17548	1971	0	8
2025.12.31	13:00:00	1.17551	1.17589	1.17411	1.17416	2769	0	8
2025.12.31	14:00:00	1.17416	1.17423	1.17270	1.17301	2900	0	8
2025.12.31	15:00:00	1.17301	1.17457	1.17200	1.17436	3878	0	8
2025.12.31	16:00:00	1.17438	1.17485	1.17283	1.17346	3126	0	8
2025.12.31	17:00:00	1.17345	1.17386	1.17310	1.17354	2124	0	8
2025.12.31	18:00:00	1.17345	1.17377	1.17297	1.17352	1485	0	20
2025.12.31	19:00:00	1.17356	1.17422	1.17354	1.17399	1112	0	20
2025.12.31	20:00:00	1.17398	1.17519	1.17389	1.17508	1020	0	20
2025.12.31	21:00:00	1.17512	1.17519	1.17448	1.17455	636	0	8
2026.01.01	22:00:00	1.17440	1.17487	1.17440	1.17476	389	0	20
2026.01.01	23:00:00	1.17482	1.17504	1.17445	1.17504	771	0	8
2026.01.02	00:00:00	1.17504	1.17559	1.17495	1.17557	836	0	8
2026.01.02	01:00:00	1.17558	1.17624	1.17558	1.17603	1179	0	8
2026.01.02	02:00:00	1.17604	1.17633	1.17577	1.17588	821	0	8
2026.01.02	03:00:00	1.17588	1.17646	1.17587	1.17639	708	0	8
2026.01.02	04:00:00	1.17640	1.17645	1.17548	1.17554	768	0	8
2026.01.02	05:00:00	1.17554	1.17576	1.17506	1.17509	710	0	8
2026.01.02	06:00:00	1.17509	1.17511	1.17413	1.17436	1100	0	8
2026.01.02	07:00:00	1.17434	1.17468	1.17319	1.17345	1897	0	8
2026.01.02	08:00:00	1.17345	1.17379	1.17237	1.17285	3032	0	8
2026.01.02	09:00:00	1.17284	1.17370	1.17204	1.17213	2382	0	8
2026.01.02	10:00:00	1.17214	1.17232	1.17129	1.17208	2114	0	8
2026.01.02	11:00:00	1.17206	1.17221	1.17147	1.17215	1750	0	8
2026.01.02	12:00:00	1.17213	1.17267	1.17204	1.17234	1582	0	8
2026.01.02	13:00:00	1.17236	1.17285	1.17179	1.17212	2587	0	8
2026.01.02	14:00:00	1.17215	1.17299	1.17155	1.17281	2633	0	8
2026.01.02	15:00:00	1.17281	1.17517	1.17278	1.17503	3516	0	8
2026.01.02	16:00:00	1.17501	1.17540	1.17338	1.17371	2706	0	8
2026.01.02	17:00:00	1.17371	1.17374	1.17281	1.17305	1918	0	8
2026.01.02	18:00:00	1.17305	1.17310	1.17148	1.17188	1840	0	8
2026.01.02	19:00:00	1.17189	1.17238	1.17139	1.17227	1586	0	8
2026.01.02	20:00:00	1.17229	1.17234	1.17149	1.17174	1532	0	8
2026.01.02	21:00:00	1.17172	1.17228	1.17167	1.17196	915	0	8
2026.01.04	22:00:00	1.17224	1.17240	1.17093	1.17118	432	0	48
2026.01.04	23:00:00	1.17119	1.17126	1.16985	1.17048	1656	0	8
2026.01.05	00:00:00	1.17050	1.17107	1.17032	1.17047	2106	0	8
2026.01.05	01:00:00	1.17045	1.17069	1.16992	1.17002	2089	0	8
2026.01.05	02:00:00	1.17002	1.17015	1.16836	1.16885	1909	0	8
2026.01.05	03:00:00	1.16883	1.16904	1.16719	1.16747	1717	0	8
2026.01.05	04:00:00	1.16748	1.16827	1.16728	1.16816	1275	0	8
2026.01.05	05:00:00	1.16816	1.16855	1.16800	1.16849	941	0	8
2026.01.05	06:00:00	1.16849	1.16914	1.16778	1.16906	1388	0	8
2026.01.05	07:00:00	1.16906	1.16918	1.16830	1.16861	2306	0	8
2026.01.05	08:00:00	1.16859	1.16944	1.16806	1.16830	2790	0	8
2026.01.05	09:00:00	1.16830	1.16870	1.16733	1.16821	2239	0	8
2026.01.05	10:00:00	1.16821	1.16896	1.16795	1.16895	2181	0	8
2026.01.05	11:00:00	1.16894	1.16906	1.16798	1.16814	2207	0	8
2026.01.05	12:00:00	1.16812	1.16849	1.16696	1.16705	2156	0	8
2026.01.05	13:00:00	1.16705	1.16747	1.16587	1.16742	3437	0	8
2026.01.05	14:00:00	1.16745	1.16869	1.16726	1.16851	3382	0	8
2026.01.05	15:00:00	1.16849	1.17042	1.16849	1.17041	3806	0	8
2026.01.05	16:00:00	1.17042	1.17181	1.17036	1.17144	2979	0	8
2026.01.05	17:00:00	1.17143	1.17194	1.17096	1.17139	2355	0	8
2026.01.05	18:00:00	1.17139	1.17251	1.17128	1.17246	1495	0	8
2026.01.05	19:00:00	1.17248	1.17284	1.17217	1.17267	1685	0	8
2026.01.05	20:00:00	1.17264	1.17285	1.17233	1.17243	1063	0	8
2026.01.05	21:00:00	1.17243	1.17260	1.17189	1.17198	747	0	8
2026.01.05	22:00:00	1.17210	1.17214	1.17182	1.17187	283	0	8
2026.01.05	23:00:00	1.17190	1.17215	1.17125	1.17142	662	0	8
2026.01.06	00:00:00	1.17143	1.17168	1.17104	1.17163	1034	0	8
2026.01.06	01:00:00	1.17164	1.17250	1.17117	1.17250	1664	0	8
2026.01.06	02:00:00	1.17250	1.17375	1.17217	1.17369	1398	0	8
2026.01.06	03:00:00	1.17367	1.17378	1.17321	1.17342	1149	0	8
2026.01.06	04:00:00	1.17344	1.17354	1.17310	1.17334	814	0	8
2026.01.06	05:00:00	1.17332	1.17367	1.17271	1.17284	1060	0	8
2026.01.06	06:00:00	1.17285	1.17368	1.17285	1.17360	1283	0	8
2026.01.06	07:00:00	1.17359	1.17425	1.17257	1.17289	2023	0	8
2026.01.06	08:00:00	1.17287	1.17386	1.17255	1.17281	2764	0	8
2026.01.06	09:00:00	1.17280	1.17287	1.17075	1.17126	2853	0	8
2026.01.06	10:00:00	1.17131	1.17168	1.17078	1.17125	1977	0	8
2026.01.06	11:00:00	1.17123	1.17128	1.17046	1.17059	1762	0	8
2026.01.06	12:00:00	1.17058	1.17120	1.16969	1.17013	1970	0	8
2026.01.06	13:00:00	1.17014	1.17131	1.16970	1.17105	2935	0	8
2026.01.06	14:00:00	1.17105	1.17172	1.16988	1.17087	3118	0	8
2026.01.06	15:00:00	1.17084	1.17087	1.16836	1.16949	4258	0	8
2026.01.06	16:00:00	1.16949	1.16978	1.16855	1.16880	2628	0	8
2026.01.06	17:00:00	1.16877	1.17004	1.16867	1.17002	1785	0	8
2026.01.06	18:00:00	1.17002	1.17018	1.16866	1.16877	1951	0	8
2026.01.06	19:00:00	1.16877	1.16906	1.16835	1.16893	1809	0	8
2026.01.06	20:00:00	1.16892	1.16928	1.16863	1.16867	1193	0	8
2026.01.06	21:00:00	1.16867	1.16885	1.16842	1.16875	826	0	8
2026.01.06	22:00:00	1.16874	1.16880	1.16839	1.16880	455	0	8
2026.01.06	23:00:00	1.16881	1.16901	1.16864	1.16869	468	0	8
2026.01.07	00:00:00	1.16870	1.16937	1.16849	1.16915	1375	0	8
2026.01.07	01:00:00	1.16913	1.17001	1.16895	1.16955	1355	0	8
2026.01.07	02:00:00	1.16955	1.17023	1.16949	1.16960	1153	0	8
2026.01.07	03:00:00	1.16960	1.16998	1.16957	1.16981	904	0	8
2026.01.07	04:00:00	1.16981	1.17018	1.16905	1.16909	1158	0	8
2026.01.07	05:00:00	1.16909	1.16940	1.16904	1.16926	999	0	8
2026.01.07	06:00:00	1.16925	1.16994	1.16916	1.16972	1048	0	8
2026.01.07	07:00:00	1.16970	1.16986	1.16782	1.16823	2269	0	8
2026.01.07	08:00:00	1.16822	1.16869	1.16725	1.16854	2487	0	8
2026.01.07	09:00:00	1.16853	1.16867	1.16810	1.16840	1809	0	8
2026.01.07	10:00:00	1.16839	1.16934	1.16829	1.16882	1946	0	8
2026.01.07	11:00:00	1.16882	1.16921	1.16846	1.16889	1537	0	8
2026.01.07	12:00:00	1.16889	1.16911	1.16808	1.16874	1805	0	8
2026.01.07	13:00:00	1.16874	1.16945	1.16821	1.16912	2698	0	8
2026.01.07	14:00:00	1.16911	1.16979	1.16866	1.16967	2922	0	8
2026.01.07	15:00:00	1.16966	1.16983	1.16795	1.16896	5019	0	8
2026.01.07	16:00:00	1.16896	1.16927	1.16818	1.16888	2390	0	8
2026.01.07	17:00:00	1.16888	1.16944	1.16859	1.16876	1764	0	8
2026.01.07	18:00:00	1.16876	1.16900	1.16822	1.16829	1355	0	8
2026.01.07	19:00:00	1.16827	1.16849	1.16783	1.16822	1457	0	8
2026.01.07	20:00:00	1.16824	1.16836	1.16785	1.16785	1066	0	8
2026.01.07	21:00:00	1.16787	1.16791	1.16727	1.16742	611	0	8
2026.01.07	22:00:00	1.16727	1.16768	1.16727	1.16765	379	0	20
2026.01.07	23:00:00	1.16771	1.16774	1.16747	1.16766	355	0	8
2026.01.08	00:00:00	1.16766	1.16777	1.16755	1.16755	720	0	8
2026.01.08	01:00:00	1.16753	1.16779	1.16724	1.16744	1013	0	8
2026.01.08	02:00:00	1.16745	1.16804	1.16723	1.16798	1160	0	8
2026.01.08	03:00:00	1.16796	1.16824	1.16784	1.16796	872	0	8
2026.01.08	04:00:00	1.16796	1.16809	1.16775	1.16801	691	0	8
2026.01.08	05:00:00	1.16801	1.16825	1.16770	1.16820	1070	0	8
2026.01.08	06:00:00	1.16819	1.16827	1.16746	1.16810	1463	0	8
2026.01.08	07:00:00	1.16808	1.16827	1.16765	1.16774	1852	0	8
2026.01.08	08:00:00	1.16777	1.16785	1.16684	1.16712	2087	0	8
2026.01.08	09:00:00	1.16710	1.16767	1.16691	1.16764	1785	0	8
2026.01.08	10:00:00	1.16766	1.16815	1.16752	1.16794	1606	0	8
2026.01.08	11:00:00	1.16794	1.16800	1.16749	1.16773	1178	0	8
2026.01.08	12:00:00	1.16773	1.16775	1.16694	1.16731	1456	0	8
2026.01.08	13:00:00	1.16729	1.16775	1.16579	1.16625	2620	0	8
2026.01.08	14:00:00	1.16626	1.16662	1.16558	1.16642	2783	0	8
2026.01.08	15:00:00	1.16643	1.16734	1.16603	1.16662	2751	0	8
2026.01.08	16:00:00	1.16663	1.16674	1.16520	1.16543	2303	0	8
2026.01.08	17:00:00	1.16543	1.16554	1.16433	1.16504	1882	0	8
2026.01.08	18:00:00	1.16502	1.16528	1.16444	1.16450	1368	0	8
2026.01.08	19:00:00	1.16448	1.16503	1.16423	1.16497	1267	0	8
2026.01.08	20:00:00	1.16497	1.16542	1.16494	1.16511	1087	0	8
2026.01.08	21:00:00	1.16508	1.16621	1.16502	1.16574	1051	0	8
2026.01.08	22:00:00	1.16562	1.16584	1.16553	1.16584	479	0	8
2026.01.08	23:00:00	1.16584	1.16617	1.16560	1.16575	528	0	8
2026.01.09	00:00:00	1.16577	1.16577	1.16532	1.16532	817	0	8
2026.01.09	01:00:00	1.16531	1.16569	1.16477	1.16488	1371	0	8
2026.01.09	02:00:00	1.16490	1.16543	1.16457	1.16538	1134	0	8
2026.01.09	03:00:00	1.16540	1.16587	1.16531	1.16559	958	0	8
2026.01.09	04:00:00	1.16560	1.16565	1.16516	1.16540	799	0	8
2026.01.09	05:00:00	1.16538	1.16560	1.16497	1.16509	941	0	8
2026.01.09	06:00:00	1.16509	1.16524	1.16481	1.16486	1106	0	8
2026.01.09	07:00:00	1.16484	1.16504	1.16396	1.16502	1781	0	8
2026.01.09	08:00:00	1.16505	1.16526	1.16408	1.16483	2311	0	8
2026.01.09	09:00:00	1.16484	1.16499	1.16418	1.16421	1571	0	8
2026.01.09	10:00:00	1.16421	1.16464	1.16365	1.16463	1477	0	8
2026.01.09	11:00:00	1.16463	1.16465	1.16413	1.16457	1349	0	8
2026.01.09	12:00:00	1.16458	1.16458	1.16393	1.16412	1771	0	8
2026.01.09	13:00:00	1.16413	1.16603	1.16253	1.16449	6477	0	8
2026.01.09	14:00:00	1.16449	1.16522	1.16296	1.16364	5746	0	8
2026.01.09	15:00:00	1.16362	1.16404	1.16178	1.16402	4677	0	8
2026.01.09	16:00:00	1.16403	1.16430	1.16279	1.16330	2623	0	8
2026.01.09	17:00:00	1.16328	1.16344	1.16272	1.16311	1853	0	8
2026.01.09	18:00:00	1.16313	1.16395	1.16307	1.16336	1476	0	8
2026.01.09	19:00:00	1.16336	1.16384	1.16326	1.16344	1168	0	8
2026.01.09	20:00:00	1.16344	1.16375	1.16336	1.16341	898	0	8
2026.01.09	21:00:00	1.16341	1.16365	1.16291	1.16328	737	0	8
2026.01.11	22:00:00	1.16318	1.16333	1.16302	1.16320	374	0	48
2026.01.11	23:00:00	1.16342	1.16346	1.16228	1.16236	705	0	8
2026.01.12	00:00:00	1.16234	1.16646	1.16213	1.16642	3527	0	8
2026.01.12	01:00:00	1.16642	1.16709	1.16553	1.16557	2634	0	8
2026.01.12	02:00:00	1.16557	1.16641	1.16536	1.16545	1650	0	8
2026.01.12	03:00:00	1.16545	1.16591	1.16545	1.16550	1103	0	8
2026.01.12	04:00:00	1.16548	1.16581	1.16526	1.16555	755	0	8
2026.01.12	05:00:00	1.16555	1.16708	1.16554	1.16687	1404	0	8
2026.01.12	06:00:00	1.16685	1.16725	1.16639	1.16695	1602	0	8
2026.01.12	07:00:00	1.16695	1.16873	1.16680	1.16844	2952	0	8
2026.01.12	08:00:00	1.16842	1.16914	1.16756	1.16876	2939	0	8
2026.01.12	09:00:00	1.16874	1.16954	1.16809	1.16816	2325	0	8
2026.01.12	10:00:00	1.16814	1.16852	1.16756	1.16852	1889	0	8
2026.01.12	11:00:00	1.16852	1.16892	1.16753	1.16782	1844	0	8
2026.01.12	12:00:00	1.16780	1.16871	1.16765	1.16809	2134	0	8
2026.01.12	13:00:00	1.16811	1.16982	1.16774	1.16924	3079	0	8
2026.01.12	14:00:00	1.16925	1.16925	1.16737	1.16766	3422	0	8
2026.01.12	15:00:00	1.16769	1.16855	1.16725	1.16807	2663	0	8
2026.01.12	16:00:00	1.16807	1.16818	1.16710	1.16715	2116	0	8
2026.01.12	17:00:00	1.16713	1.16754	1.16658	1.16683	2025	0	8
2026.01.12	18:00:00	1.16683	1.16713	1.16648	1.16687	1302	0	8
2026.01.12	19:00:00	1.16687	1.16736	1.16673	1.16717	1013	0	8
2026.01.12	20:00:00	1.16718	1.16727	1.16625	1.16649	1120	0	8
2026.01.12	21:00:00	1.16646	1.16684	1.16639	1.16656	697	0	8
2026.01.12	22:00:00	1.16646	1.16683	1.16634	1.16678	506	0	20
2026.01.12	23:00:00	1.16686	1.16703	1.16650	1.16672	799	0	8
2026.01.13	00:00:00	1.16672	1.16672	1.16602	1.16633	1017	0	8
2026.01.13	01:00:00	1.16634	1.16642	1.16560	1.16581	1341	0	8
2026.01.13	02:00:00	1.16579	1.16610	1.16565	1.16589	922	0	8
2026.01.13	03:00:00	1.16589	1.16632	1.16561	1.16584	911	0	8
2026.01.13	04:00:00	1.16584	1.16655	1.16582	1.16652	986	0	8
2026.01.13	05:00:00	1.16653	1.16670	1.16613	1.16624	1014	0	8
2026.01.13	06:00:00	1.16623	1.16626	1.16535	1.16586	1409	0	8
2026.01.13	07:00:00	1.16584	1.16644	1.16555	1.16636	1855	0	8
2026.01.13	08:00:00	1.16634	1.16686	1.16581	1.16686	2131	0	8
2026.01.13	09:00:00	1.16687	1.16722	1.16630	1.16713	1695	0	8
2026.01.13	10:00:00	1.16716	1.16742	1.16649	1.16661	1597	0	8
2026.01.13	11:00:00	1.16662	1.16700	1.16642	1.16683	1078	0	8
2026.01.13	12:00:00	1.16683	1.16689	1.16524	1.16548	1734	0	8
2026.01.13	13:00:00	1.16547	1.16772	1.16498	1.16681	5044	0	8
2026.01.13	14:00:00	1.16682	1.16729	1.16570	1.16636	3820	0	8
2026.01.13	15:00:00	1.16633	1.16645	1.16437	1.16518	3459	0	8
2026.01.13	16:00:00	1.16518	1.16541	1.16341	1.16453	2622	0	8
2026.01.13	17:00:00	1.16452	1.16483	1.16410	1.16458	1787	0	8
2026.01.13	18:00:00	1.16460	1.16540	1.16412	1.16527	1517	0	8
2026.01.13	19:00:00	1.16527	1.16530	1.16457	1.16489	1264	0	8
2026.01.13	20:00:00	1.16490	1.16496	1.16449	1.16452	1069	0	8
2026.01.13	21:00:00	1.16452	1.16463	1.16419	1.16420	622	0	8
2026.01.13	22:00:00	1.16423	1.16448	1.16400	1.16444	632	0	8
2026.01.13	23:00:00	1.16450	1.16454	1.16418	1.16418	496	0	8
2026.01.14	00:00:00	1.16418	1.16434	1.16378	1.16426	964	0	8
2026.01.14	01:00:00	1.16426	1.16429	1.16364	1.16378	1100	0	8
2026.01.14	02:00:00	1.16380	1.16441	1.16358	1.16431	965	0	8
2026.01.14	03:00:00	1.16431	1.16485	1.16431	1.16466	881	0	8
2026.01.14	04:00:00	1.16467	1.16477	1.16430	1.16437	605	0	8
2026.01.14	05:00:00	1.16436	1.16448	1.16413	1.16416	711	0	8
2026.01.14	06:00:00	1.16416	1.16497	1.16411	1.16486	998	0	8
2026.01.14	07:00:00	1.16487	1.16515	1.16442	1.16456	1330	0	8
2026.01.14	08:00:00	1.16457	1.16502	1.16405	1.16472	2461	0	8
2026.01.14	09:00:00	1.16473	1.16533	1.16456	1.16514	1781	0	8
2026.01.14	10:00:00	1.16515	1.16576	1.16465	1.16546	1895	0	8
2026.01.14	11:00:00	1.16545	1.16547	1.16435	1.16468	1542	0	8
2026.01.14	12:00:00	1.16468	1.16596	1.16446	1.16592	2249	0	8
2026.01.14	13:00:00	1.16592	1.16592	1.16445	1.16498	2562	0	8
2026.01.14	14:00:00	1.16497	1.16595	1.16484	1.16557	3469	0	8
2026.01.14	15:00:00	1.16555	1.16603	1.16491	1.16592	3355	0	8
2026.01.14	16:00:00	1.16593	1.16612	1.16524	1.16540	2229	0	8
2026.01.14	17:00:00	1.16540	1.16555	1.16452	1.16465	1777	0	8
2026.01.14	18:00:00	1.16465	1.16474	1.16378	1.16378	1564	0	8
2026.01.14	19:00:00	1.16377	1.16390	1.16348	1.16361	1236	0	8
2026.01.14	20:00:00	1.16359	1.16469	1.16359	1.16429	1715	0	8
2026.01.14	21:00:00	1.16430	1.16460	1.16418	1.16433	883	0	8
2026.01.14	22:00:00	1.16433	1.16449	1.16416	1.16440	345	0	8
2026.01.14	23:00:00	1.16441	1.16466	1.16439	1.16446	675	0	8
2026.01.15	00:00:00	1.16447	1.16453	1.16354	1.16374	1193	0	8
2026.01.15	01:00:00	1.16374	1.16414	1.16328	1.16384	1817	0	8
2026.01.15	02:00:00	1.16384	1.16406	1.16358	1.16400	1039	0	8
2026.01.15	03:00:00	1.16400	1.16411	1.16366	1.16386	870	0	8
2026.01.15	04:00:00	1.16387	1.16391	1.16340	1.16344	646	0	8
2026.01.15	05:00:00	1.16342	1.16375	1.16332	1.16350	853	0	8
2026.01.15	06:00:00	1.16351	1.16379	1.16295	1.16329	1366	0	8
2026.01.15	07:00:00	1.16330	1.16362	1.16257	1.16285	1879	0	8
2026.01.15	08:00:00	1.16283	1.16352	1.16266	1.16305	1837	0	8
2026.01.15	09:00:00	1.16306	1.16394	1.16298	1.16355	1922	0	8
2026.01.15	10:00:00	1.16354	1.16405	1.16326	1.16354	1691	0	8
2026.01.15	11:00:00	1.16357	1.16376	1.16299	1.16306	1524	0	8
2026.01.15	12:00:00	1.16304	1.16347	1.16199	1.16225	1551	0	8
2026.01.15	13:00:00	1.16225	1.16247	1.15984	1.16009	3472	0	8
2026.01.15	14:00:00	1.16011	1.16104	1.15928	1.16009	3445	0	8
2026.01.15	15:00:00	1.16008	1.16091	1.15967	1.16021	3021	0	8
2026.01.15	16:00:00	1.16021	1.16105	1.15979	1.16042	2172	0	8
2026.01.15	17:00:00	1.16043	1.16133	1.16032	1.16087	1684	0	8
2026.01.15	18:00:00	1.16087	1.16147	1.16086	1.16144	1342	0	8
2026.01.15	19:00:00	1.16143	1.16169	1.16109	1.16134	1369	0	8
2026.01.15	20:00:00	1.16134	1.16151	1.16025	1.16040	1311	0	8
2026.01.15	21:00:00	1.16037	1.16102	1.16029	1.16082	769	0	8
2026.01.15	22:00:00	1.16082	1.16087	1.16059	1.16074	350	0	8
2026.01.15	23:00:00	1.16073	1.16097	1.16067	1.16089	453	0	8
2026.01.16	00:00:00	1.16086	1.16094	1.16024	1.16036	972	0	8
2026.01.16	01:00:00	1.16034	1.16083	1.16021	1.16065	1074	0	8
2026.01.16	02:00:00	1.16065	1.16138	1.16057	1.16094	1317	0	8
2026.01.16	03:00:00	1.16093	1.16122	1.16067	1.16117	839	0	8
2026.01.16	04:00:00	1.16117	1.16132	1.16096	1.16108	561	0	8
2026.01.16	05:00:00	1.16108	1.16108	1.16057	1.16064	739	0	8
2026.01.16	06:00:00	1.16065	1.16094	1.16040	1.16093	861	0	8
2026.01.16	07:00:00	1.16091	1.16145	1.16077	1.16118	1863	0	8
2026.01.16	08:00:00	1.16120	1.16142	1.16082	1.16090	1850	0	8
2026.01.16	09:00:00	1.16090	1.16148	1.16079	1.16081	1402	0	8
2026.01.16	10:00:00	1.16083	1.16171	1.16076	1.16125	1466	0	8
2026.01.16	11:00:00	1.16125	1.16229	1.16122	1.16188	1585	0	8
2026.01.16	12:00:00	1.16188	1.16217	1.16131	1.16186	1726	0	8
2026.01.16	13:00:00	1.16184	1.16208	1.16112	1.16180	2274	0	8
2026.01.16	14:00:00	1.16180	1.16203	1.16122	1.16178	2233	0	8
2026.01.16	15:00:00	1.16180	1.16270	1.15841	1.15934	6451	0	8
2026.01.16	16:00:00	1.15935	1.16055	1.15935	1.15981	3289	0	8
2026.01.16	17:00:00	1.15982	1.16024	1.15946	1.15953	1941	0	8
2026.01.16	18:00:00	1.15951	1.15989	1.15890	1.15953	1374	0	8
2026.01.16	19:00:00	1.15951	1.15972	1.15912	1.15960	1276	0	8
2026.01.16	20:00:00	1.15962	1.16018	1.15952	1.15990	1018	0	8
2026.01.16	21:00:00	1.15992	1.16019	1.15972	1.15983	714	0	8
2026.01.18	22:00:00	1.15770	1.15850	1.15749	1.15827	538	0	48
2026.01.18	23:00:00	1.15843	1.16268	1.15775	1.16239	3692	0	8
2026.01.19	00:00:00	1.16238	1.16376	1.16044	1.16316	4352	0	8
2026.01.19	01:00:00	1.16316	1.16342	1.16217	1.16223	2344	0	8
2026.01.19	02:00:00	1.16225	1.16235	1.16155	1.16174	1736	0	8
2026.01.19	03:00:00	1.16175	1.16258	1.16157	1.16242	1219	0	8
2026.01.19	04:00:00	1.16242	1.16334	1.16242	1.16326	1135	0	8
2026.01.19	05:00:00	1.16328	1.16371	1.16265	1.16275	1220	0	8
2026.01.19	06:00:00	1.16273	1.16320	1.16246	1.16275	1372	0	8
2026.01.19	07:00:00	1.16278	1.16413	1.16227	1.16258	2738	0	8
2026.01.19	08:00:00	1.16259	1.16276	1.16182	1.16247	2388	0	8
2026.01.19	09:00:00	1.16247	1.16294	1.16108	1.16239	2264	0	8
2026.01.19	10:00:00	1.16240	1.16281	1.16215	1.16237	1733	0	8
2026.01.19	11:00:00	1.16238	1.16286	1.16198	1.16276	1436	0	8
2026.01.19	12:00:00	1.16276	1.16329	1.16246	1.16254	1624	0	8
2026.01.19	13:00:00	1.16254	1.16350	1.16254	1.16317	1839	0	8
2026.01.19	14:00:00	1.16314	1.16422	1.16299	1.16393	1824	0	8
2026.01.19	15:00:00	1.16394	1.16431	1.16315	1.16394	2212	0	8
2026.01.19	16:00:00	1.16394	1.16469	1.16372	1.16417	1393	0	8
2026.01.19	17:00:00	1.16418	1.16465	1.16394	1.16457	997	0	8
2026.01.19	18:00:00	1.16456	1.16484	1.16429	1.16430	652	0	8
2026.01.19	19:00:00	1.16430	1.16464	1.16423	1.16428	486	0	8
2026.01.19	20:00:00	1.16428	1.16449	1.16415	1.16449	434	0	8
2026.01.19	21:00:00	1.16449	1.16460	1.16426	1.16440	435	0	8
2026.01.19	22:00:00	1.16440	1.16459	1.16423	1.16448	321	0	20
2026.01.19	23:00:00	1.16454	1.16463	1.16381	1.16390	594	0	8
2026.01.20	00:00:00	1.16392	1.16406	1.16323	1.16398	1101	0	8
2026.01.20	01:00:00	1.16399	1.16435	1.16385	1.16432	1552	0	8
2026.01.20	02:00:00	1.16433	1.16461	1.16401	1.16439	1027	0	8
2026.01.20	03:00:00	1.16438	1.16584	1.16435	1.16560	1226	0	8
2026.01.20	04:00:00	1.16560	1.16664	1.16556	1.16651	1164	0	8
2026.01.20	05:00:00	1.16651	1.16721	1.16626	1.16630	1340	0	8
2026.01.20	06:00:00	1.16631	1.16686	1.16619	1.16681	1617	0	8
2026.01.20	07:00:00	1.16680	1.16934	1.16637	1.16885	3202	0	8
2026.01.20	08:00:00	1.16887	1.17215	1.16867	1.17161	4815	0	8
2026.01.20	09:00:00	1.17161	1.17324	1.17154	1.17254	3948	0	8
2026.01.20	10:00:00	1.17258	1.17316	1.17151	1.17304	3454	0	8
2026.01.20	11:00:00	1.17306	1.17387	1.17219	1.17344	2620	0	8
2026.01.20	12:00:00	1.17342	1.17433	1.17252	1.17255	2654	0	8
2026.01.20	13:00:00	1.17256	1.17692	1.17180	1.17329	8199	0	8
2026.01.20	14:00:00	1.17329	1.17367	1.17150	1.17191	5481	0	8
2026.01.20	15:00:00	1.17192	1.17369	1.17159	1.17268	4211	0	8
2026.01.20	16:00:00	1.17267	1.17390	1.17266	1.17384	3206	0	8
2026.01.20	17:00:00	1.17383	1.17422	1.17293	1.17311	2457	0	8
2026.01.20	18:00:00	1.17310	1.17337	1.17261	1.17263	1630	0	8
2026.01.20	19:00:00	1.17264	1.17279	1.17111	1.17118	1990	0	8
2026.01.20	20:00:00	1.17118	1.17201	1.17105	1.17191	2051	0	8
2026.01.20	21:00:00	1.17189	1.17261	1.17171	1.17252	700	0	8
2026.01.20	22:00:00	1.17248	1.17254	1.17199	1.17218	498	0	20
2026.01.20	23:00:00	1.17224	1.17284	1.17214	1.17269	718	0	8
2026.01.21	00:00:00	1.17267	1.17267	1.17163	1.17233	1210	0	8
2026.01.21	01:00:00	1.17235	1.17339	1.17223	1.17287	1727	0	8
2026.01.21	02:00:00	1.17287	1.17313	1.17239	1.17261	1214	0	8
2026.01.21	03:00:00	1.17261	1.17287	1.17100	1.17184	1773	0	8
2026.01.21	04:00:00	1.17184	1.17202	1.17136	1.17178	1119	0	8
2026.01.21	05:00:00	1.17177	1.17212	1.17153	1.17172	1044	0	8
2026.01.21	06:00:00	1.17172	1.17246	1.17151	1.17232	1244	0	8
2026.01.21	07:00:00	1.17230	1.17251	1.17096	1.17165	2703	0	8
2026.01.21	08:00:00	1.17167	1.17184	1.17046	1.17097	2565	0	8
2026.01.21	09:00:00	1.17097	1.17125	1.17010	1.17033	1943	0	8
2026.01.21	10:00:00	1.17033	1.17082	1.17009	1.17066	1988	0	8
2026.01.21	11:00:00	1.17066	1.17200	1.17034	1.17138	2202	0	8
2026.01.21	12:00:00	1.17139	1.17355	1.17115	1.17343	2144	0	8
2026.01.21	13:00:00	1.17345	1.17427	1.17282	1.17392	2827	0	8
2026.01.21	14:00:00	1.17391	1.17403	1.17150	1.17246	7345	0	8
2026.01.21	15:00:00	1.17243	1.17283	1.17003	1.17016	4642	0	8
2026.01.21	16:00:00	1.17016	1.17104	1.16943	1.17030	4269	0	8
2026.01.21	17:00:00	1.17033	1.17111	1.16965	1.17026	2840	0	8
2026.01.21	18:00:00	1.17025	1.17032	1.16932	1.16966	1881	0	8
2026.01.21	19:00:00	1.16967	1.17050	1.16767	1.16910	5020	0	8
2026.01.21	20:00:00	1.16912	1.16917	1.16760	1.16864	2494	0	8
2026.01.21	21:00:00	1.16866	1.16890	1.16835	1.16848	841	0	8
2026.01.21	22:00:00	1.16842	1.16855	1.16819	1.16855	406	0	8
2026.01.21	23:00:00	1.16854	1.16854	1.16694	1.16727	1003	0	8
2026.01.22	00:00:00	1.16726	1.16894	1.16724	1.16868	1736	0	8
2026.01.22	01:00:00	1.16868	1.16898	1.16808	1.16885	1635	0	8
2026.01.22	02:00:00	1.16885	1.16932	1.16830	1.16853	1244	0	8
2026.01.22	03:00:00	1.16853	1.16899	1.16846	1.16887	877	0	8
2026.01.22	04:00:00	1.16886	1.16969	1.16885	1.16912	922	0	8
2026.01.22	05:00:00	1.16910	1.16917	1.16840	1.16880	960	0	8
2026.01.22	06:00:00	1.16880	1.16916	1.16838	1.16880	1431	0	8
2026.01.22	07:00:00	1.16880	1.16956	1.16843	1.16903	2202	0	8
2026.01.22	08:00:00	1.16902	1.16947	1.16837	1.16885	2486	0	8
2026.01.22	09:00:00	1.16887	1.16971	1.16872	1.16925	2143	0	8
2026.01.22	10:00:00	1.16923	1.16951	1.16863	1.16948	1652	0	8
2026.01.22	11:00:00	1.16948	1.17037	1.16900	1.17017	2857	0	8
2026.01.22	12:00:00	1.17016	1.17086	1.16997	1.17033	1923	0	8
2026.01.22	13:00:00	1.17032	1.17182	1.17024	1.17135	3285	0	8
2026.01.22	14:00:00	1.17137	1.17252	1.17103	1.17195	3532	0	8
2026.01.22	15:00:00	1.17199	1.17336	1.17180	1.17336	3234	0	8
2026.01.22	16:00:00	1.17336	1.17501	1.17329	1.17383	3033	0	8
2026.01.22	17:00:00	1.17381	1.17475	1.17263	1.17465	2871	0	8
2026.01.22	18:00:00	1.17463	1.17483	1.17427	1.17470	1346	0	8
2026.01.22	19:00:00	1.17470	1.17477	1.17409	1.17436	1336	0	8
2026.01.22	20:00:00	1.17436	1.17524	1.17415	1.17487	1250	0	8
2026.01.22	21:00:00	1.17486	1.17555	1.17468	1.17520	927	0	8
2026.01.22	22:00:00	1.17521	1.17548	1.17493	1.17546	475	0	20
2026.01.22	23:00:00	1.17554	1.17590	1.17529	1.17535	729	0	8
2026.01.23	00:00:00	1.17535	1.17535	1.17476	1.17477	1085	0	8
2026.01.23	01:00:00	1.17477	1.17536	1.17466	1.17489	1634	0	8
2026.01.23	02:00:00	1.17487	1.17497	1.17437	1.17450	1102	0	8
2026.01.23	03:00:00	1.17449	1.17484	1.17432	1.17435	1078	0	8
2026.01.23	04:00:00	1.17435	1.17507	1.17429	1.17497	690	0	8
2026.01.23	05:00:00	1.17497	1.17536	1.17494	1.17505	909	0	8
2026.01.23	06:00:00	1.17505	1.17527	1.17411	1.17419	1855	0	8
2026.01.23	07:00:00	1.17419	1.17471	1.17348	1.17358	3751	0	8
2026.01.23	08:00:00	1.17357	1.17449	1.17281	1.17400	3023	0	8
2026.01.23	09:00:00	1.17396	1.17447	1.17347	1.17352	2521	0	8
2026.01.23	10:00:00	1.17354	1.17358	1.17297	1.17343	1628	0	8
2026.01.23	11:00:00	1.17344	1.17400	1.17304	1.17371	1923	0	8
2026.01.23	12:00:00	1.17372	1.17442	1.17362	1.17420	1567	0	8
2026.01.23	13:00:00	1.17421	1.17470	1.17324	1.17338	1990	0	8
2026.01.23	14:00:00	1.17339	1.17478	1.17315	1.17464	2396	0	8
2026.01.23	15:00:00	1.17466	1.17610	1.17454	1.17575	2674	0	8
2026.01.23	16:00:00	1.17575	1.17750	1.17461	1.17703	3493	0	8
2026.01.23	17:00:00	1.17702	1.17983	1.17685	1.17939	5106	0	8
2026.01.23	18:00:00	1.17939	1.17951	1.17767	1.17916	3792	0	8
2026.01.23	19:00:00	1.17918	1.18147	1.17910	1.18113	2840	0	8
2026.01.23	20:00:00	1.18113	1.18263	1.18094	1.18207	2921	0	8
2026.01.23	21:00:00	1.18208	1.18331	1.18203	1.18275	2172	0	8
2026.01.25	22:00:00	1.18601	1.18851	1.18468	1.18851	1071	0	48
2026.01.25	23:00:00	1.18894	1.18973	1.18541	1.18597	4807	0	8
2026.01.26	00:00:00	1.18600	1.18628	1.18442	1.18607	4970	0	8
2026.01.26	01:00:00	1.18610	1.18688	1.18543	1.18574	4253	0	8
2026.01.26	02:00:00	1.18574	1.18761	1.18556	1.18673	3513	0	8
2026.01.26	03:00:00	1.18674	1.18674	1.18580	1.18621	2277	0	8
2026.01.26	04:00:00	1.18622	1.18690	1.18552	1.18589	2286	0	8
2026.01.26	05:00:00	1.18589	1.18696	1.18575	1.18648	1990	0	8
2026.01.26	06:00:00	1.18648	1.18655	1.18502	1.18513	2781	0	8
2026.01.26	07:00:00	1.18515	1.18624	1.18364	1.18385	3799	0	8
2026.01.26	08:00:00	1.18387	1.18592	1.18379	1.18531	4410	0	8
2026.01.26	09:00:00	1.18533	1.18670	1.18415	1.18633	3747	0	8
2026.01.26	10:00:00	1.18635	1.18651	1.18531	1.18602	2769	0	8
2026.01.26	11:00:00	1.18602	1.18604	1.18483	1.18556	2397	0	8
2026.01.26	12:00:00	1.18554	1.18569	1.18399	1.18419	2264	0	8
2026.01.26	13:00:00	1.18419	1.18565	1.18346	1.18554	2997	0	8
2026.01.26	14:00:00	1.18553	1.18792	1.18520	1.18787	3799	0	8
2026.01.26	15:00:00	1.18787	1.18967	1.18700	1.18948	4114	0	8
2026.01.26	16:00:00	1.18949	1.19066	1.18798	1.18853	4269	0	8
2026.01.26	17:00:00	1.18854	1.18910	1.18744	1.18785	2935	0	8
2026.01.26	18:00:00	1.18787	1.18900	1.18778	1.18787	2540	0	8
2026.01.26	19:00:00	1.18789	1.18813	1.18702	1.18787	2645	0	8
2026.01.26	20:00:00	1.18789	1.18834	1.18769	1.18822	1923	0	8
2026.01.26	21:00:00	1.18821	1.18860	1.18737	1.18788	1239	0	8
2026.01.26	22:00:00	1.18788	1.18788	1.18720	1.18771	414	0	20
2026.01.26	23:00:00	1.18775	1.18817	1.18710	1.18733	895	0	8
2026.01.27	00:00:00	1.18733	1.18824	1.18722	1.18768	1827	0	8
2026.01.27	01:00:00	1.18766	1.18811	1.18730	1.18784	1854	0	8
2026.01.27	02:00:00	1.18784	1.18989	1.18759	1.18932	1781	0	8
2026.01.27	03:00:00	1.18931	1.18931	1.18789	1.18794	1605	0	8
2026.01.27	04:00:00	1.18795	1.18822	1.18695	1.18729	1421	0	8
2026.01.27	05:00:00	1.18730	1.18782	1.18716	1.18762	1244	0	8
2026.01.27	06:00:00	1.18764	1.18812	1.18704	1.18714	1687	0	8
2026.01.27	07:00:00	1.18714	1.18753	1.18606	1.18636	2614	0	8
2026.01.27	08:00:00	1.18638	1.18671	1.18497	1.18603	2947	0	8
2026.01.27	09:00:00	1.18603	1.18895	1.18586	1.18886	3253	0	8
2026.01.27	10:00:00	1.18887	1.18896	1.18738	1.18883	3546	0	8
2026.01.27	11:00:00	1.18885	1.18967	1.18848	1.18949	2312	0	8
2026.01.27	12:00:00	1.18948	1.19339	1.18937	1.19276	5648	0	8
2026.01.27	13:00:00	1.19275	1.19382	1.19136	1.19232	6081	0	8
2026.01.27	14:00:00	1.19229	1.19553	1.19179	1.19439	6488	0	8
2026.01.27	15:00:00	1.19433	1.19721	1.19430	1.19506	6833	0	8
2026.01.27	16:00:00	1.19504	1.19897	1.19493	1.19788	5167	0	8
2026.01.27	17:00:00	1.19791	1.19834	1.19585	1.19798	4939	0	8
2026.01.27	18:00:00	1.19798	1.19872	1.19712	1.19774	3488	0	8
2026.01.27	19:00:00	1.19774	1.19805	1.19707	1.19767	2567	0	8
2026.01.27	20:00:00	1.19766	1.20829	1.19715	1.20293	17312	0	8
2026.01.27	21:00:00	1.20296	1.20496	1.20228	1.20385	7280	0	8
2026.01.27	22:00:00	1.20382	1.20395	1.20341	1.20388	665	0	20
2026.01.27	23:00:00	1.20408	1.20444	1.20159	1.20227	2589	0	8
2026.01.28	00:00:00	1.20226	1.20234	1.20076	1.20149	3828	0	8
2026.01.28	01:00:00	1.20148	1.20159	1.19925	1.19925	3400	0	8
2026.01.28	02:00:00	1.19925	1.20000	1.19868	1.19971	2482	0	8
2026.01.28	03:00:00	1.19974	1.20046	1.19948	1.19964	1667	0	8
2026.01.28	04:00:00	1.19964	1.20013	1.19909	1.20000	1511	0	8
2026.01.28	05:00:00	1.19998	1.20006	1.19745	1.19965	4038	0	8
2026.01.28	06:00:00	1.19964	1.20068	1.19899	1.19950	2612	0	8
2026.01.28	07:00:00	1.19951	1.20254	1.19839	1.19912	5095	0	8
2026.01.28	08:00:00	1.19914	1.20046	1.19699	1.19799	6342	0	8
2026.01.28	09:00:00	1.19801	1.19925	1.19748	1.19864	4208	0	8
2026.01.28	10:00:00	1.19863	1.19945	1.19722	1.19885	3637	0	8
2026.01.28	11:00:00	1.19888	1.19895	1.19613	1.19679	3447	0	8
2026.01.28	12:00:00	1.19678	1.19831	1.19656	1.19797	3327	0	8
2026.01.28	13:00:00	1.19797	1.19806	1.19514	1.19573	4473	0	8
2026.01.28	14:00:00	1.19573	1.19772	1.19524	1.19623	4539	0	8
2026.01.28	15:00:00	1.19623	1.19698	1.19228	1.19432	15645	0	8
2026.01.28	16:00:00	1.19430	1.19522	1.19182	1.19403	6071	0	8
2026.01.28	17:00:00	1.19404	1.19430	1.19277	1.19406	3161	0	8
2026.01.28	18:00:00	1.19408	1.19420	1.19139	1.19213	3502	0	8
2026.01.28	19:00:00	1.19215	1.19415	1.18957	1.19402	11042	0	8
2026.01.28	20:00:00	1.19399	1.19499	1.19290	1.19451	4567	0	8
2026.01.28	21:00:00	1.19453	1.19535	1.19414	1.19533	1746	0	8
2026.01.28	22:00:00	1.19536	1.19553	1.19513	1.19553	365	0	20
2026.01.28	23:00:00	1.19557	1.19795	1.19519	1.19795	2346	0	8
2026.01.29	00:00:00	1.19805	1.19848	1.19685	1.19735	3304	0	8
2026.01.29	01:00:00	1.19734	1.19734	1.19565	1.19611	3241	0	8
2026.01.29	02:00:00	1.19611	1.19753	1.19529	1.19728	2493	0	8
2026.01.29	03:00:00	1.19726	1.19866	1.19701	1.19860	2060	0	8
2026.01.29	04:00:00	1.19861	1.19904	1.19750	1.19898	2356	0	8
2026.01.29	05:00:00	1.19896	1.19932	1.19800	1.19807	1930	0	8
2026.01.29	06:00:00	1.19805	1.19888	1.19747	1.19842	2352	0	8
2026.01.29	07:00:00	1.19840	1.19964	1.19670	1.19737	3837	0	8
2026.01.29	08:00:00	1.19738	1.19854	1.19610	1.19682	4995	0	8
2026.01.29	09:00:00	1.19680	1.19739	1.19511	1.19555	3737	0	8
2026.01.29	10:00:00	1.19558	1.19577	1.19383	1.19420	3423	0	8
2026.01.29	11:00:00	1.19422	1.19527	1.19376	1.19467	2993	0	8
2026.01.29	12:00:00	1.19467	1.19620	1.19418	1.19606	2889	0	8
2026.01.29	13:00:00	1.19608	1.19704	1.19397	1.19559	6290	0	8
2026.01.29	14:00:00	1.19561	1.19710	1.19518	1.19699	6106	0	8
2026.01.29	15:00:00	1.19698	1.19721	1.19057	1.19291	15751	0	8
2026.01.29	16:00:00	1.19288	1.19524	1.19269	1.19423	7707	0	8
2026.01.29	17:00:00	1.19426	1.19611	1.19423	1.19551	5970	0	8
2026.01.29	18:00:00	1.19550	1.19646	1.19479	1.19573	3679	0	8
2026.01.29	19:00:00	1.19573	1.19602	1.19496	1.19511	2919	0	8
2026.01.29	20:00:00	1.19508	1.19683	1.19454	1.19644	2401	0	8
2026.01.29	21:00:00	1.19645	1.19710	1.19615	1.19700	1405	0	8
2026.01.29	22:00:00	1.19701	1.19701	1.19629	1.19683	440	0	20
2026.01.29	23:00:00	1.19684	1.19743	1.19646	1.19671	1115	0	8
2026.01.30	00:00:00	1.19671	1.19729	1.19298	1.19316	5143	0	8
2026.01.30	01:00:00	1.19316	1.19395	1.19138	1.19168	6332	0	8
2026.01.30	02:00:00	1.19169	1.19259	1.18942	1.19182	8331	0	8
2026.01.30	03:00:00	1.19185	1.19227	1.19126	1.19196	3376	0	8
2026.01.30	04:00:00	1.19197	1.19340	1.19187	1.19240	2233	0	8
2026.01.30	05:00:00	1.19243	1.19349	1.19141	1.19243	2726	0	8
2026.01.30	06:00:00	1.19241	1.19327	1.19136	1.19189	4062	0	8
2026.01.30	07:00:00	1.19189	1.19423	1.19144	1.19373	5001	0	8
2026.01.30	08:00:00	1.19374	1.19428	1.19229	1.19326	4348	0	8
2026.01.30	09:00:00	1.19323	1.19376	1.18980	1.19079	5507	0	8
2026.01.30	10:00:00	1.19079	1.19247	1.19045	1.19209	3814	0	8
2026.01.30	11:00:00	1.19211	1.19503	1.19202	1.19487	4140	0	8
2026.01.30	12:00:00	1.19485	1.19544	1.19148	1.19193	4218	0	8
2026.01.30	13:00:00	1.19190	1.19242	1.19016	1.19122	6338	0	8
2026.01.30	14:00:00	1.19123	1.19207	1.19007	1.19061	6263	0	8
2026.01.30	15:00:00	1.19059	1.19059	1.18826	1.18949	9577	0	8
2026.01.30	16:00:00	1.18951	1.18973	1.18711	1.18857	6495	0	8
2026.01.30	17:00:00	1.18854	1.18873	1.18661	1.18720	6285	0	8
2026.01.30	18:00:00	1.18718	1.18840	1.18543	1.18780	6610	0	8
2026.01.30	19:00:00	1.18778	1.18847	1.18640	1.18689	4699	0	8
2026.01.30	20:00:00	1.18691	1.18691	1.18526	1.18526	3570	0	8
2026.01.30	21:00:00	1.18524	1.18563	1.18495	1.18495	1698	0	8
2026.02.01	22:00:00	1.18448	1.18502	1.18444	1.18478	454	0	48
2026.02.01	23:00:00	1.18499	1.18565	1.18392	1.18455	3987	0	8
2026.02.02	00:00:00	1.18458	1.18744	1.18458	1.18665	4961	0	8
2026.02.02	01:00:00	1.18665	1.18722	1.18523	1.18701	5425	0	8
2026.02.02	02:00:00	1.18704	1.18744	1.18627	1.18628	3748	0	8
2026.02.02	03:00:00	1.18627	1.18717	1.18627	1.18639	2779	0	8
2026.02.02	04:00:00	1.18640	1.18721	1.18576	1.18627	2705	0	8
2026.02.02	05:00:00	1.18625	1.18634	1.18407	1.18504	2782	0	8
2026.02.02	06:00:00	1.18503	1.18541	1.18428	1.18536	4389	0	8
2026.02.02	07:00:00	1.18538	1.18630	1.18514	1.18533	4621	0	8
2026.02.02	08:00:00	1.18534	1.18662	1.18432	1.18504	5066	0	8
2026.02.02	09:00:00	1.18502	1.18647	1.18443	1.18620	4430	0	8
2026.02.02	10:00:00	1.18618	1.18702	1.18583	1.18644	3773	0	8
2026.02.02	11:00:00	1.18644	1.18711	1.18601	1.18643	3097	0	8
2026.02.02	12:00:00	1.18641	1.18697	1.18425	1.18496	3669	0	8
2026.02.02	13:00:00	1.18498	1.18500	1.18176	1.18205	5189	0	8
2026.02.02	14:00:00	1.18205	1.18298	1.18048	1.18212	5490	0	8
2026.02.02	15:00:00	1.18209	1.18209	1.17898	1.17919	7869	0	8
2026.02.02	16:00:00	1.17920	1.18075	1.17900	1.18060	5020	0	8
2026.02.02	17:00:00	1.18062	1.18122	1.17945	1.17998	4059	0	8
2026.02.02	18:00:00	1.18000	1.18008	1.17772	1.17793	3386	0	8
2026.02.02	19:00:00	1.17796	1.17910	1.17754	1.17883	2375	0	8
2026.02.02	20:00:00	1.17883	1.17919	1.17800	1.17908	2067	0	8
2026.02.02	21:00:00	1.17910	1.17942	1.17879	1.17899	992	0	8
2026.02.02	22:00:00	1.17898	1.17909	1.17872	1.17898	536	0	20
2026.02.02	23:00:00	1.17895	1.17985	1.17869	1.17983	1164	0	8
2026.02.03	00:00:00	1.17984	1.18066	1.17977	1.18059	1653	0	8
2026.02.03	01:00:00	1.18060	1.18145	1.18012	1.18137	1956	0	8
2026.02.03	02:00:00	1.18137	1.18140	1.18004	1.18013	1417	0	8
2026.02.03	03:00:00	1.18012	1.18122	1.18005	1.18091	1821	0	8
2026.02.03	04:00:00	1.18091	1.18161	1.18084	1.18090	1299	0	8
2026.02.03	05:00:00	1.18090	1.18128	1.18048	1.18083	1279	0	8
2026.02.03	06:00:00	1.18085	1.18160	1.18073	1.18134	1658	0	8
2026.02.03	07:00:00	1.18132	1.18240	1.18095	1.18150	3096	0	8
2026.02.03	08:00:00	1.18149	1.18191	1.18034	1.18127	3215	0	8
2026.02.03	09:00:00	1.18127	1.18157	1.17919	1.17919	3355	0	8
2026.02.03	10:00:00	1.17922	1.17996	1.17863	1.17869	2311	0	8
2026.02.03	11:00:00	1.17869	1.17945	1.17823	1.17867	2355	0	8
2026.02.03	12:00:00	1.17870	1.17997	1.17862	1.17964	2369	0	8
2026.02.03	13:00:00	1.17963	1.18063	1.17923	1.17955	3044	0	8
2026.02.03	14:00:00	1.17956	1.18009	1.17796	1.17906	3991	0	8
2026.02.03	15:00:00	1.17905	1.18133	1.17859	1.18126	4548	0	8
2026.02.03	16:00:00	1.18126	1.18211	1.18098	1.18173	3598	0	8
2026.02.03	17:00:00	1.18172	1.18287	1.18133	1.18160	3512	0	8
2026.02.03	18:00:00	1.18158	1.18221	1.18088	1.18088	2762	0	8
2026.02.03	19:00:00	1.18086	1.18168	1.18055	1.18130	2377	0	8
2026.02.03	20:00:00	1.18132	1.18214	1.18092	1.18207	1683	0	8
2026.02.03	21:00:00	1.18206	1.18249	1.18165	1.18183	998	0	8
2026.02.03	22:00:00	1.18181	1.18192	1.18149	1.18179	553	0	8
2026.02.03	23:00:00	1.18177	1.18205	1.18120	1.18154	774	0	8
2026.02.04	00:00:00	1.18152	1.18173	1.18084	1.18140	1625	0	8
2026.02.04	01:00:00	1.18140	1.18315	1.18120	1.18258	2246	0	8
2026.02.04	02:00:00	1.18258	1.18313	1.18186	1.18219	1542	0	8
2026.02.04	03:00:00	1.18219	1.18278	1.18203	1.18266	1254	0	8
2026.02.04	04:00:00	1.18266	1.18353	1.18249	1.18350	1088	0	8
2026.02.04	05:00:00	1.18350	1.18360	1.18302	1.18325	1055	0	8
2026.02.04	06:00:00	1.18324	1.18358	1.18286	1.18292	1389	0	8
2026.02.04	07:00:00	1.18291	1.18336	1.18238	1.18317	2522	0	8
2026.02.04	08:00:00	1.18315	1.18378	1.18234	1.18285	3013	0	8
2026.02.04	09:00:00	1.18285	1.18325	1.18108	1.18136	2689	0	8
2026.02.04	10:00:00	1.18134	1.18174	1.18044	1.18132	2376	0	8
2026.02.04	11:00:00	1.18133	1.18150	1.18055	1.18101	2088	0	8
2026.02.04	12:00:00	1.18099	1.18246	1.18092	1.18212	2004	0	8
2026.02.04	13:00:00	1.18216	1.18267	1.18108	1.18219	3635	0	8
2026.02.04	14:00:00	1.18217	1.18254	1.18018	1.18143	4751	0	8
2026.02.04	15:00:00	1.18141	1.18217	1.17930	1.17960	5387	0	8
2026.02.04	16:00:00	1.17962	1.18052	1.17901	1.18021	3899	0	8
2026.02.04	17:00:00	1.18023	1.18147	1.17939	1.17974	4072	0	8
2026.02.04	18:00:00	1.17973	1.18015	1.17943	1.18005	2505	0	8
2026.02.04	19:00:00	1.18006	1.18092	1.17940	1.18087	2446	0	8
2026.02.04	20:00:00	1.18084	1.18093	1.18014	1.18034	1262	0	8
2026.02.04	21:00:00	1.18035	1.18077	1.18019	1.18037	950	0	8
2026.02.04	22:00:00	1.18034	1.18064	1.18025	1.18064	400	0	8
2026.02.04	23:00:00	1.18062	1.18074	1.18000	1.18010	727	0	8
2026.02.05	00:00:00	1.18012	1.18045	1.17992	1.18040	1120	0	8
2026.02.05	01:00:00	1.18039	1.18078	1.18016	1.18036	1575	0	8
2026.02.05	02:00:00	1.18036	1.18050	1.17845	1.17853	2520	0	8
2026.02.05	03:00:00	1.17854	1.17905	1.17825	1.17890	1953	0	8
2026.02.05	04:00:00	1.17891	1.17907	1.17863	1.17873	939	0	8
2026.02.05	05:00:00	1.17872	1.17900	1.17840	1.17897	1118	0	8
2026.02.05	06:00:00	1.17896	1.17912	1.17845	1.17900	1657	0	8
2026.02.05	07:00:00	1.17903	1.18032	1.17900	1.17983	2486	0	8
2026.02.05	08:00:00	1.17985	1.18086	1.17953	1.18025	3029	0	8
2026.02.05	09:00:00	1.18023	1.18023	1.17799	1.17804	2991	0	8
2026.02.05	10:00:00	1.17804	1.17915	1.17800	1.17873	1865	0	8
2026.02.05	11:00:00	1.17873	1.17950	1.17858	1.17933	1644	0	8
2026.02.05	12:00:00	1.17933	1.18034	1.17850	1.17994	5161	0	8
2026.02.05	13:00:00	1.17991	1.18153	1.17911	1.18113	5689	0	8
2026.02.05	14:00:00	1.18111	1.18215	1.17951	1.17979	7160	0	8
2026.02.05	15:00:00	1.17978	1.18112	1.17815	1.17910	6352	0	8
2026.02.05	16:00:00	1.17909	1.18030	1.17848	1.18010	4029	0	8
2026.02.05	17:00:00	1.18012	1.18039	1.17957	1.18006	2557	0	8
2026.02.05	18:00:00	1.18008	1.18025	1.17918	1.17933	1579	0	8
2026.02.05	19:00:00	1.17932	1.17972	1.17922	1.17939	1609	0	8
2026.02.05	20:00:00	1.17939	1.17944	1.17794	1.17806	1731	0	8
2026.02.05	21:00:00	1.17805	1.17841	1.17744	1.17759	1450	0	8
2026.02.05	22:00:00	1.17759	1.17808	1.17757	1.17808	413	0	8
2026.02.05	23:00:00	1.17808	1.17809	1.17747	1.17762	1207	0	8
2026.02.06	00:00:00	1.17762	1.17827	1.17655	1.17824	2161	0	8
2026.02.06	01:00:00	1.17822	1.17878	1.17783	1.17844	2075	0	8
2026.02.06	02:00:00	1.17846	1.17912	1.17843	1.17873	1474	0	8
2026.02.06	03:00:00	1.17872	1.17900	1.17853	1.17873	872	0	8
2026.02.06	04:00:00	1.17875	1.17960	1.17868	1.17948	918	0	8
2026.02.06	05:00:00	1.17948	1.18009	1.17945	1.17979	1094	0	8
2026.02.06	06:00:00	1.17977	1.18014	1.17941	1.17966	1629	0	8
2026.02.06	07:00:00	1.17967	1.17972	1.17884	1.17912	1795	0	8
2026.02.06	08:00:00	1.17912	1.17955	1.17853	1.17920	2752	0	8
2026.02.06	09:00:00	1.17920	1.17979	1.17896	1.17917	2195	0	8
2026.02.06	10:00:00	1.17915	1.17994	1.17893	1.17918	1760	0	8
2026.02.06	11:00:00	1.17918	1.17928	1.17853	1.17899	1795	0	8
2026.02.06	12:00:00	1.17899	1.17929	1.17880	1.17921	1580	0	8
2026.02.06	13:00:00	1.17922	1.18108	1.17918	1.18100	2259	0	8
2026.02.06	14:00:00	1.18097	1.18259	1.18094	1.18209	3034	0	8
2026.02.06	15:00:00	1.18206	1.18236	1.18049	1.18190	3504	0	8
2026.02.06	16:00:00	1.18190	1.18216	1.18095	1.18120	2656	0	8
2026.02.06	17:00:00	1.18117	1.18202	1.18099	1.18175	1850	0	8
2026.02.06	18:00:00	1.18175	1.18225	1.18172	1.18187	1297	0	8
2026.02.06	19:00:00	1.18187	1.18208	1.18142	1.18188	1108	0	8
2026.02.06	20:00:00	1.18188	1.18224	1.18178	1.18215	972	0	8
2026.02.06	21:00:00	1.18217	1.18235	1.18132	1.18150	925	0	8
2026.02.08	22:00:00	1.18116	1.18138	1.18109	1.18138	299	0	20
2026.02.08	23:00:00	1.18141	1.18275	1.18093	1.18264	2223	0	8
2026.02.09	00:00:00	1.18264	1.18332	1.18236	1.18303	2530	0	8
2026.02.09	01:00:00	1.18304	1.18333	1.18244	1.18255	2097	0	8
2026.02.09	02:00:00	1.18253	1.18254	1.18158	1.18194	1551	0	8
2026.02.09	03:00:00	1.18194	1.18246	1.18179	1.18185	1127	0	8
2026.02.09	04:00:00	1.18187	1.18264	1.18185	1.18261	833	0	8
2026.02.09	05:00:00	1.18263	1.18360	1.18254	1.18330	948	0	8
2026.02.09	06:00:00	1.18328	1.18573	1.18327	1.18514	3853	0	8
2026.02.09	07:00:00	1.18514	1.18595	1.18466	1.18553	2975	0	8
2026.02.09	08:00:00	1.18554	1.18647	1.18512	1.18638	3016	0	8
2026.02.09	09:00:00	1.18638	1.18695	1.18597	1.18618	2220	0	8
2026.02.09	10:00:00	1.18617	1.18692	1.18549	1.18594	2646	0	8
2026.02.09	11:00:00	1.18593	1.18718	1.18552	1.18691	2617	0	8
2026.02.09	12:00:00	1.18690	1.18826	1.18690	1.18811	2098	0	8
2026.02.09	13:00:00	1.18811	1.19053	1.18811	1.19032	4246	0	8
2026.02.09	14:00:00	1.19032	1.19182	1.19023	1.19182	4461	0	8
2026.02.09	15:00:00	1.19182	1.19263	1.19030	1.19117	4145	0	8
2026.02.09	16:00:00	1.19117	1.19174	1.18927	1.18970	2770	0	8
2026.02.09	17:00:00	1.18970	1.19105	1.18970	1.19080	1916	0	8
2026.02.09	18:00:00	1.19080	1.19169	1.19029	1.19155	2021	0	8
2026.02.09	19:00:00	1.19157	1.19218	1.19121	1.19198	1545	0	8
2026.02.09	20:00:00	1.19197	1.19209	1.19137	1.19145	1282	0	8
2026.02.09	21:00:00	1.19147	1.19154	1.19103	1.19137	959	0	8
2026.02.09	22:00:00	1.19148	1.19151	1.19079	1.19127	539	0	20
2026.02.09	23:00:00	1.19131	1.19144	1.19013	1.19034	919	0	8
2026.02.10	00:00:00	1.19034	1.19054	1.18982	1.19014	1237	0	8
2026.02.10	01:00:00	1.19016	1.19100	1.18964	1.19054	1617	0	8
2026.02.10	02:00:00	1.19055	1.19141	1.19054	1.19133	1381	0	8
2026.02.10	03:00:00	1.19133	1.19166	1.19096	1.19112	1315	0	8
2026.02.10	04:00:00	1.19113	1.19124	1.19055	1.19065	898	0	8
2026.02.10	05:00:00	1.19064	1.19103	1.19033	1.19068	939	0	8
2026.02.10	06:00:00	1.19066	1.19128	1.19008	1.19025	1624	0	8
2026.02.10	07:00:00	1.19027	1.19100	1.18990	1.19084	2146	0	8
2026.02.10	08:00:00	1.19080	1.19148	1.18993	1.19089	2678	0	8
2026.02.10	09:00:00	1.19088	1.19196	1.19077	1.19141	1925	0	8
2026.02.10	10:00:00	1.19141	1.19172	1.19088	1.19100	1634	0	8
2026.02.10	11:00:00	1.19097	1.19105	1.19005	1.19037	1379	0	8
2026.02.10	12:00:00	1.19039	1.19082	1.18908	1.18926	2316	0	8
2026.02.10	13:00:00	1.18928	1.19132	1.18881	1.19051	4042	0	8
2026.02.10	14:00:00	1.19052	1.19284	1.19026	1.19143	4387	0	8
2026.02.10	15:00:00	1.19141	1.19190	1.18963	1.19135	5293	0	8
2026.02.10	16:00:00	1.19135	1.19146	1.18961	1.18974	3270	0	8
2026.02.10	17:00:00	1.18974	1.19050	1.18927	1.18954	2096	0	8
2026.02.10	18:00:00	1.18954	1.18977	1.18900	1.18920	1770	0	8
2026.02.10	19:00:00	1.18919	1.19019	1.18865	1.19019	1426	0	8
2026.02.10	20:00:00	1.19017	1.19030	1.18944	1.18949	1285	0	8
2026.02.10	21:00:00	1.18951	1.18964	1.18911	1.18914	711	0	8
2026.02.10	22:00:00	1.18916	1.18933	1.18894	1.18910	515	0	20
2026.02.10	23:00:00	1.18913	1.18921	1.18863	1.18876	649	0	8
2026.02.11	00:00:00	1.18876	1.19000	1.18858	1.18967	1179	0	8
2026.02.11	01:00:00	1.18966	1.19015	1.18936	1.18974	1481	0	8
2026.02.11	02:00:00	1.18976	1.19126	1.18974	1.19079	1691	0	8
2026.02.11	03:00:00	1.19081	1.19133	1.19032	1.19111	1133	0	8
2026.02.11	04:00:00	1.19109	1.19146	1.19072	1.19076	924	0	8
2026.02.11	05:00:00	1.19076	1.19188	1.19065	1.19180	1290	0	8
2026.02.11	06:00:00	1.19183	1.19255	1.19122	1.19149	1845	0	8
2026.02.11	07:00:00	1.19148	1.19179	1.19099	1.19176	1973	0	8
2026.02.11	08:00:00	1.19175	1.19197	1.19127	1.19181	2061	0	8
2026.02.11	09:00:00	1.19181	1.19194	1.19097	1.19177	1895	0	8
2026.02.11	10:00:00	1.19177	1.19270	1.19158	1.19213	1707	0	8
2026.02.11	11:00:00	1.19211	1.19211	1.19046	1.19079	1792	0	8
2026.02.11	12:00:00	1.19081	1.19088	1.18980	1.19000	2242	0	8
2026.02.11	13:00:00	1.19002	1.19042	1.18328	1.18617	11540	0	8
2026.02.11	14:00:00	1.18616	1.18821	1.18522	1.18597	8242	0	8
2026.02.11	15:00:00	1.18600	1.18713	1.18506	1.18589	6062	0	8
2026.02.11	16:00:00	1.18588	1.18828	1.18529	1.18827	3327	0	8
2026.02.11	17:00:00	1.18824	1.18931	1.18769	1.18854	3081	0	8
2026.02.11	18:00:00	1.18854	1.18904	1.18782	1.18819	2297	0	8
2026.02.11	19:00:00	1.18819	1.18842	1.18775	1.18794	1844	0	8
2026.02.11	20:00:00	1.18794	1.18806	1.18696	1.18704	1329	0	8
2026.02.11	21:00:00	1.18702	1.18740	1.18684	1.18712	910	0	8
2026.02.11	22:00:00	1.18709	1.18737	1.18691	1.18736	457	0	20
2026.02.11	23:00:00	1.18744	1.18759	1.18693	1.18744	846	0	8
2026.02.12	00:00:00	1.18744	1.18779	1.18664	1.18766	1584	0	8
2026.02.12	01:00:00	1.18763	1.18820	1.18731	1.18806	1865	0	8
2026.02.12	02:00:00	1.18803	1.18842	1.18746	1.18786	1505	0	8
2026.02.12	03:00:00	1.18785	1.18808	1.18649	1.18691	1459	0	8
2026.02.12	04:00:00	1.18690	1.18721	1.18598	1.18614	1255	0	8
2026.02.12	05:00:00	1.18614	1.18653	1.18580	1.18646	1307	0	8
2026.02.12	06:00:00	1.18645	1.18672	1.18521	1.18603	2818	0	8
2026.02.12	07:00:00	1.18603	1.18748	1.18591	1.18727	2094	0	8
2026.02.12	08:00:00	1.18730	1.18805	1.18708	1.18793	2231	0	8
2026.02.12	09:00:00	1.18794	1.18877	1.18791	1.18866	2085	0	8
2026.02.12	10:00:00	1.18866	1.18869	1.18742	1.18768	1750	0	8
2026.02.12	11:00:00	1.18768	1.18841	1.18747	1.18840	1466	0	8
2026.02.12	12:00:00	1.18841	1.18859	1.18666	1.18727	1919	0	8
2026.02.12	13:00:00	1.18727	1.18849	1.18710	1.18845	2639	0	8
2026.02.12	14:00:00	1.18845	1.18875	1.18744	1.18828	3847	0	8
2026.02.12	15:00:00	1.18828	1.18882	1.18778	1.18854	3389	0	8
2026.02.12	16:00:00	1.18855	1.18897	1.18618	1.18702	6527	0	8
2026.02.12	17:00:00	1.18700	1.18766	1.18597	1.18649	3984	0	8
2026.02.12	18:00:00	1.18651	1.18690	1.18557	1.18632	2779	0	8
2026.02.12	19:00:00	1.18632	1.18713	1.18606	1.18696	1972	0	8
2026.02.12	20:00:00	1.18693	1.18703	1.18632	1.18692	1249	0	8
2026.02.12	21:00:00	1.18692	1.18723	1.18682	1.18705	790	0	8
2026.02.12	22:00:00	1.18694	1.18708	1.18649	1.18692	452	0	20
2026.02.12	23:00:00	1.18713	1.18720	1.18666	1.18690	792	0	8
2026.02.13	00:00:00	1.18689	1.18720	1.18662	1.18719	1330	0	8
2026.02.13	01:00:00	1.18719	1.18731	1.18628	1.18665	1682	0	8
2026.02.13	02:00:00	1.18666	1.18707	1.18625	1.18689	1002	0	8
2026.02.13	03:00:00	1.18691	1.18700	1.18654	1.18664	921	0	8
2026.02.13	04:00:00	1.18664	1.18675	1.18598	1.18628	857	0	8
2026.02.13	05:00:00	1.18627	1.18643	1.18575	1.18592	1327	0	8
2026.02.13	06:00:00	1.18592	1.18614	1.18532	1.18559	1636	0	8
2026.02.13	07:00:00	1.18557	1.18594	1.18467	1.18583	2343	0	8
2026.02.13	08:00:00	1.18581	1.18625	1.18557	1.18623	1945	0	8
2026.02.13	09:00:00	1.18624	1.18661	1.18602	1.18604	1543	0	8
2026.02.13	10:00:00	1.18602	1.18606	1.18525	1.18571	1619	0	8
2026.02.13	11:00:00	1.18573	1.18607	1.18544	1.18581	1839	0	8
2026.02.13	12:00:00	1.18583	1.18632	1.18551	1.18614	1793	0	8
2026.02.13	13:00:00	1.18616	1.18844	1.18564	1.18738	5385	0	8
2026.02.13	14:00:00	1.18735	1.18744	1.18566	1.18589	4825	0	8
2026.02.13	15:00:00	1.18591	1.18704	1.18473	1.18479	3812	0	8
2026.02.13	16:00:00	1.18480	1.18745	1.18480	1.18683	2867	0	8
2026.02.13	17:00:00	1.18686	1.18824	1.18681	1.18745	2214	0	8
2026.02.13	18:00:00	1.18747	1.18802	1.18719	1.18733	1491	0	8
2026.02.13	19:00:00	1.18733	1.18749	1.18656	1.18661	1279	0	8
2026.02.13	20:00:00	1.18662	1.18743	1.18641	1.18739	1340	0	8
2026.02.13	21:00:00	1.18737	1.18762	1.18671	1.18684	987	0	8
2026.02.15	22:00:00	1.18696	1.18709	1.18666	1.18704	325	0	20
2026.02.15	23:00:00	1.18712	1.18716	1.18624	1.18664	1057	0	8
2026.02.16	00:00:00	1.18664	1.18671	1.18603	1.18613	1255	0	8
2026.02.16	01:00:00	1.18611	1.18662	1.18587	1.18649	1287	0	8
2026.02.16	02:00:00	1.18649	1.18668	1.18615	1.18648	1135	0	8
2026.02.16	03:00:00	1.18648	1.18687	1.18635	1.18667	837	0	8
2026.02.16	04:00:00	1.18669	1.18677	1.18608	1.18620	688	0	8
2026.02.16	05:00:00	1.18619	1.18661	1.18605	1.18644	662	0	8
2026.02.16	06:00:00	1.18645	1.18698	1.18634	1.18659	818	0	8
2026.02.16	07:00:00	1.18658	1.18661	1.18600	1.18624	1221	0	8
2026.02.16	08:00:00	1.18626	1.18702	1.18563	1.18645	2233	0	8
2026.02.16	09:00:00	1.18645	1.18687	1.18619	1.18642	1616	0	8
2026.02.16	10:00:00	1.18642	1.18672	1.18616	1.18666	1293	0	8
2026.02.16	11:00:00	1.18666	1.18667	1.18598	1.18610	1063	0	8
2026.02.16	12:00:00	1.18611	1.18627	1.18496	1.18528	1173	0	8
2026.02.16	13:00:00	1.18527	1.18571	1.18489	1.18543	1432	0	8
2026.02.16	14:00:00	1.18543	1.18632	1.18526	1.18560	1565	0	8
2026.02.16	15:00:00	1.18560	1.18567	1.18503	1.18538	1376	0	8
2026.02.16	16:00:00	1.18538	1.18562	1.18459	1.18516	1363	0	8
2026.02.16	17:00:00	1.18516	1.18533	1.18458	1.18477	774	0	8
2026.02.16	18:00:00	1.18477	1.18509	1.18476	1.18493	459	0	8
2026.02.16	19:00:00	1.18493	1.18538	1.18485	1.18538	365	0	8
2026.02.16	20:00:00	1.18538	1.18547	1.18521	1.18531	335	0	8
2026.02.16	21:00:00	1.18531	1.18542	1.18486	1.18486	337	0	8
2026.02.16	22:00:00	1.18487	1.18510	1.18486	1.18499	253	0	20
2026.02.16	23:00:00	1.18504	1.18514	1.18464	1.18499	630	0	8
2026.02.17	00:00:00	1.18500	1.18518	1.18416	1.18433	1371	0	8
2026.02.17	01:00:00	1.18433	1.18443	1.18403	1.18440	1411	0	8
2026.02.17	02:00:00	1.18439	1.18469	1.18403	1.18418	955	0	8
2026.02.17	03:00:00	1.18418	1.18421	1.18378	1.18415	1049	0	8
2026.02.17	04:00:00	1.18413	1.18421	1.18391	1.18409	822	0	8
2026.02.17	05:00:00	1.18409	1.18416	1.18352	1.18410	1230	0	8
2026.02.17	06:00:00	1.18409	1.18454	1.18409	1.18435	1070	0	8
2026.02.17	07:00:00	1.18434	1.18440	1.18283	1.18323	2009	0	8
2026.02.17	08:00:00	1.18326	1.18436	1.18297	1.18403	2058	0	8
2026.02.17	09:00:00	1.18403	1.18494	1.18394	1.18464	1409	0	8
2026.02.17	10:00:00	1.18464	1.18470	1.18408	1.18425	1564	0	8
2026.02.17	11:00:00	1.18425	1.18441	1.18238	1.18306	1510	0	8
2026.02.17	12:00:00	1.18306	1.18354	1.18266	1.18274	1876	0	8
2026.02.17	13:00:00	1.18273	1.18301	1.18152	1.18218	3183	0	8
2026.02.17	14:00:00	1.18221	1.18280	1.18161	1.18233	3615	0	8
2026.02.17	15:00:00	1.18234	1.18234	1.18046	1.18104	3565	0	8
2026.02.17	16:00:00	1.18104	1.18348	1.18104	1.18303	2877	0	8
2026.02.17	17:00:00	1.18302	1.18418	1.18289	1.18389	2290	0	8
2026.02.17	18:00:00	1.18391	1.18530	1.18383	1.18477	1831	0	8
2026.02.17	19:00:00	1.18480	1.18502	1.18429	1.18476	1289	0	8
2026.02.17	20:00:00	1.18474	1.18522	1.18465	1.18504	1062	0	8
2026.02.17	21:00:00	1.18506	1.18544	1.18493	1.18530	653	0	8
2026.02.17	22:00:00	1.18529	1.18529	1.18496	1.18516	358	0	8
2026.02.17	23:00:00	1.18521	1.18571	1.18501	1.18503	844	0	8
2026.02.18	00:00:00	1.18503	1.18532	1.18468	1.18470	1185	0	8
2026.02.18	01:00:00	1.18469	1.18479	1.18422	1.18460	1072	0	8
2026.02.18	02:00:00	1.18459	1.18472	1.18413	1.18445	954	0	8
2026.02.18	03:00:00	1.18444	1.18464	1.18408	1.18410	735	0	8
2026.02.18	04:00:00	1.18410	1.18435	1.18390	1.18414	647	0	8
2026.02.18	05:00:00	1.18414	1.18456	1.18413	1.18453	570	0	8
2026.02.18	06:00:00	1.18454	1.18460	1.18400	1.18445	871	0	8
2026.02.18	07:00:00	1.18442	1.18462	1.18326	1.18346	1600	0	8
2026.02.18	08:00:00	1.18346	1.18379	1.18279	1.18308	2032	0	8
2026.02.18	09:00:00	1.18307	1.18384	1.18279	1.18354	1678	0	8
2026.02.18	10:00:00	1.18356	1.18404	1.18305	1.18320	1421	0	8
2026.02.18	11:00:00	1.18320	1.18375	1.18302	1.18343	1221	0	8
2026.02.18	12:00:00	1.18343	1.18469	1.18330	1.18397	1590	0	8
2026.02.18	13:00:00	1.18396	1.18482	1.18233	1.18234	2386	0	8
2026.02.18	14:00:00	1.18236	1.18274	1.18119	1.18150	3320	0	8
2026.02.18	15:00:00	1.18152	1.18265	1.18131	1.18222	3071	0	8
2026.02.18	16:00:00	1.18222	1.18258	1.18089	1.18089	2481	0	8
2026.02.18	17:00:00	1.18091	1.18139	1.18015	1.18060	1840	0	8
2026.02.18	18:00:00	1.18057	1.18071	1.17872	1.17900	2016	0	8
2026.02.18	19:00:00	1.17899	1.17950	1.17832	1.17870	2814	0	8
2026.02.18	20:00:00	1.17870	1.17899	1.17815	1.17834	1320	0	8
2026.02.18	21:00:00	1.17835	1.17871	1.17817	1.17827	934	0	8
2026.02.18	22:00:00	1.17827	1.17853	1.17801	1.17853	356	0	8
2026.02.18	23:00:00	1.17853	1.17894	1.17853	1.17883	658	0	8
2026.02.19	00:00:00	1.17883	1.17915	1.17848	1.17897	1093	0	8
2026.02.19	01:00:00	1.17897	1.17947	1.17891	1.17942	1128	0	8
2026.02.19	02:00:00	1.17941	1.17952	1.17902	1.17905	966	0	8
2026.02.19	03:00:00	1.17905	1.17925	1.17874	1.17903	983	0	8
2026.02.19	04:00:00	1.17905	1.17913	1.17844	1.17891	919	0	8
2026.02.19	05:00:00	1.17890	1.17923	1.17864	1.17913	839	0	8
2026.02.19	06:00:00	1.17913	1.18004	1.17894	1.17980	1114	0	8
2026.02.19	07:00:00	1.17978	1.18031	1.17922	1.18002	1625	0	8
2026.02.19	08:00:00	1.18001	1.18049	1.17970	1.18007	1855	0	8
2026.02.19	09:00:00	1.18009	1.18072	1.17982	1.17994	1677	0	8
2026.02.19	10:00:00	1.17996	1.18026	1.17869	1.17889	1783	0	8
2026.02.19	11:00:00	1.17887	1.17901	1.17762	1.17806	1745	0	8
2026.02.19	12:00:00	1.17805	1.17806	1.17666	1.17692	2018	0	8
2026.02.19	13:00:00	1.17691	1.17698	1.17511	1.17651	3397	0	8
2026.02.19	14:00:00	1.17650	1.17660	1.17416	1.17513	4272	0	8
2026.02.19	15:00:00	1.17514	1.17750	1.17477	1.17629	5529	0	8
2026.02.19	16:00:00	1.17628	1.17704	1.17578	1.17608	3010	0	8
2026.02.19	17:00:00	1.17608	1.17676	1.17556	1.17654	2239	0	8
2026.02.19	18:00:00	1.17654	1.17738	1.17643	1.17680	1529	0	8
2026.02.19	19:00:00	1.17682	1.17716	1.17586	1.17634	1671	0	8
2026.02.19	20:00:00	1.17634	1.17685	1.17629	1.17684	1064	0	8
2026.02.19	21:00:00	1.17682	1.17778	1.17673	1.17704	1037	0	8
2026.02.19	22:00:00	1.17701	1.17724	1.17689	1.17701	406	0	20
2026.02.19	23:00:00	1.17707	1.17756	1.17680	1.17680	738	0	8
2026.02.20	00:00:00	1.17683	1.17720	1.17664	1.17701	1211	0	8
2026.02.20	01:00:00	1.17699	1.17713	1.17548	1.17586	1838	0	8
2026.02.20	02:00:00	1.17586	1.17596	1.17530	1.17544	1280	0	8
2026.02.20	03:00:00	1.17544	1.17587	1.17544	1.17567	804	0	8
2026.02.20	04:00:00	1.17566	1.17596	1.17523	1.17527	767	0	8
2026.02.20	05:00:00	1.17528	1.17564	1.17496	1.17550	1051	0	8
2026.02.20	06:00:00	1.17550	1.17565	1.17514	1.17546	1183	0	8
2026.02.20	07:00:00	1.17544	1.17624	1.17492	1.17511	2074	0	8
2026.02.20	08:00:00	1.17510	1.17631	1.17431	1.17607	2604	0	8
2026.02.20	09:00:00	1.17606	1.17677	1.17579	1.17665	1851	0	8
2026.02.20	10:00:00	1.17665	1.17683	1.17569	1.17634	1751	0	8
2026.02.20	11:00:00	1.17632	1.17686	1.17597	1.17668	1314	0	8
2026.02.20	12:00:00	1.17668	1.17708	1.17629	1.17651	1701	0	8
2026.02.20	13:00:00	1.17653	1.17861	1.17566	1.17689	3947	0	8
2026.02.20	14:00:00	1.17687	1.17701	1.17555	1.17674	3401	0	8
2026.02.20	15:00:00	1.17675	1.18071	1.17551	1.17878	13227	0	8
2026.02.20	16:00:00	1.17879	1.17979	1.17733	1.17798	4380	0	8
2026.02.20	17:00:00	1.17799	1.17846	1.17652	1.17798	3394	0	8
2026.02.20	18:00:00	1.17797	1.17986	1.17763	1.17854	4983	0	8
2026.02.20	19:00:00	1.17856	1.17892	1.17780	1.17803	2103	0	8
2026.02.20	20:00:00	1.17803	1.17870	1.17771	1.17859	1453	0	8
2026.02.20	21:00:00	1.17859	1.17911	1.17792	1.17805	1137	0	8
