<DATE>	<TIME>	<OPEN>	<HIGH>	<LOW>	<CLOSE>	<TICKVOL>	<VOL>	<SPREAD>
2025.06.01	21:00:00	1.13466	1.13470	1.13452	1.13466	80	0	40
2025.06.01	21:15:00	1.13467	1.13471	1.13464	1.13465	57	0	40
2025.06.01	21:30:00	1.13466	1.13478	1.13464	1.13473	85	0	40
2025.06.01	21:45:00	1.13472	1.13510	1.13471	1.13510	91	0	9
2025.06.01	22:00:00	1.13514	1.13572	1.13486	1.13558	595	0	9
2025.06.01	22:15:00	1.13559	1.13572	1.13496	1.13505	525	0	9
2025.06.01	22:30:00	1.13505	1.13513	1.13473	1.13495	340	0	9
2025.06.01	22:45:00	1.13496	1.13563	1.13493	1.13548	320	0	9
2025.06.01	23:00:00	1.13548	1.13594	1.13532	1.13572	389	0	9
2025.06.01	23:15:00	1.13572	1.13584	1.13550	1.13576	342	0	9
2025.06.01	23:30:00	1.13576	1.13590	1.13558	1.13578	399	0	9
2025.06.01	23:45:00	1.13579	1.13601	1.13506	1.13527	420	0	9
2025.06.02	00:00:00	1.13527	1.13702	1.13523	1.13700	755	0	9
2025.06.02	00:15:00	1.13699	1.13739	1.13686	1.13710	591	0	9
2025.06.02	00:30:00	1.13711	1.13721	1.13654	1.13667	634	0	9
2025.06.02	00:45:00	1.13667	1.13744	1.13642	1.13681	811	0	9
2025.06.02	01:00:00	1.13681	1.13741	1.13674	1.13713	758	0	9
2025.06.02	01:15:00	1.13714	1.13802	1.13698	1.13795	737	0	9
2025.06.02	01:30:00	1.13797	1.13816	1.13748	1.13777	813	0	9
2025.06.02	01:45:00	1.13776	1.13791	1.13698	1.13700	750	0	9
2025.06.02	02:00:00	1.13701	1.13735	1.13683	1.13686	601	0	9
2025.06.02	02:15:00	1.13688	1.13708	1.13654	1.13668	453	0	9
2025.06.02	02:30:00	1.13668	1.13727	1.13668	1.13697	436	0	9
2025.06.02	02:45:00	1.13697	1.13705	1.13616	1.13641	423	0	9
2025.06.02	03:00:00	1.13640	1.13656	1.13572	1.13586	446	0	9
2025.06.02	03:15:00	1.13586	1.13631	1.13582	1.13584	400	0	9
2025.06.02	03:30:00	1.13582	1.13582	1.13541	1.13572	393	0	9
2025.06.02	03:45:00	1.13574	1.13615	1.13566	1.13612	449	0	9
2025.06.02	04:00:00	1.13614	1.13636	1.13599	1.13608	384	0	9
2025.06.02	04:15:00	1.13608	1.13646	1.13593	1.13638	350	0	9
2025.06.02	04:30:00	1.13638	1.13645	1.13606	1.13624	416	0	9
2025.06.02	04:45:00	1.13624	1.13665	1.13606	1.13650	432	0	9
2025.06.02	05:00:00	1.13648	1.13700	1.13632	1.13692	483	0	9
2025.06.02	05:15:00	1.13692	1.13721	1.13690	1.13717	380	0	9
2025.06.02	05:30:00	1.13714	1.13774	1.13691	1.13769	431	0	9
2025.06.02	05:45:00	1.13769	1.13800	1.13766	1.13792	560	0	9
2025.06.02	06:00:00	1.13790	1.13826	1.13779	1.13822	655	0	9
2025.06.02	06:15:00	1.13822	1.13914	1.13808	1.13902	748	0	9
2025.06.02	06:30:00	1.13902	1.14057	1.13902	1.14047	979	0	9
2025.06.02	06:45:00	1.14049	1.14066	1.13983	1.14006	868	0	9
2025.06.02	07:00:00	1.14008	1.14128	1.13984	1.14120	1136	0	9
2025.06.02	07:15:00	1.14122	1.14198	1.14121	1.14165	886	0	9
2025.06.02	07:30:00	1.14165	1.14197	1.14127	1.14189	830	0	9
2025.06.02	07:45:00	1.14187	1.14365	1.14181	1.14234	1389	0	9
2025.06.02	08:00:00	1.14232	1.14272	1.14185	1.14220	1059	0	9
2025.06.02	08:15:00	1.14220	1.14270	1.14130	1.14152	926	0	9
2025.06.02	08:30:00	1.14154	1.14226	1.14125	1.14177	968	0	9
2025.06.02	08:45:00	1.14179	1.14226	1.14167	1.14198	925	0	9
2025.06.02	09:00:00	1.14200	1.14337	1.14189	1.14331	1116	0	9
2025.06.02	09:15:00	1.14331	1.14367	1.14307	1.14321	938	0	9
2025.06.02	09:30:00	1.14321	1.14351	1.14271	1.14303	874	0	9
2025.06.02	09:45:00	1.14303	1.14323	1.14227	1.14230	851	0	9
2025.06.02	10:00:00	1.14230	1.14244	1.14178	1.14185	799	0	9
2025.06.02	10:15:00	1.14186	1.14277	1.14170	1.14213	660	0	9
2025.06.02	10:30:00	1.14213	1.14213	1.14128	1.14187	736	0	9
2025.06.02	10:45:00	1.14189	1.14221	1.14133	1.14148	794	0	9
2025.06.02	11:00:00	1.14149	1.14226	1.14132	1.14191	856	0	9
2025.06.02	11:15:00	1.14191	1.14260	1.14191	1.14223	658	0	9
2025.06.02	11:30:00	1.14225	1.14225	1.14102	1.14123	759	0	9
2025.06.02	11:45:00	1.14124	1.14165	1.14089	1.14140	836	0	9
2025.06.02	12:00:00	1.14137	1.14214	1.14109	1.14147	931	0	9
2025.06.02	12:15:00	1.14145	1.14214	1.14120	1.14203	725	0	9
2025.06.02	12:30:00	1.14202	1.14287	1.14202	1.14225	997	0	9
2025.06.02	12:45:00	1.14224	1.14238	1.14160	1.14176	869	0	9
2025.06.02	13:00:00	1.14179	1.14194	1.14111	1.14182	936	0	9
2025.06.02	13:15:00	1.14183	1.14193	1.14042	1.14089	1049	0	9
2025.06.02	13:30:00	1.14090	1.14168	1.14038	1.14162	1319	0	9
2025.06.02	13:45:00	1.14161	1.14225	1.14112	1.14185	1372	0	9
2025.06.02	14:00:00	1.14189	1.14431	1.14184	1.14412	1996	0	9
2025.06.02	14:15:00	1.14410	1.14457	1.14369	1.14433	1445	0	9
2025.06.02	14:30:00	1.14430	1.14495	1.14374	1.14413	1428	0	9
2025.06.02	14:45:00	1.14413	1.14414	1.14339	1.14345	1239	0	9
2025.06.02	15:00:00	1.14344	1.14370	1.14291	1.14332	1104	0	9
2025.06.02	15:15:00	1.14332	1.14383	1.14303	1.14327	1084	0	9
2025.06.02	15:30:00	1.14326	1.14367	1.14247	1.14366	1027	0	9
2025.06.02	15:45:00	1.14366	1.14366	1.14237	1.14301	851	0	9
2025.06.02	16:00:00	1.14303	1.14316	1.14222	1.14265	857	0	9
2025.06.02	16:15:00	1.14265	1.14284	1.14199	1.14213	724	0	9
2025.06.02	16:30:00	1.14213	1.14231	1.14115	1.14151	767	0	9
2025.06.02	16:45:00	1.14151	1.14189	1.14141	1.14181	660	0	9
2025.06.02	17:00:00	1.14179	1.14257	1.14158	1.14246	654	0	9
2025.06.02	17:15:00	1.14246	1.14252	1.14165	1.14177	584	0	9
2025.06.02	17:30:00	1.14177	1.14242	1.14169	1.14209	549	0	9
2025.06.02	17:45:00	1.14210	1.14254	1.14208	1.14222	557	0	9
2025.06.02	18:00:00	1.14221	1.14241	1.14184	1.14228	600	0	9
2025.06.02	18:15:00	1.14228	1.14263	1.14207	1.14262	535	0	9
2025.06.02	18:30:00	1.14262	1.14327	1.14238	1.14324	576	0	9
2025.06.02	18:45:00	1.14324	1.14421	1.14319	1.14409	603	0	9
2025.06.02	19:00:00	1.14407	1.14416	1.14331	1.14369	595	0	9
2025.06.02	19:15:00	1.14371	1.14393	1.14340	1.14375	433	0	9
2025.06.02	19:30:00	1.14375	1.14428	1.14349	1.14411	388	0	9
2025.06.02	19:45:00	1.14412	1.14450	1.14406	1.14446	418	0	9
2025.06.02	20:00:00	1.14444	1.14446	1.14417	1.14442	263	0	9
2025.06.02	20:15:00	1.14442	1.14461	1.14432	1.14450	149	0	9
2025.06.02	20:30:00	1.14448	1.14448	1.14402	1.14405	190	0	9
2025.06.02	20:45:00	1.14405	1.14433	1.14395	1.14413	242	0	9
2025.06.02	21:00:00	1.14412	1.14417	1.14313	1.14319	204	0	23
2025.06.02	21:15:00	1.14322	1.14359	1.14314	1.14352	211	0	114
2025.06.02	21:30:00	1.14354	1.14375	1.14335	1.14346	258	0	91
2025.06.02	21:45:00	1.14346	1.14399	1.14340	1.14398	281	0	12
2025.06.02	22:00:00	1.14400	1.14412	1.14379	1.14410	204	0	9
2025.06.02	22:15:00	1.14409	1.14456	1.14406	1.14448	236	0	9
2025.06.02	22:30:00	1.14448	1.14453	1.14421	1.14423	139	0	9
2025.06.02	22:45:00	1.14423	1.14455	1.14414	1.14447	185	0	9
2025.06.02	23:00:00	1.14447	1.14494	1.14443	1.14491	253	0	9
2025.06.02	23:15:00	1.14491	1.14520	1.14481	1.14500	308	0	9
2025.06.02	23:30:00	1.14500	1.14534	1.14494	1.14533	302	0	9
2025.06.02	23:45:00	1.14533	1.14535	1.14509	1.14528	265	0	9
2025.06.03	00:00:00	1.14527	1.14544	1.14434	1.14455	562	0	9
2025.06.03	00:15:00	1.14455	1.14461	1.14420	1.14437	483	0	9
2025.06.03	00:30:00	1.14439	1.14469	1.14412	1.14427	428	0	9
2025.06.03	00:45:00	1.14426	1.14461	1.14384	1.14432	551	0	9
2025.06.03	01:00:00	1.14430	1.14432	1.14338	1.14341	674	0	9
2025.06.03	01:15:00	1.14341	1.14343	1.14304	1.14315	606	0	9
2025.06.03	01:30:00	1.14317	1.14373	1.14278	1.14345	758	0	9
2025.06.03	01:45:00	1.14343	1.14343	1.14266	1.14277	775	0	9
2025.06.03	02:00:00	1.14280	1.14286	1.14223	1.14275	681	0	9
2025.06.03	02:15:00	1.14275	1.14301	1.14243	1.14280	525	0	9
2025.06.03	02:30:00	1.14278	1.14291	1.14185	1.14229	566	0	9
2025.06.03	02:45:00	1.14229	1.14268	1.14214	1.14254	503	0	9
2025.06.03	03:00:00	1.14253	1.14271	1.14226	1.14252	539	0	9
2025.06.03	03:15:00	1.14252	1.14267	1.14184	1.14194	370	0	9
2025.06.03	03:30:00	1.14193	1.14198	1.14163	1.14174	566	0	9
2025.06.03	03:45:00	1.14173	1.14200	1.14155	1.14195	384	0	9
2025.06.03	04:00:00	1.14195	1.14209	1.14166	1.14190	390	0	9
2025.06.03	04:15:00	1.14190	1.14228	1.14183	1.14201	360	0	9
2025.06.03	04:30:00	1.14202	1.14215	1.14187	1.14209	361	0	9
2025.06.03	04:45:00	1.14209	1.14252	1.14208	1.14249	330	0	9
2025.06.03	05:00:00	1.14248	1.14272	1.14198	1.14219	422	0	9
2025.06.03	05:15:00	1.14218	1.14243	1.14146	1.14161	558	0	9
2025.06.03	05:30:00	1.14162	1.14183	1.14131	1.14145	522	0	9
2025.06.03	05:45:00	1.14145	1.14234	1.14118	1.14215	553	0	9
2025.06.03	06:00:00	1.14218	1.14244	1.14151	1.14181	821	0	9
2025.06.03	06:15:00	1.14183	1.14308	1.14178	1.14287	818	0	9
2025.06.03	06:30:00	1.14287	1.14299	1.14197	1.14215	738	0	9
2025.06.03	06:45:00	1.14218	1.14293	1.14218	1.14285	821	0	9
2025.06.03	07:00:00	1.14284	1.14294	1.14190	1.14260	993	0	9
2025.06.03	07:15:00	1.14258	1.14319	1.14238	1.14291	1091	0	9
2025.06.03	07:30:00	1.14290	1.14296	1.14148	1.14192	957	0	9
2025.06.03	07:45:00	1.14193	1.14204	1.14137	1.14158	769	0	9
2025.06.03	08:00:00	1.14157	1.14185	1.14076	1.14116	999	0	9
2025.06.03	08:15:00	1.14115	1.14116	1.14052	1.14105	846	0	9
2025.06.03	08:30:00	1.14103	1.14168	1.14097	1.14100	763	0	9
2025.06.03	08:45:00	1.14101	1.14161	1.14083	1.14113	634	0	9
2025.06.03	09:00:00	1.14114	1.14126	1.14014	1.14121	916	0	9
2025.06.03	09:15:00	1.14121	1.14146	1.14069	1.14140	714	0	9
2025.06.03	09:30:00	1.14142	1.14177	1.14111	1.14138	729	0	9
2025.06.03	09:45:00	1.14138	1.14156	1.14077	1.14115	640	0	9
2025.06.03	10:00:00	1.14117	1.14123	1.14025	1.14058	681	0	9
2025.06.03	10:15:00	1.14058	1.14065	1.14004	1.14019	570	0	9
2025.06.03	10:30:00	1.14021	1.14118	1.13960	1.14082	800	0	9
2025.06.03	10:45:00	1.14082	1.14083	1.13961	1.13975	796	0	9
2025.06.03	11:00:00	1.13976	1.13990	1.13909	1.13934	772	0	9
2025.06.03	11:15:00	1.13935	1.13935	1.13861	1.13866	813	0	9
2025.06.03	11:30:00	1.13866	1.13941	1.13863	1.13912	757	0	9
2025.06.03	11:45:00	1.13911	1.13944	1.13870	1.13901	753	0	9
2025.06.03	12:00:00	1.13904	1.13937	1.13796	1.13815	784	0	9
2025.06.03	12:15:00	1.13817	1.13871	1.13809	1.13849	784	0	9
2025.06.03	12:30:00	1.13847	1.13860	1.13767	1.13807	917	0	9
2025.06.03	12:45:00	1.13808	1.13828	1.13775	1.13814	954	0	9
2025.06.03	13:00:00	1.13816	1.13889	1.13791	1.13888	870	0	9
2025.06.03	13:15:00	1.13889	1.13904	1.13803	1.13827	942	0	9
2025.06.03	13:30:00	1.13825	1.13946	1.13765	1.13909	1405	0	9
2025.06.03	13:45:00	1.13911	1.13913	1.13808	1.13879	1239	0	9
2025.06.03	14:00:00	1.13875	1.13895	1.13634	1.13779	2096	0	9
2025.06.03	14:15:00	1.13777	1.13892	1.13758	1.13859	1556	0	9
2025.06.03	14:30:00	1.13858	1.13924	1.13852	1.13913	1357	0	9
2025.06.03	14:45:00	1.13914	1.13929	1.13833	1.13913	1297	0	9
2025.06.03	15:00:00	1.13914	1.13926	1.13790	1.13811	1092	0	9
2025.06.03	15:15:00	1.13811	1.13828	1.13734	1.13781	873	0	9
2025.06.03	15:30:00	1.13780	1.13798	1.13738	1.13767	856	0	9
2025.06.03	15:45:00	1.13766	1.13831	1.13702	1.13718	841	0	9
2025.06.03	16:00:00	1.13720	1.13829	1.13720	1.13805	764	0	9
2025.06.03	16:15:00	1.13809	1.13814	1.13758	1.13767	624	0	9
2025.06.03	16:30:00	1.13765	1.13766	1.13671	1.13697	667	0	9
2025.06.03	16:45:00	1.13697	1.13754	1.13683	1.13729	574	0	9
2025.06.03	17:00:00	1.13731	1.13800	1.13723	1.13781	558	0	9
2025.06.03	17:15:00	1.13781	1.13798	1.13743	1.13777	496	0	9
2025.06.03	17:30:00	1.13779	1.13813	1.13768	1.13804	392	0	9
2025.06.03	17:45:00	1.13805	1.13810	1.13763	1.13779	438	0	9
2025.06.03	18:00:00	1.13777	1.13777	1.13723	1.13736	434	0	9
2025.06.03	18:15:00	1.13736	1.13766	1.13731	1.13761	346	0	9
2025.06.03	18:30:00	1.13761	1.13761	1.13686	1.13710	382	0	9
2025.06.03	18:45:00	1.13710	1.13752	1.13700	1.13745	439	0	9
2025.06.03	19:00:00	1.13744	1.13758	1.13735	1.13736	315	0	9
2025.06.03	19:15:00	1.13735	1.13736	1.13704	1.13719	277	0	9
2025.06.03	19:30:00	1.13721	1.13740	1.13711	1.13711	279	0	9
2025.06.03	19:45:00	1.13711	1.13714	1.13673	1.13685	347	0	9
2025.06.03	20:00:00	1.13684	1.13726	1.13679	1.13713	203	0	9
2025.06.03	20:15:00	1.13713	1.13719	1.13696	1.13696	138	0	9
2025.06.03	20:30:00	1.13696	1.13734	1.13696	1.13731	163	0	9
2025.06.03	20:45:00	1.13732	1.13738	1.13681	1.13695	231	0	9
2025.06.03	21:00:00	1.13693	1.13700	1.13635	1.13671	199	0	23
2025.06.03	21:15:00	1.13669	1.13669	1.13635	1.13650	171	0	98
2025.06.03	21:30:00	1.13650	1.13684	1.13650	1.13684	165	0	97
2025.06.03	21:45:00	1.13682	1.13745	1.13662	1.13744	191	0	26
2025.06.03	22:00:00	1.13761	1.13762	1.13710	1.13731	216	0	9
2025.06.03	22:15:00	1.13731	1.13743	1.13704	1.13715	156	0	9
2025.06.03	22:30:00	1.13716	1.13746	1.13712	1.13739	169	0	9
2025.06.03	22:45:00	1.13739	1.13748	1.13736	1.13739	142	0	9
2025.06.03	23:00:00	1.13739	1.13766	1.13739	1.13766	218	0	9
2025.06.03	23:15:00	1.13765	1.13770	1.13743	1.13758	221	0	9
2025.06.03	23:30:00	1.13758	1.13830	1.13758	1.13829	237	0	9
2025.06.03	23:45:00	1.13830	1.13856	1.13804	1.13839	449	0	9
2025.06.04	00:00:00	1.13837	1.13886	1.13793	1.13821	698	0	9
2025.06.04	00:15:00	1.13821	1.13865	1.13803	1.13836	635	0	9
2025.06.04	00:30:00	1.13837	1.13844	1.13779	1.13819	460	0	9
2025.06.04	00:45:00	1.13820	1.13851	1.13812	1.13823	692	0	9
2025.06.04	01:00:00	1.13822	1.13822	1.13712	1.13793	1023	0	9
2025.06.04	01:15:00	1.13793	1.13883	1.13779	1.13855	642	0	9
2025.06.04	01:30:00	1.13855	1.13928	1.13832	1.13869	823	0	9
2025.06.04	01:45:00	1.13869	1.13899	1.13843	1.13855	646	0	9
2025.06.04	02:00:00	1.13852	1.13877	1.13828	1.13863	544	0	9
2025.06.04	02:15:00	1.13862	1.13863	1.13803	1.13809	353	0	9
2025.06.04	02:30:00	1.13809	1.13809	1.13733	1.13752	424	0	9
2025.06.04	02:45:00	1.13751	1.13776	1.13733	1.13758	404	0	9
2025.06.04	03:00:00	1.13758	1.13807	1.13755	1.13790	392	0	9
2025.06.04	03:15:00	1.13789	1.13795	1.13763	1.13763	348	0	9
2025.06.04	03:30:00	1.13763	1.13768	1.13651	1.13669	540	0	9
2025.06.04	03:45:00	1.13671	1.13703	1.13663	1.13672	456	0	9
2025.06.04	04:00:00	1.13673	1.13787	1.13650	1.13758	750	0	9
2025.06.04	04:15:00	1.13759	1.13776	1.13733	1.13760	384	0	9
2025.06.04	04:30:00	1.13761	1.13765	1.13692	1.13700	395	0	9
2025.06.04	04:45:00	1.13699	1.13703	1.13644	1.13664	416	0	9
2025.06.04	05:00:00	1.13666	1.13713	1.13662	1.13702	500	0	9
2025.06.04	05:15:00	1.13700	1.13700	1.13658	1.13673	389	0	9
2025.06.04	05:30:00	1.13672	1.13677	1.13567	1.13662	781	0	9
2025.06.04	05:45:00	1.13660	1.13689	1.13595	1.13619	796	0	9
2025.06.04	06:00:00	1.13619	1.13671	1.13571	1.13665	1041	0	9
2025.06.04	06:15:00	1.13664	1.13723	1.13642	1.13723	1061	0	9
2025.06.04	06:30:00	1.13720	1.13757	1.13696	1.13741	854	0	9
2025.06.04	06:45:00	1.13741	1.13778	1.13704	1.13776	903	0	9
2025.06.04	07:00:00	1.13778	1.13845	1.13751	1.13831	1064	0	9
2025.06.04	07:15:00	1.13829	1.13937	1.13816	1.13937	916	0	9
2025.06.04	07:30:00	1.13937	1.13966	1.13889	1.13914	851	0	9
2025.06.04	07:45:00	1.13914	1.13940	1.13857	1.13864	953	0	9
2025.06.04	08:00:00	1.13863	1.13910	1.13825	1.13869	837	0	9
2025.06.04	08:15:00	1.13870	1.13901	1.13851	1.13898	625	0	9
2025.06.04	08:30:00	1.13900	1.14014	1.13900	1.13998	803	0	9
2025.06.04	08:45:00	1.14000	1.14034	1.13986	1.13990	728	0	9
2025.06.04	09:00:00	1.13990	1.13992	1.13913	1.13921	660	0	9
2025.06.04	09:15:00	1.13920	1.13951	1.13892	1.13894	627	0	9
2025.06.04	09:30:00	1.13892	1.13911	1.13813	1.13833	617	0	9
2025.06.04	09:45:00	1.13833	1.13870	1.13810	1.13825	629	0	9
2025.06.04	10:00:00	1.13826	1.13853	1.13795	1.13819	808	0	9
2025.06.04	10:15:00	1.13816	1.13834	1.13764	1.13782	588	0	9
2025.06.04	10:30:00	1.13782	1.13796	1.13744	1.13752	580	0	9
2025.06.04	10:45:00	1.13752	1.13819	1.13749	1.13818	538	0	9
2025.06.04	11:00:00	1.13818	1.13854	1.13815	1.13854	564	0	9
2025.06.04	11:15:00	1.13851	1.13869	1.13820	1.13826	532	0	9
2025.06.04	11:30:00	1.13825	1.13857	1.13809	1.13811	491	0	9
2025.06.04	11:45:00	1.13811	1.13829	1.13768	1.13788	599	0	9
2025.06.04	12:00:00	1.13789	1.13855	1.13789	1.13801	715	0	9
2025.06.04	12:15:00	1.13803	1.14096	1.13801	1.14008	2028	0	9
2025.06.04	12:30:00	1.14010	1.14053	1.13948	1.14030	1613	0	9
2025.06.04	12:45:00	1.14027	1.14108	1.14009	1.14090	1248	0	9
2025.06.04	13:00:00	1.14091	1.14133	1.14025	1.14037	975	0	9
2025.06.04	13:15:00	1.14038	1.14047	1.13991	1.14011	817	0	9
2025.06.04	13:30:00	1.14014	1.14021	1.13925	1.14009	943	0	9
2025.06.04	13:45:00	1.14006	1.14038	1.13946	1.13995	1249	0	9
2025.06.04	14:00:00	1.13994	1.14296	1.13994	1.14211	2092	0	9
2025.06.04	14:15:00	1.14212	1.14243	1.14132	1.14159	1337	0	9
2025.06.04	14:30:00	1.14161	1.14323	1.14140	1.14306	1094	0	9
2025.06.04	14:45:00	1.14306	1.14342	1.14258	1.14321	1241	0	9
2025.06.04	15:00:00	1.14320	1.14334	1.14183	1.14183	1057	0	9
2025.06.04	15:15:00	1.14184	1.14258	1.14175	1.14241	998	0	9
2025.06.04	15:30:00	1.14239	1.14268	1.14166	1.14185	984	0	9
2025.06.04	15:45:00	1.14187	1.14250	1.14166	1.14231	903	0	9
2025.06.04	16:00:00	1.14231	1.14260	1.14202	1.14246	900	0	9
2025.06.04	16:15:00	1.14247	1.14275	1.14193	1.14275	644	0	9
2025.06.04	16:30:00	1.14276	1.14315	1.14241	1.14252	664	0	9
2025.06.04	16:45:00	1.14252	1.14340	1.14248	1.14326	518	0	9
2025.06.04	17:00:00	1.14328	1.14331	1.14285	1.14293	505	0	9
2025.06.04	17:15:00	1.14293	1.14293	1.14228	1.14247	444	0	9
2025.06.04	17:30:00	1.14246	1.14315	1.14245	1.14300	429	0	9
2025.06.04	17:45:00	1.14300	1.14323	1.14239	1.14246	503	0	9
2025.06.04	18:00:00	1.14244	1.14273	1.14210	1.14267	537	0	9
2025.06.04	18:15:00	1.14267	1.14278	1.14240	1.14245	398	0	9
2025.06.04	18:30:00	1.14245	1.14248	1.14204	1.14216	375	0	9
2025.06.04	18:45:00	1.14214	1.14226	1.14196	1.14201	388	0	9
2025.06.04	19:00:00	1.14201	1.14216	1.14179	1.14192	338	0	9
2025.06.04	19:15:00	1.14192	1.14192	1.14129	1.14144	367	0	9
2025.06.04	19:30:00	1.14144	1.14164	1.14121	1.14127	319	0	9
2025.06.04	19:45:00	1.14127	1.14150	1.14119	1.14120	452	0	9
2025.06.04	20:00:00	1.14120	1.14149	1.14097	1.14145	319	0	9
2025.06.04	20:15:00	1.14145	1.14181	1.14142	1.14175	212	0	9
2025.06.04	20:30:00	1.14175	1.14212	1.14171	1.14190	230	0	9
2025.06.04	20:45:00	1.14190	1.14223	1.14157	1.14178	432	0	9
2025.06.04	21:00:00	1.14175	1.14180	1.14130	1.14148	170	0	23
2025.06.04	21:15:00	1.14146	1.14164	1.14142	1.14158	220	0	42
2025.06.04	21:30:00	1.14160	1.14174	1.14151	1.14166	209	0	18
2025.06.04	21:45:00	1.14166	1.14172	1.14158	1.14170	184	0	12
2025.06.04	22:00:00	1.14170	1.14193	1.14167	1.14181	216	0	9
2025.06.04	22:15:00	1.14183	1.14200	1.14181	1.14195	162	0	9
2025.06.04	22:30:00	1.14195	1.14208	1.14185	1.14205	148	0	9
2025.06.04	22:45:00	1.14205	1.14225	1.14193	1.14193	153	0	9
2025.06.04	23:00:00	1.14196	1.14216	1.14196	1.14216	154	0	9
2025.06.04	23:15:00	1.14216	1.14283	1.14213	1.14262	276	0	9
2025.06.04	23:30:00	1.14262	1.14262	1.14200	1.14200	322	0	9
2025.06.04	23:45:00	1.14200	1.14225	1.14185	1.14206	350	0	9
2025.06.05	00:00:00	1.14208	1.14259	1.14161	1.14254	713	0	9
2025.06.05	00:15:00	1.14255	1.14272	1.14192	1.14267	581	0	9
2025.06.05	00:30:00	1.14269	1.14277	1.14220	1.14252	616	0	9
2025.06.05	00:45:00	1.14254	1.14291	1.14237	1.14286	641	0	9
2025.06.05	01:00:00	1.14288	1.14345	1.14283	1.14298	716	0	9
2025.06.05	01:15:00	1.14298	1.14304	1.14201	1.14244	704	0	9
2025.06.05	01:30:00	1.14244	1.14253	1.14133	1.14162	692	0	9
2025.06.05	01:45:00	1.14160	1.14189	1.14140	1.14162	597	0	9
2025.06.05	02:00:00	1.14159	1.14172	1.14106	1.14116	550	0	9
2025.06.05	02:15:00	1.14117	1.14157	1.14100	1.14154	453	0	9
2025.06.05	02:30:00	1.14154	1.14191	1.14128	1.14166	494	0	9
2025.06.05	02:45:00	1.14166	1.14186	1.14147	1.14172	352	0	9
2025.06.05	03:00:00	1.14173	1.14180	1.14137	1.14139	382	0	9
2025.06.05	03:15:00	1.14139	1.14220	1.14139	1.14216	456	0	9
2025.06.05	03:30:00	1.14216	1.14224	1.14150	1.14196	657	0	9
2025.06.05	03:45:00	1.14196	1.14200	1.14086	1.14103	646	0	9
2025.06.05	04:00:00	1.14103	1.14137	1.14077	1.14127	538	0	9
2025.06.05	04:15:00	1.14126	1.14141	1.14090	1.14123	464	0	9
2025.06.05	04:30:00	1.14123	1.14134	1.14080	1.14133	402	0	9
2025.06.05	04:45:00	1.14131	1.14131	1.14075	1.14097	378	0	9
2025.06.05	05:00:00	1.14100	1.14122	1.14088	1.14117	448	0	9
2025.06.05	05:15:00	1.14117	1.14132	1.14088	1.14110	468	0	9
2025.06.05	05:30:00	1.14108	1.14122	1.14076	1.14079	478	0	9
2025.06.05	05:45:00	1.14080	1.14101	1.14043	1.14060	548	0	9
2025.06.05	06:00:00	1.14059	1.14166	1.14051	1.14166	675	0	9
2025.06.05	06:15:00	1.14166	1.14171	1.14111	1.14146	583	0	9
2025.06.05	06:30:00	1.14147	1.14162	1.14057	1.14080	764	0	9
2025.06.05	06:45:00	1.14077	1.14131	1.14073	1.14087	637	0	9
2025.06.05	07:00:00	1.14085	1.14192	1.14065	1.14188	902	0	9
2025.06.05	07:15:00	1.14189	1.14229	1.14189	1.14214	780	0	9
2025.06.05	07:30:00	1.14216	1.14248	1.14147	1.14177	725	0	9
2025.06.05	07:45:00	1.14177	1.14179	1.14081	1.14116	683	0	9
2025.06.05	08:00:00	1.14119	1.14190	1.14110	1.14164	840	0	9
2025.06.05	08:15:00	1.14165	1.14180	1.14120	1.14146	622	0	9
2025.06.05	08:30:00	1.14146	1.14156	1.14096	1.14108	617	0	9
2025.06.05	08:45:00	1.14107	1.14148	1.14086	1.14128	672	0	9
2025.06.05	09:00:00	1.14128	1.14213	1.14091	1.14193	897	0	9
2025.06.05	09:15:00	1.14194	1.14205	1.14164	1.14190	683	0	9
2025.06.05	09:30:00	1.14190	1.14195	1.14113	1.14115	570	0	9
2025.06.05	09:45:00	1.14117	1.14185	1.14112	1.14181	570	0	9
2025.06.05	10:00:00	1.14178	1.14251	1.14170	1.14242	664	0	9
2025.06.05	10:15:00	1.14242	1.14295	1.14239	1.14289	581	0	9
2025.06.05	10:30:00	1.14291	1.14323	1.14259	1.14265	652	0	9
2025.06.05	10:45:00	1.14264	1.14266	1.14203	1.14239	615	0	9
2025.06.05	11:00:00	1.14237	1.14281	1.14230	1.14261	604	0	9
2025.06.05	11:15:00	1.14261	1.14267	1.14198	1.14217	629	0	9
2025.06.05	11:30:00	1.14216	1.14231	1.14158	1.14209	738	0	9
2025.06.05	11:45:00	1.14210	1.14275	1.14188	1.14255	765	0	9
2025.06.05	12:00:00	1.14253	1.14297	1.14211	1.14237	874	0	9
2025.06.05	12:15:00	1.14233	1.14350	1.14132	1.14301	2149	0	9
2025.06.05	12:30:00	1.14298	1.14482	1.14298	1.14410	2010	0	9
2025.06.05	12:45:00	1.14410	1.14422	1.14196	1.14290	3671	0	9
2025.06.05	13:00:00	1.14292	1.14629	1.14181	1.14606	3348	0	9
2025.06.05	13:15:00	1.14604	1.14947	1.14568	1.14906	3331	0	9
2025.06.05	13:30:00	1.14908	1.14944	1.14809	1.14841	3128	0	9
2025.06.05	13:45:00	1.14842	1.14870	1.14738	1.14801	2333	0	9
2025.06.05	14:00:00	1.14803	1.14819	1.14651	1.14758	2107	0	9
2025.06.05	14:15:00	1.14759	1.14779	1.14650	1.14704	1552	0	9
2025.06.05	14:30:00	1.14707	1.14805	1.14623	1.14665	2376	0	9
2025.06.05	14:45:00	1.14667	1.14668	1.14539	1.14579	2300	0	9
2025.06.05	15:00:00	1.14576	1.14584	1.14429	1.14506	1686	0	9
2025.06.05	15:15:00	1.14508	1.14554	1.14462	1.14486	1406	0	9
2025.06.05	15:30:00	1.14488	1.14488	1.14380	1.14380	1269	0	9
2025.06.05	15:45:00	1.14377	1.14447	1.14347	1.14390	1241	0	9
2025.06.05	16:00:00	1.14392	1.14421	1.14313	1.14384	1126	0	9
2025.06.05	16:15:00	1.14384	1.14451	1.14364	1.14419	1013	0	9
2025.06.05	16:30:00	1.14419	1.14435	1.14363	1.14386	717	0	9
2025.06.05	16:45:00	1.14385	1.14478	1.14382	1.14478	908	0	9
2025.06.05	17:00:00	1.14476	1.14480	1.14382	1.14404	652	0	9
2025.06.05	17:15:00	1.14404	1.14459	1.14382	1.14394	604	0	9
2025.06.05	17:30:00	1.14391	1.14434	1.14332	1.14357	625	0	9
2025.06.05	17:45:00	1.14357	1.14431	1.14315	1.14428	576	0	9
2025.06.05	18:00:00	1.14426	1.14438	1.14366	1.14374	578	0	9
2025.06.05	18:15:00	1.14374	1.14403	1.14351	1.14380	582	0	9
2025.06.05	18:30:00	1.14382	1.14421	1.14362	1.14363	532	0	9
2025.06.05	18:45:00	1.14364	1.14427	1.14307	1.14415	683	0	9
2025.06.05	19:00:00	1.14416	1.14444	1.14377	1.14387	674	0	9
2025.06.05	19:15:00	1.14389	1.14476	1.14366	1.14425	878	0	9
2025.06.05	19:30:00	1.14422	1.14432	1.14333	1.14361	864	0	9
2025.06.05	19:45:00	1.14361	1.14395	1.14346	1.14376	664	0	9
2025.06.05	20:00:00	1.14374	1.14447	1.14350	1.14435	381	0	9
2025.06.05	20:15:00	1.14435	1.14446	1.14410	1.14422	333	0	9
2025.06.05	20:30:00	1.14422	1.14442	1.14408	1.14408	261	0	9
2025.06.05	20:45:00	1.14408	1.14446	1.14408	1.14431	328	0	9
2025.06.05	21:00:00	1.14430	1.14430	1.14408	1.14408	106	0	20
2025.06.05	21:15:00	1.14405	1.14424	1.14398	1.14410	255	0	57
2025.06.05	21:30:00	1.14412	1.14449	1.14405	1.14442	181	0	23
2025.06.05	21:45:00	1.14441	1.14455	1.14424	1.14429	156	0	26
2025.06.05	22:00:00	1.14435	1.14483	1.14432	1.14481	229	0	9
2025.06.05	22:15:00	1.14481	1.14486	1.14457	1.14459	223	0	9
2025.06.05	22:30:00	1.14459	1.14490	1.14454	1.14490	185	0	9
2025.06.05	22:45:00	1.14490	1.14515	1.14477	1.14511	232	0	9
2025.06.05	23:00:00	1.14513	1.14519	1.14461	1.14493	330	0	9
2025.06.05	23:15:00	1.14491	1.14505	1.14477	1.14485	168	0	9
2025.06.05	23:30:00	1.14485	1.14516	1.14485	1.14499	201	0	9
2025.06.05	23:45:00	1.14499	1.14535	1.14495	1.14531	340	0	9
2025.06.06	00:00:00	1.14531	1.14568	1.14507	1.14537	544	0	9
2025.06.06	00:15:00	1.14537	1.14542	1.14513	1.14519	419	0	9
2025.06.06	00:30:00	1.14518	1.14551	1.14507	1.14518	377	0	9
2025.06.06	00:45:00	1.14517	1.14554	1.14494	1.14497	480	0	9
2025.06.06	01:00:00	1.14495	1.14508	1.14465	1.14482	422	0	9
2025.06.06	01:15:00	1.14483	1.14520	1.14463	1.14513	455	0	9
2025.06.06	01:30:00	1.14513	1.14518	1.14444	1.14455	509	0	9
2025.06.06	01:45:00	1.14454	1.14476	1.14411	1.14423	498	0	9
2025.06.06	02:00:00	1.14424	1.14432	1.14368	1.14380	501	0	9
2025.06.06	02:15:00	1.14377	1.14383	1.14328	1.14349	455	0	9
2025.06.06	02:30:00	1.14349	1.14365	1.14342	1.14360	359	0	9
2025.06.06	02:45:00	1.14361	1.14400	1.14353	1.14375	387	0	9
2025.06.06	03:00:00	1.14375	1.14394	1.14357	1.14386	339	0	9
2025.06.06	03:15:00	1.14386	1.14408	1.14376	1.14404	371	0	9
2025.06.06	03:30:00	1.14402	1.14420	1.14393	1.14414	332	0	9
2025.06.06	03:45:00	1.14413	1.14435	1.14397	1.14399	325	0	9
2025.06.06	04:00:00	1.14399	1.14418	1.14367	1.14395	345	0	9
2025.06.06	04:15:00	1.14394	1.14422	1.14394	1.14401	240	0	9
2025.06.06	04:30:00	1.14401	1.14403	1.14373	1.14378	263	0	9
2025.06.06	04:45:00	1.14379	1.14406	1.14373	1.14394	261	0	9
2025.06.06	05:00:00	1.14393	1.14400	1.14353	1.14356	396	0	9
2025.06.06	05:15:00	1.14356	1.14370	1.14310	1.14312	401	0	9
2025.06.06	05:30:00	1.14310	1.14334	1.14304	1.14315	350	0	9
2025.06.06	05:45:00	1.14315	1.14360	1.14304	1.14357	418	0	9
2025.06.06	06:00:00	1.14356	1.14383	1.14322	1.14332	522	0	9
2025.06.06	06:15:00	1.14332	1.14349	1.14244	1.14308	778	0	9
2025.06.06	06:30:00	1.14309	1.14338	1.14282	1.14326	770	0	9
2025.06.06	06:45:00	1.14328	1.14419	1.14328	1.14353	698	0	9
2025.06.06	07:00:00	1.14351	1.14364	1.14254	1.14284	969	0	9
2025.06.06	07:15:00	1.14282	1.14291	1.14211	1.14226	765	0	9
2025.06.06	07:30:00	1.14225	1.14284	1.14211	1.14284	763	0	9
2025.06.06	07:45:00	1.14283	1.14295	1.14233	1.14264	851	0	9
2025.06.06	08:00:00	1.14263	1.14266	1.14207	1.14225	793	0	9
2025.06.06	08:15:00	1.14223	1.14289	1.14209	1.14249	613	0	9
2025.06.06	08:30:00	1.14249	1.14270	1.14223	1.14244	697	0	9
2025.06.06	08:45:00	1.14241	1.14241	1.14111	1.14145	861	0	9
2025.06.06	09:00:00	1.14144	1.14150	1.14104	1.14118	675	0	9
2025.06.06	09:15:00	1.14117	1.14142	1.14105	1.14138	522	0	9
2025.06.06	09:30:00	1.14136	1.14208	1.14134	1.14197	554	0	9
2025.06.06	09:45:00	1.14195	1.14208	1.14159	1.14189	602	0	9
2025.06.06	10:00:00	1.14191	1.14206	1.14170	1.14201	530	0	9
2025.06.06	10:15:00	1.14199	1.14219	1.14170	1.14197	571	0	9
2025.06.06	10:30:00	1.14195	1.14234	1.14185	1.14208	522	0	9
2025.06.06	10:45:00	1.14208	1.14241	1.14204	1.14223	517	0	9
2025.06.06	11:00:00	1.14225	1.14241	1.14187	1.14198	535	0	9
2025.06.06	11:15:00	1.14198	1.14232	1.14194	1.14204	424	0	9
2025.06.06	11:30:00	1.14204	1.14285	1.14202	1.14259	664	0	9
2025.06.06	11:45:00	1.14259	1.14269	1.14167	1.14177	684	0	9
2025.06.06	12:00:00	1.14177	1.14196	1.14023	1.14058	805	0	9
2025.06.06	12:15:00	1.14060	1.14162	1.14056	1.14098	924	0	8
2025.06.06	12:30:00	1.14095	1.14303	1.13857	1.13989	4219	0	9
2025.06.06	12:45:00	1.13991	1.14098	1.13958	1.13962	2751	0	9
2025.06.06	13:00:00	1.13961	1.14020	1.13857	1.13938	2140	0	9
2025.06.06	13:15:00	1.13938	1.13976	1.13714	1.13766	1629	0	9
2025.06.06	13:30:00	1.13765	1.13938	1.13755	1.13877	2018	0	9
2025.06.06	13:45:00	1.13876	1.14020	1.13832	1.13899	2127	0	9
2025.06.06	14:00:00	1.13901	1.14052	1.13890	1.14038	2158	0	9
2025.06.06	14:15:00	1.14040	1.14160	1.14020	1.14131	1646	0	9
2025.06.06	14:30:00	1.14129	1.14152	1.13970	1.13988	1525	0	9
2025.06.06	14:45:00	1.13990	1.13990	1.13804	1.13890	1676	0	9
2025.06.06	15:00:00	1.13889	1.13910	1.13806	1.13848	1486	0	9
2025.06.06	15:15:00	1.13849	1.13936	1.13814	1.13925	1451	0	9
2025.06.06	15:30:00	1.13925	1.14018	1.13904	1.14010	1133	0	9
2025.06.06	15:45:00	1.14012	1.14017	1.13953	1.13965	871	0	9
2025.06.06	16:00:00	1.13964	1.14012	1.13941	1.13944	784	0	9
2025.06.06	16:15:00	1.13946	1.13999	1.13939	1.13951	756	0	9
2025.06.06	16:30:00	1.13950	1.13980	1.13893	1.13978	759	0	9
2025.06.06	16:45:00	1.13976	1.13982	1.13858	1.13869	899	0	9
2025.06.06	17:00:00	1.13870	1.13945	1.13843	1.13945	771	0	9
2025.06.06	17:15:00	1.13945	1.13976	1.13911	1.13926	522	0	9
2025.06.06	17:30:00	1.13929	1.13948	1.13854	1.13881	647	0	9
2025.06.06	17:45:00	1.13881	1.13956	1.13879	1.13925	547	0	9
2025.06.06	18:00:00	1.13927	1.13981	1.13922	1.13949	572	0	9
2025.06.06	18:15:00	1.13946	1.13986	1.13938	1.13969	495	0	9
2025.06.06	18:30:00	1.13968	1.13991	1.13933	1.13968	618	0	9
2025.06.06	18:45:00	1.13966	1.13976	1.13945	1.13967	460	0	9
2025.06.06	19:00:00	1.13968	1.14016	1.13962	1.13995	453	0	9
2025.06.06	19:15:00	1.13995	1.14013	1.13976	1.13985	377	0	9
2025.06.06	19:30:00	1.13985	1.14004	1.13973	1.13992	339	0	9
2025.06.06	19:45:00	1.13992	1.14002	1.13923	1.13959	453	0	9
2025.06.06	20:00:00	1.13956	1.13967	1.13946	1.13957	287	0	9
2025.06.06	20:15:00	1.13957	1.13974	1.13953	1.13955	215	0	9
2025.06.06	20:30:00	1.13955	1.13965	1.13925	1.13930	184	0	9
2025.06.06	20:45:00	1.13930	1.13945	1.13909	1.13942	222	0	9
2025.06.08	21:00:00	1.13947	1.13948	1.13924	1.13929	109	0	40
2025.06.08	21:15:00	1.13920	1.13930	1.13917	1.13924	108	0	40
2025.06.08	21:30:00	1.13919	1.13928	1.13901	1.13928	119	0	40
2025.06.08	21:45:00	1.13928	1.13929	1.13918	1.13918	47	0	40
2025.06.08	22:00:00	1.13938	1.14042	1.13928	1.14024	319	0	9
2025.06.08	22:15:00	1.14026	1.14044	1.14015	1.14033	216	0	9
2025.06.08	22:30:00	1.14033	1.14046	1.14028	1.14032	225	0	9
2025.06.08	22:45:00	1.14032	1.14066	1.14026	1.14062	183	0	9
2025.06.08	23:00:00	1.14063	1.14097	1.14057	1.14086	349	0	9
2025.06.08	23:15:00	1.14086	1.14111	1.14077	1.14095	254	0	9
2025.06.08	23:30:00	1.14096	1.14102	1.14041	1.14043	244	0	9
2025.06.08	23:45:00	1.14043	1.14085	1.14032	1.14060	232	0	9
2025.06.09	00:00:00	1.14060	1.14088	1.14009	1.14012	408	0	9
2025.06.09	00:15:00	1.14012	1.14012	1.13960	1.13985	441	0	9
2025.06.09	00:30:00	1.13987	1.14023	1.13968	1.13979	372	0	9
2025.06.09	00:45:00	1.13981	1.13990	1.13925	1.13937	491	0	9
2025.06.09	01:00:00	1.13939	1.14034	1.13937	1.14017	496	0	9
2025.06.09	01:15:00	1.14018	1.14098	1.14005	1.14066	472	0	9
2025.06.09	01:30:00	1.14067	1.14119	1.14040	1.14105	504	0	9
2025.06.09	01:45:00	1.14105	1.14168	1.14105	1.14147	539	0	9
2025.06.09	02:00:00	1.14145	1.14247	1.14138	1.14217	677	0	9
2025.06.09	02:15:00	1.14219	1.14250	1.14195	1.14235	452	0	9
2025.06.09	02:30:00	1.14235	1.14249	1.14192	1.14198	418	0	9
2025.06.09	02:45:00	1.14197	1.14212	1.14166	1.14170	384	0	9
2025.06.09	03:00:00	1.14170	1.14203	1.14159	1.14202	359	0	9
2025.06.09	03:15:00	1.14202	1.14206	1.14138	1.14139	373	0	9
2025.06.09	03:30:00	1.14138	1.14149	1.14119	1.14140	272	0	9
2025.06.09	03:45:00	1.14139	1.14167	1.14115	1.14118	286	0	9
2025.06.09	04:00:00	1.14118	1.14151	1.14108	1.14140	287	0	9
2025.06.09	04:15:00	1.14140	1.14166	1.14136	1.14138	231	0	9
2025.06.09	04:30:00	1.14138	1.14165	1.14127	1.14161	260	0	9
2025.06.09	04:45:00	1.14161	1.14187	1.14138	1.14181	327	0	9
2025.06.09	05:00:00	1.14182	1.14195	1.14171	1.14176	258	0	9
2025.06.09	05:15:00	1.14177	1.14195	1.14153	1.14173	290	0	9
2025.06.09	05:30:00	1.14173	1.14181	1.14117	1.14168	410	0	9
2025.06.09	05:45:00	1.14168	1.14238	1.14157	1.14215	526	0	9
2025.06.09	06:00:00	1.14216	1.14233	1.14174	1.14227	578	0	9
2025.06.09	06:15:00	1.14225	1.14241	1.14197	1.14211	604	0	9
2025.06.09	06:30:00	1.14209	1.14236	1.14190	1.14226	520	0	9
2025.06.09	06:45:00	1.14225	1.14294	1.14222	1.14269	629	0	9
2025.06.09	07:00:00	1.14268	1.14269	1.14206	1.14214	667	0	9
2025.06.09	07:15:00	1.14214	1.14282	1.14195	1.14247	599	0	9
2025.06.09	07:30:00	1.14247	1.14284	1.14220	1.14266	623	0	9
2025.06.09	07:45:00	1.14267	1.14277	1.14190	1.14221	623	0	9
2025.06.09	08:00:00	1.14222	1.14249	1.14184	1.14233	684	0	9
2025.06.09	08:15:00	1.14235	1.14279	1.14200	1.14277	611	0	9
2025.06.09	08:30:00	1.14276	1.14357	1.14253	1.14334	765	0	9
2025.06.09	08:45:00	1.14332	1.14353	1.14269	1.14279	606	0	9
2025.06.09	09:00:00	1.14279	1.14377	1.14269	1.14374	633	0	9
2025.06.09	09:15:00	1.14374	1.14387	1.14329	1.14345	590	0	9
2025.06.09	09:30:00	1.14344	1.14367	1.14321	1.14355	552	0	9
2025.06.09	09:45:00	1.14355	1.14355	1.14255	1.14257	560	0	9
2025.06.09	10:00:00	1.14260	1.14289	1.14238	1.14275	585	0	9
2025.06.09	10:15:00	1.14276	1.14280	1.14221	1.14243	444	0	9
2025.06.09	10:30:00	1.14241	1.14257	1.14170	1.14178	478	0	9
2025.06.09	10:45:00	1.14178	1.14206	1.14157	1.14190	523	0	9
2025.06.09	11:00:00	1.14190	1.14228	1.14168	1.14221	591	0	9
2025.06.09	11:15:00	1.14220	1.14228	1.14148	1.14156	738	0	9
2025.06.09	11:30:00	1.14156	1.14181	1.14054	1.14104	893	0	9
2025.06.09	11:45:00	1.14106	1.14180	1.14095	1.14169	736	0	9
2025.06.09	12:00:00	1.14170	1.14177	1.14066	1.14081	903	0	9
2025.06.09	12:15:00	1.14083	1.14113	1.14048	1.14082	715	0	9
2025.06.09	12:30:00	1.14080	1.14111	1.14051	1.14060	681	0	9
2025.06.09	12:45:00	1.14060	1.14060	1.13944	1.13999	890	0	9
2025.06.09	13:00:00	1.13997	1.14027	1.13909	1.13949	867	0	9
2025.06.09	13:15:00	1.13949	1.13968	1.13862	1.13950	946	0	9
2025.06.09	13:30:00	1.13948	1.14004	1.13948	1.13967	1024	0	9
2025.06.09	13:45:00	1.13967	1.14041	1.13951	1.14017	981	0	9
2025.06.09	14:00:00	1.14013	1.14072	1.14009	1.14067	848	0	9
2025.06.09	14:15:00	1.14064	1.14081	1.14012	1.14038	694	0	9
2025.06.09	14:30:00	1.14036	1.14049	1.13932	1.14031	1119	0	9
2025.06.09	14:45:00	1.14031	1.14085	1.14024	1.14075	840	0	9
2025.06.09	15:00:00	1.14078	1.14152	1.14071	1.14148	824	0	9
2025.06.09	15:15:00	1.14148	1.14186	1.14148	1.14183	611	0	9
2025.06.09	15:30:00	1.14184	1.14232	1.14172	1.14202	548	0	9
2025.06.09	15:45:00	1.14203	1.14252	1.14192	1.14239	547	0	9
2025.06.09	16:00:00	1.14237	1.14243	1.14152	1.14153	545	0	9
2025.06.09	16:15:00	1.14154	1.14221	1.14147	1.14219	387	0	9
2025.06.09	16:30:00	1.14219	1.14232	1.14188	1.14207	399	0	9
2025.06.09	16:45:00	1.14207	1.14254	1.14207	1.14241	402	0	9
2025.06.09	17:00:00	1.14243	1.14247	1.14193	1.14219	409	0	9
2025.06.09	17:15:00	1.14218	1.14253	1.14218	1.14234	335	0	9
2025.06.09	17:30:00	1.14234	1.14246	1.14197	1.14243	382	0	9
2025.06.09	17:45:00	1.14241	1.14261	1.14208	1.14216	363	0	9
2025.06.09	18:00:00	1.14215	1.14239	1.14188	1.14232	406	0	9
2025.06.09	18:15:00	1.14232	1.14287	1.14220	1.14286	442	0	9
2025.06.09	18:30:00	1.14285	1.14303	1.14268	1.14285	408	0	9
2025.06.09	18:45:00	1.14285	1.14305	1.14263	1.14274	337	0	9
2025.06.09	19:00:00	1.14272	1.14290	1.14238	1.14278	353	0	9
2025.06.09	19:15:00	1.14278	1.14288	1.14257	1.14260	272	0	9
2025.06.09	19:30:00	1.14260	1.14267	1.14228	1.14234	286	0	9
2025.06.09	19:45:00	1.14236	1.14256	1.14221	1.14224	344	0	9
2025.06.09	20:00:00	1.14223	1.14268	1.14220	1.14244	236	0	9
2025.06.09	20:15:00	1.14245	1.14246	1.14198	1.14211	177	0	9
2025.06.09	20:30:00	1.14211	1.14212	1.14183	1.14192	159	0	9
2025.06.09	20:45:00	1.14192	1.14200	1.14181	1.14190	182	0	9
2025.06.09	21:00:00	1.14193	1.14193	1.14163	1.14170	115	0	23
2025.06.09	21:15:00	1.14171	1.14185	1.14163	1.14172	53	0	57
2025.06.09	21:30:00	1.14175	1.14203	1.14170	1.14200	78	0	28
2025.06.09	21:45:00	1.14200	1.14208	1.14165	1.14208	146	0	12
2025.06.09	22:00:00	1.14209	1.14233	1.14197	1.14228	168	0	9
2025.06.09	22:15:00	1.14228	1.14231	1.14216	1.14218	135	0	9
2025.06.09	22:30:00	1.14218	1.14218	1.14196	1.14199	109	0	9
2025.06.09	22:45:00	1.14199	1.14227	1.14198	1.14227	106	0	9
2025.06.09	23:00:00	1.14227	1.14229	1.14196	1.14214	111	0	9
2025.06.09	23:15:00	1.14214	1.14251	1.14210	1.14250	202	0	9
2025.06.09	23:30:00	1.14250	1.14263	1.14240	1.14241	154	0	9
2025.06.09	23:45:00	1.14241	1.14282	1.14236	1.14259	219	0	9
2025.06.10	00:00:00	1.14258	1.14325	1.14235	1.14318	521	0	9
2025.06.10	00:15:00	1.14318	1.14353	1.14303	1.14319	466	0	9
2025.06.10	00:30:00	1.14321	1.14325	1.14216	1.14230	449	0	9
2025.06.10	00:45:00	1.14229	1.14267	1.14216	1.14241	639	0	9
2025.06.10	01:00:00	1.14242	1.14278	1.14187	1.14205	583	0	9
2025.06.10	01:15:00	1.14203	1.14237	1.14119	1.14157	661	0	9
2025.06.10	01:30:00	1.14159	1.14190	1.14055	1.14086	786	0	9
2025.06.10	01:45:00	1.14085	1.14095	1.13947	1.13965	805	0	9
2025.06.10	02:00:00	1.13963	1.13963	1.13856	1.13920	1088	0	9
2025.06.10	02:15:00	1.13921	1.13960	1.13896	1.13934	695	0	9
2025.06.10	02:30:00	1.13934	1.13989	1.13918	1.13935	638	0	9
2025.06.10	02:45:00	1.13937	1.14001	1.13935	1.13987	481	0	9
2025.06.10	03:00:00	1.13986	1.14010	1.13912	1.14007	616	0	9
2025.06.10	03:15:00	1.14006	1.14046	1.13986	1.14021	516	0	9
2025.06.10	03:30:00	1.14022	1.14036	1.13982	1.14016	459	0	9
2025.06.10	03:45:00	1.14016	1.14031	1.13983	1.14026	363	0	9
2025.06.10	04:00:00	1.14027	1.14038	1.13992	1.14007	374	0	9
2025.06.10	04:15:00	1.14007	1.14022	1.13920	1.13926	430	0	9
2025.06.10	04:30:00	1.13926	1.13959	1.13912	1.13935	419	0	9
2025.06.10	04:45:00	1.13934	1.13994	1.13929	1.13992	314	0	9
2025.06.10	05:00:00	1.13989	1.14024	1.13974	1.14016	418	0	9
2025.06.10	05:15:00	1.14016	1.14078	1.14012	1.14034	750	0	9
2025.06.10	05:30:00	1.14032	1.14133	1.14004	1.14025	978	0	9
2025.06.10	05:45:00	1.14027	1.14073	1.14000	1.14049	846	0	9
2025.06.10	06:00:00	1.14051	1.14101	1.13994	1.14075	1095	0	9
2025.06.10	06:15:00	1.14076	1.14143	1.14060	1.14069	1108	0	9
2025.06.10	06:30:00	1.14068	1.14117	1.14027	1.14040	1036	0	9
2025.06.10	06:45:00	1.14042	1.14044	1.13917	1.13939	958	0	9
2025.06.10	07:00:00	1.13938	1.13974	1.13727	1.13778	1582	0	9
2025.06.10	07:15:00	1.13778	1.13927	1.13745	1.13906	1097	0	9
2025.06.10	07:30:00	1.13908	1.13979	1.13904	1.13978	811	0	9
2025.06.10	07:45:00	1.13980	1.13994	1.13894	1.13917	872	0	9
2025.06.10	08:00:00	1.13918	1.14045	1.13909	1.14032	1000	0	9
2025.06.10	08:15:00	1.14031	1.14036	1.13966	1.13997	723	0	9
2025.06.10	08:30:00	1.13998	1.14077	1.13986	1.14039	812	0	9
2025.06.10	08:45:00	1.14040	1.14109	1.14007	1.14077	894	0	9
2025.06.10	09:00:00	1.14077	1.14121	1.14056	1.14091	718	0	9
2025.06.10	09:15:00	1.14093	1.14115	1.14029	1.14064	645	0	9
2025.06.10	09:30:00	1.14066	1.14164	1.14052	1.14126	670	0	9
2025.06.10	09:45:00	1.14127	1.14182	1.14127	1.14161	715	0	9
2025.06.10	10:00:00	1.14163	1.14175	1.14108	1.14122	683	0	9
2025.06.10	10:15:00	1.14121	1.14228	1.14113	1.14213	673	0	9
2025.06.10	10:30:00	1.14213	1.14249	1.14164	1.14220	582	0	9
2025.06.10	10:45:00	1.14220	1.14237	1.14189	1.14231	644	0	9
2025.06.10	11:00:00	1.14229	1.14250	1.14189	1.14247	639	0	9
2025.06.10	11:15:00	1.14246	1.14317	1.14242	1.14267	649	0	9
2025.06.10	11:30:00	1.14267	1.14300	1.14235	1.14265	733	0	9
2025.06.10	11:45:00	1.14265	1.14337	1.14253	1.14288	869	0	9
2025.06.10	12:00:00	1.14290	1.14401	1.14251	1.14274	1058	0	9
2025.06.10	12:15:00	1.14277	1.14277	1.14244	1.14265	566	0	9
2025.06.10	12:30:00	1.14265	1.14330	1.14261	1.14325	757	0	9
2025.06.10	12:45:00	1.14325	1.14379	1.14297	1.14316	719	0	9
2025.06.10	13:00:00	1.14315	1.14474	1.14300	1.14402	1060	0	9
2025.06.10	13:15:00	1.14402	1.14456	1.14390	1.14455	868	0	9
2025.06.10	13:30:00	1.14453	1.14453	1.14377	1.14422	1072	0	9
2025.06.10	13:45:00	1.14422	1.14451	1.14392	1.14423	911	0	9
2025.06.10	14:00:00	1.14424	1.14445	1.14308	1.14318	976	0	9
2025.06.10	14:15:00	1.14319	1.14342	1.14274	1.14317	790	0	9
2025.06.10	14:30:00	1.14317	1.14354	1.14288	1.14318	690	0	9
2025.06.10	14:45:00	1.14316	1.14316	1.14200	1.14254	962	0	9
2025.06.10	15:00:00	1.14251	1.14275	1.14228	1.14271	745	0	9
2025.06.10	15:15:00	1.14270	1.14270	1.14162	1.14179	717	0	9
2025.06.10	15:30:00	1.14178	1.14210	1.14153	1.14197	837	0	9
2025.06.10	15:45:00	1.14196	1.14224	1.14172	1.14224	644	0	9
2025.06.10	16:00:00	1.14224	1.14261	1.14171	1.14229	641	0	9
2025.06.10	16:15:00	1.14228	1.14229	1.14176	1.14186	508	0	9
2025.06.10	16:30:00	1.14186	1.14206	1.14156	1.14197	409	0	9
2025.06.10	16:45:00	1.14197	1.14242	1.14184	1.14232	409	0	9
2025.06.10	17:00:00	1.14234	1.14244	1.14198	1.14211	385	0	9
2025.06.10	17:15:00	1.14211	1.14219	1.14167	1.14194	409	0	9
2025.06.10	17:30:00	1.14194	1.14261	1.14181	1.14258	364	0	9
2025.06.10	17:45:00	1.14258	1.14285	1.14226	1.14227	361	0	9
2025.06.10	18:00:00	1.14227	1.14230	1.14181	1.14200	491	0	9
2025.06.10	18:15:00	1.14200	1.14216	1.14162	1.14213	318	0	9
2025.06.10	18:30:00	1.14213	1.14249	1.14213	1.14232	365	0	9
2025.06.10	18:45:00	1.14232	1.14243	1.14193	1.14200	475	0	9
2025.06.10	19:00:00	1.14198	1.14261	1.14186	1.14257	474	0	9
2025.06.10	19:15:00	1.14257	1.14319	1.14255	1.14269	421	0	9
2025.06.10	19:30:00	1.14268	1.14319	1.14256	1.14314	366	0	9
2025.06.10	19:45:00	1.14314	1.14361	1.14249	1.14259	477	0	9
2025.06.10	20:00:00	1.14258	1.14294	1.14247	1.14282	245	0	9
2025.06.10	20:15:00	1.14281	1.14284	1.14210	1.14220	319	0	9
2025.06.10	20:30:00	1.14219	1.14232	1.14189	1.14215	210	0	9
2025.06.10	20:45:00	1.14215	1.14253	1.14214	1.14235	243	0	9
2025.06.10	21:00:00	1.14234	1.14240	1.14219	1.14221	96	0	23
2025.06.10	21:15:00	1.14223	1.14239	1.14221	1.14225	156	0	39
2025.06.10	21:30:00	1.14228	1.14242	1.14192	1.14222	245	0	31
2025.06.10	21:45:00	1.14224	1.14235	1.14200	1.14233	200	0	23
2025.06.10	22:00:00	1.14237	1.14286	1.14228	1.14272	217	0	9
2025.06.10	22:15:00	1.14272	1.14285	1.14271	1.14280	126	0	9
2025.06.10	22:30:00	1.14281	1.14281	1.14256	1.14280	173	0	9
2025.06.10	22:45:00	1.14280	1.14290	1.14266	1.14282	188	0	9
2025.06.10	23:00:00	1.14280	1.14330	1.14272	1.14317	489	0	9
2025.06.10	23:15:00	1.14319	1.14325	1.14218	1.14304	600	0	9
2025.06.10	23:30:00	1.14304	1.14383	1.14304	1.14378	434	0	9
2025.06.10	23:45:00	1.14377	1.14391	1.14353	1.14370	438	0	9
2025.06.11	00:00:00	1.14371	1.14381	1.14271	1.14297	755	0	9
2025.06.11	00:15:00	1.14296	1.14383	1.14260	1.14289	944	0	9
2025.06.11	00:30:00	1.14291	1.14330	1.14227	1.14256	651	0	9
2025.06.11	00:45:00	1.14257	1.14280	1.14201	1.14208	714	0	9
2025.06.11	01:00:00	1.14208	1.14230	1.14184	1.14217	621	0	9
2025.06.11	01:15:00	1.14217	1.14264	1.14216	1.14239	546	0	9
2025.06.11	01:30:00	1.14238	1.14248	1.14191	1.14194	531	0	9
2025.06.11	01:45:00	1.14192	1.14202	1.14059	1.14083	726	0	9
2025.06.11	02:00:00	1.14084	1.14127	1.14069	1.14113	630	0	9
2025.06.11	02:15:00	1.14110	1.14144	1.14104	1.14121	463	0	9
2025.06.11	02:30:00	1.14123	1.14173	1.14123	1.14162	446	0	9
2025.06.11	02:45:00	1.14162	1.14174	1.14136	1.14150	346	0	9
2025.06.11	03:00:00	1.14149	1.14149	1.14117	1.14130	392	0	9
2025.06.11	03:15:00	1.14131	1.14147	1.14110	1.14116	346	0	9
2025.06.11	03:30:00	1.14116	1.14171	1.14114	1.14168	327	0	9
2025.06.11	03:45:00	1.14168	1.14173	1.14139	1.14157	273	0	9
2025.06.11	04:00:00	1.14158	1.14162	1.14117	1.14161	343	0	9
2025.06.11	04:15:00	1.14158	1.14176	1.14136	1.14153	357	0	9
2025.06.11	04:30:00	1.14154	1.14168	1.14139	1.14161	299	0	9
2025.06.11	04:45:00	1.14161	1.14175	1.14144	1.14151	324	0	9
2025.06.11	05:00:00	1.14152	1.14165	1.14130	1.14149	304	0	9
2025.06.11	05:15:00	1.14149	1.14176	1.14131	1.14160	335	0	9
2025.06.11	05:30:00	1.14160	1.14181	1.14150	1.14173	306	0	9
2025.06.11	05:45:00	1.14174	1.14225	1.14166	1.14219	411	0	9
2025.06.11	06:00:00	1.14220	1.14231	1.14134	1.14151	570	0	9
2025.06.11	06:15:00	1.14152	1.14180	1.14089	1.14098	700	0	9
2025.06.11	06:30:00	1.14099	1.14179	1.14089	1.14176	698	0	9
2025.06.11	06:45:00	1.14178	1.14197	1.14068	1.14097	701	0	9
2025.06.11	07:00:00	1.14099	1.14132	1.14050	1.14062	870	0	9
2025.06.11	07:15:00	1.14064	1.14137	1.14056	1.14121	744	0	9
2025.06.11	07:30:00	1.14121	1.14157	1.14081	1.14157	719	0	9
2025.06.11	07:45:00	1.14155	1.14235	1.14151	1.14191	692	0	9
2025.06.11	08:00:00	1.14191	1.14278	1.14179	1.14222	713	0	9
2025.06.11	08:15:00	1.14221	1.14281	1.14215	1.14280	632	0	9
2025.06.11	08:30:00	1.14281	1.14380	1.14266	1.14371	727	0	9
2025.06.11	08:45:00	1.14373	1.14381	1.14300	1.14306	601	0	9
2025.06.11	09:00:00	1.14304	1.14413	1.14297	1.14404	863	0	9
2025.06.11	09:15:00	1.14403	1.14427	1.14363	1.14400	654	0	9
2025.06.11	09:30:00	1.14401	1.14456	1.14371	1.14371	733	0	9
2025.06.11	09:45:00	1.14370	1.14372	1.14328	1.14346	623	0	9
2025.06.11	10:00:00	1.14348	1.14377	1.14327	1.14348	585	0	9
2025.06.11	10:15:00	1.14350	1.14421	1.14341	1.14352	583	0	9
2025.06.11	10:30:00	1.14352	1.14392	1.14333	1.14378	578	0	9
2025.06.11	10:45:00	1.14378	1.14405	1.14348	1.14377	515	0	9
2025.06.11	11:00:00	1.14377	1.14402	1.14334	1.14347	534	0	9
2025.06.11	11:15:00	1.14346	1.14371	1.14279	1.14298	594	0	9
2025.06.11	11:30:00	1.14298	1.14317	1.14263	1.14285	739	0	9
2025.06.11	11:45:00	1.14285	1.14345	1.14266	1.14323	751	0	9
2025.06.11	12:00:00	1.14322	1.14380	1.14279	1.14366	1714	0	9
2025.06.11	12:15:00	1.14367	1.14379	1.14332	1.14337	816	0	8
2025.06.11	12:30:00	1.14333	1.14889	1.14279	1.14707	2967	0	8
2025.06.11	12:45:00	1.14708	1.14739	1.14589	1.14604	1875	0	9
2025.06.11	13:00:00	1.14603	1.14688	1.14525	1.14686	1649	0	9
2025.06.11	13:15:00	1.14687	1.14732	1.14582	1.14586	1357	0	9
2025.06.11	13:30:00	1.14585	1.14648	1.14567	1.14607	1224	0	9
2025.06.11	13:45:00	1.14609	1.14723	1.14563	1.14698	1369	0	9
2025.06.11	14:00:00	1.14695	1.14787	1.14668	1.14723	1251	0	9
2025.06.11	14:15:00	1.14725	1.14796	1.14689	1.14709	1218	0	9
2025.06.11	14:30:00	1.14709	1.14819	1.14692	1.14818	973	0	9
2025.06.11	14:45:00	1.14818	1.14863	1.14783	1.14813	1239	0	9
2025.06.11	15:00:00	1.14811	1.14834	1.14742	1.14796	1194	0	9
2025.06.11	15:15:00	1.14796	1.14873	1.14777	1.14868	884	0	9
2025.06.11	15:30:00	1.14867	1.14900	1.14851	1.14896	774	0	9
2025.06.11	15:45:00	1.14894	1.14898	1.14835	1.14889	788	0	9
2025.06.11	16:00:00	1.14887	1.14896	1.14818	1.14829	733	0	9
2025.06.11	16:15:00	1.14831	1.14894	1.14818	1.14886	674	0	9
2025.06.11	16:30:00	1.14887	1.14959	1.14860	1.14916	707	0	9
2025.06.11	16:45:00	1.14917	1.14939	1.14887	1.14892	530	0	9
2025.06.11	17:00:00	1.14892	1.14951	1.14880	1.14939	576	0	9
2025.06.11	17:15:00	1.14939	1.14957	1.14916	1.14948	412	0	9
2025.06.11	17:30:00	1.14950	1.14957	1.14899	1.14941	474	0	9
2025.06.11	17:45:00	1.14939	1.14987	1.14932	1.14971	429	0	9
2025.06.11	18:00:00	1.14970	1.14994	1.14945	1.14953	611	0	9
2025.06.11	18:15:00	1.14953	1.14956	1.14856	1.14863	750	0	9
2025.06.11	18:30:00	1.14865	1.14908	1.14833	1.14852	791	0	9
2025.06.11	18:45:00	1.14850	1.14893	1.14833	1.14857	685	0	9
2025.06.11	19:00:00	1.14858	1.14859	1.14819	1.14836	544	0	9
2025.06.11	19:15:00	1.14836	1.14854	1.14821	1.14835	436	0	9
2025.06.11	19:30:00	1.14836	1.14864	1.14826	1.14850	446	0	9
2025.06.11	19:45:00	1.14851	1.14851	1.14789	1.14825	512	0	9
2025.06.11	20:00:00	1.14826	1.14848	1.14799	1.14836	401	0	9
2025.06.11	20:15:00	1.14836	1.14855	1.14827	1.14846	246	0	9
2025.06.11	20:30:00	1.14849	1.14863	1.14833	1.14848	299	0	9
2025.06.11	20:45:00	1.14849	1.14887	1.14838	1.14862	403	0	9
2025.06.11	21:00:00	1.14859	1.14859	1.14821	1.14823	103	0	44
2025.06.11	21:15:00	1.14820	1.14848	1.14802	1.14840	142	0	60
2025.06.11	21:30:00	1.14843	1.14849	1.14832	1.14838	127	0	54
2025.06.11	21:45:00	1.14838	1.14874	1.14834	1.14872	118	0	13
2025.06.11	22:00:00	1.14875	1.14938	1.14869	1.14916	324	0	9
2025.06.11	22:15:00	1.14917	1.14947	1.14906	1.14937	256	0	9
2025.06.11	22:30:00	1.14936	1.14970	1.14926	1.14963	220	0	9
2025.06.11	22:45:00	1.14963	1.15086	1.14955	1.15053	446	0	9
2025.06.11	23:00:00	1.15055	1.15128	1.15039	1.15093	742	0	9
2025.06.11	23:15:00	1.15093	1.15093	1.15046	1.15048	356	0	9
2025.06.11	23:30:00	1.15048	1.15099	1.15039	1.15075	413	0	9
2025.06.11	23:45:00	1.15074	1.15100	1.15056	1.15096	501	0	9
2025.06.12	00:00:00	1.15096	1.15125	1.15023	1.15033	797	0	9
2025.06.12	00:15:00	1.15034	1.15130	1.15014	1.15120	582	0	9
2025.06.12	00:30:00	1.15120	1.15174	1.15049	1.15164	812	0	9
2025.06.12	00:45:00	1.15167	1.15263	1.15151	1.15208	1030	0	9
2025.06.12	01:00:00	1.15209	1.15237	1.15144	1.15210	753	0	9
2025.06.12	01:15:00	1.15212	1.15288	1.15208	1.15259	885	0	9
2025.06.12	01:30:00	1.15258	1.15289	1.15183	1.15207	876	0	9
2025.06.12	01:45:00	1.15207	1.15242	1.15175	1.15184	749	0	9
2025.06.12	02:00:00	1.15182	1.15187	1.15089	1.15106	670	0	9
2025.06.12	02:15:00	1.15105	1.15157	1.15099	1.15148	544	0	9
2025.06.12	02:30:00	1.15148	1.15167	1.15130	1.15141	479	0	9
2025.06.12	02:45:00	1.15141	1.15147	1.15063	1.15109	500	0	9
2025.06.12	03:00:00	1.15108	1.15170	1.15100	1.15155	440	0	9
2025.06.12	03:15:00	1.15155	1.15170	1.15127	1.15166	410	0	9
2025.06.12	03:30:00	1.15167	1.15216	1.15153	1.15184	532	0	9
2025.06.12	03:45:00	1.15186	1.15206	1.15179	1.15192	460	0	9
2025.06.12	04:00:00	1.15190	1.15192	1.15118	1.15132	484	0	9
2025.06.12	04:15:00	1.15132	1.15180	1.15128	1.15164	376	0	9
2025.06.12	04:30:00	1.15167	1.15173	1.15135	1.15168	336	0	9
2025.06.12	04:45:00	1.15168	1.15187	1.15145	1.15148	330	0	9
2025.06.12	05:00:00	1.15148	1.15157	1.15104	1.15132	459	0	9
2025.06.12	05:15:00	1.15133	1.15250	1.15127	1.15250	479	0	9
2025.06.12	05:30:00	1.15249	1.15257	1.15224	1.15243	535	0	9
2025.06.12	05:45:00	1.15242	1.15325	1.15239	1.15274	629	0	9
2025.06.12	06:00:00	1.15272	1.15311	1.15184	1.15188	1074	0	9
2025.06.12	06:15:00	1.15190	1.15208	1.15122	1.15192	942	0	9
2025.06.12	06:30:00	1.15192	1.15251	1.15168	1.15180	897	0	9
2025.06.12	06:45:00	1.15178	1.15226	1.15111	1.15216	906	0	9
2025.06.12	07:00:00	1.15218	1.15218	1.15101	1.15104	1289	0	9
2025.06.12	07:15:00	1.15106	1.15134	1.15093	1.15132	942	0	9
2025.06.12	07:30:00	1.15132	1.15163	1.15053	1.15085	1002	0	9
2025.06.12	07:45:00	1.15086	1.15275	1.15082	1.15260	1176	0	9
2025.06.12	08:00:00	1.15257	1.15307	1.15226	1.15304	1052	0	9
2025.06.12	08:15:00	1.15304	1.15394	1.15296	1.15352	1107	0	9
2025.06.12	08:30:00	1.15350	1.15373	1.15307	1.15371	1072	0	9
2025.06.12	08:45:00	1.15369	1.15470	1.15359	1.15437	1079	0	9
2025.06.12	09:00:00	1.15435	1.15618	1.15396	1.15582	1186	0	9
2025.06.12	09:15:00	1.15582	1.15651	1.15512	1.15572	1161	0	9
2025.06.12	09:30:00	1.15572	1.15602	1.15549	1.15553	778	0	9
2025.06.12	09:45:00	1.15552	1.15883	1.15544	1.15717	2167	0	9
2025.06.12	10:00:00	1.15719	1.15864	1.15666	1.15766	1567	0	9
2025.06.12	10:15:00	1.15769	1.15921	1.15743	1.15898	1669	0	9
2025.06.12	10:30:00	1.15898	1.15965	1.15807	1.15812	1750	0	9
2025.06.12	10:45:00	1.15811	1.16106	1.15796	1.15924	2326	0	9
2025.06.12	11:00:00	1.15924	1.16062	1.15917	1.15938	1523	0	9
2025.06.12	11:15:00	1.15939	1.16010	1.15917	1.15931	1197	0	9
2025.06.12	11:30:00	1.15932	1.16007	1.15852	1.15858	1439	0	9
2025.06.12	11:45:00	1.15860	1.15907	1.15838	1.15893	1015	0	9
2025.06.12	12:00:00	1.15895	1.15986	1.15878	1.15957	1154	0	9
2025.06.12	12:15:00	1.15958	1.16059	1.15952	1.15972	1124	0	9
2025.06.12	12:30:00	1.15975	1.16314	1.15973	1.16272	2765	0	9
2025.06.12	12:45:00	1.16271	1.16271	1.16090	1.16096	1756	0	9
2025.06.12	13:00:00	1.16094	1.16168	1.15993	1.16008	1814	0	9
2025.06.12	13:15:00	1.16007	1.16011	1.15863	1.15901	1148	0	9
2025.06.12	13:30:00	1.15901	1.16045	1.15899	1.16026	1381	0	9
2025.06.12	13:45:00	1.16027	1.16027	1.15791	1.15842	1547	0	9
2025.06.12	14:00:00	1.15845	1.15898	1.15799	1.15865	1510	0	9
2025.06.12	14:15:00	1.15863	1.15874	1.15786	1.15812	1149	0	9
2025.06.12	14:30:00	1.15814	1.15854	1.15794	1.15809	919	0	9
2025.06.12	14:45:00	1.15809	1.15894	1.15805	1.15818	1081	0	9
2025.06.12	15:00:00	1.15815	1.15848	1.15730	1.15745	1173	0	9
2025.06.12	15:15:00	1.15744	1.15792	1.15694	1.15723	1338	0	9
2025.06.12	15:30:00	1.15724	1.15803	1.15672	1.15715	1155	0	9
2025.06.12	15:45:00	1.15717	1.15818	1.15713	1.15767	1002	0	9
2025.06.12	16:00:00	1.15767	1.15783	1.15705	1.15745	1028	0	9
2025.06.12	16:15:00	1.15745	1.15791	1.15733	1.15738	850	0	9
2025.06.12	16:30:00	1.15737	1.15766	1.15688	1.15703	845	0	9
2025.06.12	16:45:00	1.15703	1.15758	1.15666	1.15758	751	0	9
2025.06.12	17:00:00	1.15755	1.15774	1.15676	1.15699	661	0	9
2025.06.12	17:15:00	1.15699	1.15710	1.15635	1.15689	624	0	9
2025.06.12	17:30:00	1.15687	1.15767	1.15672	1.15749	541	0	9
2025.06.12	17:45:00	1.15750	1.15778	1.15724	1.15746	458	0	9
2025.06.12	18:00:00	1.15745	1.15745	1.15694	1.15729	465	0	9
2025.06.12	18:15:00	1.15729	1.15803	1.15728	1.15773	411	0	9
2025.06.12	18:30:00	1.15773	1.15791	1.15737	1.15744	429	0	9
2025.06.12	18:45:00	1.15744	1.15789	1.15741	1.15771	421	0	9
2025.06.12	19:00:00	1.15772	1.15795	1.15751	1.15793	372	0	9
2025.06.12	19:15:00	1.15793	1.15803	1.15755	1.15757	338	0	9
2025.06.12	19:30:00	1.15758	1.15793	1.15745	1.15783	408	0	9
2025.06.12	19:45:00	1.15783	1.15800	1.15758	1.15758	420	0	9
2025.06.12	20:00:00	1.15761	1.15800	1.15751	1.15783	246	0	9
2025.06.12	20:15:00	1.15785	1.15807	1.15780	1.15794	178	0	9
2025.06.12	20:30:00	1.15792	1.15852	1.15780	1.15851	273	0	9
2025.06.12	20:45:00	1.15851	1.15874	1.15828	1.15838	410	0	9
2025.06.12	21:00:00	1.15836	1.15845	1.15814	1.15822	184	0	15
2025.06.12	21:15:00	1.15819	1.15826	1.15800	1.15820	158	0	86
2025.06.12	21:30:00	1.15819	1.15843	1.15804	1.15822	228	0	47
2025.06.12	21:45:00	1.15824	1.15866	1.15816	1.15864	194	0	13
2025.06.12	22:00:00	1.15877	1.15924	1.15869	1.15921	228	0	9
2025.06.12	22:15:00	1.15921	1.15921	1.15876	1.15879	245	0	9
2025.06.12	22:30:00	1.15879	1.15894	1.15871	1.15876	201	0	9
2025.06.12	22:45:00	1.15876	1.15896	1.15875	1.15894	184	0	9
2025.06.12	23:00:00	1.15896	1.15923	1.15863	1.15917	271	0	9
2025.06.12	23:15:00	1.15917	1.15936	1.15907	1.15932	194	0	9
2025.06.12	23:30:00	1.15933	1.15973	1.15925	1.15963	303	0	9
2025.06.12	23:45:00	1.15964	1.16092	1.15959	1.16089	540	0	9
2025.06.13	00:00:00	1.16087	1.16142	1.15637	1.15645	3291	0	9
2025.06.13	00:15:00	1.15647	1.15883	1.15605	1.15820	2932	0	9
2025.06.13	00:30:00	1.15820	1.15845	1.15392	1.15455	3546	0	9
2025.06.13	00:45:00	1.15453	1.15624	1.15418	1.15583	2544	0	9
2025.06.13	01:00:00	1.15583	1.15598	1.15408	1.15462	2121	0	9
2025.06.13	01:15:00	1.15464	1.15496	1.15385	1.15496	1648	0	9
2025.06.13	01:30:00	1.15494	1.15513	1.15369	1.15444	1474	0	9
2025.06.13	01:45:00	1.15444	1.15542	1.15435	1.15483	1305	0	9
2025.06.13	02:00:00	1.15482	1.15523	1.15450	1.15492	824	0	9
2025.06.13	02:15:00	1.15494	1.15580	1.15463	1.15470	1072	0	9
2025.06.13	02:30:00	1.15470	1.15555	1.15404	1.15422	1063	0	9
2025.06.13	02:45:00	1.15424	1.15512	1.15368	1.15446	1300	0	9
2025.06.13	03:00:00	1.15447	1.15456	1.15287	1.15295	1223	0	9
2025.06.13	03:15:00	1.15295	1.15373	1.15273	1.15318	980	0	9
2025.06.13	03:30:00	1.15320	1.15351	1.15275	1.15325	751	0	9
2025.06.13	03:45:00	1.15325	1.15425	1.15323	1.15368	744	0	9
2025.06.13	04:00:00	1.15369	1.15404	1.15277	1.15287	659	0	9
2025.06.13	04:15:00	1.15287	1.15303	1.15138	1.15207	735	0	9
2025.06.13	04:30:00	1.15208	1.15277	1.15189	1.15254	820	0	9
2025.06.13	04:45:00	1.15255	1.15282	1.15206	1.15248	639	0	9
2025.06.13	05:00:00	1.15250	1.15365	1.15239	1.15314	821	0	9
2025.06.13	05:15:00	1.15311	1.15335	1.15117	1.15133	944	0	9
2025.06.13	05:30:00	1.15132	1.15315	1.15114	1.15246	796	0	9
2025.06.13	05:45:00	1.15245	1.15327	1.15239	1.15288	838	0	9
2025.06.13	06:00:00	1.15292	1.15459	1.15291	1.15337	1536	0	9
2025.06.13	06:15:00	1.15339	1.15391	1.15283	1.15303	1498	0	9
2025.06.13	06:30:00	1.15304	1.15406	1.15237	1.15290	1748	0	9
2025.06.13	06:45:00	1.15288	1.15438	1.15270	1.15417	1452	0	9
2025.06.13	07:00:00	1.15418	1.15603	1.15380	1.15542	1767	0	9
2025.06.13	07:15:00	1.15540	1.15548	1.15397	1.15476	1525	0	9
2025.06.13	07:30:00	1.15476	1.15570	1.15450	1.15468	1082	0	9
2025.06.13	07:45:00	1.15468	1.15522	1.15347	1.15353	1022	0	9
2025.06.13	08:00:00	1.15350	1.15409	1.15309	1.15409	1045	0	9
2025.06.13	08:15:00	1.15408	1.15468	1.15338	1.15440	899	0	9
2025.06.13	08:30:00	1.15440	1.15469	1.15252	1.15270	1035	0	9
2025.06.13	08:45:00	1.15270	1.15327	1.15259	1.15284	952	0	9
2025.06.13	09:00:00	1.15282	1.15354	1.15271	1.15291	1122	0	9
2025.06.13	09:15:00	1.15291	1.15350	1.15258	1.15297	971	0	9
2025.06.13	09:30:00	1.15295	1.15295	1.15201	1.15205	1009	0	9
2025.06.13	09:45:00	1.15204	1.15309	1.15181	1.15233	1111	0	9
2025.06.13	10:00:00	1.15231	1.15293	1.15194	1.15224	1092	0	9
2025.06.13	10:15:00	1.15225	1.15232	1.15116	1.15157	1141	0	9
2025.06.13	10:30:00	1.15160	1.15185	1.15036	1.15117	1180	0	9
2025.06.13	10:45:00	1.15115	1.15116	1.14884	1.15041	1790	0	9
2025.06.13	11:00:00	1.15044	1.15064	1.14900	1.14963	1517	0	9
2025.06.13	11:15:00	1.14964	1.14998	1.14917	1.14982	1162	0	9
2025.06.13	11:30:00	1.14981	1.15073	1.14961	1.15073	1174	0	9
2025.06.13	11:45:00	1.15075	1.15106	1.15002	1.15096	1045	0	9
2025.06.13	12:00:00	1.15095	1.15160	1.15061	1.15148	1009	0	9
2025.06.13	12:15:00	1.15148	1.15165	1.15084	1.15148	1011	0	9
2025.06.13	12:30:00	1.15149	1.15223	1.15145	1.15197	950	0	9
2025.06.13	12:45:00	1.15196	1.15202	1.15127	1.15160	863	0	9
2025.06.13	13:00:00	1.15158	1.15189	1.15024	1.15068	1035	0	9
2025.06.13	13:15:00	1.15067	1.15115	1.15037	1.15059	896	0	9
2025.06.13	13:30:00	1.15058	1.15180	1.15008	1.15156	1423	0	9
2025.06.13	13:45:00	1.15156	1.15271	1.15153	1.15230	1064	0	9
2025.06.13	14:00:00	1.15232	1.15400	1.15207	1.15397	1386	0	9
2025.06.13	14:15:00	1.15399	1.15455	1.15326	1.15450	1166	0	9
2025.06.13	14:30:00	1.15450	1.15458	1.15339	1.15379	1012	0	9
2025.06.13	14:45:00	1.15379	1.15443	1.15351	1.15439	1166	0	9
2025.06.13	15:00:00	1.15439	1.15454	1.15376	1.15452	1017	0	9
2025.06.13	15:15:00	1.15452	1.15638	1.15452	1.15632	1080	0	9
2025.06.13	15:30:00	1.15631	1.15692	1.15608	1.15622	1007	0	9
2025.06.13	15:45:00	1.15623	1.15637	1.15530	1.15562	979	0	9
2025.06.13	16:00:00	1.15560	1.15602	1.15520	1.15527	969	0	9
2025.06.13	16:15:00	1.15525	1.15639	1.15525	1.15614	692	0	9
2025.06.13	16:30:00	1.15616	1.15656	1.15586	1.15604	691	0	9
2025.06.13	16:45:00	1.15604	1.15617	1.15525	1.15543	586	0	9
2025.06.13	17:00:00	1.15542	1.15553	1.15478	1.15485	690	0	9
2025.06.13	17:15:00	1.15486	1.15494	1.15412	1.15451	693	0	9
2025.06.13	17:30:00	1.15451	1.15457	1.15372	1.15374	643	0	9
2025.06.13	17:45:00	1.15374	1.15505	1.15367	1.15486	662	0	9
2025.06.13	18:00:00	1.15487	1.15506	1.15445	1.15471	832	0	9
2025.06.13	18:15:00	1.15472	1.15488	1.15408	1.15412	613	0	9
2025.06.13	18:30:00	1.15411	1.15462	1.15330	1.15357	877	0	9
2025.06.13	18:45:00	1.15358	1.15473	1.15356	1.15410	859	0	9
2025.06.13	19:00:00	1.15408	1.15416	1.15375	1.15409	702	0	9
2025.06.13	19:15:00	1.15410	1.15424	1.15363	1.15390	543	0	9
2025.06.13	19:30:00	1.15390	1.15447	1.15374	1.15445	430	0	9
2025.06.13	19:45:00	1.15445	1.15513	1.15424	1.15495	583	0	9
2025.06.13	20:00:00	1.15494	1.15494	1.15381	1.15436	496	0	9
2025.06.13	20:15:00	1.15435	1.15448	1.15406	1.15421	303	0	9
2025.06.13	20:30:00	1.15420	1.15506	1.15375	1.15501	459	0	9
2025.06.13	20:45:00	1.15499	1.15511	1.15449	1.15497	714	0	9
2025.06.15	21:00:00	1.15272	1.15323	1.15261	1.15278	158	0	66
2025.06.15	21:15:00	1.15278	1.15300	1.15276	1.15298	111	0	61
2025.06.15	21:30:00	1.15292	1.15299	1.15252	1.15282	175	0	60
2025.06.15	21:45:00	1.15284	1.15332	1.15284	1.15306	132	0	57
2025.06.15	22:00:00	1.15321	1.15342	1.15259	1.15273	443	0	22
2025.06.15	22:15:00	1.15273	1.15347	1.15253	1.15331	597	0	9
2025.06.15	22:30:00	1.15331	1.15421	1.15312	1.15392	905	0	9
2025.06.15	22:45:00	1.15392	1.15470	1.15387	1.15408	597	0	9
2025.06.15	23:00:00	1.15410	1.15419	1.15294	1.15297	791	0	9
2025.06.15	23:15:00	1.15297	1.15348	1.15272	1.15334	453	0	9
2025.06.15	23:30:00	1.15335	1.15397	1.15323	1.15385	474	0	9
2025.06.15	23:45:00	1.15384	1.15385	1.15353	1.15375	541	0	9
2025.06.16	00:00:00	1.15375	1.15445	1.15343	1.15406	840	0	9
2025.06.16	00:15:00	1.15406	1.15466	1.15351	1.15402	654	0	9
2025.06.16	00:30:00	1.15404	1.15435	1.15379	1.15383	626	0	9
2025.06.16	00:45:00	1.15384	1.15384	1.15303	1.15342	635	0	9
2025.06.16	01:00:00	1.15340	1.15404	1.15321	1.15380	778	0	9
2025.06.16	01:15:00	1.15379	1.15405	1.15353	1.15374	612	0	9
2025.06.16	01:30:00	1.15374	1.15438	1.15321	1.15363	819	0	9
2025.06.16	01:45:00	1.15364	1.15391	1.15315	1.15317	652	0	9
2025.06.16	02:00:00	1.15321	1.15347	1.15260	1.15314	646	0	9
2025.06.16	02:15:00	1.15315	1.15358	1.15303	1.15314	577	0	9
2025.06.16	02:30:00	1.15312	1.15330	1.15285	1.15317	458	0	9
2025.06.16	02:45:00	1.15316	1.15357	1.15286	1.15304	501	0	9
2025.06.16	03:00:00	1.15304	1.15344	1.15265	1.15287	484	0	9
2025.06.16	03:15:00	1.15287	1.15320	1.15234	1.15311	465	0	9
2025.06.16	03:30:00	1.15309	1.15329	1.15277	1.15286	524	0	9
2025.06.16	03:45:00	1.15284	1.15295	1.15247	1.15271	391	0	9
2025.06.16	04:00:00	1.15271	1.15336	1.15268	1.15315	520	0	9
2025.06.16	04:15:00	1.15315	1.15359	1.15311	1.15342	347	0	9
2025.06.16	04:30:00	1.15343	1.15367	1.15330	1.15345	331	0	9
2025.06.16	04:45:00	1.15345	1.15360	1.15316	1.15356	447	0	9
2025.06.16	05:00:00	1.15354	1.15478	1.15354	1.15458	673	0	9
2025.06.16	05:15:00	1.15458	1.15577	1.15455	1.15550	778	0	9
2025.06.16	05:30:00	1.15551	1.15618	1.15547	1.15558	732	0	9
2025.06.16	05:45:00	1.15556	1.15615	1.15553	1.15565	673	0	9
2025.06.16	06:00:00	1.15567	1.15597	1.15496	1.15522	897	0	9
2025.06.16	06:15:00	1.15524	1.15545	1.15402	1.15426	964	0	9
2025.06.16	06:30:00	1.15424	1.15594	1.15396	1.15594	1270	0	9
2025.06.16	06:45:00	1.15590	1.15754	1.15575	1.15731	1437	0	9
2025.06.16	07:00:00	1.15729	1.15740	1.15667	1.15680	1297	0	9
2025.06.16	07:15:00	1.15682	1.15843	1.15673	1.15812	1232	0	9
2025.06.16	07:30:00	1.15812	1.15860	1.15771	1.15828	982	0	9
2025.06.16	07:45:00	1.15828	1.15866	1.15764	1.15787	1029	0	9
2025.06.16	08:00:00	1.15786	1.15811	1.15750	1.15798	785	0	9
2025.06.16	08:15:00	1.15798	1.15815	1.15757	1.15795	702	0	9
2025.06.16	08:30:00	1.15794	1.15845	1.15785	1.15813	738	0	9
2025.06.16	08:45:00	1.15811	1.15837	1.15768	1.15780	788	0	9
2025.06.16	09:00:00	1.15783	1.15831	1.15762	1.15808	678	0	9
2025.06.16	09:15:00	1.15808	1.15813	1.15756	1.15785	654	0	9
2025.06.16	09:30:00	1.15783	1.15822	1.15757	1.15764	669	0	9
2025.06.16	09:45:00	1.15764	1.15841	1.15763	1.15835	562	0	9
2025.06.16	10:00:00	1.15836	1.15857	1.15772	1.15773	653	0	9
2025.06.16	10:15:00	1.15773	1.15779	1.15720	1.15771	599	0	9
2025.06.16	10:30:00	1.15773	1.15825	1.15752	1.15798	647	0	9
2025.06.16	10:45:00	1.15798	1.15828	1.15732	1.15750	666	0	9
2025.06.16	11:00:00	1.15748	1.15804	1.15730	1.15794	699	0	9
2025.06.16	11:15:00	1.15794	1.15833	1.15769	1.15779	586	0	9
2025.06.16	11:30:00	1.15780	1.15789	1.15694	1.15713	764	0	9
2025.06.16	11:45:00	1.15711	1.15772	1.15696	1.15724	630	0	9
2025.06.16	12:00:00	1.15725	1.15774	1.15706	1.15723	851	0	9
2025.06.16	12:15:00	1.15725	1.15789	1.15704	1.15713	753	0	9
2025.06.16	12:30:00	1.15715	1.15797	1.15715	1.15733	1024	0	9
2025.06.16	12:45:00	1.15731	1.15846	1.15728	1.15836	666	0	9
2025.06.16	13:00:00	1.15838	1.15995	1.15838	1.15941	1293	0	9
2025.06.16	13:15:00	1.15941	1.16021	1.15916	1.15951	1127	0	9
2025.06.16	13:30:00	1.15954	1.16017	1.15936	1.15958	1073	0	9
2025.06.16	13:45:00	1.15958	1.16046	1.15842	1.16006	1775	0	9
2025.06.16	14:00:00	1.16009	1.16145	1.15996	1.16091	1491	0	9
2025.06.16	14:15:00	1.16092	1.16139	1.16047	1.16068	1128	0	9
2025.06.16	14:30:00	1.16066	1.16115	1.15944	1.15951	1446	0	9
2025.06.16	14:45:00	1.15953	1.15975	1.15892	1.15907	1361	0	9
2025.06.16	15:00:00	1.15906	1.15945	1.15861	1.15895	1043	0	9
2025.06.16	15:15:00	1.15898	1.15898	1.15811	1.15892	986	0	9
2025.06.16	15:30:00	1.15891	1.15912	1.15803	1.15839	917	0	9
2025.06.16	15:45:00	1.15842	1.15858	1.15788	1.15798	870	0	9
2025.06.16	16:00:00	1.15800	1.15857	1.15794	1.15817	717	0	9
2025.06.16	16:15:00	1.15816	1.15852	1.15783	1.15830	666	0	9
2025.06.16	16:30:00	1.15829	1.15844	1.15792	1.15807	619	0	9
2025.06.16	16:45:00	1.15807	1.15837	1.15780	1.15835	514	0	9
2025.06.16	17:00:00	1.15837	1.15848	1.15723	1.15754	610	0	9
2025.06.16	17:15:00	1.15754	1.15795	1.15752	1.15774	435	0	9
2025.06.16	17:30:00	1.15774	1.15797	1.15728	1.15751	482	0	9
2025.06.16	17:45:00	1.15751	1.15804	1.15751	1.15776	423	0	9
2025.06.16	18:00:00	1.15775	1.15789	1.15752	1.15766	459	0	9
2025.06.16	18:15:00	1.15768	1.15781	1.15734	1.15756	444	0	9
2025.06.16	18:30:00	1.15756	1.15805	1.15754	1.15797	491	0	9
2025.06.16	18:45:00	1.15797	1.15810	1.15765	1.15797	588	0	9
2025.06.16	19:00:00	1.15795	1.15795	1.15701	1.15712	605	0	9
2025.06.16	19:15:00	1.15713	1.15722	1.15647	1.15676	553	0	9
2025.06.16	19:30:00	1.15678	1.15696	1.15600	1.15605	425	0	9
2025.06.16	19:45:00	1.15607	1.15620	1.15545	1.15554	505	0	9
2025.06.16	20:00:00	1.15552	1.15630	1.15544	1.15577	379	0	9
2025.06.16	20:15:00	1.15576	1.15623	1.15572	1.15622	187	0	9
2025.06.16	20:30:00	1.15624	1.15627	1.15591	1.15622	175	0	9
2025.06.16	20:45:00	1.15623	1.15633	1.15581	1.15597	277	0	9
2025.06.16	21:00:00	1.15595	1.15595	1.15541	1.15572	225	0	19
2025.06.16	21:15:00	1.15574	1.15575	1.15538	1.15575	237	0	91
2025.06.16	21:30:00	1.15572	1.15590	1.15563	1.15576	146	0	67
2025.06.16	21:45:00	1.15574	1.15612	1.15568	1.15611	159	0	29
2025.06.16	22:00:00	1.15627	1.15637	1.15575	1.15614	511	0	9
2025.06.16	22:15:00	1.15614	1.15619	1.15588	1.15596	171	0	9
2025.06.16	22:30:00	1.15596	1.15606	1.15551	1.15565	505	0	9
2025.06.16	22:45:00	1.15565	1.15586	1.15530	1.15556	447	0	9
2025.06.16	23:00:00	1.15555	1.15592	1.15547	1.15573	438	0	9
2025.06.16	23:15:00	1.15573	1.15618	1.15563	1.15567	373	0	9
2025.06.16	23:30:00	1.15567	1.15574	1.15518	1.15519	421	0	9
2025.06.16	23:45:00	1.15518	1.15560	1.15488	1.15534	612	0	9
2025.06.17	00:00:00	1.15535	1.15542	1.15464	1.15504	839	0	9
2025.06.17	00:15:00	1.15504	1.15505	1.15451	1.15465	656	0	9
2025.06.17	00:30:00	1.15466	1.15481	1.15423	1.15462	560	0	9
2025.06.17	00:45:00	1.15463	1.15514	1.15448	1.15494	622	0	9
2025.06.17	01:00:00	1.15497	1.15537	1.15492	1.15514	550	0	9
2025.06.17	01:15:00	1.15514	1.15561	1.15501	1.15518	445	0	9
2025.06.17	01:30:00	1.15518	1.15557	1.15504	1.15541	502	0	9
2025.06.17	01:45:00	1.15541	1.15599	1.15531	1.15538	522	0	9
2025.06.17	02:00:00	1.15540	1.15542	1.15494	1.15497	480	0	9
2025.06.17	02:15:00	1.15497	1.15525	1.15467	1.15500	423	0	9
2025.06.17	02:30:00	1.15500	1.15510	1.15454	1.15483	441	0	9
2025.06.17	02:45:00	1.15484	1.15605	1.15471	1.15582	873	0	9
2025.06.17	03:00:00	1.15583	1.15610	1.15547	1.15589	644	0	9
2025.06.17	03:15:00	1.15590	1.15612	1.15562	1.15612	512	0	9
2025.06.17	03:30:00	1.15614	1.15635	1.15583	1.15612	726	0	9
2025.06.17	03:45:00	1.15612	1.15621	1.15566	1.15615	476	0	9
2025.06.17	04:00:00	1.15615	1.15644	1.15608	1.15641	425	0	9
2025.06.17	04:15:00	1.15644	1.15665	1.15629	1.15641	407	0	9
2025.06.17	04:30:00	1.15641	1.15668	1.15599	1.15654	449	0	9
2025.06.17	04:45:00	1.15653	1.15659	1.15592	1.15607	410	0	9
2025.06.17	05:00:00	1.15606	1.15653	1.15604	1.15640	405	0	9
2025.06.17	05:15:00	1.15640	1.15643	1.15568	1.15615	590	0	9
2025.06.17	05:30:00	1.15615	1.15617	1.15561	1.15576	477	0	9
2025.06.17	05:45:00	1.15576	1.15581	1.15523	1.15577	538	0	9
2025.06.17	06:00:00	1.15575	1.15615	1.15525	1.15615	697	0	9
2025.06.17	06:15:00	1.15615	1.15681	1.15597	1.15647	757	0	9
2025.06.17	06:30:00	1.15648	1.15720	1.15625	1.15687	849	0	9
2025.06.17	06:45:00	1.15686	1.15700	1.15596	1.15618	879	0	9
2025.06.17	07:00:00	1.15619	1.15633	1.15545	1.15556	1062	0	9
2025.06.17	07:15:00	1.15556	1.15595	1.15516	1.15552	868	0	9
2025.06.17	07:30:00	1.15552	1.15567	1.15447	1.15543	922	0	9
2025.06.17	07:45:00	1.15544	1.15631	1.15544	1.15575	910	0	9
2025.06.17	08:00:00	1.15573	1.15590	1.15520	1.15549	809	0	9
2025.06.17	08:15:00	1.15551	1.15585	1.15537	1.15582	691	0	9
2025.06.17	08:30:00	1.15580	1.15596	1.15540	1.15565	598	0	9
2025.06.17	08:45:00	1.15565	1.15582	1.15494	1.15516	724	0	9
2025.06.17	09:00:00	1.15517	1.15595	1.15509	1.15557	856	0	9
2025.06.17	09:15:00	1.15555	1.15582	1.15499	1.15561	841	0	9
2025.06.17	09:30:00	1.15563	1.15598	1.15534	1.15576	690	0	9
2025.06.17	09:45:00	1.15577	1.15606	1.15543	1.15564	668	0	9
2025.06.17	10:00:00	1.15565	1.15640	1.15546	1.15609	623	0	9
2025.06.17	10:15:00	1.15609	1.15635	1.15573	1.15583	546	0	9
2025.06.17	10:30:00	1.15582	1.15655	1.15572	1.15636	603	0	9
2025.06.17	10:45:00	1.15635	1.15684	1.15635	1.15677	662	0	9
2025.06.17	11:00:00	1.15676	1.15725	1.15666	1.15721	641	0	9
2025.06.17	11:15:00	1.15718	1.15732	1.15678	1.15683	507	0	9
2025.06.17	11:30:00	1.15681	1.15695	1.15639	1.15655	678	0	9
2025.06.17	11:45:00	1.15656	1.15656	1.15572	1.15611	748	0	9
2025.06.17	12:00:00	1.15612	1.15706	1.15609	1.15690	865	0	9
2025.06.17	12:15:00	1.15691	1.15723	1.15660	1.15672	793	0	9
2025.06.17	12:30:00	1.15675	1.15800	1.15580	1.15614	1716	0	9
2025.06.17	12:45:00	1.15616	1.15623	1.15471	1.15499	1366	0	9
2025.06.17	13:00:00	1.15500	1.15626	1.15500	1.15594	1090	0	9
2025.06.17	13:15:00	1.15588	1.15690	1.15588	1.15609	811	0	9
2025.06.17	13:30:00	1.15611	1.15643	1.15563	1.15618	1283	0	9
2025.06.17	13:45:00	1.15617	1.15651	1.15577	1.15582	1078	0	9
2025.06.17	14:00:00	1.15582	1.15606	1.15517	1.15523	958	0	9
2025.06.17	14:15:00	1.15521	1.15521	1.15347	1.15368	1592	0	9
2025.06.17	14:30:00	1.15371	1.15377	1.15103	1.15113	2004	0	9
2025.06.17	14:45:00	1.15114	1.15269	1.15114	1.15262	1414	0	9
2025.06.17	15:00:00	1.15260	1.15332	1.15204	1.15328	1214	0	9
2025.06.17	15:15:00	1.15329	1.15338	1.15182	1.15199	1036	0	9
2025.06.17	15:30:00	1.15200	1.15326	1.15198	1.15321	1019	0	9
2025.06.17	15:45:00	1.15321	1.15349	1.15287	1.15340	845	0	9
2025.06.17	16:00:00	1.15337	1.15388	1.15297	1.15367	827	0	9
2025.06.17	16:15:00	1.15366	1.15386	1.15233	1.15236	800	0	9
2025.06.17	16:30:00	1.15235	1.15273	1.15183	1.15201	709	0	9
2025.06.17	16:45:00	1.15203	1.15209	1.14983	1.15023	1493	0	9
2025.06.17	17:00:00	1.15024	1.15062	1.14965	1.14969	1079	0	9
2025.06.17	17:15:00	1.14972	1.15016	1.14896	1.15016	1220	0	9
2025.06.17	17:30:00	1.15013	1.15082	1.14902	1.14906	1032	0	9
2025.06.17	17:45:00	1.14904	1.14909	1.14778	1.14860	1780	0	9
2025.06.17	18:00:00	1.14861	1.14894	1.14816	1.14852	1006	0	9
2025.06.17	18:15:00	1.14850	1.14901	1.14783	1.14785	891	0	9
2025.06.17	18:30:00	1.14783	1.14861	1.14775	1.14813	778	0	9
2025.06.17	18:45:00	1.14814	1.14814	1.14743	1.14794	927	0	9
2025.06.17	19:00:00	1.14792	1.14812	1.14774	1.14794	679	0	9
2025.06.17	19:15:00	1.14795	1.14846	1.14766	1.14836	549	0	9
2025.06.17	19:30:00	1.14835	1.14866	1.14804	1.14857	546	0	9
2025.06.17	19:45:00	1.14855	1.14884	1.14824	1.14840	688	0	9
2025.06.17	20:00:00	1.14842	1.14849	1.14749	1.14755	415	0	9
2025.06.17	20:15:00	1.14754	1.14846	1.14743	1.14835	446	0	9
2025.06.17	20:30:00	1.14835	1.14837	1.14767	1.14770	329	0	9
2025.06.17	20:45:00	1.14772	1.14854	1.14772	1.14799	574	0	9
2025.06.17	21:00:00	1.14797	1.14802	1.14743	1.14761	128	0	18
2025.06.17	21:15:00	1.14761	1.14770	1.14738	1.14767	226	0	127
2025.06.17	21:30:00	1.14764	1.14775	1.14744	1.14773	195	0	94
2025.06.17	21:45:00	1.14775	1.14818	1.14769	1.14818	164	0	13
2025.06.17	22:00:00	1.14818	1.14833	1.14805	1.14823	200	0	9
2025.06.17	22:15:00	1.14824	1.14836	1.14817	1.14835	151	0	9
2025.06.17	22:30:00	1.14835	1.14835	1.14770	1.14792	236	0	9
2025.06.17	22:45:00	1.14792	1.14801	1.14744	1.14748	297	0	9
2025.06.17	23:00:00	1.14751	1.14784	1.14751	1.14775	259	0	9
2025.06.17	23:15:00	1.14775	1.14793	1.14759	1.14789	243	0	9
2025.06.17	23:30:00	1.14790	1.14790	1.14746	1.14771	324	0	9
2025.06.17	23:45:00	1.14773	1.14825	1.14771	1.14817	404	0	9
2025.06.18	00:00:00	1.14815	1.14906	1.14805	1.14842	1021	0	9
2025.06.18	00:15:00	1.14843	1.14882	1.14803	1.14863	690	0	9
2025.06.18	00:30:00	1.14863	1.14939	1.14845	1.14935	706	0	9
2025.06.18	00:45:00	1.14933	1.14963	1.14896	1.14918	822	0	9
2025.06.18	01:00:00	1.14917	1.14964	1.14889	1.14936	729	0	9
2025.06.18	01:15:00	1.14939	1.14989	1.14911	1.14986	659	0	9
2025.06.18	01:30:00	1.14986	1.15003	1.14939	1.14946	536	0	9
2025.06.18	01:45:00	1.14946	1.14998	1.14927	1.14966	604	0	9
2025.06.18	02:00:00	1.14964	1.14976	1.14940	1.14960	473	0	9
2025.06.18	02:15:00	1.14958	1.15007	1.14951	1.14984	487	0	9
2025.06.18	02:30:00	1.14982	1.14982	1.14928	1.14972	448	0	9
2025.06.18	02:45:00	1.14971	1.14989	1.14951	1.14974	438	0	9
2025.06.18	03:00:00	1.14972	1.14995	1.14956	1.14988	338	0	9
2025.06.18	03:15:00	1.14990	1.15033	1.14975	1.15007	459	0	9
2025.06.18	03:30:00	1.15007	1.15046	1.15005	1.15025	436	0	9
2025.06.18	03:45:00	1.15025	1.15025	1.14982	1.14995	381	0	9
2025.06.18	04:00:00	1.14995	1.14997	1.14961	1.14997	381	0	9
2025.06.18	04:15:00	1.14997	1.15024	1.14989	1.15014	328	0	9
2025.06.18	04:30:00	1.15014	1.15053	1.15012	1.15039	400	0	9
2025.06.18	04:45:00	1.15039	1.15075	1.15025	1.15051	447	0	9
2025.06.18	05:00:00	1.15054	1.15059	1.15006	1.15008	397	0	9
2025.06.18	05:15:00	1.15011	1.15033	1.15002	1.15033	369	0	9
2025.06.18	05:30:00	1.15033	1.15067	1.15017	1.15057	432	0	9
2025.06.18	05:45:00	1.15058	1.15066	1.14999	1.15039	448	0	9
2025.06.18	06:00:00	1.15037	1.15079	1.15002	1.15076	811	0	9
2025.06.18	06:15:00	1.15075	1.15147	1.15052	1.15138	893	0	9
2025.06.18	06:30:00	1.15137	1.15146	1.15069	1.15087	655	0	9
2025.06.18	06:45:00	1.15085	1.15125	1.15056	1.15101	795	0	9
2025.06.18	07:00:00	1.15100	1.15229	1.15089	1.15177	1092	0	9
2025.06.18	07:15:00	1.15173	1.15213	1.15148	1.15185	780	0	9
2025.06.18	07:30:00	1.15185	1.15220	1.15131	1.15144	751	0	9
2025.06.18	07:45:00	1.15145	1.15170	1.15116	1.15130	675	0	9
2025.06.18	08:00:00	1.15127	1.15158	1.15101	1.15108	683	0	9
2025.06.18	08:15:00	1.15108	1.15109	1.15017	1.15034	671	0	9
2025.06.18	08:30:00	1.15034	1.15063	1.14980	1.15024	643	0	9
2025.06.18	08:45:00	1.15023	1.15076	1.14988	1.15022	763	0	9
2025.06.18	09:00:00	1.15017	1.15071	1.14994	1.15052	682	0	9
2025.06.18	09:15:00	1.15052	1.15101	1.15032	1.15080	630	0	9
2025.06.18	09:30:00	1.15078	1.15088	1.15029	1.15045	663	0	9
2025.06.18	09:45:00	1.15046	1.15048	1.14966	1.15033	715	0	9
2025.06.18	10:00:00	1.15033	1.15104	1.15017	1.15060	602	0	9
2025.06.18	10:15:00	1.15059	1.15096	1.15052	1.15069	573	0	9
2025.06.18	10:30:00	1.15070	1.15070	1.15000	1.15019	647	0	9
2025.06.18	10:45:00	1.15018	1.15035	1.14916	1.14933	755	0	9
2025.06.18	11:00:00	1.14932	1.14998	1.14916	1.14989	622	0	9
2025.06.18	11:15:00	1.14989	1.15000	1.14938	1.14955	583	0	9
2025.06.18	11:30:00	1.14953	1.15016	1.14934	1.14987	655	0	9
2025.06.18	11:45:00	1.14987	1.15082	1.14987	1.15070	719	0	9
2025.06.18	12:00:00	1.15073	1.15123	1.15046	1.15109	726	0	9
2025.06.18	12:15:00	1.15107	1.15163	1.15077	1.15126	863	0	9
2025.06.18	12:30:00	1.15124	1.15146	1.15053	1.15054	832	0	9
2025.06.18	12:45:00	1.15055	1.15092	1.15005	1.15055	861	0	9
2025.06.18	13:00:00	1.15054	1.15085	1.15025	1.15053	751	0	9
2025.06.18	13:15:00	1.15051	1.15060	1.14975	1.15008	725	0	9
2025.06.18	13:30:00	1.15007	1.15008	1.14887	1.14924	1184	0	9
2025.06.18	13:45:00	1.14925	1.14955	1.14876	1.14883	1186	0	9
2025.06.18	14:00:00	1.14883	1.15232	1.14840	1.15155	2806	0	9
2025.06.18	14:15:00	1.15158	1.15162	1.14974	1.15013	1719	0	9
2025.06.18	14:30:00	1.15014	1.15063	1.14991	1.15031	1347	0	9
2025.06.18	14:45:00	1.15034	1.15115	1.14970	1.15068	1589	0	9
2025.06.18	15:00:00	1.15069	1.15148	1.15054	1.15132	946	0	9
2025.06.18	15:15:00	1.15130	1.15293	1.15105	1.15291	993	0	9
2025.06.18	15:30:00	1.15292	1.15299	1.15201	1.15224	1108	0	9
2025.06.18	15:45:00	1.15226	1.15249	1.15183	1.15198	798	0	9
2025.06.18	16:00:00	1.15199	1.15248	1.15164	1.15168	756	0	9
2025.06.18	16:15:00	1.15170	1.15191	1.15109	1.15113	672	0	9
2025.06.18	16:30:00	1.15114	1.15136	1.15062	1.15065	630	0	9
2025.06.18	16:45:00	1.15064	1.15064	1.15012	1.15026	491	0	9
2025.06.18	17:00:00	1.15026	1.15088	1.15025	1.15050	472	0	9
2025.06.18	17:15:00	1.15050	1.15064	1.15006	1.15023	394	0	9
2025.06.18	17:30:00	1.15021	1.15021	1.14877	1.14929	613	0	9
2025.06.18	17:45:00	1.14929	1.15006	1.14916	1.14980	629	0	9
2025.06.18	18:00:00	1.14983	1.15289	1.14975	1.15154	3728	0	9
2025.06.18	18:15:00	1.15156	1.15180	1.15059	1.15121	2248	0	9
2025.06.18	18:30:00	1.15119	1.15167	1.14959	1.14974	3051	0	9
2025.06.18	18:45:00	1.14973	1.15015	1.14736	1.14743	2709	0	9
2025.06.18	19:00:00	1.14746	1.14846	1.14605	1.14843	3033	0	9
2025.06.18	19:15:00	1.14840	1.14871	1.14627	1.14665	2111	0	9
2025.06.18	19:30:00	1.14665	1.14770	1.14632	1.14692	1257	0	9
2025.06.18	19:45:00	1.14691	1.14757	1.14638	1.14742	1155	0	9
2025.06.18	20:00:00	1.14740	1.14785	1.14716	1.14765	630	0	9
2025.06.18	20:15:00	1.14765	1.14817	1.14758	1.14780	367	0	9
2025.06.18	20:30:00	1.14780	1.14839	1.14773	1.14815	348	0	9
2025.06.18	20:45:00	1.14815	1.14829	1.14785	1.14785	483	0	9
2025.06.18	21:00:00	1.14783	1.14788	1.14713	1.14770	212	0	65
2025.06.18	21:15:00	1.14768	1.14780	1.14764	1.14771	156	0	85
2025.06.18	21:30:00	1.14769	1.14789	1.14760	1.14781	260	0	23
2025.06.18	21:45:00	1.14782	1.14809	1.14748	1.14809	174	0	26
2025.06.18	22:00:00	1.14820	1.14885	1.14812	1.14864	231	0	9
2025.06.18	22:15:00	1.14864	1.14887	1.14846	1.14868	215	0	9
2025.06.18	22:30:00	1.14868	1.14868	1.14824	1.14828	232	0	9
2025.06.18	22:45:00	1.14830	1.14832	1.14749	1.14800	322	0	9
2025.06.18	23:00:00	1.14800	1.14815	1.14764	1.14809	369	0	9
2025.06.18	23:15:00	1.14807	1.14812	1.14717	1.14724	425	0	9
2025.06.18	23:30:00	1.14724	1.14792	1.14706	1.14777	496	0	9
2025.06.18	23:45:00	1.14778	1.14794	1.14734	1.14758	444	0	9
2025.06.19	00:00:00	1.14756	1.14788	1.14740	1.14764	724	0	9
2025.06.19	00:15:00	1.14766	1.14786	1.14737	1.14775	641	0	9
2025.06.19	00:30:00	1.14776	1.14803	1.14752	1.14801	612	0	9
2025.06.19	00:45:00	1.14800	1.14832	1.14761	1.14808	690	0	9
2025.06.19	01:00:00	1.14807	1.14817	1.14618	1.14705	1552	0	9
2025.06.19	01:15:00	1.14706	1.14760	1.14661	1.14671	752	0	9
2025.06.19	01:30:00	1.14668	1.14709	1.14626	1.14652	805	0	9
2025.06.19	01:45:00	1.14652	1.14665	1.14518	1.14529	832	0	9
2025.06.19	02:00:00	1.14529	1.14579	1.14523	1.14529	744	0	9
2025.06.19	02:15:00	1.14527	1.14573	1.14507	1.14513	574	0	9
2025.06.19	02:30:00	1.14514	1.14553	1.14502	1.14551	519	0	9
2025.06.19	02:45:00	1.14551	1.14555	1.14520	1.14550	455	0	9
2025.06.19	03:00:00	1.14552	1.14571	1.14531	1.14560	438	0	9
2025.06.19	03:15:00	1.14560	1.14610	1.14537	1.14599	456	0	9
2025.06.19	03:30:00	1.14599	1.14643	1.14596	1.14636	413	0	9
2025.06.19	03:45:00	1.14637	1.14678	1.14616	1.14653	421	0	9
2025.06.19	04:00:00	1.14655	1.14683	1.14644	1.14676	414	0	9
2025.06.19	04:15:00	1.14677	1.14677	1.14642	1.14674	303	0	9
2025.06.19	04:30:00	1.14672	1.14673	1.14627	1.14648	322	0	9
2025.06.19	04:45:00	1.14650	1.14689	1.14643	1.14687	407	0	9
2025.06.19	05:00:00	1.14688	1.14688	1.14622	1.14635	429	0	9
2025.06.19	05:15:00	1.14635	1.14666	1.14607	1.14613	378	0	9
2025.06.19	05:30:00	1.14613	1.14651	1.14597	1.14611	520	0	9
2025.06.19	05:45:00	1.14611	1.14615	1.14505	1.14561	689	0	9
2025.06.19	06:00:00	1.14560	1.14585	1.14502	1.14552	769	0	9
2025.06.19	06:15:00	1.14552	1.14564	1.14495	1.14518	737	0	9
2025.06.19	06:30:00	1.14517	1.14570	1.14459	1.14567	877	0	9
2025.06.19	06:45:00	1.14565	1.14674	1.14554	1.14662	872	0	9
2025.06.19	07:00:00	1.14660	1.14691	1.14622	1.14641	843	0	9
2025.06.19	07:15:00	1.14640	1.14765	1.14640	1.14728	927	0	9
2025.06.19	07:30:00	1.14728	1.14758	1.14659	1.14712	1137	0	9
2025.06.19	07:45:00	1.14713	1.14723	1.14599	1.14610	964	0	9
2025.06.19	08:00:00	1.14612	1.14672	1.14561	1.14648	1210	0	9
2025.06.19	08:15:00	1.14647	1.14723	1.14642	1.14702	927	0	9
2025.06.19	08:30:00	1.14701	1.14718	1.14658	1.14695	881	0	9
2025.06.19	08:45:00	1.14694	1.14789	1.14667	1.14761	832	0	9
2025.06.19	09:00:00	1.14763	1.14793	1.14709	1.14744	844	0	9
2025.06.19	09:15:00	1.14747	1.14761	1.14715	1.14742	692	0	9
2025.06.19	09:30:00	1.14744	1.14751	1.14691	1.14749	691	0	9
2025.06.19	09:45:00	1.14749	1.14770	1.14715	1.14750	733	0	9
2025.06.19	10:00:00	1.14750	1.14763	1.14726	1.14757	678	0	9
2025.06.19	10:15:00	1.14760	1.14789	1.14742	1.14766	642	0	9
2025.06.19	10:30:00	1.14768	1.14768	1.14721	1.14741	550	0	9
2025.06.19	10:45:00	1.14741	1.14761	1.14690	1.14733	707	0	9
2025.06.19	11:00:00	1.14736	1.14745	1.14672	1.14725	890	0	9
2025.06.19	11:15:00	1.14725	1.14846	1.14713	1.14824	831	0	9
2025.06.19	11:30:00	1.14826	1.14873	1.14773	1.14814	700	0	9
2025.06.19	11:45:00	1.14814	1.14823	1.14765	1.14807	659	0	9
2025.06.19	12:00:00	1.14807	1.14859	1.14713	1.14721	871	0	9
2025.06.19	12:15:00	1.14721	1.14742	1.14699	1.14719	633	0	9
2025.06.19	12:30:00	1.14719	1.14752	1.14690	1.14744	710	0	9
2025.06.19	12:45:00	1.14744	1.14826	1.14726	1.14772	844	0	9
2025.06.19	13:00:00	1.14770	1.14816	1.14738	1.14797	755	0	9
2025.06.19	13:15:00	1.14798	1.14841	1.14762	1.14792	683	0	9
2025.06.19	13:30:00	1.14795	1.14824	1.14711	1.14729	945	0	9
2025.06.19	13:45:00	1.14730	1.14817	1.14713	1.14725	898	0	9
2025.06.19	14:00:00	1.14723	1.14803	1.14718	1.14780	817	0	9
2025.06.19	14:15:00	1.14780	1.14794	1.14658	1.14664	854	0	9
2025.06.19	14:30:00	1.14662	1.14710	1.14644	1.14696	795	0	9
2025.06.19	14:45:00	1.14696	1.14708	1.14614	1.14682	913	0	9
2025.06.19	15:00:00	1.14682	1.14720	1.14652	1.14669	774	0	9
2025.06.19	15:15:00	1.14669	1.14705	1.14617	1.14621	473	0	9
2025.06.19	15:30:00	1.14621	1.14677	1.14620	1.14654	495	0	9
2025.06.19	15:45:00	1.14652	1.14677	1.14581	1.14598	733	0	9
2025.06.19	16:00:00	1.14596	1.14597	1.14542	1.14578	471	0	9
2025.06.19	16:15:00	1.14578	1.14613	1.14557	1.14585	483	0	9
2025.06.19	16:30:00	1.14585	1.14597	1.14554	1.14597	275	0	9
2025.06.19	16:45:00	1.14597	1.14603	1.14546	1.14564	311	0	9
2025.06.19	17:00:00	1.14562	1.14640	1.14549	1.14635	285	0	9
2025.06.19	17:15:00	1.14635	1.14642	1.14599	1.14615	178	0	9
2025.06.19	17:30:00	1.14617	1.14717	1.14617	1.14712	498	0	9
2025.06.19	17:45:00	1.14712	1.14826	1.14712	1.14785	517	0	9
2025.06.19	18:00:00	1.14785	1.14851	1.14767	1.14846	475	0	9
2025.06.19	18:15:00	1.14846	1.14850	1.14805	1.14850	264	0	9
2025.06.19	18:30:00	1.14851	1.14865	1.14828	1.14842	264	0	9
2025.06.19	18:45:00	1.14842	1.14855	1.14829	1.14847	218	0	9
2025.06.19	19:00:00	1.14847	1.14914	1.14838	1.14886	273	0	9
2025.06.19	19:15:00	1.14886	1.14981	1.14886	1.14968	331	0	9
2025.06.19	19:30:00	1.14970	1.14996	1.14947	1.14961	349	0	9
2025.06.19	19:45:00	1.14961	1.14986	1.14941	1.14973	294	0	9
2025.06.19	20:00:00	1.14973	1.14973	1.14917	1.14920	204	0	9
2025.06.19	20:15:00	1.14920	1.14966	1.14920	1.14961	140	0	9
2025.06.19	20:30:00	1.14962	1.14990	1.14957	1.14970	157	0	9
2025.06.19	20:45:00	1.14970	1.14992	1.14952	1.14956	210	0	9
2025.06.19	21:00:00	1.14955	1.14958	1.14896	1.14912	99	0	23
2025.06.19	21:15:00	1.14914	1.14933	1.14903	1.14920	182	0	62
2025.06.19	21:30:00	1.14918	1.14943	1.14912	1.14942	127	0	46
2025.06.19	21:45:00	1.14940	1.14952	1.14921	1.14940	202	0	14
2025.06.19	22:00:00	1.14945	1.14997	1.14925	1.14982	335	0	9
2025.06.19	22:15:00	1.14982	1.14983	1.14936	1.14945	291	0	9
2025.06.19	22:30:00	1.14946	1.14959	1.14912	1.14953	335	0	9
2025.06.19	22:45:00	1.14953	1.14996	1.14944	1.14970	309	0	9
2025.06.19	23:00:00	1.14972	1.15012	1.14964	1.15005	329	0	9
2025.06.19	23:15:00	1.15005	1.15122	1.15005	1.15087	380	0	9
2025.06.19	23:30:00	1.15089	1.15118	1.15059	1.15110	470	0	9
2025.06.19	23:45:00	1.15109	1.15122	1.15079	1.15112	431	0	9
2025.06.20	00:00:00	1.15111	1.15188	1.15102	1.15157	742	0	9
2025.06.20	00:15:00	1.15157	1.15159	1.15107	1.15124	584	0	9
2025.06.20	00:30:00	1.15123	1.15187	1.15105	1.15185	516	0	9
2025.06.20	00:45:00	1.15185	1.15234	1.15185	1.15221	698	0	9
2025.06.20	01:00:00	1.15221	1.15224	1.15139	1.15146	603	0	9
2025.06.20	01:15:00	1.15146	1.15226	1.15144	1.15215	597	0	9
2025.06.20	01:30:00	1.15215	1.15221	1.15134	1.15166	561	0	9
2025.06.20	01:45:00	1.15165	1.15195	1.15127	1.15129	601	0	9
2025.06.20	02:00:00	1.15130	1.15187	1.15116	1.15133	588	0	9
2025.06.20	02:15:00	1.15133	1.15162	1.15106	1.15140	445	0	9
2025.06.20	02:30:00	1.15142	1.15212	1.15139	1.15192	532	0	9
2025.06.20	02:45:00	1.15192	1.15201	1.15152	1.15177	531	0	9
2025.06.20	03:00:00	1.15175	1.15239	1.15150	1.15227	565	0	9
2025.06.20	03:15:00	1.15225	1.15258	1.15197	1.15218	586	0	9
2025.06.20	03:30:00	1.15218	1.15260	1.15200	1.15241	505	0	9
2025.06.20	03:45:00	1.15241	1.15299	1.15224	1.15290	554	0	9
2025.06.20	04:00:00	1.15289	1.15319	1.15268	1.15306	421	0	9
2025.06.20	04:15:00	1.15306	1.15310	1.15268	1.15273	339	0	9
2025.06.20	04:30:00	1.15274	1.15277	1.15246	1.15264	389	0	9
2025.06.20	04:45:00	1.15265	1.15285	1.15241	1.15265	367	0	9
2025.06.20	05:00:00	1.15264	1.15281	1.15247	1.15251	379	0	9
2025.06.20	05:15:00	1.15251	1.15254	1.15198	1.15215	418	0	9
2025.06.20	05:30:00	1.15215	1.15237	1.15186	1.15234	493	0	9
2025.06.20	05:45:00	1.15233	1.15288	1.15230	1.15269	563	0	9
2025.06.20	06:00:00	1.15268	1.15293	1.15215	1.15234	1064	0	9
2025.06.20	06:15:00	1.15233	1.15251	1.15173	1.15198	884	0	9
2025.06.20	06:30:00	1.15195	1.15199	1.15140	1.15164	718	0	9
2025.06.20	06:45:00	1.15167	1.15200	1.15134	1.15164	831	0	9
2025.06.20	07:00:00	1.15163	1.15163	1.15102	1.15157	934	0	9
2025.06.20	07:15:00	1.15156	1.15193	1.15119	1.15165	682	0	9
2025.06.20	07:30:00	1.15163	1.15173	1.15096	1.15127	740	0	9
2025.06.20	07:45:00	1.15127	1.15175	1.15117	1.15163	609	0	9
2025.06.20	08:00:00	1.15162	1.15180	1.15120	1.15136	664	0	9
2025.06.20	08:15:00	1.15135	1.15163	1.15112	1.15142	648	0	9
2025.06.20	08:30:00	1.15142	1.15194	1.15120	1.15181	673	0	9
2025.06.20	08:45:00	1.15182	1.15263	1.15172	1.15221	651	0	9
2025.06.20	09:00:00	1.15219	1.15281	1.15189	1.15247	689	0	9
2025.06.20	09:15:00	1.15249	1.15270	1.15227	1.15235	491	0	9
2025.06.20	09:30:00	1.15237	1.15268	1.15205	1.15258	551	0	9
2025.06.20	09:45:00	1.15260	1.15276	1.15227	1.15264	531	0	9
2025.06.20	10:00:00	1.15264	1.15347	1.15243	1.15329	576	0	9
2025.06.20	10:15:00	1.15329	1.15335	1.15255	1.15255	490	0	9
2025.06.20	10:30:00	1.15259	1.15278	1.15222	1.15274	554	0	9
2025.06.20	10:45:00	1.15274	1.15286	1.15223	1.15237	499	0	9
2025.06.20	11:00:00	1.15235	1.15235	1.15160	1.15172	574	0	9
2025.06.20	11:15:00	1.15172	1.15194	1.15136	1.15154	522	0	9
2025.06.20	11:30:00	1.15153	1.15169	1.15116	1.15142	565	0	9
2025.06.20	11:45:00	1.15142	1.15257	1.15135	1.15207	1298	0	9
2025.06.20	12:00:00	1.15206	1.15214	1.15128	1.15171	791	0	9
2025.06.20	12:15:00	1.15172	1.15194	1.15128	1.15152	595	0	9
2025.06.20	12:30:00	1.15154	1.15265	1.15111	1.15179	1994	0	9
2025.06.20	12:45:00	1.15181	1.15181	1.15049	1.15125	1385	0	9
2025.06.20	13:00:00	1.15127	1.15169	1.15084	1.15142	1022	0	9
2025.06.20	13:15:00	1.15141	1.15192	1.15122	1.15181	721	0	9
2025.06.20	13:30:00	1.15179	1.15193	1.15090	1.15100	1070	0	9
2025.06.20	13:45:00	1.15103	1.15208	1.15087	1.15181	912	0	9
2025.06.20	14:00:00	1.15178	1.15189	1.15116	1.15134	870	0	9
2025.06.20	14:15:00	1.15134	1.15138	1.15030	1.15077	893	0	9
2025.06.20	14:30:00	1.15078	1.15079	1.14981	1.14994	992	0	9
2025.06.20	14:45:00	1.14994	1.15185	1.14948	1.15133	1922	0	9
2025.06.20	15:00:00	1.15130	1.15268	1.15107	1.15203	1601	0	9
2025.06.20	15:15:00	1.15204	1.15285	1.15192	1.15219	827	0	9
2025.06.20	15:30:00	1.15219	1.15261	1.15180	1.15230	895	0	9
2025.06.20	15:45:00	1.15228	1.15231	1.15161	1.15191	699	0	9
2025.06.20	16:00:00	1.15192	1.15283	1.15187	1.15245	717	0	9
2025.06.20	16:15:00	1.15244	1.15319	1.15240	1.15293	696	0	9
2025.06.20	16:30:00	1.15297	1.15354	1.15290	1.15342	746	0	9
2025.06.20	16:45:00	1.15341	1.15367	1.15317	1.15358	559	0	9
2025.06.20	17:00:00	1.15358	1.15383	1.15344	1.15368	550	0	9
2025.06.20	17:15:00	1.15368	1.15435	1.15367	1.15392	543	0	9
2025.06.20	17:30:00	1.15394	1.15412	1.15333	1.15341	644	0	9
2025.06.20	17:45:00	1.15341	1.15378	1.15317	1.15320	442	0	9
2025.06.20	18:00:00	1.15321	1.15348	1.15306	1.15340	392	0	9
2025.06.20	18:15:00	1.15340	1.15368	1.15319	1.15347	398	0	9
2025.06.20	18:30:00	1.15346	1.15351	1.15291	1.15294	351	0	9
2025.06.20	18:45:00	1.15293	1.15313	1.15269	1.15283	449	0	9
2025.06.20	19:00:00	1.15284	1.15313	1.15272	1.15303	407	0	9
2025.06.20	19:15:00	1.15303	1.15309	1.15277	1.15281	279	0	9
2025.06.20	19:30:00	1.15280	1.15280	1.15241	1.15246	326	0	9
2025.06.20	19:45:00	1.15246	1.15252	1.15150	1.15153	588	0	9
2025.06.20	20:00:00	1.15155	1.15221	1.15135	1.15199	411	0	9
2025.06.20	20:15:00	1.15199	1.15203	1.15152	1.15173	370	0	9
2025.06.20	20:30:00	1.15173	1.15197	1.15158	1.15159	232	0	9
2025.06.20	20:45:00	1.15162	1.15222	1.15150	1.15213	336	0	9
2025.06.22	21:00:00	1.14539	1.14667	1.14539	1.14663	190	0	51
2025.06.22	21:15:00	1.14663	1.14723	1.14623	1.14712	197	0	40
2025.06.22	21:30:00	1.14714	1.14714	1.14664	1.14691	167	0	40
2025.06.22	21:45:00	1.14691	1.14729	1.14687	1.14729	137	0	22
2025.06.22	22:00:00	1.14739	1.14941	1.14735	1.14864	2192	0	9
2025.06.22	22:15:00	1.14863	1.14943	1.14803	1.14883	947	0	9
2025.06.22	22:30:00	1.14883	1.14922	1.14821	1.14920	672	0	9
2025.06.22	22:45:00	1.14922	1.14923	1.14852	1.14883	459	0	9
2025.06.22	23:00:00	1.14885	1.14940	1.14857	1.14920	572	0	9
2025.06.22	23:15:00	1.14920	1.14984	1.14916	1.14979	556	0	9
2025.06.22	23:30:00	1.14980	1.15071	1.14977	1.15029	640	0	9
2025.06.22	23:45:00	1.15029	1.15038	1.14974	1.14993	593	0	9
2025.06.23	00:00:00	1.14995	1.15053	1.14870	1.14877	1095	0	9
2025.06.23	00:15:00	1.14876	1.14897	1.14811	1.14876	788	0	9
2025.06.23	00:30:00	1.14876	1.14902	1.14806	1.14855	765	0	9
2025.06.23	00:45:00	1.14854	1.14891	1.14823	1.14891	869	0	9
2025.06.23	01:00:00	1.14892	1.14910	1.14806	1.14835	890	0	9
2025.06.23	01:15:00	1.14835	1.14835	1.14719	1.14731	671	0	9
2025.06.23	01:30:00	1.14730	1.14865	1.14725	1.14855	685	0	9
2025.06.23	01:45:00	1.14856	1.14922	1.14837	1.14917	717	0	9
2025.06.23	02:00:00	1.14920	1.15024	1.14919	1.15011	715	0	9
2025.06.23	02:15:00	1.15011	1.15044	1.15000	1.15034	577	0	9
2025.06.23	02:30:00	1.15034	1.15063	1.15010	1.15039	592	0	9
2025.06.23	02:45:00	1.15038	1.15052	1.14987	1.14989	571	0	9
2025.06.23	03:00:00	1.14991	1.15031	1.14958	1.14976	689	0	9
2025.06.23	03:15:00	1.14973	1.14973	1.14920	1.14949	655	0	9
2025.06.23	03:30:00	1.14948	1.14984	1.14930	1.14946	546	0	9
2025.06.23	03:45:00	1.14945	1.14964	1.14920	1.14935	524	0	9
2025.06.23	04:00:00	1.14935	1.14963	1.14883	1.14887	464	0	9
2025.06.23	04:15:00	1.14887	1.14947	1.14880	1.14901	522	0	9
2025.06.23	04:30:00	1.14901	1.14958	1.14858	1.14866	548	0	9
2025.06.23	04:45:00	1.14866	1.14911	1.14850	1.14900	514	0	9
2025.06.23	05:00:00	1.14903	1.14981	1.14903	1.14951	672	0	9
2025.06.23	05:15:00	1.14953	1.15024	1.14950	1.15020	618	0	9
2025.06.23	05:30:00	1.15020	1.15080	1.15014	1.15071	735	0	9
2025.06.23	05:45:00	1.15074	1.15139	1.15068	1.15126	809	0	9
2025.06.23	06:00:00	1.15129	1.15206	1.15038	1.15072	1028	0	9
2025.06.23	06:15:00	1.15072	1.15118	1.15050	1.15077	1129	0	9
2025.06.23	06:30:00	1.15074	1.15127	1.15032	1.15069	1100	0	9
2025.06.23	06:45:00	1.15071	1.15108	1.15045	1.15067	941	0	9
2025.06.23	07:00:00	1.15070	1.15159	1.14984	1.15011	1337	0	9
2025.06.23	07:15:00	1.15009	1.15018	1.14909	1.14961	1071	0	9
2025.06.23	07:30:00	1.14966	1.15055	1.14916	1.14955	1141	0	9
2025.06.23	07:45:00	1.14954	1.15055	1.14950	1.14983	1084	0	9
2025.06.23	08:00:00	1.14981	1.15016	1.14910	1.14948	947	0	9
2025.06.23	08:15:00	1.14947	1.14979	1.14918	1.14945	723	0	9
2025.06.23	08:30:00	1.14947	1.14980	1.14869	1.14874	680	0	9
2025.06.23	08:45:00	1.14871	1.14886	1.14799	1.14813	915	0	9
2025.06.23	09:00:00	1.14815	1.14828	1.14575	1.14651	1229	0	9
2025.06.23	09:15:00	1.14651	1.14693	1.14545	1.14563	1112	0	9
2025.06.23	09:30:00	1.14561	1.14733	1.14531	1.14695	1060	0	9
2025.06.23	09:45:00	1.14695	1.14761	1.14692	1.14718	897	0	9
2025.06.23	10:00:00	1.14716	1.14769	1.14678	1.14752	957	0	9
2025.06.23	10:15:00	1.14751	1.14817	1.14670	1.14674	904	0	9
2025.06.23	10:30:00	1.14673	1.14689	1.14628	1.14661	774	0	9
2025.06.23	10:45:00	1.14662	1.14680	1.14591	1.14623	735	0	9
2025.06.23	11:00:00	1.14624	1.14717	1.14611	1.14704	891	0	9
2025.06.23	11:15:00	1.14706	1.14723	1.14647	1.14655	718	0	9
2025.06.23	11:30:00	1.14657	1.14683	1.14605	1.14675	753	0	9
2025.06.23	11:45:00	1.14675	1.14744	1.14601	1.14723	1070	0	9
2025.06.23	12:00:00	1.14722	1.14776	1.14668	1.14710	1074	0	9
2025.06.23	12:15:00	1.14712	1.14712	1.14620	1.14624	787	0	9
2025.06.23	12:30:00	1.14622	1.14648	1.14566	1.14643	1024	0	9
2025.06.23	12:45:00	1.14644	1.14676	1.14589	1.14671	940	0	9
2025.06.23	13:00:00	1.14672	1.14733	1.14643	1.14674	1158	0	9
2025.06.23	13:15:00	1.14675	1.14712	1.14646	1.14690	760	0	9
2025.06.23	13:30:00	1.14690	1.14895	1.14662	1.14876	1350	0	9
2025.06.23	13:45:00	1.14874	1.14936	1.14839	1.14891	1444	0	9
2025.06.23	14:00:00	1.14894	1.15229	1.14889	1.15198	2594	0	9
2025.06.23	14:15:00	1.15200	1.15386	1.15171	1.15292	1935	0	9
2025.06.23	14:30:00	1.15291	1.15347	1.15248	1.15338	1674	0	9
2025.06.23	14:45:00	1.15340	1.15402	1.15231	1.15303	1860	0	9
2025.06.23	15:00:00	1.15305	1.15392	1.15283	1.15356	1401	0	9
2025.06.23	15:15:00	1.15355	1.15482	1.15354	1.15475	1308	0	9
2025.06.23	15:30:00	1.15476	1.15519	1.15428	1.15447	1347	0	9
2025.06.23	15:45:00	1.15449	1.15451	1.15357	1.15368	1083	0	9
2025.06.23	16:00:00	1.15370	1.15401	1.15321	1.15328	985	0	9
2025.06.23	16:15:00	1.15327	1.15381	1.15312	1.15365	800	0	9
2025.06.23	16:30:00	1.15363	1.15455	1.15175	1.15454	1549	0	9
2025.06.23	16:45:00	1.15456	1.15570	1.15432	1.15443	1660	0	9
2025.06.23	17:00:00	1.15442	1.15525	1.15402	1.15465	1471	0	9
2025.06.23	17:15:00	1.15462	1.15626	1.15437	1.15578	1259	0	9
2025.06.23	17:30:00	1.15578	1.15686	1.15575	1.15661	1308	0	9
2025.06.23	17:45:00	1.15663	1.15731	1.15635	1.15688	1007	0	9
2025.06.23	18:00:00	1.15688	1.15747	1.15667	1.15704	917	0	9
2025.06.23	18:15:00	1.15704	1.15775	1.15678	1.15703	954	0	9
2025.06.23	18:30:00	1.15700	1.15759	1.15658	1.15737	945	0	9
2025.06.23	18:45:00	1.15739	1.15775	1.15696	1.15738	835	0	9
2025.06.23	19:00:00	1.15736	1.15773	1.15723	1.15761	645	0	9
2025.06.23	19:15:00	1.15759	1.15763	1.15699	1.15718	555	0	9
2025.06.23	19:30:00	1.15718	1.15771	1.15701	1.15752	484	0	9
2025.06.23	19:45:00	1.15751	1.15783	1.15734	1.15779	480	0	9
2025.06.23	20:00:00	1.15779	1.15797	1.15743	1.15781	321	0	9
2025.06.23	20:15:00	1.15781	1.15796	1.15771	1.15784	195	0	9
2025.06.23	20:30:00	1.15784	1.15814	1.15771	1.15787	276	0	9
2025.06.23	20:45:00	1.15787	1.15793	1.15752	1.15769	341	0	9
2025.06.23	21:00:00	1.15766	1.15776	1.15752	1.15759	94	0	16
2025.06.23	21:15:00	1.15761	1.15770	1.15754	1.15756	115	0	23
2025.06.23	21:30:00	1.15759	1.15774	1.15754	1.15772	141	0	18
2025.06.23	21:45:00	1.15769	1.15774	1.15745	1.15770	157	0	12
2025.06.23	22:00:00	1.15770	1.15947	1.15732	1.15924	755	0	9
2025.06.23	22:15:00	1.15926	1.16020	1.15910	1.15998	662	0	9
2025.06.23	22:30:00	1.15997	1.16006	1.15884	1.15886	714	0	9
2025.06.23	22:45:00	1.15885	1.15924	1.15856	1.15921	434	0	9
2025.06.23	23:00:00	1.15923	1.15974	1.15862	1.15943	646	0	9
2025.06.23	23:15:00	1.15941	1.16056	1.15933	1.16022	753	0	9
2025.06.23	23:30:00	1.16022	1.16077	1.15974	1.16064	691	0	9
2025.06.23	23:45:00	1.16064	1.16082	1.15952	1.15975	717	0	9
2025.06.24	00:00:00	1.15978	1.16006	1.15920	1.15981	1018	0	9
2025.06.24	00:15:00	1.15981	1.15981	1.15923	1.15954	769	0	9
2025.06.24	00:30:00	1.15953	1.16036	1.15953	1.16036	660	0	9
2025.06.24	00:45:00	1.16036	1.16085	1.15893	1.15987	1675	0	9
2025.06.24	01:00:00	1.15988	1.16053	1.15950	1.16026	923	0	9
2025.06.24	01:15:00	1.16023	1.16045	1.15978	1.15986	727	0	9
2025.06.24	01:30:00	1.15984	1.16008	1.15909	1.15929	814	0	9
2025.06.24	01:45:00	1.15929	1.15952	1.15894	1.15904	711	0	9
2025.06.24	02:00:00	1.15902	1.15930	1.15864	1.15920	713	0	9
2025.06.24	02:15:00	1.15920	1.15949	1.15879	1.15947	590	0	9
2025.06.24	02:30:00	1.15948	1.15991	1.15948	1.15976	511	0	9
2025.06.24	02:45:00	1.15976	1.16012	1.15960	1.15997	457	0	9
2025.06.24	03:00:00	1.15996	1.16067	1.15995	1.16060	424	0	9
2025.06.24	03:15:00	1.16060	1.16073	1.16030	1.16051	414	0	9
2025.06.24	03:30:00	1.16052	1.16058	1.16003	1.16018	445	0	9
2025.06.24	03:45:00	1.16018	1.16096	1.16018	1.16051	463	0	9
2025.06.24	04:00:00	1.16053	1.16072	1.16018	1.16035	450	0	9
2025.06.24	04:15:00	1.16035	1.16073	1.16021	1.16064	372	0	9
2025.06.24	04:30:00	1.16064	1.16092	1.16057	1.16079	266	0	9
2025.06.24	04:45:00	1.16079	1.16137	1.16056	1.16059	573	0	9
2025.06.24	05:00:00	1.16058	1.16085	1.16022	1.16022	526	0	9
2025.06.24	05:15:00	1.16019	1.16056	1.16016	1.16023	363	0	9
2025.06.24	05:30:00	1.16023	1.16100	1.16010	1.16039	669	0	9
2025.06.24	05:45:00	1.16037	1.16134	1.16018	1.16104	691	0	9
2025.06.24	06:00:00	1.16102	1.16133	1.16010	1.16029	1192	0	9
2025.06.24	06:15:00	1.16030	1.16221	1.16029	1.16151	1605	0	9
2025.06.24	06:30:00	1.16149	1.16174	1.16050	1.16098	1186	0	9
2025.06.24	06:45:00	1.16098	1.16123	1.16019	1.16045	1075	0	9
2025.06.24	07:00:00	1.16047	1.16094	1.16010	1.16078	1360	0	9
2025.06.24	07:15:00	1.16079	1.16100	1.15964	1.16029	980	0	9
2025.06.24	07:30:00	1.16031	1.16037	1.15814	1.15971	2077	0	9
2025.06.24	07:45:00	1.15970	1.15973	1.15795	1.15919	1647	0	9
2025.06.24	08:00:00	1.15914	1.15952	1.15851	1.15918	1032	0	9
2025.06.24	08:15:00	1.15920	1.15992	1.15886	1.15935	1069	0	9
2025.06.24	08:30:00	1.15934	1.15952	1.15883	1.15912	1033	0	9
2025.06.24	08:45:00	1.15912	1.15954	1.15895	1.15923	855	0	9
2025.06.24	09:00:00	1.15921	1.16028	1.15913	1.16002	789	0	9
2025.06.24	09:15:00	1.16000	1.16118	1.15999	1.16100	900	0	9
2025.06.24	09:30:00	1.16099	1.16163	1.16086	1.16139	777	0	9
2025.06.24	09:45:00	1.16137	1.16177	1.16091	1.16091	790	0	9
2025.06.24	10:00:00	1.16092	1.16092	1.15985	1.16007	619	0	9
2025.06.24	10:15:00	1.16008	1.16014	1.15952	1.15979	544	0	9
2025.06.24	10:30:00	1.15978	1.15996	1.15941	1.15952	495	0	9
2025.06.24	10:45:00	1.15952	1.15984	1.15938	1.15962	575	0	9
2025.06.24	11:00:00	1.15963	1.16051	1.15961	1.16038	616	0	9
2025.06.24	11:15:00	1.16038	1.16092	1.16003	1.16088	754	0	9
2025.06.24	11:30:00	1.16088	1.16146	1.16060	1.16066	753	0	9
2025.06.24	11:45:00	1.16068	1.16086	1.16036	1.16080	733	0	9
2025.06.24	12:00:00	1.16078	1.16108	1.16025	1.16048	790	0	9
2025.06.24	12:15:00	1.16049	1.16056	1.15981	1.16003	678	0	9
2025.06.24	12:30:00	1.16003	1.16109	1.15933	1.16056	1205	0	9
2025.06.24	12:45:00	1.16056	1.16067	1.15982	1.16004	821	0	9
2025.06.24	13:00:00	1.16005	1.16030	1.15896	1.15917	930	0	9
2025.06.24	13:15:00	1.15919	1.15945	1.15823	1.15829	1133	0	9
2025.06.24	13:30:00	1.15827	1.15880	1.15818	1.15835	1227	0	9
2025.06.24	13:45:00	1.15836	1.15920	1.15832	1.15915	1021	0	9
2025.06.24	14:00:00	1.15916	1.16076	1.15903	1.16067	1306	0	9
2025.06.24	14:15:00	1.16066	1.16416	1.16066	1.16330	2959	0	9
2025.06.24	14:30:00	1.16331	1.16353	1.16214	1.16287	1912	0	9
2025.06.24	14:45:00	1.16287	1.16302	1.16113	1.16167	1578	0	9
2025.06.24	15:00:00	1.16165	1.16295	1.16151	1.16245	1670	0	9
2025.06.24	15:15:00	1.16244	1.16363	1.16239	1.16246	1124	0	9
2025.06.24	15:30:00	1.16248	1.16284	1.16167	1.16167	1017	0	9
2025.06.24	15:45:00	1.16168	1.16188	1.16062	1.16070	1073	0	9
2025.06.24	16:00:00	1.16072	1.16111	1.16048	1.16105	876	0	9
2025.06.24	16:15:00	1.16102	1.16178	1.16087	1.16170	691	0	9
2025.06.24	16:30:00	1.16170	1.16220	1.16151	1.16175	734	0	9
2025.06.24	16:45:00	1.16176	1.16244	1.16150	1.16236	700	0	9
2025.06.24	17:00:00	1.16235	1.16263	1.16219	1.16250	510	0	9
2025.06.24	17:15:00	1.16251	1.16309	1.16251	1.16267	590	0	9
2025.06.24	17:30:00	1.16270	1.16322	1.16256	1.16291	510	0	9
2025.06.24	17:45:00	1.16291	1.16303	1.16241	1.16255	488	0	9
2025.06.24	18:00:00	1.16256	1.16288	1.16230	1.16268	491	0	9
2025.06.24	18:15:00	1.16267	1.16281	1.16210	1.16235	499	0	9
2025.06.24	18:30:00	1.16237	1.16238	1.16195	1.16217	381	0	9
2025.06.24	18:45:00	1.16216	1.16239	1.16200	1.16234	460	0	9
2025.06.24	19:00:00	1.16232	1.16246	1.16174	1.16184	426	0	9
2025.06.24	19:15:00	1.16184	1.16229	1.16180	1.16194	375	0	9
2025.06.24	19:30:00	1.16193	1.16202	1.16171	1.16173	339	0	9
2025.06.24	19:45:00	1.16172	1.16180	1.16118	1.16123	329	0	9
2025.06.24	20:00:00	1.16126	1.16154	1.16098	1.16099	335	0	9
2025.06.24	20:15:00	1.16099	1.16132	1.16086	1.16117	239	0	9
2025.06.24	20:30:00	1.16117	1.16130	1.16081	1.16100	195	0	9
2025.06.24	20:45:00	1.16100	1.16111	1.16078	1.16080	328	0	9
2025.06.24	21:00:00	1.16079	1.16081	1.16033	1.16056	159	0	29
2025.06.24	21:15:00	1.16050	1.16065	1.16014	1.16019	251	0	81
2025.06.24	21:30:00	1.16017	1.16071	1.16010	1.16059	150	0	62
2025.06.24	21:45:00	1.16061	1.16093	1.16047	1.16093	166	0	33
2025.06.24	22:00:00	1.16097	1.16115	1.16052	1.16057	258	0	9
2025.06.24	22:15:00	1.16057	1.16072	1.16041	1.16060	228	0	9
2025.06.24	22:30:00	1.16060	1.16083	1.16059	1.16066	174	0	9
2025.06.24	22:45:00	1.16066	1.16086	1.16061	1.16072	163	0	9
2025.06.24	23:00:00	1.16075	1.16101	1.16073	1.16100	196	0	9
2025.06.24	23:15:00	1.16102	1.16146	1.16099	1.16118	245	0	9
2025.06.24	23:30:00	1.16119	1.16151	1.16104	1.16128	269	0	9
2025.06.24	23:45:00	1.16128	1.16150	1.16109	1.16118	353	0	9
2025.06.25	00:00:00	1.16118	1.16212	1.16107	1.16172	666	0	9
2025.06.25	00:15:00	1.16173	1.16224	1.16159	1.16222	522	0	9
2025.06.25	00:30:00	1.16222	1.16230	1.16173	1.16181	460	0	9
2025.06.25	00:45:00	1.16182	1.16264	1.16181	1.16246	623	0	9
2025.06.25	01:00:00	1.16248	1.16317	1.16223	1.16274	649	0	9
2025.06.25	01:15:00	1.16274	1.16288	1.16190	1.16194	558	0	9
2025.06.25	01:30:00	1.16191	1.16262	1.16174	1.16257	693	0	9
2025.06.25	01:45:00	1.16256	1.16292	1.16242	1.16282	624	0	9
2025.06.25	02:00:00	1.16284	1.16293	1.16218	1.16249	645	0	9
2025.06.25	02:15:00	1.16250	1.16266	1.16204	1.16243	518	0	9
2025.06.25	02:30:00	1.16242	1.16249	1.16193	1.16212	399	0	9
2025.06.25	02:45:00	1.16212	1.16217	1.16172	1.16200	365	0	9
2025.06.25	03:00:00	1.16201	1.16209	1.16174	1.16191	384	0	9
2025.06.25	03:15:00	1.16191	1.16229	1.16184	1.16215	398	0	9
2025.06.25	03:30:00	1.16215	1.16220	1.16186	1.16205	269	0	9
2025.06.25	03:45:00	1.16205	1.16208	1.16109	1.16115	385	0	9
2025.06.25	04:00:00	1.16115	1.16151	1.16111	1.16138	320	0	9
2025.06.25	04:15:00	1.16138	1.16174	1.16138	1.16149	322	0	9
2025.06.25	04:30:00	1.16148	1.16165	1.16128	1.16133	270	0	9
2025.06.25	04:45:00	1.16133	1.16142	1.16121	1.16133	307	0	9
2025.06.25	05:00:00	1.16133	1.16151	1.16114	1.16140	390	0	9
2025.06.25	05:15:00	1.16139	1.16142	1.16091	1.16107	402	0	9
2025.06.25	05:30:00	1.16107	1.16184	1.16104	1.16178	362	0	9
2025.06.25	05:45:00	1.16178	1.16201	1.16138	1.16187	467	0	9
2025.06.25	06:00:00	1.16186	1.16186	1.16124	1.16171	659	0	9
2025.06.25	06:15:00	1.16170	1.16223	1.16143	1.16197	664	0	9
2025.06.25	06:30:00	1.16197	1.16197	1.16130	1.16163	707	0	9
2025.06.25	06:45:00	1.16164	1.16169	1.16033	1.16069	937	0	9
2025.06.25	07:00:00	1.16067	1.16070	1.15996	1.16035	880	0	9
2025.06.25	07:15:00	1.16036	1.16080	1.16024	1.16070	669	0	9
2025.06.25	07:30:00	1.16068	1.16088	1.16008	1.16073	794	0	9
2025.06.25	07:45:00	1.16075	1.16082	1.15897	1.15981	987	0	9
2025.06.25	08:00:00	1.15984	1.16004	1.15927	1.15977	796	0	9
2025.06.25	08:15:00	1.15976	1.16005	1.15937	1.16003	719	0	9
2025.06.25	08:30:00	1.16002	1.16069	1.15974	1.16061	674	0	9
2025.06.25	08:45:00	1.16061	1.16110	1.16054	1.16094	673	0	9
2025.06.25	09:00:00	1.16093	1.16109	1.16010	1.16022	791	0	9
2025.06.25	09:15:00	1.16022	1.16028	1.15952	1.15959	620	0	9
2025.06.25	09:30:00	1.15959	1.15983	1.15917	1.15941	616	0	9
2025.06.25	09:45:00	1.15940	1.16003	1.15933	1.16001	604	0	9
2025.06.25	10:00:00	1.16002	1.16018	1.15968	1.16000	550	0	9
2025.06.25	10:15:00	1.15999	1.16073	1.15995	1.16072	544	0	9
2025.06.25	10:30:00	1.16072	1.16079	1.16013	1.16065	512	0	9
2025.06.25	10:45:00	1.16066	1.16068	1.16021	1.16032	481	0	9
2025.06.25	11:00:00	1.16030	1.16130	1.16023	1.16111	598	0	9
2025.06.25	11:15:00	1.16111	1.16122	1.16020	1.16045	677	0	9
2025.06.25	11:30:00	1.16045	1.16063	1.15986	1.16002	628	0	9
2025.06.25	11:45:00	1.16002	1.16016	1.15966	1.15988	547	0	9
2025.06.25	12:00:00	1.15986	1.16018	1.15964	1.16011	569	0	9
2025.06.25	12:15:00	1.16011	1.16047	1.15948	1.15950	633	0	9
2025.06.25	12:30:00	1.15950	1.15983	1.15923	1.15963	862	0	9
2025.06.25	12:45:00	1.15961	1.15961	1.15895	1.15925	808	0	9
2025.06.25	13:00:00	1.15925	1.15966	1.15899	1.15966	797	0	9
2025.06.25	13:15:00	1.15967	1.16033	1.15950	1.16014	671	0	9
2025.06.25	13:30:00	1.16013	1.16072	1.16004	1.16035	786	0	9
2025.06.25	13:45:00	1.16035	1.16049	1.15987	1.16007	952	0	9
2025.06.25	14:00:00	1.16005	1.16156	1.16005	1.16063	1024	0	9
2025.06.25	14:15:00	1.16061	1.16145	1.16016	1.16143	1040	0	9
2025.06.25	14:30:00	1.16145	1.16218	1.16110	1.16196	1025	0	9
2025.06.25	14:45:00	1.16196	1.16232	1.16169	1.16205	939	0	9
2025.06.25	15:00:00	1.16203	1.16262	1.16188	1.16242	932	0	9
2025.06.25	15:15:00	1.16244	1.16268	1.16218	1.16242	642	0	9
2025.06.25	15:30:00	1.16242	1.16293	1.16229	1.16269	789	0	9
2025.06.25	15:45:00	1.16269	1.16269	1.16164	1.16192	862	0	9
2025.06.25	16:00:00	1.16190	1.16325	1.16190	1.16292	737	0	9
2025.06.25	16:15:00	1.16292	1.16346	1.16279	1.16322	583	0	9
2025.06.25	16:30:00	1.16322	1.16341	1.16313	1.16332	533	0	9
2025.06.25	16:45:00	1.16332	1.16356	1.16305	1.16305	431	0	9
2025.06.25	17:00:00	1.16305	1.16306	1.16268	1.16284	528	0	9
2025.06.25	17:15:00	1.16284	1.16357	1.16271	1.16341	462	0	9
2025.06.25	17:30:00	1.16341	1.16385	1.16338	1.16383	492	0	9
2025.06.25	17:45:00	1.16384	1.16441	1.16361	1.16422	605	0	9
2025.06.25	18:00:00	1.16425	1.16448	1.16413	1.16426	441	0	9
2025.06.25	18:15:00	1.16426	1.16500	1.16426	1.16498	475	0	9
2025.06.25	18:30:00	1.16496	1.16594	1.16496	1.16558	716	0	9
2025.06.25	18:45:00	1.16558	1.16612	1.16558	1.16603	535	0	9
2025.06.25	19:00:00	1.16606	1.16646	1.16585	1.16630	577	0	9
2025.06.25	19:15:00	1.16628	1.16649	1.16607	1.16622	369	0	9
2025.06.25	19:30:00	1.16623	1.16636	1.16592	1.16615	344	0	9
2025.06.25	19:45:00	1.16615	1.16629	1.16560	1.16581	387	0	9
2025.06.25	20:00:00	1.16582	1.16606	1.16547	1.16552	377	0	9
2025.06.25	20:15:00	1.16552	1.16569	1.16510	1.16512	267	0	9
2025.06.25	20:30:00	1.16513	1.16542	1.16511	1.16535	180	0	9
2025.06.25	20:45:00	1.16534	1.16595	1.16519	1.16574	329	0	9
2025.06.25	21:00:00	1.16569	1.16569	1.16504	1.16529	135	0	53
2025.06.25	21:15:00	1.16532	1.16561	1.16500	1.16503	161	0	65
2025.06.25	21:30:00	1.16500	1.16528	1.16496	1.16526	184	0	53
2025.06.25	21:45:00	1.16527	1.16543	1.16520	1.16537	126	0	22
2025.06.25	22:00:00	1.16555	1.16581	1.16555	1.16579	177	0	9
2025.06.25	22:15:00	1.16580	1.16585	1.16556	1.16557	196	0	9
2025.06.25	22:30:00	1.16556	1.16600	1.16554	1.16588	193	0	9
2025.06.25	22:45:00	1.16588	1.16593	1.16568	1.16590	145	0	9
2025.06.25	23:00:00	1.16590	1.16747	1.16590	1.16744	737	0	9
2025.06.25	23:15:00	1.16740	1.16753	1.16681	1.16719	501	0	9
2025.06.25	23:30:00	1.16719	1.16806	1.16717	1.16766	469	0	9
2025.06.25	23:45:00	1.16765	1.16843	1.16748	1.16829	548	0	9
2025.06.26	00:00:00	1.16831	1.16878	1.16821	1.16868	610	0	9
2025.06.26	00:15:00	1.16870	1.16882	1.16845	1.16873	429	0	9
2025.06.26	00:30:00	1.16873	1.16885	1.16819	1.16839	450	0	9
2025.06.26	00:45:00	1.16839	1.16844	1.16797	1.16819	493	0	9
2025.06.26	01:00:00	1.16820	1.16821	1.16756	1.16758	551	0	9
2025.06.26	01:15:00	1.16756	1.16766	1.16672	1.16713	548	0	9
2025.06.26	01:30:00	1.16714	1.16813	1.16701	1.16777	572	0	9
2025.06.26	01:45:00	1.16776	1.16874	1.16774	1.16857	636	0	9
2025.06.26	02:00:00	1.16857	1.16880	1.16832	1.16842	469	0	9
2025.06.26	02:15:00	1.16842	1.16880	1.16819	1.16875	452	0	9
2025.06.26	02:30:00	1.16876	1.16880	1.16835	1.16873	437	0	9
2025.06.26	02:45:00	1.16873	1.16948	1.16863	1.16903	693	0	9
2025.06.26	03:00:00	1.16902	1.17173	1.16889	1.16953	1701	0	9
2025.06.26	03:15:00	1.16954	1.17032	1.16943	1.16944	877	0	9
2025.06.26	03:30:00	1.16947	1.16947	1.16882	1.16936	637	0	9
2025.06.26	03:45:00	1.16937	1.16957	1.16917	1.16941	433	0	9
2025.06.26	04:00:00	1.16941	1.16943	1.16833	1.16839	636	0	9
2025.06.26	04:15:00	1.16839	1.16855	1.16810	1.16842	431	0	9
2025.06.26	04:30:00	1.16843	1.16864	1.16821	1.16823	368	0	9
2025.06.26	04:45:00	1.16825	1.16829	1.16782	1.16796	350	0	9
2025.06.26	05:00:00	1.16793	1.16835	1.16753	1.16812	507	0	9
2025.06.26	05:15:00	1.16811	1.16838	1.16797	1.16831	385	0	9
2025.06.26	05:30:00	1.16832	1.16846	1.16762	1.16780	497	0	9
2025.06.26	05:45:00	1.16780	1.16855	1.16767	1.16847	571	0	9
2025.06.26	06:00:00	1.16844	1.16844	1.16725	1.16749	1330	0	9
2025.06.26	06:15:00	1.16750	1.16814	1.16714	1.16773	936	0	9
2025.06.26	06:30:00	1.16770	1.16868	1.16755	1.16855	840	0	9
2025.06.26	06:45:00	1.16855	1.16999	1.16850	1.16991	1078	0	9
2025.06.26	07:00:00	1.16988	1.17011	1.16912	1.17004	1069	0	9
2025.06.26	07:15:00	1.17006	1.17131	1.16986	1.17020	1370	0	9
2025.06.26	07:30:00	1.17020	1.17040	1.16922	1.17017	1066	0	9
2025.06.26	07:45:00	1.17018	1.17121	1.17009	1.17100	931	0	9
2025.06.26	08:00:00	1.17102	1.17318	1.17061	1.17317	1272	0	9
2025.06.26	08:15:00	1.17319	1.17326	1.17215	1.17287	1168	0	9
2025.06.26	08:30:00	1.17288	1.17451	1.17270	1.17381	1494	0	9
2025.06.26	08:45:00	1.17381	1.17383	1.17269	1.17275	1129	0	9
2025.06.26	09:00:00	1.17273	1.17283	1.17208	1.17219	928	0	9
2025.06.26	09:15:00	1.17219	1.17233	1.17122	1.17189	892	0	9
2025.06.26	09:30:00	1.17190	1.17270	1.17174	1.17258	829	0	9
2025.06.26	09:45:00	1.17256	1.17275	1.17225	1.17248	655	0	9
2025.06.26	10:00:00	1.17246	1.17278	1.17190	1.17202	779	0	9
2025.06.26	10:15:00	1.17203	1.17296	1.17200	1.17285	607	0	9
2025.06.26	10:30:00	1.17285	1.17307	1.17151	1.17154	655	0	9
2025.06.26	10:45:00	1.17154	1.17199	1.17132	1.17146	657	0	9
2025.06.26	11:00:00	1.17146	1.17153	1.17058	1.17062	799	0	9
2025.06.26	11:15:00	1.17060	1.17075	1.16952	1.17020	842	0	9
2025.06.26	11:30:00	1.17021	1.17050	1.16941	1.16980	838	0	9
2025.06.26	11:45:00	1.16981	1.17025	1.16936	1.16946	978	0	9
2025.06.26	12:00:00	1.16946	1.16985	1.16898	1.16972	947	0	9
2025.06.26	12:15:00	1.16974	1.17089	1.16966	1.17075	804	0	9
2025.06.26	12:30:00	1.17069	1.17114	1.16894	1.17090	2157	0	9
2025.06.26	12:45:00	1.17092	1.17125	1.17032	1.17065	1519	0	9
2025.06.26	13:00:00	1.17065	1.17111	1.16940	1.17026	1565	0	9
2025.06.26	13:15:00	1.17028	1.17186	1.16998	1.17186	1209	0	9
2025.06.26	13:30:00	1.17187	1.17206	1.17074	1.17143	1290	0	9
2025.06.26	13:45:00	1.17145	1.17198	1.17137	1.17168	1304	0	9
2025.06.26	14:00:00	1.17168	1.17172	1.17056	1.17155	1252	0	9
2025.06.26	14:15:00	1.17156	1.17189	1.17073	1.17092	1507	0	9
2025.06.26	14:30:00	1.17093	1.17174	1.17084	1.17145	1331	0	9
2025.06.26	14:45:00	1.17143	1.17187	1.17065	1.17077	1480	0	9
2025.06.26	15:00:00	1.17077	1.17111	1.16898	1.16990	1400	0	9
2025.06.26	15:15:00	1.16990	1.17020	1.16931	1.16974	1098	0	9
2025.06.26	15:30:00	1.16975	1.17117	1.16974	1.17115	937	0	9
2025.06.26	15:45:00	1.17115	1.17170	1.17092	1.17164	750	0	9
2025.06.26	16:00:00	1.17163	1.17189	1.17138	1.17181	671	0	9
2025.06.26	16:15:00	1.17181	1.17268	1.17093	1.17256	955	0	9
2025.06.26	16:30:00	1.17258	1.17400	1.17248	1.17370	922	0	9
2025.06.26	16:45:00	1.17370	1.17379	1.17281	1.17288	774	0	9
2025.06.26	17:00:00	1.17286	1.17319	1.17248	1.17253	752	0	9
2025.06.26	17:15:00	1.17253	1.17268	1.17204	1.17258	716	0	9
2025.06.26	17:30:00	1.17258	1.17287	1.17215	1.17273	587	0	9
2025.06.26	17:45:00	1.17272	1.17282	1.17232	1.17243	547	0	9
2025.06.26	18:00:00	1.17243	1.17268	1.17220	1.17263	573	0	9
2025.06.26	18:15:00	1.17264	1.17284	1.17191	1.17199	503	0	9
2025.06.26	18:30:00	1.17199	1.17235	1.17186	1.17197	453	0	9
2025.06.26	18:45:00	1.17198	1.17236	1.17177	1.17204	490	0	9
2025.06.26	19:00:00	1.17203	1.17204	1.17053	1.17083	621	0	9
2025.06.26	19:15:00	1.17083	1.17101	1.17040	1.17074	476	0	9
2025.06.26	19:30:00	1.17074	1.17109	1.17063	1.17108	394	0	9
2025.06.26	19:45:00	1.17108	1.17121	1.17035	1.17043	529	0	9
2025.06.26	20:00:00	1.17045	1.17085	1.16975	1.17012	563	0	9
2025.06.26	20:15:00	1.17013	1.17013	1.16947	1.16973	253	0	9
2025.06.26	20:30:00	1.16974	1.17005	1.16937	1.17004	307	0	9
2025.06.26	20:45:00	1.17003	1.17016	1.16989	1.16990	274	0	9
2025.06.26	21:00:00	1.16990	1.16990	1.16918	1.16952	163	0	53
2025.06.26	21:15:00	1.16953	1.16965	1.16912	1.16926	282	0	81
2025.06.26	21:30:00	1.16928	1.16960	1.16871	1.16871	301	0	53
2025.06.26	21:45:00	1.16869	1.16975	1.16866	1.16962	298	0	22
2025.06.26	22:00:00	1.16975	1.16983	1.16898	1.16931	373	0	9
2025.06.26	22:15:00	1.16931	1.16957	1.16903	1.16939	237	0	9
2025.06.26	22:30:00	1.16939	1.16939	1.16806	1.16809	328	0	9
2025.06.26	22:45:00	1.16809	1.16832	1.16807	1.16827	217	0	9
2025.06.26	23:00:00	1.16827	1.16924	1.16827	1.16918	305	0	9
2025.06.26	23:15:00	1.16918	1.16943	1.16907	1.16930	298	0	9
2025.06.26	23:30:00	1.16930	1.16969	1.16888	1.16958	529	0	9
2025.06.26	23:45:00	1.16960	1.16976	1.16884	1.16924	545	0	9
2025.06.27	00:00:00	1.16926	1.16975	1.16926	1.16961	711	0	9
2025.06.27	00:15:00	1.16962	1.16976	1.16903	1.16923	502	0	9
2025.06.27	00:30:00	1.16925	1.16938	1.16878	1.16937	519	0	9
2025.06.27	00:45:00	1.16937	1.16976	1.16907	1.16920	700	0	9
2025.06.27	01:00:00	1.16918	1.16956	1.16892	1.16893	619	0	9
2025.06.27	01:15:00	1.16893	1.16950	1.16872	1.16909	550	0	9
2025.06.27	01:30:00	1.16911	1.16916	1.16856	1.16912	605	0	9
2025.06.27	01:45:00	1.16914	1.17037	1.16914	1.17011	716	0	9
2025.06.27	02:00:00	1.17013	1.17043	1.16987	1.17032	566	0	9
2025.06.27	02:15:00	1.17032	1.17053	1.16976	1.16982	432	0	9
2025.06.27	02:30:00	1.16982	1.16991	1.16857	1.16944	563	0	9
2025.06.27	02:45:00	1.16944	1.17007	1.16938	1.16993	475	0	9
2025.06.27	03:00:00	1.16994	1.17048	1.16980	1.17047	399	0	9
2025.06.27	03:15:00	1.17046	1.17092	1.17029	1.17070	440	0	9
2025.06.27	03:30:00	1.17068	1.17077	1.17038	1.17048	320	0	9
2025.06.27	03:45:00	1.17047	1.17057	1.16951	1.16954	573	0	9
2025.06.27	04:00:00	1.16954	1.16980	1.16931	1.16945	426	0	9
2025.06.27	04:15:00	1.16945	1.16953	1.16909	1.16919	354	0	9
2025.06.27	04:30:00	1.16921	1.16932	1.16886	1.16894	371	0	9
2025.06.27	04:45:00	1.16897	1.16918	1.16848	1.16850	447	0	9
2025.06.27	05:00:00	1.16852	1.16891	1.16842	1.16870	398	0	9
2025.06.27	05:15:00	1.16870	1.16904	1.16850	1.16896	406	0	9
2025.06.27	05:30:00	1.16896	1.16918	1.16856	1.16905	589	0	9
2025.06.27	05:45:00	1.16904	1.16933	1.16859	1.16886	545	0	9
2025.06.27	06:00:00	1.16887	1.16909	1.16829	1.16886	793	0	9
2025.06.27	06:15:00	1.16886	1.17018	1.16886	1.17001	907	0	9
2025.06.27	06:30:00	1.17002	1.17069	1.16961	1.17047	739	0	9
2025.06.27	06:45:00	1.17048	1.17185	1.17048	1.17183	1279	0	9
2025.06.27	07:00:00	1.17185	1.17266	1.17151	1.17256	1047	0	9
2025.06.27	07:15:00	1.17258	1.17258	1.17067	1.17119	948	0	9
2025.06.27	07:30:00	1.17120	1.17179	1.17114	1.17151	645	0	9
2025.06.27	07:45:00	1.17151	1.17180	1.17101	1.17143	731	0	9
2025.06.27	08:00:00	1.17145	1.17234	1.17135	1.17211	753	0	9
2025.06.27	08:15:00	1.17211	1.17259	1.17140	1.17141	601	0	9
2025.06.27	08:30:00	1.17141	1.17175	1.17103	1.17137	667	0	9
2025.06.27	08:45:00	1.17139	1.17192	1.17084	1.17091	605	0	9
2025.06.27	09:00:00	1.17092	1.17098	1.17012	1.17056	609	0	9
2025.06.27	09:15:00	1.17057	1.17098	1.17044	1.17081	517	0	9
2025.06.27	09:30:00	1.17081	1.17087	1.17046	1.17062	396	0	9
2025.06.27	09:45:00	1.17062	1.17110	1.17044	1.17089	646	0	9
2025.06.27	10:00:00	1.17092	1.17150	1.17084	1.17121	707	0	9
2025.06.27	10:15:00	1.17122	1.17134	1.17016	1.17027	566	0	9
2025.06.27	10:30:00	1.17028	1.17053	1.17009	1.17041	457	0	9
2025.06.27	10:45:00	1.17041	1.17146	1.17039	1.17131	565	0	9
2025.06.27	11:00:00	1.17133	1.17196	1.17129	1.17174	629	0	9
2025.06.27	11:15:00	1.17173	1.17198	1.17133	1.17170	519	0	9
2025.06.27	11:30:00	1.17172	1.17200	1.17121	1.17177	595	0	9
2025.06.27	11:45:00	1.17177	1.17186	1.17105	1.17138	738	0	9
2025.06.27	12:00:00	1.17138	1.17150	1.17027	1.17140	1047	0	9
2025.06.27	12:15:00	1.17142	1.17225	1.17102	1.17190	929	0	9
2025.06.27	12:30:00	1.17188	1.17380	1.17172	1.17281	2044	0	9
2025.06.27	12:45:00	1.17280	1.17496	1.17279	1.17464	1970	0	9
2025.06.27	13:00:00	1.17465	1.17539	1.17316	1.17365	1990	0	9
2025.06.27	13:15:00	1.17365	1.17394	1.17232	1.17235	1370	0	9
2025.06.27	13:30:00	1.17237	1.17310	1.17154	1.17276	1683	0	9
2025.06.27	13:45:00	1.17274	1.17323	1.17239	1.17279	1041	0	9
2025.06.27	14:00:00	1.17278	1.17379	1.17250	1.17277	1281	0	9
2025.06.27	14:15:00	1.17279	1.17305	1.17186	1.17209	1052	0	9
2025.06.27	14:30:00	1.17210	1.17266	1.17141	1.17144	1449	0	9
2025.06.27	14:45:00	1.17146	1.17193	1.17051	1.17178	1499	0	9
2025.06.27	15:00:00	1.17180	1.17190	1.17111	1.17157	1116	0	9
2025.06.27	15:15:00	1.17156	1.17196	1.17119	1.17137	762	0	9
2025.06.27	15:30:00	1.17136	1.17298	1.17124	1.17279	871	0	9
2025.06.27	15:45:00	1.17282	1.17300	1.17224	1.17231	748	0	9
2025.06.27	16:00:00	1.17231	1.17322	1.17193	1.17299	707	0	9
2025.06.27	16:15:00	1.17300	1.17302	1.17205	1.17260	759	0	9
2025.06.27	16:30:00	1.17260	1.17267	1.17208	1.17232	603	0	9
2025.06.27	16:45:00	1.17232	1.17242	1.17172	1.17221	640	0	9
2025.06.27	17:00:00	1.17223	1.17238	1.17188	1.17200	569	0	9
2025.06.27	17:15:00	1.17200	1.17206	1.17089	1.17114	726	0	9
2025.06.27	17:30:00	1.17114	1.17132	1.17017	1.17053	697	0	9
2025.06.27	17:45:00	1.17053	1.17075	1.16951	1.17018	1763	0	9
2025.06.27	18:00:00	1.17019	1.17055	1.16899	1.16953	1236	0	9
2025.06.27	18:15:00	1.16952	1.16983	1.16895	1.16943	885	0	9
2025.06.27	18:30:00	1.16943	1.16943	1.16875	1.16930	767	0	9
2025.06.27	18:45:00	1.16931	1.17020	1.16927	1.16989	715	0	9
2025.06.27	19:00:00	1.16987	1.17073	1.16984	1.17052	603	0	9
2025.06.27	19:15:00	1.17052	1.17065	1.17020	1.17062	445	0	9
2025.06.27	19:30:00	1.17061	1.17070	1.17022	1.17050	499	0	9
2025.06.27	19:45:00	1.17050	1.17086	1.17023	1.17063	635	0	9
2025.06.27	20:00:00	1.17061	1.17115	1.17056	1.17111	352	0	9
2025.06.27	20:15:00	1.17111	1.17159	1.17109	1.17131	326	0	9
2025.06.27	20:30:00	1.17131	1.17156	1.17130	1.17155	195	0	9
2025.06.27	20:45:00	1.17155	1.17198	1.17141	1.17182	427	0	9
2025.06.29	21:00:00	1.17252	1.17260	1.17205	1.17219	120	0	62
2025.06.29	21:15:00	1.17223	1.17227	1.17190	1.17215	129	0	60
2025.06.29	21:30:00	1.17216	1.17255	1.17201	1.17250	184	0	53
2025.06.29	21:45:00	1.17250	1.17280	1.17246	1.17278	161	0	53
2025.06.29	22:00:00	1.17295	1.17299	1.17248	1.17273	461	0	9
2025.06.29	22:15:00	1.17271	1.17297	1.17217	1.17217	349	0	9
2025.06.29	22:30:00	1.17216	1.17291	1.17216	1.17277	376	0	9
2025.06.29	22:45:00	1.17277	1.17326	1.17270	1.17298	361	0	9
2025.06.29	23:00:00	1.17298	1.17363	1.17279	1.17363	472	0	9
2025.06.29	23:15:00	1.17363	1.17384	1.17320	1.17322	426	0	9
2025.06.29	23:30:00	1.17322	1.17338	1.17293	1.17316	355	0	9
2025.06.29	23:45:00	1.17317	1.17337	1.17258	1.17265	386	0	9
2025.06.30	00:00:00	1.17267	1.17282	1.17217	1.17248	481	0	9
2025.06.30	00:15:00	1.17247	1.17275	1.17229	1.17252	450	0	9
2025.06.30	00:30:00	1.17252	1.17254	1.17194	1.17205	443	0	9
2025.06.30	00:45:00	1.17205	1.17214	1.17154	1.17175	677	0	9
2025.06.30	01:00:00	1.17177	1.17200	1.17148	1.17187	511	0	9
2025.06.30	01:15:00	1.17187	1.17284	1.17179	1.17272	546	0	9
2025.06.30	01:30:00	1.17272	1.17344	1.17256	1.17315	540	0	9
2025.06.30	01:45:00	1.17315	1.17325	1.17194	1.17202	709	0	9
2025.06.30	02:00:00	1.17200	1.17249	1.17179	1.17208	638	0	9
2025.06.30	02:15:00	1.17208	1.17313	1.17207	1.17269	703	0	9
2025.06.30	02:30:00	1.17269	1.17273	1.17217	1.17223	452	0	9
2025.06.30	02:45:00	1.17221	1.17245	1.17180	1.17189	508	0	9
2025.06.30	03:00:00	1.17186	1.17217	1.17149	1.17201	429	0	9
2025.06.30	03:15:00	1.17201	1.17215	1.17166	1.17179	508	0	9
2025.06.30	03:30:00	1.17180	1.17184	1.17116	1.17134	385	0	9
2025.06.30	03:45:00	1.17134	1.17161	1.17114	1.17119	349	0	9
2025.06.30	04:00:00	1.17119	1.17181	1.17119	1.17152	409	0	9
2025.06.30	04:15:00	1.17152	1.17167	1.17135	1.17163	293	0	9
2025.06.30	04:30:00	1.17163	1.17244	1.17156	1.17239	339	0	9
2025.06.30	04:45:00	1.17240	1.17316	1.17214	1.17298	553	0	9
2025.06.30	05:00:00	1.17296	1.17364	1.17293	1.17346	605	0	9
2025.06.30	05:15:00	1.17346	1.17382	1.17342	1.17360	461	0	9
2025.06.30	05:30:00	1.17362	1.17374	1.17308	1.17319	576	0	9
2025.06.30	05:45:00	1.17320	1.17336	1.17231	1.17262	647	0	9
2025.06.30	06:00:00	1.17264	1.17295	1.17230	1.17267	839	0	9
2025.06.30	06:15:00	1.17266	1.17324	1.17205	1.17294	853	0	9
2025.06.30	06:30:00	1.17292	1.17400	1.17261	1.17380	935	0	9
2025.06.30	06:45:00	1.17381	1.17502	1.17336	1.17428	1100	0	9
2025.06.30	07:00:00	1.17426	1.17429	1.17318	1.17380	1251	0	9
2025.06.30	07:15:00	1.17379	1.17390	1.17275	1.17275	911	0	9
2025.06.30	07:30:00	1.17277	1.17354	1.17252	1.17309	804	0	9
2025.06.30	07:45:00	1.17310	1.17337	1.17244	1.17244	812	0	9
2025.06.30	08:00:00	1.17243	1.17256	1.17170	1.17206	1094	0	9
2025.06.30	08:15:00	1.17205	1.17232	1.17133	1.17193	897	0	9
2025.06.30	08:30:00	1.17190	1.17254	1.17177	1.17231	854	0	9
2025.06.30	08:45:00	1.17232	1.17299	1.17198	1.17290	911	0	9
2025.06.30	09:00:00	1.17288	1.17288	1.17226	1.17259	726	0	9
2025.06.30	09:15:00	1.17259	1.17324	1.17229	1.17276	687	0	9
2025.06.30	09:30:00	1.17276	1.17299	1.17173	1.17204	739	0	9
2025.06.30	09:45:00	1.17204	1.17228	1.17169	1.17192	614	0	9
2025.06.30	10:00:00	1.17192	1.17202	1.17160	1.17194	503	0	9
2025.06.30	10:15:00	1.17194	1.17236	1.17167	1.17227	460	0	9
2025.06.30	10:30:00	1.17227	1.17237	1.17170	1.17174	497	0	9
2025.06.30	10:45:00	1.17174	1.17243	1.17174	1.17240	509	0	9
2025.06.30	11:00:00	1.17243	1.17286	1.17229	1.17264	580	0	9
2025.06.30	11:15:00	1.17264	1.17312	1.17231	1.17289	556	0	9
2025.06.30	11:30:00	1.17290	1.17302	1.17236	1.17240	562	0	9
2025.06.30	11:45:00	1.17240	1.17286	1.17225	1.17226	556	0	9
2025.06.30	12:00:00	1.17229	1.17248	1.17145	1.17162	686	0	9
2025.06.30	12:15:00	1.17163	1.17178	1.17112	1.17138	787	0	9
2025.06.30	12:30:00	1.17135	1.17140	1.17073	1.17121	728	0	9
2025.06.30	12:45:00	1.17121	1.17158	1.17103	1.17130	608	0	9
2025.06.30	13:00:00	1.17131	1.17176	1.17116	1.17170	717	0	9
2025.06.30	13:15:00	1.17170	1.17196	1.17139	1.17173	685	0	9
2025.06.30	13:30:00	1.17172	1.17211	1.17146	1.17171	671	0	9
2025.06.30	13:45:00	1.17172	1.17209	1.17118	1.17209	1023	0	9
2025.06.30	14:00:00	1.17212	1.17270	1.17103	1.17237	1333	0	9
2025.06.30	14:15:00	1.17239	1.17372	1.17239	1.17349	990	0	9
2025.06.30	14:30:00	1.17351	1.17476	1.17337	1.17463	1129	0	9
2025.06.30	14:45:00	1.17466	1.17504	1.17284	1.17381	2184	0	9
2025.06.30	15:00:00	1.17379	1.17500	1.17330	1.17493	1472	0	9
2025.06.30	15:15:00	1.17491	1.17551	1.17415	1.17450	1042	0	9
2025.06.30	15:30:00	1.17451	1.17546	1.17428	1.17528	1096	0	9
2025.06.30	15:45:00	1.17528	1.17715	1.17522	1.17695	1307	0	9
2025.06.30	16:00:00	1.17693	1.17696	1.17578	1.17611	938	0	9
2025.06.30	16:15:00	1.17610	1.17654	1.17513	1.17554	813	0	9
2025.06.30	16:30:00	1.17554	1.17577	1.17486	1.17576	885	0	9
2025.06.30	16:45:00	1.17577	1.17628	1.17556	1.17621	800	0	9
2025.06.30	17:00:00	1.17620	1.17686	1.17620	1.17626	639	0	9
2025.06.30	17:15:00	1.17629	1.17703	1.17629	1.17676	470	0	9
2025.06.30	17:30:00	1.17675	1.17684	1.17601	1.17627	557	0	9
2025.06.30	17:45:00	1.17626	1.17679	1.17600	1.17654	803	0	9
2025.06.30	18:00:00	1.17655	1.17719	1.17643	1.17691	638	0	9
2025.06.30	18:15:00	1.17691	1.17789	1.17681	1.17774	661	0	9
2025.06.30	18:30:00	1.17773	1.17795	1.17733	1.17745	533	0	9
2025.06.30	18:45:00	1.17745	1.17760	1.17716	1.17753	518	0	9
2025.06.30	19:00:00	1.17753	1.17791	1.17722	1.17754	467	0	9
2025.06.30	19:15:00	1.17754	1.17785	1.17732	1.17756	424	0	9
2025.06.30	19:30:00	1.17756	1.17765	1.17734	1.17757	379	0	9
2025.06.30	19:45:00	1.17757	1.17804	1.17757	1.17793	445	0	9
2025.06.30	20:00:00	1.17794	1.17837	1.17769	1.17828	406	0	9
2025.06.30	20:15:00	1.17828	1.17847	1.17819	1.17845	149	0	9
2025.06.30	20:30:00	1.17843	1.17862	1.17824	1.17844	213	0	9
2025.06.30	20:45:00	1.17844	1.17873	1.17798	1.17853	480	0	9
2025.06.30	21:00:00	1.17855	1.17855	1.17732	1.17735	196	0	53
2025.06.30	21:15:00	1.17733	1.17758	1.17733	1.17755	170	0	192
2025.06.30	21:30:00	1.17755	1.17766	1.17737	1.17758	383	0	156
2025.06.30	21:45:00	1.17756	1.17813	1.17748	1.17797	359	0	22
2025.06.30	22:00:00	1.17803	1.17853	1.17779	1.17841	456	0	9
2025.06.30	22:15:00	1.17841	1.17885	1.17833	1.17885	245	0	9
2025.06.30	22:30:00	1.17886	1.17904	1.17850	1.17864	256	0	9
2025.06.30	22:45:00	1.17864	1.17883	1.17843	1.17854	165	0	9
2025.06.30	23:00:00	1.17854	1.17875	1.17844	1.17856	213	0	9
2025.06.30	23:15:00	1.17856	1.17862	1.17833	1.17844	170	0	9
2025.06.30	23:30:00	1.17844	1.17857	1.17829	1.17835	181	0	9
2025.06.30	23:45:00	1.17835	1.17871	1.17830	1.17859	331	0	9
2025.07.01	00:00:00	1.17859	1.17938	1.17859	1.17935	576	0	9
2025.07.01	00:15:00	1.17935	1.17943	1.17863	1.17904	526	0	9
2025.07.01	00:30:00	1.17907	1.17943	1.17903	1.17909	450	0	9
2025.07.01	00:45:00	1.17909	1.17976	1.17903	1.17969	460	0	9
2025.07.01	01:00:00	1.17971	1.17972	1.17918	1.17952	475	0	9
2025.07.01	01:15:00	1.17952	1.18075	1.17928	1.17928	1065	0	9
2025.07.01	01:30:00	1.17927	1.17928	1.17848	1.17877	543	0	9
2025.07.01	01:45:00	1.17877	1.17882	1.17794	1.17799	511	0	9
2025.07.01	02:00:00	1.17799	1.17824	1.17775	1.17798	501	0	9
