<DATE>	<TIME>	<OPEN>	<HIGH>	<LOW>	<CLOSE>	<TICKVOL>	<VOL>	<SPREAD>
2025.08.01	00:00:00	1.14213	1.14233	1.14152	1.14229	722	0	9
2025.08.01	00:15:00	1.14227	1.14252	1.14191	1.14246	714	0	9
2025.08.01	00:30:00	1.14247	1.14281	1.14210	1.14275	531	0	9
2025.08.01	00:45:00	1.14276	1.14285	1.14222	1.14238	527	0	9
2025.08.01	01:00:00	1.14235	1.14283	1.14204	1.14260	699	0	9
2025.08.01	01:15:00	1.14258	1.14282	1.14197	1.14238	503	0	9
2025.08.01	01:30:00	1.14239	1.14247	1.14097	1.14119	633	0	9
2025.08.01	01:45:00	1.14119	1.14121	1.14044	1.14069	808	0	9
2025.08.01	02:00:00	1.14069	1.14140	1.14066	1.14131	565	0	9
2025.08.01	02:15:00	1.14130	1.14146	1.14091	1.14137	504	0	9
2025.08.01	02:30:00	1.14138	1.14147	1.14072	1.14077	513	0	9
2025.08.01	02:45:00	1.14076	1.14109	1.14054	1.14109	423	0	9
2025.08.01	03:00:00	1.14111	1.14217	1.14099	1.14216	501	0	9
2025.08.01	03:15:00	1.14214	1.14219	1.14147	1.14161	361	0	9
2025.08.01	03:30:00	1.14161	1.14187	1.14132	1.14179	307	0	9
2025.08.01	03:45:00	1.14180	1.14208	1.14164	1.14181	373	0	9
2025.08.01	04:00:00	1.14182	1.14211	1.14160	1.14186	367	0	9
2025.08.01	04:15:00	1.14186	1.14193	1.14162	1.14170	283	0	9
2025.08.01	04:30:00	1.14170	1.14210	1.14167	1.14183	260	0	9
2025.08.01	04:45:00	1.14183	1.14203	1.14152	1.14187	257	0	9
2025.08.01	05:00:00	1.14186	1.14209	1.14157	1.14189	401	0	9
2025.08.01	05:15:00	1.14189	1.14225	1.14175	1.14201	363	0	9
2025.08.01	05:30:00	1.14202	1.14274	1.14200	1.14272	371	0	9
2025.08.01	05:45:00	1.14272	1.14342	1.14263	1.14301	495	0	9
2025.08.01	06:00:00	1.14302	1.14335	1.14274	1.14311	777	0	9
2025.08.01	06:15:00	1.14311	1.14369	1.14307	1.14334	611	0	9
2025.08.01	06:30:00	1.14332	1.14377	1.14295	1.14328	636	0	9
2025.08.01	06:45:00	1.14326	1.14327	1.14257	1.14290	626	0	9
2025.08.01	07:00:00	1.14292	1.14337	1.14243	1.14245	873	0	9
2025.08.01	07:15:00	1.14245	1.14285	1.14217	1.14284	726	0	9
2025.08.01	07:30:00	1.14286	1.14303	1.14190	1.14211	698	0	9
2025.08.01	07:45:00	1.14210	1.14214	1.14121	1.14184	707	0	9
2025.08.01	08:00:00	1.14182	1.14193	1.14124	1.14149	561	0	9
2025.08.01	08:15:00	1.14149	1.14203	1.14121	1.14197	580	0	9
2025.08.01	08:30:00	1.14197	1.14201	1.14098	1.14114	706	0	9
2025.08.01	08:45:00	1.14114	1.14121	1.14050	1.14062	626	0	9
2025.08.01	09:00:00	1.14064	1.14126	1.14060	1.14096	432	0	9
2025.08.01	09:15:00	1.14094	1.14096	1.14009	1.14029	622	0	9
2025.08.01	09:30:00	1.14029	1.14060	1.13969	1.14004	579	0	9
2025.08.01	09:45:00	1.14004	1.14008	1.13927	1.14004	688	0	9
2025.08.01	10:00:00	1.14006	1.14112	1.14006	1.14108	648	0	9
2025.08.01	10:15:00	1.14110	1.14111	1.14038	1.14066	493	0	9
2025.08.01	10:30:00	1.14065	1.14173	1.14065	1.14114	625	0	9
2025.08.01	10:45:00	1.14113	1.14143	1.14078	1.14117	704	0	9
2025.08.01	11:00:00	1.14114	1.14221	1.14095	1.14195	643	0	9
2025.08.01	11:15:00	1.14195	1.14201	1.14106	1.14113	702	0	9
2025.08.01	11:30:00	1.14112	1.14140	1.14074	1.14121	511	0	9
2025.08.01	11:45:00	1.14119	1.14133	1.14038	1.14044	657	0	9
2025.08.01	12:00:00	1.14042	1.14064	1.14012	1.14053	725	0	9
2025.08.01	12:15:00	1.14054	1.14065	1.13909	1.13971	1186	0	8
2025.08.01	12:30:00	1.13974	1.15328	1.13965	1.15288	8279	0	8
2025.08.01	12:45:00	1.15289	1.15585	1.15251	1.15447	5746	0	9
2025.08.01	13:00:00	1.15449	1.15670	1.15365	1.15644	4742	0	9
2025.08.01	13:15:00	1.15643	1.15699	1.15433	1.15695	4115	0	9
2025.08.01	13:30:00	1.15693	1.15827	1.15640	1.15679	3851	0	9
2025.08.01	13:45:00	1.15683	1.15730	1.15501	1.15619	3104	0	9
2025.08.01	14:00:00	1.15622	1.15879	1.15538	1.15569	4971	0	9
2025.08.01	14:15:00	1.15571	1.15828	1.15567	1.15676	3277	0	9
2025.08.01	14:30:00	1.15674	1.15725	1.15573	1.15654	2927	0	9
2025.08.01	14:45:00	1.15652	1.15690	1.15507	1.15558	2521	0	9
2025.08.01	15:00:00	1.15556	1.15585	1.15472	1.15501	1649	0	9
2025.08.01	15:15:00	1.15500	1.15547	1.15359	1.15368	1566	0	9
2025.08.01	15:30:00	1.15368	1.15547	1.15363	1.15530	1273	0	9
2025.08.01	15:45:00	1.15531	1.15648	1.15521	1.15539	1153	0	9
2025.08.01	16:00:00	1.15537	1.15592	1.15478	1.15568	941	0	9
2025.08.01	16:15:00	1.15568	1.15645	1.15429	1.15445	1008	0	9
2025.08.01	16:30:00	1.15446	1.15477	1.15411	1.15420	864	0	9
2025.08.01	16:45:00	1.15420	1.15468	1.15376	1.15391	933	0	9
2025.08.01	17:00:00	1.15391	1.15391	1.15233	1.15238	1154	0	9
2025.08.01	17:15:00	1.15240	1.15333	1.15184	1.15261	1072	0	9
2025.08.01	17:30:00	1.15262	1.15288	1.15161	1.15210	882	0	9
2025.08.01	17:45:00	1.15211	1.15277	1.15193	1.15262	765	0	9
2025.08.01	18:00:00	1.15264	1.15311	1.15213	1.15289	845	0	9
2025.08.01	18:15:00	1.15288	1.15396	1.15281	1.15392	937	0	9
2025.08.01	18:30:00	1.15392	1.15477	1.15370	1.15447	723	0	9
2025.08.01	18:45:00	1.15448	1.15469	1.15252	1.15254	812	0	9
2025.08.01	19:00:00	1.15257	1.15432	1.15234	1.15430	756	0	9
2025.08.01	19:15:00	1.15430	1.15452	1.15401	1.15438	546	0	9
2025.08.01	19:30:00	1.15439	1.15803	1.15436	1.15794	3740	0	9
2025.08.01	19:45:00	1.15792	1.15818	1.15677	1.15689	1628	0	9
2025.08.01	20:00:00	1.15687	1.15811	1.15683	1.15791	790	0	9
2025.08.01	20:15:00	1.15790	1.15896	1.15790	1.15889	530	0	9
2025.08.01	20:30:00	1.15887	1.15966	1.15834	1.15857	859	0	9
2025.08.01	20:45:00	1.15857	1.15965	1.15829	1.15872	1082	0	9
2025.08.03	21:00:00	1.15880	1.15903	1.15876	1.15902	120	0	63
2025.08.03	21:15:00	1.15904	1.15926	1.15903	1.15909	114	0	53
2025.08.03	21:30:00	1.15900	1.15904	1.15870	1.15883	189	0	53
2025.08.03	21:45:00	1.15882	1.15893	1.15872	1.15893	199	0	23
2025.08.03	22:00:00	1.15891	1.15952	1.15845	1.15851	772	0	9
2025.08.03	22:15:00	1.15850	1.15891	1.15799	1.15836	536	0	9
2025.08.03	22:30:00	1.15834	1.15852	1.15783	1.15806	487	0	9
2025.08.03	22:45:00	1.15806	1.15842	1.15778	1.15833	538	0	9
2025.08.03	23:00:00	1.15835	1.15868	1.15798	1.15838	577	0	9
2025.08.03	23:15:00	1.15837	1.15851	1.15777	1.15795	475	0	9
2025.08.03	23:30:00	1.15795	1.15838	1.15782	1.15832	382	0	9
2025.08.03	23:45:00	1.15832	1.15898	1.15831	1.15871	546	0	9
2025.08.04	00:00:00	1.15871	1.15884	1.15720	1.15728	915	0	9
2025.08.04	00:15:00	1.15729	1.15743	1.15620	1.15642	741	0	9
2025.08.04	00:30:00	1.15643	1.15677	1.15571	1.15611	756	0	9
2025.08.04	00:45:00	1.15610	1.15621	1.15556	1.15575	841	0	9
2025.08.04	01:00:00	1.15575	1.15614	1.15511	1.15522	749	0	9
2025.08.04	01:15:00	1.15520	1.15571	1.15497	1.15530	759	0	9
2025.08.04	01:30:00	1.15530	1.15633	1.15515	1.15622	867	0	9
2025.08.04	01:45:00	1.15621	1.15718	1.15618	1.15710	843	0	9
2025.08.04	02:00:00	1.15710	1.15747	1.15670	1.15724	754	0	9
2025.08.04	02:15:00	1.15725	1.15776	1.15725	1.15747	540	0	9
2025.08.04	02:30:00	1.15747	1.15778	1.15717	1.15757	524	0	9
2025.08.04	02:45:00	1.15757	1.15767	1.15720	1.15754	463	0	9
2025.08.04	03:00:00	1.15753	1.15856	1.15753	1.15829	497	0	9
2025.08.04	03:15:00	1.15828	1.15843	1.15778	1.15796	447	0	9
2025.08.04	03:30:00	1.15799	1.15814	1.15760	1.15768	438	0	9
2025.08.04	03:45:00	1.15768	1.15820	1.15762	1.15786	427	0	9
2025.08.04	04:00:00	1.15786	1.15839	1.15775	1.15813	389	0	9
2025.08.04	04:15:00	1.15813	1.15843	1.15810	1.15833	305	0	9
2025.08.04	04:30:00	1.15833	1.15850	1.15770	1.15779	404	0	9
2025.08.04	04:45:00	1.15779	1.15804	1.15739	1.15739	389	0	9
2025.08.04	05:00:00	1.15739	1.15819	1.15708	1.15780	628	0	9
2025.08.04	05:15:00	1.15780	1.15789	1.15729	1.15759	442	0	9
2025.08.04	05:30:00	1.15757	1.15764	1.15698	1.15708	473	0	9
2025.08.04	05:45:00	1.15708	1.15710	1.15666	1.15698	513	0	9
2025.08.04	06:00:00	1.15698	1.15786	1.15662	1.15782	1046	0	9
2025.08.04	06:15:00	1.15785	1.15830	1.15630	1.15662	948	0	9
2025.08.04	06:30:00	1.15665	1.15762	1.15655	1.15739	1160	0	9
2025.08.04	06:45:00	1.15738	1.15774	1.15700	1.15711	901	0	9
2025.08.04	07:00:00	1.15713	1.15782	1.15619	1.15658	1358	0	9
2025.08.04	07:15:00	1.15655	1.15675	1.15557	1.15581	1072	0	9
2025.08.04	07:30:00	1.15582	1.15598	1.15504	1.15569	840	0	9
2025.08.04	07:45:00	1.15569	1.15662	1.15534	1.15631	950	0	9
2025.08.04	08:00:00	1.15633	1.15647	1.15557	1.15617	1056	0	9
2025.08.04	08:15:00	1.15615	1.15629	1.15556	1.15612	881	0	9
2025.08.04	08:30:00	1.15610	1.15611	1.15491	1.15507	834	0	9
2025.08.04	08:45:00	1.15509	1.15593	1.15501	1.15576	746	0	9
2025.08.04	09:00:00	1.15574	1.15692	1.15550	1.15679	845	0	9
2025.08.04	09:15:00	1.15679	1.15733	1.15662	1.15704	861	0	9
2025.08.04	09:30:00	1.15702	1.15770	1.15694	1.15722	664	0	9
2025.08.04	09:45:00	1.15721	1.15721	1.15627	1.15639	750	0	9
2025.08.04	10:00:00	1.15641	1.15657	1.15596	1.15618	715	0	9
2025.08.04	10:15:00	1.15618	1.15633	1.15545	1.15595	607	0	9
2025.08.04	10:30:00	1.15592	1.15633	1.15557	1.15610	658	0	9
2025.08.04	10:45:00	1.15607	1.15768	1.15592	1.15733	780	0	9
2025.08.04	11:00:00	1.15734	1.15830	1.15728	1.15827	934	0	9
2025.08.04	11:15:00	1.15829	1.15862	1.15769	1.15791	786	0	9
2025.08.04	11:30:00	1.15791	1.15796	1.15670	1.15676	693	0	9
2025.08.04	11:45:00	1.15675	1.15718	1.15643	1.15663	835	0	9
2025.08.04	12:00:00	1.15666	1.15690	1.15601	1.15644	1036	0	9
2025.08.04	12:15:00	1.15645	1.15841	1.15633	1.15836	997	0	9
2025.08.04	12:30:00	1.15836	1.15873	1.15781	1.15844	983	0	9
2025.08.04	12:45:00	1.15844	1.15883	1.15714	1.15750	973	0	9
2025.08.04	13:00:00	1.15750	1.15878	1.15725	1.15864	983	0	9
2025.08.04	13:15:00	1.15864	1.15881	1.15804	1.15856	895	0	9
2025.08.04	13:30:00	1.15856	1.15874	1.15750	1.15777	1383	0	9
2025.08.04	13:45:00	1.15774	1.15823	1.15725	1.15751	1259	0	9
2025.08.04	14:00:00	1.15757	1.15818	1.15659	1.15768	1611	0	9
2025.08.04	14:15:00	1.15771	1.15870	1.15700	1.15822	1284	0	9
2025.08.04	14:30:00	1.15821	1.15854	1.15737	1.15740	1144	0	9
2025.08.04	14:45:00	1.15741	1.15772	1.15564	1.15636	1615	0	9
2025.08.04	15:00:00	1.15634	1.15746	1.15605	1.15720	1411	0	9
2025.08.04	15:15:00	1.15717	1.15749	1.15631	1.15652	981	0	9
2025.08.04	15:30:00	1.15655	1.15754	1.15617	1.15717	1022	0	9
2025.08.04	15:45:00	1.15717	1.15764	1.15654	1.15667	899	0	9
2025.08.04	16:00:00	1.15670	1.15698	1.15607	1.15637	722	0	9
2025.08.04	16:15:00	1.15638	1.15655	1.15566	1.15644	652	0	9
2025.08.04	16:30:00	1.15644	1.15688	1.15604	1.15672	635	0	9
2025.08.04	16:45:00	1.15672	1.15748	1.15658	1.15717	600	0	9
2025.08.04	17:00:00	1.15715	1.15727	1.15648	1.15681	606	0	9
2025.08.04	17:15:00	1.15683	1.15734	1.15676	1.15685	466	0	9
2025.08.04	17:30:00	1.15685	1.15714	1.15640	1.15646	449	0	9
2025.08.04	17:45:00	1.15646	1.15737	1.15639	1.15727	675	0	9
2025.08.04	18:00:00	1.15727	1.15754	1.15713	1.15745	531	0	9
2025.08.04	18:15:00	1.15742	1.15775	1.15710	1.15719	542	0	9
2025.08.04	18:30:00	1.15721	1.15725	1.15657	1.15693	542	0	9
2025.08.04	18:45:00	1.15693	1.15703	1.15637	1.15651	557	0	9
2025.08.04	19:00:00	1.15650	1.15706	1.15637	1.15675	515	0	9
2025.08.04	19:15:00	1.15674	1.15721	1.15670	1.15710	387	0	9
2025.08.04	19:30:00	1.15710	1.15722	1.15656	1.15674	393	0	9
2025.08.04	19:45:00	1.15674	1.15682	1.15626	1.15672	564	0	9
2025.08.04	20:00:00	1.15675	1.15717	1.15650	1.15716	388	0	9
2025.08.04	20:15:00	1.15716	1.15758	1.15710	1.15751	300	0	9
2025.08.04	20:30:00	1.15751	1.15753	1.15710	1.15719	265	0	9
2025.08.04	20:45:00	1.15719	1.15751	1.15694	1.15713	248	0	9
2025.08.04	21:00:00	1.15715	1.15722	1.15691	1.15698	128	0	9
2025.08.04	21:15:00	1.15698	1.15705	1.15680	1.15680	116	0	53
2025.08.04	21:30:00	1.15678	1.15692	1.15655	1.15675	243	0	53
2025.08.04	21:45:00	1.15675	1.15694	1.15675	1.15676	95	0	22
2025.08.04	22:00:00	1.15681	1.15775	1.15666	1.15753	299	0	9
2025.08.04	22:15:00	1.15753	1.15792	1.15747	1.15791	222	0	9
2025.08.04	22:30:00	1.15791	1.15810	1.15763	1.15787	242	0	9
2025.08.04	22:45:00	1.15787	1.15805	1.15770	1.15787	152	0	9
2025.08.04	23:00:00	1.15787	1.15850	1.15772	1.15844	326	0	9
2025.08.04	23:15:00	1.15844	1.15849	1.15813	1.15844	211	0	9
2025.08.04	23:30:00	1.15845	1.15850	1.15816	1.15824	189	0	9
2025.08.04	23:45:00	1.15825	1.15845	1.15813	1.15835	251	0	9
2025.08.05	00:00:00	1.15835	1.15875	1.15835	1.15856	425	0	9
2025.08.05	00:15:00	1.15856	1.15862	1.15785	1.15788	352	0	9
2025.08.05	00:30:00	1.15788	1.15794	1.15743	1.15754	419	0	9
2025.08.05	00:45:00	1.15754	1.15765	1.15705	1.15717	634	0	9
2025.08.05	01:00:00	1.15715	1.15739	1.15591	1.15604	599	0	9
2025.08.05	01:15:00	1.15604	1.15676	1.15594	1.15670	550	0	9
2025.08.05	01:30:00	1.15673	1.15693	1.15640	1.15690	476	0	9
2025.08.05	01:45:00	1.15690	1.15733	1.15628	1.15635	569	0	9
2025.08.05	02:00:00	1.15635	1.15640	1.15568	1.15602	498	0	9
2025.08.05	02:15:00	1.15603	1.15625	1.15577	1.15592	427	0	9
2025.08.05	02:30:00	1.15591	1.15596	1.15555	1.15573	402	0	9
2025.08.05	02:45:00	1.15573	1.15611	1.15573	1.15599	335	0	9
2025.08.05	03:00:00	1.15598	1.15612	1.15574	1.15599	319	0	9
2025.08.05	03:15:00	1.15597	1.15607	1.15537	1.15574	411	0	9
2025.08.05	03:30:00	1.15574	1.15605	1.15550	1.15603	271	0	9
2025.08.05	03:45:00	1.15601	1.15610	1.15542	1.15550	301	0	9
2025.08.05	04:00:00	1.15550	1.15572	1.15537	1.15555	276	0	9
2025.08.05	04:15:00	1.15555	1.15574	1.15539	1.15555	280	0	9
2025.08.05	04:30:00	1.15554	1.15599	1.15551	1.15581	350	0	9
2025.08.05	04:45:00	1.15582	1.15600	1.15573	1.15579	278	0	9
2025.08.05	05:00:00	1.15577	1.15577	1.15542	1.15560	313	0	9
2025.08.05	05:15:00	1.15559	1.15564	1.15514	1.15534	354	0	9
2025.08.05	05:30:00	1.15534	1.15541	1.15438	1.15480	624	0	9
2025.08.05	05:45:00	1.15478	1.15506	1.15462	1.15478	470	0	9
2025.08.05	06:00:00	1.15475	1.15491	1.15422	1.15491	656	0	9
2025.08.05	06:15:00	1.15491	1.15609	1.15476	1.15554	704	0	9
2025.08.05	06:30:00	1.15553	1.15554	1.15484	1.15495	552	0	9
2025.08.05	06:45:00	1.15496	1.15518	1.15451	1.15506	599	0	9
2025.08.05	07:00:00	1.15505	1.15563	1.15477	1.15551	763	0	9
2025.08.05	07:15:00	1.15553	1.15618	1.15553	1.15590	715	0	9
2025.08.05	07:30:00	1.15590	1.15601	1.15515	1.15561	666	0	9
2025.08.05	07:45:00	1.15558	1.15558	1.15328	1.15457	1150	0	9
2025.08.05	08:00:00	1.15457	1.15488	1.15412	1.15421	974	0	9
2025.08.05	08:15:00	1.15423	1.15455	1.15366	1.15424	876	0	9
2025.08.05	08:30:00	1.15424	1.15442	1.15344	1.15346	696	0	9
2025.08.05	08:45:00	1.15347	1.15369	1.15307	1.15363	852	0	9
2025.08.05	09:00:00	1.15365	1.15383	1.15293	1.15379	760	0	9
2025.08.05	09:15:00	1.15377	1.15445	1.15368	1.15427	561	0	9
2025.08.05	09:30:00	1.15428	1.15432	1.15379	1.15385	468	0	9
2025.08.05	09:45:00	1.15385	1.15462	1.15385	1.15418	680	0	9
2025.08.05	10:00:00	1.15416	1.15444	1.15362	1.15416	647	0	9
2025.08.05	10:15:00	1.15414	1.15418	1.15338	1.15349	669	0	9
2025.08.05	10:30:00	1.15349	1.15447	1.15338	1.15438	521	0	9
2025.08.05	10:45:00	1.15438	1.15454	1.15414	1.15437	458	0	9
2025.08.05	11:00:00	1.15435	1.15440	1.15371	1.15390	542	0	9
2025.08.05	11:15:00	1.15390	1.15476	1.15368	1.15433	533	0	9
2025.08.05	11:30:00	1.15433	1.15433	1.15271	1.15325	801	0	9
2025.08.05	11:45:00	1.15322	1.15393	1.15318	1.15389	723	0	9
2025.08.05	12:00:00	1.15391	1.15482	1.15359	1.15398	984	0	9
2025.08.05	12:15:00	1.15399	1.15434	1.15300	1.15365	1560	0	9
2025.08.05	12:30:00	1.15365	1.15402	1.15297	1.15391	963	0	9
2025.08.05	12:45:00	1.15390	1.15416	1.15321	1.15366	902	0	9
2025.08.05	13:00:00	1.15369	1.15429	1.15360	1.15429	851	0	9
2025.08.05	13:15:00	1.15427	1.15518	1.15406	1.15504	774	0	9
2025.08.05	13:30:00	1.15504	1.15540	1.15476	1.15494	1056	0	9
2025.08.05	13:45:00	1.15492	1.15505	1.15319	1.15371	1336	0	9
2025.08.05	14:00:00	1.15376	1.15578	1.15355	1.15405	2858	0	9
2025.08.05	14:15:00	1.15407	1.15455	1.15335	1.15433	1969	0	9
2025.08.05	14:30:00	1.15433	1.15586	1.15387	1.15578	1423	0	9
2025.08.05	14:45:00	1.15577	1.15657	1.15516	1.15645	1402	0	9
2025.08.05	15:00:00	1.15647	1.15785	1.15623	1.15777	1217	0	9
2025.08.05	15:15:00	1.15778	1.15846	1.15752	1.15786	901	0	9
2025.08.05	15:30:00	1.15786	1.15819	1.15742	1.15814	1125	0	9
2025.08.05	15:45:00	1.15814	1.15823	1.15742	1.15789	747	0	9
2025.08.05	16:00:00	1.15789	1.15845	1.15778	1.15839	710	0	9
2025.08.05	16:15:00	1.15838	1.15846	1.15767	1.15817	558	0	9
2025.08.05	16:30:00	1.15816	1.15858	1.15792	1.15793	614	0	9
2025.08.05	16:45:00	1.15794	1.15834	1.15790	1.15824	553	0	9
2025.08.05	17:00:00	1.15826	1.15826	1.15776	1.15796	544	0	9
2025.08.05	17:15:00	1.15797	1.15830	1.15789	1.15797	418	0	9
2025.08.05	17:30:00	1.15799	1.15828	1.15787	1.15811	457	0	9
2025.08.05	17:45:00	1.15809	1.15813	1.15751	1.15778	431	0	9
2025.08.05	18:00:00	1.15776	1.15792	1.15739	1.15751	427	0	9
2025.08.05	18:15:00	1.15750	1.15763	1.15732	1.15750	429	0	9
2025.08.05	18:30:00	1.15751	1.15775	1.15735	1.15752	410	0	9
2025.08.05	18:45:00	1.15753	1.15754	1.15701	1.15731	517	0	9
2025.08.05	19:00:00	1.15732	1.15735	1.15661	1.15697	435	0	9
2025.08.05	19:15:00	1.15697	1.15703	1.15675	1.15686	310	0	9
2025.08.05	19:30:00	1.15687	1.15710	1.15682	1.15706	308	0	9
2025.08.05	19:45:00	1.15706	1.15747	1.15702	1.15723	434	0	9
2025.08.05	20:00:00	1.15723	1.15750	1.15719	1.15720	246	0	9
2025.08.05	20:15:00	1.15720	1.15745	1.15715	1.15730	195	0	9
2025.08.05	20:30:00	1.15731	1.15755	1.15709	1.15755	188	0	9
2025.08.05	20:45:00	1.15757	1.15774	1.15718	1.15740	392	0	9
2025.08.05	21:00:00	1.15742	1.15742	1.15713	1.15726	162	0	22
2025.08.05	21:15:00	1.15726	1.15744	1.15722	1.15733	141	0	22
2025.08.05	21:30:00	1.15734	1.15735	1.15715	1.15716	156	0	53
2025.08.05	21:45:00	1.15716	1.15742	1.15715	1.15735	95	0	22
2025.08.05	22:00:00	1.15732	1.15767	1.15729	1.15733	221	0	9
2025.08.05	22:15:00	1.15733	1.15750	1.15725	1.15727	142	0	9
2025.08.05	22:30:00	1.15726	1.15730	1.15704	1.15725	139	0	9
2025.08.05	22:45:00	1.15725	1.15773	1.15725	1.15757	241	0	9
2025.08.05	23:00:00	1.15757	1.15767	1.15738	1.15741	180	0	9
2025.08.05	23:15:00	1.15741	1.15766	1.15726	1.15765	146	0	9
2025.08.05	23:30:00	1.15764	1.15780	1.15743	1.15774	203	0	9
2025.08.05	23:45:00	1.15773	1.15811	1.15773	1.15780	240	0	9
2025.08.06	00:00:00	1.15781	1.15847	1.15770	1.15778	498	0	9
2025.08.06	00:15:00	1.15778	1.15794	1.15750	1.15752	307	0	9
2025.08.06	00:30:00	1.15750	1.15771	1.15732	1.15747	372	0	9
2025.08.06	00:45:00	1.15748	1.15754	1.15726	1.15733	329	0	9
2025.08.06	01:00:00	1.15733	1.15733	1.15689	1.15698	375	0	9
2025.08.06	01:15:00	1.15698	1.15701	1.15645	1.15654	357	0	9
2025.08.06	01:30:00	1.15654	1.15694	1.15654	1.15688	333	0	9
2025.08.06	01:45:00	1.15687	1.15706	1.15652	1.15669	362	0	9
2025.08.06	02:00:00	1.15668	1.15679	1.15639	1.15664	295	0	9
2025.08.06	02:15:00	1.15664	1.15716	1.15659	1.15691	381	0	9
2025.08.06	02:30:00	1.15690	1.15706	1.15670	1.15672	318	0	9
2025.08.06	02:45:00	1.15672	1.15692	1.15657	1.15689	295	0	9
2025.08.06	03:00:00	1.15691	1.15736	1.15690	1.15733	317	0	9
2025.08.06	03:15:00	1.15734	1.15784	1.15733	1.15783	302	0	9
2025.08.06	03:30:00	1.15783	1.15785	1.15752	1.15767	254	0	9
2025.08.06	03:45:00	1.15767	1.15815	1.15752	1.15795	294	0	9
2025.08.06	04:00:00	1.15795	1.15825	1.15774	1.15775	302	0	9
2025.08.06	04:15:00	1.15776	1.15831	1.15773	1.15812	222	0	9
2025.08.06	04:30:00	1.15812	1.15849	1.15812	1.15833	252	0	9
2025.08.06	04:45:00	1.15832	1.15860	1.15822	1.15824	288	0	9
2025.08.06	05:00:00	1.15821	1.15830	1.15761	1.15785	400	0	9
2025.08.06	05:15:00	1.15785	1.15790	1.15767	1.15774	289	0	9
2025.08.06	05:30:00	1.15774	1.15777	1.15743	1.15772	283	0	9
2025.08.06	05:45:00	1.15772	1.15805	1.15738	1.15786	330	0	9
2025.08.06	06:00:00	1.15784	1.15828	1.15763	1.15801	527	0	9
2025.08.06	06:15:00	1.15799	1.15855	1.15791	1.15843	497	0	9
2025.08.06	06:30:00	1.15842	1.15881	1.15804	1.15819	650	0	9
2025.08.06	06:45:00	1.15823	1.15833	1.15772	1.15781	598	0	9
2025.08.06	07:00:00	1.15779	1.15793	1.15748	1.15757	643	0	9
2025.08.06	07:15:00	1.15755	1.15767	1.15710	1.15738	610	0	9
2025.08.06	07:30:00	1.15736	1.15781	1.15723	1.15762	441	0	9
2025.08.06	07:45:00	1.15763	1.15818	1.15743	1.15805	691	0	9
2025.08.06	08:00:00	1.15808	1.15830	1.15771	1.15812	617	0	9
2025.08.06	08:15:00	1.15814	1.15823	1.15713	1.15733	528	0	9
2025.08.06	08:30:00	1.15733	1.15803	1.15700	1.15799	622	0	9
2025.08.06	08:45:00	1.15799	1.15800	1.15722	1.15740	514	0	9
2025.08.06	09:00:00	1.15743	1.15806	1.15739	1.15799	513	0	9
2025.08.06	09:15:00	1.15799	1.15833	1.15785	1.15815	432	0	9
2025.08.06	09:30:00	1.15815	1.15841	1.15803	1.15824	478	0	9
2025.08.06	09:45:00	1.15824	1.15877	1.15817	1.15848	472	0	9
2025.08.06	10:00:00	1.15846	1.16047	1.15836	1.16042	1111	0	9
2025.08.06	10:15:00	1.16043	1.16104	1.15962	1.15964	926	0	9
2025.08.06	10:30:00	1.15962	1.16017	1.15925	1.16012	586	0	9
2025.08.06	10:45:00	1.16015	1.16095	1.15998	1.16065	618	0	9
2025.08.06	11:00:00	1.16064	1.16064	1.15973	1.16060	574	0	9
2025.08.06	11:15:00	1.16059	1.16125	1.16052	1.16116	474	0	9
2025.08.06	11:30:00	1.16118	1.16149	1.16061	1.16100	597	0	9
2025.08.06	11:45:00	1.16101	1.16107	1.16019	1.16041	512	0	9
2025.08.06	12:00:00	1.16038	1.16056	1.16001	1.16028	607	0	9
2025.08.06	12:15:00	1.16030	1.16077	1.15999	1.16043	682	0	9
2025.08.06	12:30:00	1.16042	1.16095	1.16033	1.16090	664	0	9
2025.08.06	12:45:00	1.16090	1.16282	1.16090	1.16232	1033	0	9
2025.08.06	13:00:00	1.16231	1.16329	1.16228	1.16324	885	0	9
2025.08.06	13:15:00	1.16323	1.16340	1.16240	1.16241	822	0	9
2025.08.06	13:30:00	1.16244	1.16286	1.16171	1.16225	1046	0	9
2025.08.06	13:45:00	1.16224	1.16357	1.16205	1.16356	1094	0	9
2025.08.06	14:00:00	1.16358	1.16359	1.16217	1.16269	1173	0	9
2025.08.06	14:15:00	1.16270	1.16347	1.16235	1.16338	842	0	9
2025.08.06	14:30:00	1.16338	1.16373	1.16251	1.16291	938	0	9
2025.08.06	14:45:00	1.16293	1.16330	1.16233	1.16269	1007	0	9
2025.08.06	15:00:00	1.16267	1.16391	1.16244	1.16372	934	0	9
2025.08.06	15:15:00	1.16372	1.16446	1.16364	1.16383	862	0	9
2025.08.06	15:30:00	1.16383	1.16397	1.16221	1.16352	1863	0	9
2025.08.06	15:45:00	1.16352	1.16467	1.16337	1.16460	1101	0	9
2025.08.06	16:00:00	1.16457	1.16481	1.16408	1.16439	884	0	9
2025.08.06	16:15:00	1.16440	1.16463	1.16364	1.16408	811	0	9
2025.08.06	16:30:00	1.16407	1.16414	1.16349	1.16378	644	0	9
2025.08.06	16:45:00	1.16377	1.16377	1.16304	1.16342	1010	0	9
2025.08.06	17:00:00	1.16343	1.16450	1.16323	1.16435	816	0	9
2025.08.06	17:15:00	1.16435	1.16486	1.16413	1.16474	625	0	9
2025.08.06	17:30:00	1.16477	1.16547	1.16471	1.16547	562	0	9
2025.08.06	17:45:00	1.16543	1.16544	1.16473	1.16486	452	0	9
2025.08.06	18:00:00	1.16489	1.16593	1.16476	1.16588	544	0	9
2025.08.06	18:15:00	1.16588	1.16605	1.16519	1.16603	517	0	9
2025.08.06	18:30:00	1.16603	1.16681	1.16576	1.16668	606	0	9
2025.08.06	18:45:00	1.16668	1.16676	1.16605	1.16620	499	0	9
2025.08.06	19:00:00	1.16620	1.16631	1.16610	1.16616	374	0	9
2025.08.06	19:15:00	1.16616	1.16636	1.16598	1.16602	305	0	9
2025.08.06	19:30:00	1.16603	1.16613	1.16593	1.16605	237	0	9
2025.08.06	19:45:00	1.16605	1.16606	1.16523	1.16562	394	0	9
2025.08.06	20:00:00	1.16563	1.16589	1.16522	1.16531	279	0	9
2025.08.06	20:15:00	1.16531	1.16555	1.16520	1.16548	231	0	9
2025.08.06	20:30:00	1.16547	1.16583	1.16497	1.16549	627	0	9
2025.08.06	20:45:00	1.16549	1.16594	1.16545	1.16578	492	0	9
2025.08.06	21:00:00	1.16578	1.16587	1.16525	1.16544	154	0	22
2025.08.06	21:15:00	1.16545	1.16560	1.16508	1.16517	209	0	62
2025.08.06	21:30:00	1.16515	1.16536	1.16504	1.16521	180	0	53
2025.08.06	21:45:00	1.16525	1.16569	1.16504	1.16569	207	0	22
2025.08.06	22:00:00	1.16568	1.16648	1.16565	1.16641	353	0	9
2025.08.06	22:15:00	1.16641	1.16657	1.16610	1.16614	312	0	9
2025.08.06	22:30:00	1.16614	1.16627	1.16602	1.16619	175	0	9
2025.08.06	22:45:00	1.16619	1.16636	1.16606	1.16632	162	0	9
2025.08.06	23:00:00	1.16632	1.16632	1.16589	1.16590	149	0	9
2025.08.06	23:15:00	1.16591	1.16627	1.16590	1.16605	149	0	9
2025.08.06	23:30:00	1.16605	1.16634	1.16594	1.16618	188	0	9
2025.08.06	23:45:00	1.16618	1.16632	1.16604	1.16625	273	0	9
2025.08.07	00:00:00	1.16624	1.16633	1.16539	1.16573	532	0	9
2025.08.07	00:15:00	1.16572	1.16577	1.16531	1.16550	430	0	9
2025.08.07	00:30:00	1.16550	1.16553	1.16515	1.16515	352	0	9
2025.08.07	00:45:00	1.16516	1.16547	1.16506	1.16520	390	0	9
2025.08.07	01:00:00	1.16520	1.16551	1.16492	1.16530	442	0	9
2025.08.07	01:15:00	1.16530	1.16577	1.16496	1.16500	439	0	9
2025.08.07	01:30:00	1.16500	1.16573	1.16496	1.16571	424	0	9
2025.08.07	01:45:00	1.16570	1.16625	1.16565	1.16574	429	0	9
2025.08.07	02:00:00	1.16575	1.16649	1.16556	1.16632	450	0	9
2025.08.07	02:15:00	1.16632	1.16636	1.16559	1.16566	344	0	9
2025.08.07	02:30:00	1.16567	1.16593	1.16562	1.16567	259	0	9
2025.08.07	02:45:00	1.16567	1.16583	1.16558	1.16569	279	0	9
2025.08.07	03:00:00	1.16570	1.16582	1.16555	1.16569	260	0	9
2025.08.07	03:15:00	1.16569	1.16572	1.16529	1.16568	289	0	9
2025.08.07	03:30:00	1.16571	1.16598	1.16561	1.16592	294	0	9
2025.08.07	03:45:00	1.16592	1.16649	1.16586	1.16642	279	0	9
2025.08.07	04:00:00	1.16643	1.16724	1.16624	1.16691	380	0	9
2025.08.07	04:15:00	1.16690	1.16744	1.16682	1.16716	408	0	9
2025.08.07	04:30:00	1.16715	1.16760	1.16707	1.16721	363	0	9
2025.08.07	04:45:00	1.16721	1.16728	1.16700	1.16708	293	0	9
2025.08.07	05:00:00	1.16708	1.16746	1.16694	1.16694	309	0	9
2025.08.07	05:15:00	1.16695	1.16708	1.16680	1.16706	306	0	9
2025.08.07	05:30:00	1.16705	1.16731	1.16681	1.16693	330	0	9
2025.08.07	05:45:00	1.16693	1.16760	1.16689	1.16748	437	0	9
2025.08.07	06:00:00	1.16748	1.16757	1.16676	1.16682	574	0	9
2025.08.07	06:15:00	1.16682	1.16761	1.16682	1.16757	650	0	9
2025.08.07	06:30:00	1.16755	1.16772	1.16729	1.16730	505	0	9
2025.08.07	06:45:00	1.16730	1.16794	1.16730	1.16756	620	0	9
2025.08.07	07:00:00	1.16759	1.16779	1.16729	1.16743	719	0	9
2025.08.07	07:15:00	1.16742	1.16802	1.16735	1.16777	612	0	9
2025.08.07	07:30:00	1.16777	1.16858	1.16751	1.16836	762	0	9
2025.08.07	07:45:00	1.16836	1.16908	1.16821	1.16892	806	0	9
2025.08.07	08:00:00	1.16892	1.16983	1.16802	1.16837	1258	0	9
2025.08.07	08:15:00	1.16838	1.16838	1.16753	1.16773	849	0	9
2025.08.07	08:30:00	1.16773	1.16876	1.16753	1.16838	798	0	9
2025.08.07	08:45:00	1.16839	1.16871	1.16796	1.16821	738	0	9
2025.08.07	09:00:00	1.16823	1.16845	1.16789	1.16799	529	0	9
2025.08.07	09:15:00	1.16800	1.16815	1.16766	1.16781	488	0	9
2025.08.07	09:30:00	1.16780	1.16795	1.16731	1.16777	609	0	9
2025.08.07	09:45:00	1.16777	1.16780	1.16702	1.16703	515	0	9
2025.08.07	10:00:00	1.16706	1.16713	1.16644	1.16657	611	0	9
2025.08.07	10:15:00	1.16658	1.16663	1.16612	1.16621	583	0	9
2025.08.07	10:30:00	1.16621	1.16677	1.16621	1.16664	542	0	9
2025.08.07	10:45:00	1.16664	1.16708	1.16652	1.16700	623	0	9
2025.08.07	11:00:00	1.16700	1.16762	1.16507	1.16562	1389	0	9
2025.08.07	11:15:00	1.16563	1.16603	1.16529	1.16544	848	0	9
2025.08.07	11:30:00	1.16543	1.16548	1.16338	1.16402	1413	0	9
2025.08.07	11:45:00	1.16401	1.16465	1.16383	1.16441	978	0	9
2025.08.07	12:00:00	1.16439	1.16451	1.16370	1.16397	1035	0	9
2025.08.07	12:15:00	1.16397	1.16561	1.16393	1.16477	999	0	9
2025.08.07	12:30:00	1.16474	1.16621	1.16467	1.16485	1706	0	9
2025.08.07	12:45:00	1.16487	1.16573	1.16475	1.16507	1127	0	9
2025.08.07	13:00:00	1.16507	1.16557	1.16435	1.16489	1366	0	9
2025.08.07	13:15:00	1.16489	1.16537	1.16375	1.16536	1386	0	9
2025.08.07	13:30:00	1.16538	1.16583	1.16437	1.16498	1698	0	9
2025.08.07	13:45:00	1.16499	1.16501	1.16406	1.16424	1184	0	9
2025.08.07	14:00:00	1.16423	1.16495	1.16210	1.16370	3619	0	9
2025.08.07	14:15:00	1.16367	1.16367	1.16174	1.16234	1873	0	9
2025.08.07	14:30:00	1.16236	1.16297	1.16145	1.16183	1441	0	9
2025.08.07	14:45:00	1.16182	1.16242	1.16135	1.16240	1322	0	9
2025.08.07	15:00:00	1.16241	1.16271	1.16106	1.16262	1473	0	9
2025.08.07	15:15:00	1.16264	1.16341	1.16264	1.16327	1040	0	9
2025.08.07	15:30:00	1.16328	1.16391	1.16316	1.16362	888	0	9
2025.08.07	15:45:00	1.16359	1.16417	1.16350	1.16392	754	0	9
2025.08.07	16:00:00	1.16395	1.16408	1.16365	1.16376	723	0	9
2025.08.07	16:15:00	1.16375	1.16442	1.16366	1.16426	566	0	9
2025.08.07	16:30:00	1.16428	1.16438	1.16346	1.16351	468	0	9
2025.08.07	16:45:00	1.16354	1.16387	1.16354	1.16375	359	0	9
2025.08.07	17:00:00	1.16378	1.16392	1.16349	1.16358	626	0	9
2025.08.07	17:15:00	1.16356	1.16395	1.16316	1.16361	571	0	9
2025.08.07	17:30:00	1.16361	1.16392	1.16340	1.16368	564	0	9
2025.08.07	17:45:00	1.16368	1.16377	1.16323	1.16326	537	0	9
2025.08.07	18:00:00	1.16328	1.16370	1.16318	1.16355	417	0	9
2025.08.07	18:15:00	1.16355	1.16357	1.16294	1.16314	409	0	9
2025.08.07	18:30:00	1.16312	1.16319	1.16223	1.16226	472	0	9
2025.08.07	18:45:00	1.16224	1.16253	1.16212	1.16215	465	0	9
2025.08.07	19:00:00	1.16215	1.16246	1.16189	1.16222	317	0	9
2025.08.07	19:15:00	1.16222	1.16261	1.16201	1.16261	400	0	9
2025.08.07	19:30:00	1.16263	1.16545	1.16263	1.16538	2340	0	9
2025.08.07	19:45:00	1.16538	1.16564	1.16451	1.16542	1159	0	9
2025.08.07	20:00:00	1.16543	1.16640	1.16542	1.16591	619	0	9
2025.08.07	20:15:00	1.16591	1.16710	1.16591	1.16702	445	0	9
2025.08.07	20:30:00	1.16700	1.16701	1.16608	1.16647	424	0	9
2025.08.07	20:45:00	1.16647	1.16695	1.16616	1.16624	566	0	9
2025.08.07	21:00:00	1.16626	1.16627	1.16601	1.16608	238	0	62
2025.08.07	21:15:00	1.16611	1.16631	1.16595	1.16598	283	0	60
2025.08.07	21:30:00	1.16597	1.16621	1.16563	1.16606	297	0	53
2025.08.07	21:45:00	1.16609	1.16641	1.16603	1.16641	176	0	22
2025.08.07	22:00:00	1.16641	1.16710	1.16641	1.16670	357	0	9
2025.08.07	22:15:00	1.16670	1.16672	1.16645	1.16656	168	0	9
2025.08.07	22:30:00	1.16656	1.16742	1.16655	1.16740	316	0	9
2025.08.07	22:45:00	1.16738	1.16741	1.16702	1.16722	244	0	9
2025.08.07	23:00:00	1.16723	1.16755	1.16696	1.16733	314	0	9
2025.08.07	23:15:00	1.16733	1.16779	1.16730	1.16763	257	0	9
2025.08.07	23:30:00	1.16764	1.16769	1.16741	1.16766	200	0	9
2025.08.07	23:45:00	1.16766	1.16773	1.16745	1.16763	285	0	9
2025.08.08	00:00:00	1.16766	1.16789	1.16721	1.16740	586	0	9
2025.08.08	00:15:00	1.16739	1.16742	1.16682	1.16697	389	0	9
2025.08.08	00:30:00	1.16695	1.16732	1.16670	1.16705	431	0	9
2025.08.08	00:45:00	1.16706	1.16725	1.16673	1.16723	539	0	9
2025.08.08	01:00:00	1.16724	1.16734	1.16623	1.16634	541	0	9
2025.08.08	01:15:00	1.16634	1.16644	1.16560	1.16609	566	0	9
2025.08.08	01:30:00	1.16609	1.16624	1.16555	1.16577	529	0	9
2025.08.08	01:45:00	1.16577	1.16596	1.16548	1.16568	501	0	9
2025.08.08	02:00:00	1.16567	1.16616	1.16567	1.16588	443	0	9
2025.08.08	02:15:00	1.16590	1.16622	1.16588	1.16613	365	0	9
2025.08.08	02:30:00	1.16612	1.16638	1.16594	1.16619	336	0	9
2025.08.08	02:45:00	1.16619	1.16647	1.16597	1.16602	311	0	9
2025.08.08	03:00:00	1.16602	1.16608	1.16545	1.16592	389	0	9
2025.08.08	03:15:00	1.16592	1.16606	1.16562	1.16586	369	0	9
2025.08.08	03:30:00	1.16587	1.16598	1.16559	1.16584	280	0	9
2025.08.08	03:45:00	1.16582	1.16598	1.16565	1.16596	271	0	9
2025.08.08	04:00:00	1.16596	1.16617	1.16584	1.16606	263	0	9
2025.08.08	04:15:00	1.16606	1.16632	1.16581	1.16587	330	0	9
2025.08.08	04:30:00	1.16586	1.16605	1.16572	1.16593	226	0	9
2025.08.08	04:45:00	1.16593	1.16603	1.16574	1.16578	229	0	9
2025.08.08	05:00:00	1.16576	1.16595	1.16527	1.16527	329	0	9
2025.08.08	05:15:00	1.16528	1.16539	1.16432	1.16439	526	0	9
2025.08.08	05:30:00	1.16439	1.16454	1.16399	1.16415	443	0	9
2025.08.08	05:45:00	1.16415	1.16444	1.16383	1.16407	464	0	9
2025.08.08	06:00:00	1.16408	1.16482	1.16405	1.16461	545	0	9
2025.08.08	06:15:00	1.16462	1.16496	1.16443	1.16470	490	0	9
2025.08.08	06:30:00	1.16468	1.16494	1.16446	1.16471	465	0	9
2025.08.08	06:45:00	1.16471	1.16523	1.16456	1.16497	493	0	9
2025.08.08	07:00:00	1.16497	1.16576	1.16481	1.16528	855	0	9
2025.08.08	07:15:00	1.16528	1.16559	1.16510	1.16543	583	0	9
2025.08.08	07:30:00	1.16544	1.16642	1.16539	1.16595	622	0	9
2025.08.08	07:45:00	1.16596	1.16596	1.16542	1.16586	758	0	9
2025.08.08	08:00:00	1.16586	1.16626	1.16572	1.16612	626	0	9
2025.08.08	08:15:00	1.16613	1.16615	1.16504	1.16520	537	0	9
2025.08.08	08:30:00	1.16518	1.16519	1.16439	1.16452	635	0	9
2025.08.08	08:45:00	1.16451	1.16458	1.16339	1.16370	870	0	9
2025.08.08	09:00:00	1.16371	1.16435	1.16371	1.16376	681	0	9
2025.08.08	09:15:00	1.16376	1.16382	1.16309	1.16316	830	0	9
2025.08.08	09:30:00	1.16316	1.16379	1.16292	1.16371	680	0	9
2025.08.08	09:45:00	1.16370	1.16426	1.16369	1.16412	677	0	9
2025.08.08	10:00:00	1.16411	1.16471	1.16400	1.16424	673	0	9
2025.08.08	10:15:00	1.16424	1.16429	1.16325	1.16339	486	0	9
2025.08.08	10:30:00	1.16339	1.16353	1.16282	1.16312	448	0	9
2025.08.08	10:45:00	1.16310	1.16373	1.16310	1.16352	539	0	9
2025.08.08	11:00:00	1.16353	1.16422	1.16346	1.16418	497	0	9
2025.08.08	11:15:00	1.16419	1.16465	1.16394	1.16411	498	0	9
2025.08.08	11:30:00	1.16409	1.16489	1.16401	1.16470	484	0	9
2025.08.08	11:45:00	1.16470	1.16474	1.16410	1.16434	532	0	9
2025.08.08	12:00:00	1.16431	1.16487	1.16429	1.16443	690	0	9
2025.08.08	12:15:00	1.16445	1.16497	1.16421	1.16495	659	0	9
2025.08.08	12:30:00	1.16492	1.16540	1.16449	1.16459	863	0	9
2025.08.08	12:45:00	1.16462	1.16489	1.16374	1.16412	908	0	9
2025.08.08	13:00:00	1.16414	1.16516	1.16407	1.16514	753	0	9
2025.08.08	13:15:00	1.16513	1.16550	1.16481	1.16504	652	0	9
2025.08.08	13:30:00	1.16502	1.16532	1.16466	1.16479	919	0	9
2025.08.08	13:45:00	1.16482	1.16520	1.16472	1.16484	842	0	9
2025.08.08	14:00:00	1.16483	1.16593	1.16453	1.16552	1410	0	9
2025.08.08	14:15:00	1.16552	1.16625	1.16530	1.16544	908	0	9
2025.08.08	14:30:00	1.16542	1.16585	1.16489	1.16552	725	0	9
2025.08.08	14:45:00	1.16552	1.16596	1.16517	1.16555	844	0	9
2025.08.08	15:00:00	1.16553	1.16607	1.16539	1.16601	702	0	9
2025.08.08	15:15:00	1.16599	1.16673	1.16595	1.16638	594	0	9
2025.08.08	15:30:00	1.16637	1.16667	1.16602	1.16602	730	0	9
2025.08.08	15:45:00	1.16604	1.16632	1.16582	1.16594	551	0	9
2025.08.08	16:00:00	1.16594	1.16628	1.16520	1.16539	667	0	9
2025.08.08	16:15:00	1.16539	1.16552	1.16491	1.16528	625	0	9
2025.08.08	16:30:00	1.16526	1.16566	1.16516	1.16561	474	0	9
2025.08.08	16:45:00	1.16561	1.16578	1.16527	1.16558	470	0	9
2025.08.08	17:00:00	1.16556	1.16591	1.16531	1.16588	407	0	9
2025.08.08	17:15:00	1.16588	1.16648	1.16587	1.16641	407	0	9
2025.08.08	17:30:00	1.16641	1.16664	1.16633	1.16655	332	0	9
2025.08.08	17:45:00	1.16655	1.16659	1.16579	1.16583	405	0	9
2025.08.08	18:00:00	1.16586	1.16611	1.16544	1.16603	779	0	9
2025.08.08	18:15:00	1.16604	1.16625	1.16581	1.16597	362	0	9
2025.08.08	18:30:00	1.16597	1.16603	1.16513	1.16553	468	0	9
2025.08.08	18:45:00	1.16554	1.16565	1.16476	1.16556	529	0	9
2025.08.08	19:00:00	1.16553	1.16558	1.16497	1.16530	393	0	9
2025.08.08	19:15:00	1.16529	1.16530	1.16369	1.16414	634	0	9
2025.08.08	19:30:00	1.16415	1.16430	1.16359	1.16412	614	0	9
2025.08.08	19:45:00	1.16412	1.16442	1.16395	1.16423	473	0	9
2025.08.08	20:00:00	1.16424	1.16432	1.16402	1.16403	300	0	9
2025.08.08	20:15:00	1.16405	1.16432	1.16381	1.16413	242	0	9
2025.08.08	20:30:00	1.16414	1.16422	1.16384	1.16410	235	0	9
2025.08.08	20:45:00	1.16410	1.16433	1.16388	1.16413	573	0	9
2025.08.10	21:00:00	1.16457	1.16476	1.16434	1.16452	160	0	53
2025.08.10	21:15:00	1.16448	1.16463	1.16418	1.16454	145	0	53
2025.08.10	21:30:00	1.16444	1.16463	1.16422	1.16431	216	0	53
2025.08.10	21:45:00	1.16431	1.16468	1.16430	1.16461	125	0	53
2025.08.10	22:00:00	1.16476	1.16508	1.16436	1.16491	480	0	9
2025.08.10	22:15:00	1.16491	1.16491	1.16462	1.16465	171	0	9
2025.08.10	22:30:00	1.16465	1.16466	1.16431	1.16438	220	0	9
2025.08.10	22:45:00	1.16439	1.16468	1.16439	1.16468	137	0	9
2025.08.10	23:00:00	1.16470	1.16478	1.16441	1.16477	203	0	9
2025.08.10	23:15:00	1.16479	1.16505	1.16479	1.16482	238	0	9
2025.08.10	23:30:00	1.16481	1.16507	1.16481	1.16485	200	0	9
2025.08.10	23:45:00	1.16485	1.16503	1.16449	1.16471	263	0	9
2025.08.11	00:00:00	1.16472	1.16473	1.16428	1.16453	476	0	9
2025.08.11	00:15:00	1.16453	1.16482	1.16433	1.16450	343	0	9
2025.08.11	00:30:00	1.16450	1.16455	1.16415	1.16420	311	0	9
2025.08.11	00:45:00	1.16421	1.16473	1.16416	1.16471	366	0	9
2025.08.11	01:00:00	1.16471	1.16484	1.16447	1.16477	437	0	9
2025.08.11	01:15:00	1.16477	1.16511	1.16469	1.16506	369	0	9
2025.08.11	01:30:00	1.16506	1.16535	1.16499	1.16530	308	0	9
2025.08.11	01:45:00	1.16530	1.16584	1.16525	1.16584	389	0	9
2025.08.11	02:00:00	1.16584	1.16675	1.16584	1.16650	424	0	9
2025.08.11	02:15:00	1.16650	1.16675	1.16626	1.16661	332	0	9
2025.08.11	02:30:00	1.16660	1.16668	1.16634	1.16656	284	0	9
2025.08.11	02:45:00	1.16656	1.16682	1.16648	1.16656	243	0	9
2025.08.11	03:00:00	1.16655	1.16695	1.16644	1.16690	343	0	9
2025.08.11	03:15:00	1.16688	1.16751	1.16687	1.16711	476	0	9
2025.08.11	03:30:00	1.16712	1.16729	1.16683	1.16717	285	0	9
2025.08.11	03:45:00	1.16716	1.16738	1.16705	1.16707	217	0	9
2025.08.11	04:00:00	1.16707	1.16748	1.16706	1.16738	261	0	9
2025.08.11	04:15:00	1.16738	1.16750	1.16720	1.16723	204	0	9
2025.08.11	04:30:00	1.16726	1.16728	1.16711	1.16719	183	0	9
2025.08.11	04:45:00	1.16719	1.16748	1.16704	1.16716	242	0	9
2025.08.11	05:00:00	1.16716	1.16723	1.16676	1.16703	305	0	9
2025.08.11	05:15:00	1.16701	1.16724	1.16689	1.16694	306	0	9
2025.08.11	05:30:00	1.16694	1.16701	1.16669	1.16680	316	0	9
2025.08.11	05:45:00	1.16680	1.16709	1.16678	1.16689	365	0	9
2025.08.11	06:00:00	1.16691	1.16735	1.16677	1.16689	610	0	9
2025.08.11	06:15:00	1.16689	1.16694	1.16657	1.16662	430	0	9
2025.08.11	06:30:00	1.16661	1.16677	1.16649	1.16656	401	0	9
2025.08.11	06:45:00	1.16656	1.16661	1.16628	1.16640	425	0	9
2025.08.11	07:00:00	1.16637	1.16655	1.16559	1.16584	641	0	9
2025.08.11	07:15:00	1.16584	1.16613	1.16539	1.16543	487	0	9
2025.08.11	07:30:00	1.16543	1.16543	1.16490	1.16507	545	0	9
2025.08.11	07:45:00	1.16507	1.16513	1.16456	1.16464	622	0	9
2025.08.11	08:00:00	1.16466	1.16520	1.16436	1.16513	608	0	9
2025.08.11	08:15:00	1.16513	1.16549	1.16501	1.16545	554	0	9
2025.08.11	08:30:00	1.16547	1.16599	1.16531	1.16564	471	0	9
2025.08.11	08:45:00	1.16565	1.16576	1.16532	1.16551	434	0	9
2025.08.11	09:00:00	1.16549	1.16580	1.16477	1.16483	536	0	9
2025.08.11	09:15:00	1.16480	1.16485	1.16410	1.16428	682	0	9
2025.08.11	09:30:00	1.16428	1.16440	1.16380	1.16428	580	0	9
2025.08.11	09:45:00	1.16429	1.16445	1.16377	1.16408	451	0	9
2025.08.11	10:00:00	1.16409	1.16444	1.16407	1.16439	362	0	9
2025.08.11	10:15:00	1.16441	1.16475	1.16436	1.16438	376	0	9
2025.08.11	10:30:00	1.16438	1.16452	1.16400	1.16443	386	0	9
2025.08.11	10:45:00	1.16442	1.16475	1.16436	1.16466	418	0	9
2025.08.11	11:00:00	1.16464	1.16466	1.16403	1.16420	506	0	9
2025.08.11	11:15:00	1.16420	1.16435	1.16317	1.16360	700	0	9
2025.08.11	11:30:00	1.16360	1.16376	1.16271	1.16282	824	0	9
2025.08.11	11:45:00	1.16282	1.16293	1.16227	1.16285	702	0	9
2025.08.11	12:00:00	1.16286	1.16308	1.16163	1.16179	771	0	9
2025.08.11	12:15:00	1.16181	1.16229	1.16138	1.16228	840	0	9
2025.08.11	12:30:00	1.16229	1.16240	1.16153	1.16185	742	0	9
2025.08.11	12:45:00	1.16187	1.16217	1.16180	1.16197	559	0	9
2025.08.11	13:00:00	1.16198	1.16225	1.16156	1.16220	631	0	9
2025.08.11	13:15:00	1.16219	1.16234	1.16155	1.16206	702	0	9
2025.08.11	13:30:00	1.16206	1.16256	1.16171	1.16245	861	0	9
2025.08.11	13:45:00	1.16247	1.16274	1.16172	1.16190	765	0	9
2025.08.11	14:00:00	1.16192	1.16200	1.16032	1.16064	1275	0	9
2025.08.11	14:15:00	1.16064	1.16095	1.15992	1.16019	1001	0	9
2025.08.11	14:30:00	1.16018	1.16020	1.15928	1.15939	977	0	9
2025.08.11	14:45:00	1.15939	1.15971	1.15900	1.15956	886	0	9
2025.08.11	15:00:00	1.15956	1.16003	1.15896	1.15923	790	0	9
2025.08.11	15:15:00	1.15920	1.16036	1.15904	1.16033	675	0	9
2025.08.11	15:30:00	1.16031	1.16056	1.15979	1.16035	742	0	9
2025.08.11	15:45:00	1.16034	1.16066	1.16012	1.16063	669	0	9
2025.08.11	16:00:00	1.16062	1.16093	1.16051	1.16085	578	0	9
2025.08.11	16:15:00	1.16084	1.16116	1.16073	1.16104	424	0	9
2025.08.11	16:30:00	1.16104	1.16106	1.16014	1.16026	466	0	9
2025.08.11	16:45:00	1.16028	1.16080	1.16019	1.16071	463	0	9
2025.08.11	17:00:00	1.16071	1.16076	1.16017	1.16022	427	0	9
2025.08.11	17:15:00	1.16021	1.16052	1.15981	1.16049	371	0	9
2025.08.11	17:30:00	1.16050	1.16094	1.16044	1.16084	412	0	9
2025.08.11	17:45:00	1.16086	1.16119	1.16078	1.16106	361	0	9
2025.08.11	18:00:00	1.16106	1.16121	1.16083	1.16090	318	0	9
2025.08.11	18:15:00	1.16089	1.16137	1.16065	1.16137	342	0	9
2025.08.11	18:30:00	1.16136	1.16137	1.16094	1.16110	423	0	9
2025.08.11	18:45:00	1.16109	1.16134	1.16089	1.16118	436	0	9
2025.08.11	19:00:00	1.16118	1.16125	1.16093	1.16102	287	0	9
2025.08.11	19:15:00	1.16102	1.16108	1.16032	1.16052	310	0	9
2025.08.11	19:30:00	1.16049	1.16061	1.16023	1.16048	298	0	9
2025.08.11	19:45:00	1.16048	1.16058	1.16017	1.16045	356	0	9
2025.08.11	20:00:00	1.16046	1.16095	1.16038	1.16092	205	0	9
2025.08.11	20:15:00	1.16092	1.16171	1.16086	1.16161	283	0	9
2025.08.11	20:30:00	1.16160	1.16187	1.16143	1.16187	208	0	9
2025.08.11	20:45:00	1.16184	1.16191	1.16124	1.16125	302	0	9
2025.08.11	21:00:00	1.16126	1.16136	1.16116	1.16119	96	0	53
2025.08.11	21:15:00	1.16121	1.16128	1.16107	1.16116	187	0	53
2025.08.11	21:30:00	1.16117	1.16142	1.16111	1.16123	226	0	22
2025.08.11	21:45:00	1.16124	1.16138	1.16117	1.16131	139	0	22
2025.08.11	22:00:00	1.16149	1.16183	1.16126	1.16142	264	0	9
2025.08.11	22:15:00	1.16140	1.16148	1.16127	1.16130	151	0	9
2025.08.11	22:30:00	1.16130	1.16130	1.16101	1.16105	160	0	9
2025.08.11	22:45:00	1.16104	1.16127	1.16098	1.16126	100	0	9
2025.08.11	23:00:00	1.16128	1.16150	1.16123	1.16140	127	0	9
2025.08.11	23:15:00	1.16140	1.16160	1.16134	1.16157	118	0	9
2025.08.11	23:30:00	1.16157	1.16159	1.16136	1.16146	135	0	9
2025.08.11	23:45:00	1.16146	1.16173	1.16139	1.16159	184	0	9
2025.08.12	00:00:00	1.16158	1.16196	1.16128	1.16152	546	0	9
2025.08.12	00:15:00	1.16152	1.16162	1.16115	1.16148	465	0	9
2025.08.12	00:30:00	1.16149	1.16188	1.16136	1.16173	356	0	9
2025.08.12	00:45:00	1.16172	1.16185	1.16145	1.16147	423	0	9
2025.08.12	01:00:00	1.16147	1.16200	1.16141	1.16192	447	0	9
2025.08.12	01:15:00	1.16192	1.16192	1.16138	1.16153	402	0	9
2025.08.12	01:30:00	1.16156	1.16249	1.16156	1.16234	482	0	9
2025.08.12	01:45:00	1.16233	1.16239	1.16179	1.16187	398	0	9
2025.08.12	02:00:00	1.16188	1.16219	1.16184	1.16189	311	0	9
2025.08.12	02:15:00	1.16189	1.16253	1.16170	1.16215	364	0	9
2025.08.12	02:30:00	1.16213	1.16237	1.16205	1.16215	211	0	9
2025.08.12	02:45:00	1.16215	1.16237	1.16205	1.16223	236	0	9
2025.08.12	03:00:00	1.16223	1.16241	1.16194	1.16221	353	0	9
2025.08.12	03:15:00	1.16221	1.16224	1.16196	1.16200	256	0	9
2025.08.12	03:30:00	1.16200	1.16219	1.16190	1.16213	237	0	9
2025.08.12	03:45:00	1.16214	1.16222	1.16179	1.16201	266	0	9
2025.08.12	04:00:00	1.16201	1.16211	1.16174	1.16189	257	0	9
2025.08.12	04:15:00	1.16189	1.16194	1.16173	1.16194	256	0	9
2025.08.12	04:30:00	1.16194	1.16232	1.16153	1.16224	477	0	9
2025.08.12	04:45:00	1.16224	1.16275	1.16222	1.16271	325	0	9
2025.08.12	05:00:00	1.16269	1.16287	1.16237	1.16259	506	0	9
2025.08.12	05:15:00	1.16259	1.16259	1.16175	1.16185	531	0	9
2025.08.12	05:30:00	1.16187	1.16206	1.16148	1.16148	417	0	9
2025.08.12	05:45:00	1.16148	1.16166	1.16128	1.16134	527	0	9
2025.08.12	06:00:00	1.16133	1.16182	1.16126	1.16132	716	0	9
2025.08.12	06:15:00	1.16132	1.16156	1.16092	1.16111	759	0	9
2025.08.12	06:30:00	1.16110	1.16178	1.16091	1.16158	690	0	9
2025.08.12	06:45:00	1.16158	1.16177	1.16076	1.16086	521	0	9
2025.08.12	07:00:00	1.16087	1.16155	1.16074	1.16118	755	0	9
2025.08.12	07:15:00	1.16117	1.16177	1.16094	1.16175	701	0	9
2025.08.12	07:30:00	1.16175	1.16237	1.16160	1.16206	765	0	9
2025.08.12	07:45:00	1.16203	1.16233	1.16184	1.16199	659	0	9
2025.08.12	08:00:00	1.16199	1.16201	1.16149	1.16173	586	0	9
2025.08.12	08:15:00	1.16173	1.16222	1.16168	1.16204	512	0	9
2025.08.12	08:30:00	1.16204	1.16205	1.16113	1.16154	590	0	9
2025.08.12	08:45:00	1.16154	1.16164	1.16116	1.16145	507	0	9
2025.08.12	09:00:00	1.16145	1.16182	1.16108	1.16135	518	0	9
2025.08.12	09:15:00	1.16135	1.16146	1.16057	1.16060	502	0	9
2025.08.12	09:30:00	1.16059	1.16075	1.16019	1.16022	480	0	9
2025.08.12	09:45:00	1.16023	1.16076	1.15999	1.16062	512	0	9
2025.08.12	10:00:00	1.16060	1.16111	1.16052	1.16108	465	0	9
2025.08.12	10:15:00	1.16108	1.16126	1.16077	1.16085	355	0	9
2025.08.12	10:30:00	1.16088	1.16113	1.16068	1.16083	389	0	9
2025.08.12	10:45:00	1.16083	1.16108	1.16064	1.16099	431	0	9
2025.08.12	11:00:00	1.16096	1.16109	1.16068	1.16085	440	0	9
2025.08.12	11:15:00	1.16084	1.16095	1.16023	1.16054	464	0	9
2025.08.12	11:30:00	1.16050	1.16059	1.16015	1.16023	524	0	9
2025.08.12	11:45:00	1.16022	1.16065	1.15983	1.16048	614	0	9
2025.08.12	12:00:00	1.16050	1.16107	1.16040	1.16062	797	0	9
2025.08.12	12:15:00	1.16061	1.16071	1.16008	1.16035	799	0	9
2025.08.12	12:30:00	1.16038	1.16553	1.16028	1.16479	4982	0	9
2025.08.12	12:45:00	1.16480	1.16525	1.16329	1.16422	2906	0	9
2025.08.12	13:00:00	1.16420	1.16420	1.16219	1.16321	2473	0	9
2025.08.12	13:15:00	1.16319	1.16412	1.16203	1.16226	1786	0	9
2025.08.12	13:30:00	1.16228	1.16606	1.16170	1.16584	2836	0	9
2025.08.12	13:45:00	1.16583	1.16677	1.16390	1.16519	4755	0	9
2025.08.12	14:00:00	1.16517	1.16604	1.16458	1.16473	1971	0	9
2025.08.12	14:15:00	1.16473	1.16546	1.16415	1.16528	1403	0	9
2025.08.12	14:30:00	1.16527	1.16611	1.16498	1.16589	1278	0	9
2025.08.12	14:45:00	1.16589	1.16625	1.16546	1.16576	1221	0	9
2025.08.12	15:00:00	1.16573	1.16678	1.16555	1.16643	1008	0	9
2025.08.12	15:15:00	1.16645	1.16884	1.16634	1.16846	1214	0	9
2025.08.12	15:30:00	1.16848	1.16969	1.16746	1.16943	1612	0	9
2025.08.12	15:45:00	1.16942	1.16942	1.16706	1.16718	1215	0	9
2025.08.12	16:00:00	1.16719	1.16744	1.16652	1.16685	946	0	9
2025.08.12	16:15:00	1.16686	1.16803	1.16668	1.16790	772	0	9
2025.08.12	16:30:00	1.16790	1.16843	1.16769	1.16770	784	0	9
2025.08.12	16:45:00	1.16770	1.16855	1.16749	1.16793	779	0	9
2025.08.12	17:00:00	1.16794	1.16799	1.16714	1.16757	983	0	9
2025.08.12	17:15:00	1.16757	1.16783	1.16706	1.16775	664	0	9
2025.08.12	17:30:00	1.16775	1.16795	1.16731	1.16775	573	0	9
2025.08.12	17:45:00	1.16775	1.16802	1.16723	1.16727	509	0	9
2025.08.12	18:00:00	1.16729	1.16781	1.16700	1.16728	493	0	9
2025.08.12	18:15:00	1.16731	1.16750	1.16657	1.16669	485	0	9
2025.08.12	18:30:00	1.16669	1.16687	1.16643	1.16659	478	0	9
2025.08.12	18:45:00	1.16660	1.16693	1.16651	1.16682	434	0	9
2025.08.12	19:00:00	1.16682	1.16697	1.16641	1.16669	430	0	9
2025.08.12	19:15:00	1.16668	1.16725	1.16662	1.16724	391	0	9
2025.08.12	19:30:00	1.16723	1.16751	1.16714	1.16730	378	0	9
2025.08.12	19:45:00	1.16730	1.16745	1.16704	1.16742	368	0	9
2025.08.12	20:00:00	1.16741	1.16759	1.16721	1.16752	290	0	9
2025.08.12	20:15:00	1.16752	1.16762	1.16738	1.16746	210	0	9
2025.08.12	20:30:00	1.16745	1.16754	1.16727	1.16753	184	0	9
2025.08.12	20:45:00	1.16752	1.16767	1.16699	1.16705	326	0	9
2025.08.12	21:00:00	1.16705	1.16710	1.16694	1.16705	118	0	53
2025.08.12	21:15:00	1.16706	1.16717	1.16692	1.16692	168	0	53
2025.08.12	21:30:00	1.16694	1.16704	1.16672	1.16678	201	0	53
2025.08.12	21:45:00	1.16676	1.16717	1.16671	1.16717	189	0	53
2025.08.12	22:00:00	1.16734	1.16757	1.16731	1.16741	180	0	9
2025.08.12	22:15:00	1.16741	1.16765	1.16741	1.16764	149	0	9
2025.08.12	22:30:00	1.16764	1.16773	1.16746	1.16754	141	0	9
2025.08.12	22:45:00	1.16754	1.16765	1.16740	1.16763	137	0	9
2025.08.12	23:00:00	1.16763	1.16776	1.16756	1.16770	156	0	9
2025.08.12	23:15:00	1.16770	1.16776	1.16760	1.16764	123	0	9
2025.08.12	23:30:00	1.16764	1.16789	1.16748	1.16785	154	0	9
2025.08.12	23:45:00	1.16785	1.16786	1.16759	1.16774	214	0	9
2025.08.13	00:00:00	1.16772	1.16791	1.16718	1.16723	556	0	9
2025.08.13	00:15:00	1.16723	1.16735	1.16704	1.16718	308	0	9
2025.08.13	00:30:00	1.16717	1.16748	1.16710	1.16747	260	0	9
2025.08.13	00:45:00	1.16747	1.16805	1.16747	1.16794	434	0	9
2025.08.13	01:00:00	1.16795	1.16860	1.16794	1.16842	402	0	9
2025.08.13	01:15:00	1.16842	1.16851	1.16762	1.16764	423	0	9
2025.08.13	01:30:00	1.16762	1.16817	1.16757	1.16813	453	0	9
2025.08.13	01:45:00	1.16813	1.16818	1.16759	1.16767	421	0	9
2025.08.13	02:00:00	1.16766	1.16776	1.16702	1.16725	376	0	9
2025.08.13	02:15:00	1.16725	1.16812	1.16722	1.16777	346	0	9
2025.08.13	02:30:00	1.16777	1.16850	1.16777	1.16811	340	0	9
2025.08.13	02:45:00	1.16813	1.16857	1.16805	1.16816	364	0	9
2025.08.13	03:00:00	1.16813	1.16845	1.16793	1.16841	298	0	9
2025.08.13	03:15:00	1.16841	1.16846	1.16808	1.16823	252	0	9
2025.08.13	03:30:00	1.16823	1.16865	1.16819	1.16860	334	0	9
2025.08.13	03:45:00	1.16859	1.16873	1.16832	1.16835	273	0	9
2025.08.13	04:00:00	1.16833	1.16851	1.16815	1.16843	304	0	9
2025.08.13	04:15:00	1.16842	1.16851	1.16818	1.16826	195	0	9
2025.08.13	04:30:00	1.16825	1.16844	1.16811	1.16829	286	0	9
2025.08.13	04:45:00	1.16828	1.16859	1.16821	1.16836	273	0	9
2025.08.13	05:00:00	1.16836	1.16847	1.16826	1.16831	242	0	9
2025.08.13	05:15:00	1.16832	1.16838	1.16810	1.16811	229	0	9
2025.08.13	05:30:00	1.16812	1.16813	1.16763	1.16785	338	0	9
2025.08.13	05:45:00	1.16785	1.16793	1.16767	1.16788	473	0	9
2025.08.13	06:00:00	1.16790	1.16867	1.16787	1.16821	611	0	9
2025.08.13	06:15:00	1.16822	1.16894	1.16809	1.16838	666	0	9
2025.08.13	06:30:00	1.16835	1.16930	1.16825	1.16895	706	0	9
2025.08.13	06:45:00	1.16894	1.16965	1.16883	1.16917	705	0	9
2025.08.13	07:00:00	1.16916	1.17106	1.16914	1.17093	936	0	9
2025.08.13	07:15:00	1.17093	1.17103	1.17051	1.17065	784	0	9
2025.08.13	07:30:00	1.17065	1.17125	1.17053	1.17053	788	0	9
2025.08.13	07:45:00	1.17053	1.17101	1.17050	1.17076	637	0	9
2025.08.13	08:00:00	1.17074	1.17135	1.17064	1.17123	816	0	9
2025.08.13	08:15:00	1.17122	1.17201	1.17117	1.17162	837	0	9
2025.08.13	08:30:00	1.17162	1.17195	1.17115	1.17145	597	0	9
2025.08.13	08:45:00	1.17145	1.17181	1.17129	1.17135	636	0	9
2025.08.13	09:00:00	1.17137	1.17203	1.17136	1.17189	587	0	9
2025.08.13	09:15:00	1.17189	1.17291	1.17187	1.17267	616	0	9
2025.08.13	09:30:00	1.17269	1.17295	1.17246	1.17269	584	0	9
2025.08.13	09:45:00	1.17268	1.17299	1.17245	1.17287	459	0	9
2025.08.13	10:00:00	1.17285	1.17292	1.17227	1.17277	680	0	9
2025.08.13	10:15:00	1.17277	1.17298	1.17199	1.17215	429	0	9
2025.08.13	10:30:00	1.17215	1.17238	1.17165	1.17181	569	0	9
2025.08.13	10:45:00	1.17179	1.17207	1.17160	1.17162	544	0	9
2025.08.13	11:00:00	1.17161	1.17161	1.17093	1.17101	530	0	9
2025.08.13	11:15:00	1.17101	1.17125	1.17075	1.17121	499	0	9
2025.08.13	11:30:00	1.17121	1.17160	1.17092	1.17135	502	0	9
2025.08.13	11:45:00	1.17136	1.17187	1.17127	1.17186	549	0	9
2025.08.13	12:00:00	1.17186	1.17190	1.17103	1.17153	679	0	9
2025.08.13	12:15:00	1.17154	1.17214	1.17129	1.17139	674	0	9
2025.08.13	12:30:00	1.17140	1.17153	1.17032	1.17051	873	0	9
2025.08.13	12:45:00	1.17050	1.17064	1.16968	1.16982	803	0	9
2025.08.13	13:00:00	1.16980	1.17010	1.16925	1.16954	847	0	9
2025.08.13	13:15:00	1.16956	1.17034	1.16937	1.17014	716	0	9
2025.08.13	13:30:00	1.17017	1.17048	1.16975	1.17037	843	0	9
2025.08.13	13:45:00	1.17038	1.17068	1.16993	1.17040	914	0	9
2025.08.13	14:00:00	1.17038	1.17112	1.17022	1.17081	1016	0	9
2025.08.13	14:15:00	1.17081	1.17213	1.17079	1.17204	966	0	9
2025.08.13	14:30:00	1.17206	1.17231	1.17170	1.17190	888	0	9
2025.08.13	14:45:00	1.17189	1.17200	1.17103	1.17198	1079	0	9
2025.08.13	15:00:00	1.17198	1.17198	1.17110	1.17115	952	0	9
2025.08.13	15:15:00	1.17116	1.17180	1.17088	1.17157	782	0	9
2025.08.13	15:30:00	1.17159	1.17223	1.17150	1.17153	746	0	9
2025.08.13	15:45:00	1.17155	1.17160	1.17079	1.17133	667	0	9
2025.08.13	16:00:00	1.17133	1.17146	1.17104	1.17144	476	0	9
2025.08.13	16:15:00	1.17143	1.17146	1.17078	1.17130	517	0	9
2025.08.13	16:30:00	1.17131	1.17149	1.17102	1.17106	426	0	9
2025.08.13	16:45:00	1.17106	1.17120	1.17061	1.17065	435	0	9
2025.08.13	17:00:00	1.17064	1.17103	1.17049	1.17050	461	0	9
2025.08.13	17:15:00	1.17051	1.17106	1.17032	1.17080	414	0	9
2025.08.13	17:30:00	1.17078	1.17095	1.17049	1.17084	356	0	9
2025.08.13	17:45:00	1.17084	1.17097	1.17021	1.17035	404	0	9
2025.08.13	18:00:00	1.17038	1.17040	1.17002	1.17013	429	0	9
2025.08.13	18:15:00	1.17013	1.17019	1.16958	1.16979	376	0	9
2025.08.13	18:30:00	1.16978	1.17001	1.16955	1.16962	285	0	9
2025.08.13	18:45:00	1.16962	1.17017	1.16958	1.17000	342	0	9
2025.08.13	19:00:00	1.16999	1.17015	1.16969	1.16993	301	0	9
2025.08.13	19:15:00	1.16994	1.17038	1.16990	1.17008	283	0	9
2025.08.13	19:30:00	1.17007	1.17011	1.16971	1.16982	284	0	9
2025.08.13	19:45:00	1.16982	1.17000	1.16975	1.16992	227	0	9
2025.08.13	20:00:00	1.16992	1.17016	1.16989	1.17008	165	0	9
2025.08.13	20:15:00	1.17008	1.17051	1.17008	1.17041	230	0	9
2025.08.13	20:30:00	1.17041	1.17065	1.17026	1.17052	201	0	9
2025.08.13	20:45:00	1.17049	1.17059	1.17015	1.17016	288	0	9
2025.08.13	21:00:00	1.17017	1.17033	1.17014	1.17020	122	0	53
2025.08.13	21:15:00	1.17018	1.17033	1.17016	1.17024	183	0	53
2025.08.13	21:30:00	1.17024	1.17028	1.17011	1.17013	247	0	53
2025.08.13	21:45:00	1.17011	1.17038	1.17010	1.17032	102	0	22
2025.08.13	22:00:00	1.17050	1.17065	1.17045	1.17055	189	0	9
2025.08.13	22:15:00	1.17055	1.17061	1.17042	1.17050	130	0	9
2025.08.13	22:30:00	1.17051	1.17077	1.17050	1.17073	126	0	9
2025.08.13	22:45:00	1.17073	1.17078	1.17062	1.17078	105	0	9
2025.08.13	23:00:00	1.17079	1.17087	1.17071	1.17083	130	0	9
2025.08.13	23:15:00	1.17083	1.17104	1.17077	1.17102	138	0	9
2025.08.13	23:30:00	1.17102	1.17121	1.17094	1.17094	169	0	9
2025.08.13	23:45:00	1.17094	1.17122	1.17092	1.17120	151	0	9
2025.08.14	00:00:00	1.17120	1.17144	1.17101	1.17116	399	0	9
2025.08.14	00:15:00	1.17117	1.17126	1.17088	1.17117	282	0	9
2025.08.14	00:30:00	1.17117	1.17141	1.17090	1.17115	335	0	9
2025.08.14	00:45:00	1.17115	1.17134	1.17099	1.17109	394	0	9
2025.08.14	01:00:00	1.17108	1.17139	1.17094	1.17131	384	0	9
2025.08.14	01:15:00	1.17131	1.17146	1.17127	1.17128	406	0	9
2025.08.14	01:30:00	1.17129	1.17145	1.17087	1.17107	424	0	9
2025.08.14	01:45:00	1.17107	1.17145	1.17107	1.17123	399	0	9
2025.08.14	02:00:00	1.17123	1.17124	1.17103	1.17114	356	0	9
2025.08.14	02:15:00	1.17115	1.17115	1.17043	1.17043	413	0	9
2025.08.14	02:30:00	1.17042	1.17045	1.16987	1.17041	353	0	9
2025.08.14	02:45:00	1.17041	1.17047	1.17010	1.17047	334	0	9
2025.08.14	03:00:00	1.17047	1.17047	1.17006	1.17014	265	0	9
2025.08.14	03:15:00	1.17014	1.17029	1.16992	1.17022	294	0	9
2025.08.14	03:30:00	1.17023	1.17049	1.17008	1.17032	331	0	9
2025.08.14	03:45:00	1.17032	1.17038	1.17013	1.17033	239	0	9
2025.08.14	04:00:00	1.17033	1.17041	1.17010	1.17034	223	0	9
2025.08.14	04:15:00	1.17034	1.17064	1.17030	1.17035	251	0	9
2025.08.14	04:30:00	1.17036	1.17051	1.17027	1.17042	221	0	9
2025.08.14	04:45:00	1.17042	1.17050	1.17022	1.17033	203	0	9
2025.08.14	05:00:00	1.17033	1.17036	1.17010	1.17028	256	0	9
2025.08.14	05:15:00	1.17027	1.17034	1.16985	1.16990	306	0	9
2025.08.14	05:30:00	1.16991	1.17016	1.16966	1.17015	384	0	9
2025.08.14	05:45:00	1.17016	1.17031	1.16990	1.17012	359	0	9
2025.08.14	06:00:00	1.17013	1.17061	1.16963	1.17057	696	0	9
2025.08.14	06:15:00	1.17056	1.17063	1.16976	1.17030	649	0	9
2025.08.14	06:30:00	1.17030	1.17039	1.16928	1.16956	713	0	9
2025.08.14	06:45:00	1.16956	1.16968	1.16845	1.16846	791	0	9
2025.08.14	07:00:00	1.16849	1.16925	1.16845	1.16889	1011	0	9
2025.08.14	07:15:00	1.16887	1.16893	1.16782	1.16813	830	0	9
2025.08.14	07:30:00	1.16815	1.16852	1.16783	1.16802	686	0	9
2025.08.14	07:45:00	1.16805	1.16832	1.16773	1.16796	724	0	9
2025.08.14	08:00:00	1.16794	1.16827	1.16726	1.16801	751	0	9
2025.08.14	08:15:00	1.16800	1.16848	1.16784	1.16840	590	0	9
2025.08.14	08:30:00	1.16842	1.16844	1.16766	1.16766	577	0	9
2025.08.14	08:45:00	1.16766	1.16783	1.16676	1.16682	665	0	9
2025.08.14	09:00:00	1.16680	1.16841	1.16680	1.16837	643	0	9
2025.08.14	09:15:00	1.16837	1.16861	1.16821	1.16857	505	0	9
2025.08.14	09:30:00	1.16858	1.16866	1.16825	1.16833	505	0	9
2025.08.14	09:45:00	1.16833	1.16854	1.16801	1.16816	530	0	9
2025.08.14	10:00:00	1.16814	1.16861	1.16809	1.16839	536	0	9
2025.08.14	10:15:00	1.16838	1.16952	1.16838	1.16947	640	0	9
2025.08.14	10:30:00	1.16948	1.16969	1.16894	1.16905	546	0	9
2025.08.14	10:45:00	1.16905	1.16950	1.16888	1.16949	480	0	9
2025.08.14	11:00:00	1.16947	1.16962	1.16902	1.16934	563	0	9
2025.08.14	11:15:00	1.16934	1.16936	1.16824	1.16854	555	0	9
2025.08.14	11:30:00	1.16854	1.16894	1.16833	1.16856	497	0	9
2025.08.14	11:45:00	1.16856	1.16927	1.16833	1.16877	696	0	9
2025.08.14	12:00:00	1.16878	1.16919	1.16859	1.16873	709	0	9
2025.08.14	12:15:00	1.16873	1.16888	1.16804	1.16818	685	0	9
2025.08.14	12:30:00	1.16820	1.16832	1.16491	1.16780	3178	0	9
2025.08.14	12:45:00	1.16780	1.16831	1.16587	1.16633	1775	0	9
2025.08.14	13:00:00	1.16632	1.16671	1.16548	1.16635	1714	0	9
2025.08.14	13:15:00	1.16634	1.16712	1.16524	1.16524	1311	0	9
2025.08.14	13:30:00	1.16523	1.16594	1.16516	1.16534	1301	0	9
2025.08.14	13:45:00	1.16536	1.16563	1.16487	1.16497	1019	0	9
2025.08.14	14:00:00	1.16499	1.16531	1.16374	1.16521	1344	0	9
2025.08.14	14:15:00	1.16520	1.16634	1.16520	1.16629	1166	0	9
2025.08.14	14:30:00	1.16632	1.16660	1.16588	1.16594	938	0	9
2025.08.14	14:45:00	1.16592	1.16660	1.16558	1.16604	989	0	9
2025.08.14	15:00:00	1.16605	1.16618	1.16470	1.16542	1036	0	9
2025.08.14	15:15:00	1.16541	1.16562	1.16484	1.16499	877	0	9
2025.08.14	15:30:00	1.16499	1.16525	1.16389	1.16398	1016	0	9
2025.08.14	15:45:00	1.16399	1.16471	1.16369	1.16426	1033	0	9
2025.08.14	16:00:00	1.16425	1.16449	1.16319	1.16323	853	0	9
2025.08.14	16:15:00	1.16322	1.16412	1.16311	1.16382	761	0	9
2025.08.14	16:30:00	1.16380	1.16405	1.16349	1.16374	524	0	9
2025.08.14	16:45:00	1.16374	1.16381	1.16306	1.16338	528	0	9
2025.08.14	17:00:00	1.16338	1.16428	1.16338	1.16423	469	0	9
2025.08.14	17:15:00	1.16425	1.16434	1.16385	1.16397	461	0	9
2025.08.14	17:30:00	1.16397	1.16398	1.16309	1.16326	534	0	9
2025.08.14	17:45:00	1.16328	1.16373	1.16315	1.16365	489	0	9
2025.08.14	18:00:00	1.16365	1.16381	1.16327	1.16348	537	0	9
2025.08.14	18:15:00	1.16349	1.16409	1.16337	1.16408	446	0	9
2025.08.14	18:30:00	1.16408	1.16416	1.16374	1.16376	375	0	9
2025.08.14	18:45:00	1.16377	1.16421	1.16368	1.16411	318	0	9
2025.08.14	19:00:00	1.16413	1.16464	1.16409	1.16457	469	0	9
2025.08.14	19:15:00	1.16457	1.16470	1.16441	1.16462	304	0	9
2025.08.14	19:30:00	1.16462	1.16499	1.16455	1.16490	268	0	9
2025.08.14	19:45:00	1.16492	1.16499	1.16453	1.16479	310	0	9
2025.08.14	20:00:00	1.16478	1.16499	1.16473	1.16493	255	0	9
2025.08.14	20:15:00	1.16493	1.16493	1.16461	1.16469	136	0	9
2025.08.14	20:30:00	1.16469	1.16481	1.16443	1.16465	214	0	9
2025.08.14	20:45:00	1.16464	1.16493	1.16452	1.16452	237	0	9
2025.08.14	21:00:00	1.16450	1.16468	1.16450	1.16466	84	0	53
2025.08.14	21:15:00	1.16464	1.16478	1.16456	1.16460	129	0	22
2025.08.14	21:30:00	1.16459	1.16484	1.16450	1.16465	204	0	22
2025.08.14	21:45:00	1.16465	1.16499	1.16453	1.16497	152	0	22
2025.08.14	22:00:00	1.16500	1.16525	1.16490	1.16512	229	0	9
2025.08.14	22:15:00	1.16512	1.16513	1.16494	1.16498	116	0	9
2025.08.14	22:30:00	1.16498	1.16509	1.16491	1.16499	103	0	9
2025.08.14	22:45:00	1.16498	1.16500	1.16477	1.16496	101	0	9
2025.08.14	23:00:00	1.16497	1.16499	1.16456	1.16461	157	0	9
2025.08.14	23:15:00	1.16461	1.16489	1.16459	1.16476	120	0	9
2025.08.14	23:30:00	1.16476	1.16518	1.16471	1.16515	164	0	9
2025.08.14	23:45:00	1.16514	1.16526	1.16491	1.16503	212	0	9
2025.08.15	00:00:00	1.16503	1.16510	1.16462	1.16500	390	0	9
2025.08.15	00:15:00	1.16500	1.16523	1.16482	1.16483	279	0	9
2025.08.15	00:30:00	1.16483	1.16507	1.16479	1.16491	215	0	9
2025.08.15	00:45:00	1.16491	1.16528	1.16469	1.16517	358	0	9
2025.08.15	01:00:00	1.16516	1.16546	1.16488	1.16497	367	0	9
2025.08.15	01:15:00	1.16499	1.16535	1.16478	1.16531	319	0	9
2025.08.15	01:30:00	1.16531	1.16576	1.16500	1.16563	376	0	9
2025.08.15	01:45:00	1.16562	1.16575	1.16520	1.16525	350	0	9
2025.08.15	02:00:00	1.16525	1.16569	1.16514	1.16549	366	0	9
2025.08.15	02:15:00	1.16550	1.16551	1.16491	1.16509	291	0	9
2025.08.15	02:30:00	1.16509	1.16560	1.16501	1.16539	299	0	9
2025.08.15	02:45:00	1.16539	1.16573	1.16537	1.16564	285	0	9
2025.08.15	03:00:00	1.16562	1.16588	1.16562	1.16583	282	0	9
2025.08.15	03:15:00	1.16582	1.16606	1.16579	1.16594	255	0	9
2025.08.15	03:30:00	1.16594	1.16623	1.16593	1.16620	285	0	9
2025.08.15	03:45:00	1.16620	1.16642	1.16587	1.16598	270	0	9
2025.08.15	04:00:00	1.16598	1.16620	1.16595	1.16609	193	0	9
2025.08.15	04:15:00	1.16609	1.16613	1.16586	1.16599	183	0	9
2025.08.15	04:30:00	1.16599	1.16601	1.16583	1.16594	102	0	9
2025.08.15	04:45:00	1.16594	1.16633	1.16593	1.16625	162	0	9
2025.08.15	05:00:00	1.16622	1.16631	1.16606	1.16622	259	0	9
2025.08.15	05:15:00	1.16622	1.16637	1.16620	1.16628	172	0	9
2025.08.15	05:30:00	1.16627	1.16655	1.16615	1.16624	222	0	9
2025.08.15	05:45:00	1.16623	1.16708	1.16622	1.16704	327	0	9
2025.08.15	06:00:00	1.16705	1.16737	1.16673	1.16718	547	0	9
2025.08.15	06:15:00	1.16718	1.16718	1.16647	1.16666	485	0	9
2025.08.15	06:30:00	1.16667	1.16744	1.16666	1.16717	537	0	9
2025.08.15	06:45:00	1.16717	1.16733	1.16696	1.16712	405	0	9
2025.08.15	07:00:00	1.16712	1.16805	1.16712	1.16758	673	0	9
2025.08.15	07:15:00	1.16756	1.16784	1.16732	1.16767	585	0	9
2025.08.15	07:30:00	1.16768	1.16788	1.16747	1.16786	506	0	9
2025.08.15	07:45:00	1.16786	1.16837	1.16753	1.16822	542	0	9
2025.08.15	08:00:00	1.16822	1.16850	1.16810	1.16825	523	0	9
2025.08.15	08:15:00	1.16826	1.16843	1.16762	1.16783	494	0	9
2025.08.15	08:30:00	1.16784	1.16795	1.16761	1.16774	420	0	9
2025.08.15	08:45:00	1.16774	1.16834	1.16770	1.16817	493	0	9
2025.08.15	09:00:00	1.16815	1.16870	1.16796	1.16860	520	0	9
2025.08.15	09:15:00	1.16859	1.16884	1.16843	1.16868	440	0	9
2025.08.15	09:30:00	1.16865	1.16872	1.16831	1.16864	486	0	9
2025.08.15	09:45:00	1.16866	1.16895	1.16845	1.16872	431	0	9
2025.08.15	10:00:00	1.16871	1.16910	1.16858	1.16879	444	0	9
2025.08.15	10:15:00	1.16881	1.16891	1.16832	1.16832	346	0	9
2025.08.15	10:30:00	1.16832	1.16861	1.16811	1.16812	370	0	9
2025.08.15	10:45:00	1.16812	1.16870	1.16800	1.16853	549	0	9
2025.08.15	11:00:00	1.16852	1.16914	1.16845	1.16900	423	0	9
2025.08.15	11:15:00	1.16900	1.16905	1.16874	1.16876	341	0	9
2025.08.15	11:30:00	1.16875	1.16904	1.16843	1.16850	382	0	9
2025.08.15	11:45:00	1.16850	1.16876	1.16812	1.16872	421	0	9
2025.08.15	12:00:00	1.16872	1.16921	1.16844	1.16905	549	0	9
2025.08.15	12:15:00	1.16906	1.16906	1.16834	1.16867	687	0	9
2025.08.15	12:30:00	1.16869	1.16998	1.16734	1.16943	1601	0	9
2025.08.15	12:45:00	1.16941	1.16981	1.16866	1.16935	1139	0	9
2025.08.15	13:00:00	1.16934	1.17015	1.16902	1.16907	1082	0	9
2025.08.15	13:15:00	1.16908	1.16919	1.16815	1.16907	916	0	9
2025.08.15	13:30:00	1.16910	1.16978	1.16875	1.16930	1197	0	9
2025.08.15	13:45:00	1.16930	1.17076	1.16930	1.17026	1251	0	9
2025.08.15	14:00:00	1.17028	1.17145	1.17002	1.17115	1384	0	9
2025.08.15	14:15:00	1.17116	1.17150	1.17075	1.17099	1028	0	9
2025.08.15	14:30:00	1.17097	1.17149	1.17051	1.17135	955	0	9
2025.08.15	14:45:00	1.17138	1.17149	1.17072	1.17113	934	0	9
2025.08.15	15:00:00	1.17111	1.17145	1.17029	1.17042	824	0	9
2025.08.15	15:15:00	1.17041	1.17126	1.17034	1.17112	689	0	9
2025.08.15	15:30:00	1.17112	1.17144	1.17063	1.17084	625	0	9
2025.08.15	15:45:00	1.17085	1.17101	1.17051	1.17067	587	0	9
2025.08.15	16:00:00	1.17066	1.17080	1.17019	1.17044	563	0	9
2025.08.15	16:15:00	1.17044	1.17051	1.17016	1.17027	463	0	9
2025.08.15	16:30:00	1.17029	1.17044	1.17019	1.17022	357	0	9
2025.08.15	16:45:00	1.17022	1.17038	1.16991	1.17036	385	0	9
2025.08.15	17:00:00	1.17038	1.17047	1.16988	1.17036	426	0	9
2025.08.15	17:15:00	1.17036	1.17044	1.16989	1.17001	450	0	9
2025.08.15	17:30:00	1.17003	1.17044	1.16992	1.17041	354	0	9
2025.08.15	17:45:00	1.17041	1.17058	1.17017	1.17040	341	0	9
2025.08.15	18:00:00	1.17040	1.17049	1.16980	1.17038	435	0	9
2025.08.15	18:15:00	1.17039	1.17064	1.17024	1.17025	368	0	9
2025.08.15	18:30:00	1.17024	1.17041	1.17011	1.17023	295	0	9
2025.08.15	18:45:00	1.17023	1.17048	1.17006	1.17023	350	0	9
2025.08.15	19:00:00	1.17023	1.17032	1.17005	1.17018	282	0	9
2025.08.15	19:15:00	1.17019	1.17019	1.16996	1.17008	226	0	9
2025.08.15	19:30:00	1.17008	1.17034	1.17007	1.17012	254	0	9
2025.08.15	19:45:00	1.17012	1.17023	1.16997	1.17007	291	0	9
2025.08.15	20:00:00	1.17006	1.17078	1.17005	1.17076	253	0	9
2025.08.15	20:15:00	1.17076	1.17076	1.17032	1.17036	202	0	9
2025.08.15	20:30:00	1.17034	1.17043	1.17003	1.17015	180	0	9
2025.08.15	20:45:00	1.17013	1.17047	1.17007	1.17043	761	0	9
2025.08.17	21:00:00	1.17080	1.17080	1.17052	1.17066	116	0	60
2025.08.17	21:15:00	1.17064	1.17081	1.17056	1.17071	174	0	53
2025.08.17	21:30:00	1.17073	1.17099	1.17068	1.17098	135	0	53
2025.08.17	21:45:00	1.17099	1.17111	1.17097	1.17109	108	0	53
2025.08.17	22:00:00	1.17136	1.17157	1.17091	1.17102	365	0	9
2025.08.17	22:15:00	1.17103	1.17118	1.17096	1.17115	174	0	9
2025.08.17	22:30:00	1.17115	1.17136	1.17099	1.17116	181	0	9
2025.08.17	22:45:00	1.17116	1.17140	1.17101	1.17130	150	0	9
2025.08.17	23:00:00	1.17133	1.17141	1.17077	1.17084	267	0	9
2025.08.17	23:15:00	1.17084	1.17087	1.17039	1.17063	238	0	9
2025.08.17	23:30:00	1.17063	1.17076	1.17052	1.17060	201	0	9
2025.08.17	23:45:00	1.17058	1.17070	1.17036	1.17059	229	0	9
2025.08.18	00:00:00	1.17059	1.17067	1.17025	1.17044	427	0	9
2025.08.18	00:15:00	1.17044	1.17104	1.17031	1.17087	426	0	9
2025.08.18	00:30:00	1.17090	1.17095	1.17020	1.17020	318	0	9
2025.08.18	00:45:00	1.17020	1.17030	1.16995	1.17013	365	0	9
2025.08.18	01:00:00	1.17014	1.17018	1.16967	1.16969	430	0	9
2025.08.18	01:15:00	1.16969	1.16986	1.16944	1.16957	373	0	9
2025.08.18	01:30:00	1.16956	1.16985	1.16932	1.16952	362	0	9
2025.08.18	01:45:00	1.16953	1.17041	1.16953	1.17029	418	0	9
2025.08.18	02:00:00	1.17029	1.17050	1.17006	1.17011	291	0	9
2025.08.18	02:15:00	1.17011	1.17013	1.16977	1.16989	270	0	9
2025.08.18	02:30:00	1.16987	1.17014	1.16970	1.16983	234	0	9
2025.08.18	02:45:00	1.16983	1.17011	1.16981	1.17010	274	0	9
2025.08.18	03:00:00	1.17010	1.17042	1.16992	1.16998	289	0	9
2025.08.18	03:15:00	1.16999	1.17037	1.16997	1.17036	231	0	9
2025.08.18	03:30:00	1.17036	1.17045	1.17011	1.17017	276	0	9
2025.08.18	03:45:00	1.17017	1.17037	1.16998	1.17034	290	0	9
2025.08.18	04:00:00	1.17034	1.17070	1.17021	1.17036	339	0	9
2025.08.18	04:15:00	1.17036	1.17051	1.17020	1.17041	228	0	9
2025.08.18	04:30:00	1.17041	1.17085	1.17040	1.17066	276	0	9
2025.08.18	04:45:00	1.17066	1.17101	1.17065	1.17080	285	0	9
2025.08.18	05:00:00	1.17077	1.17087	1.17041	1.17042	264	0	9
2025.08.18	05:15:00	1.17042	1.17061	1.17028	1.17035	296	0	9
2025.08.18	05:30:00	1.17035	1.17054	1.17008	1.17032	340	0	9
2025.08.18	05:45:00	1.17031	1.17070	1.17029	1.17055	362	0	9
2025.08.18	06:00:00	1.17053	1.17076	1.17014	1.17017	461	0	9
2025.08.18	06:15:00	1.17014	1.17026	1.16956	1.16961	484	0	9
2025.08.18	06:30:00	1.16961	1.16990	1.16947	1.16960	574	0	9
2025.08.18	06:45:00	1.16959	1.17000	1.16930	1.16962	630	0	9
2025.08.18	07:00:00	1.16964	1.17025	1.16921	1.17007	653	0	9
2025.08.18	07:15:00	1.17009	1.17026	1.16960	1.16996	592	0	9
2025.08.18	07:30:00	1.16997	1.17031	1.16958	1.16997	615	0	9
2025.08.18	07:45:00	1.16997	1.17007	1.16798	1.16811	885	0	9
2025.08.18	08:00:00	1.16811	1.16820	1.16707	1.16722	1092	0	9
2025.08.18	08:15:00	1.16722	1.16852	1.16722	1.16845	690	0	9
2025.08.18	08:30:00	1.16844	1.16866	1.16824	1.16824	530	0	9
2025.08.18	08:45:00	1.16825	1.16873	1.16800	1.16816	645	0	9
2025.08.18	09:00:00	1.16815	1.16857	1.16767	1.16849	634	0	9
2025.08.18	09:15:00	1.16849	1.16854	1.16796	1.16813	546	0	9
2025.08.18	09:30:00	1.16812	1.16818	1.16730	1.16737	533	0	9
2025.08.18	09:45:00	1.16739	1.16813	1.16725	1.16797	681	0	9
2025.08.18	10:00:00	1.16794	1.16812	1.16771	1.16795	554	0	9
2025.08.18	10:15:00	1.16794	1.16818	1.16768	1.16786	453	0	9
2025.08.18	10:30:00	1.16786	1.16821	1.16773	1.16814	435	0	9
2025.08.18	10:45:00	1.16814	1.16826	1.16785	1.16806	371	0	9
2025.08.18	11:00:00	1.16805	1.16880	1.16799	1.16855	382	0	9
2025.08.18	11:15:00	1.16857	1.16879	1.16828	1.16857	440	0	9
2025.08.18	11:30:00	1.16858	1.16859	1.16809	1.16829	474	0	9
2025.08.18	11:45:00	1.16829	1.16855	1.16713	1.16746	820	0	9
2025.08.18	12:00:00	1.16747	1.16789	1.16711	1.16737	735	0	9
2025.08.18	12:15:00	1.16737	1.16757	1.16707	1.16733	550	0	9
2025.08.18	12:30:00	1.16735	1.16757	1.16656	1.16701	741	0	9
2025.08.18	12:45:00	1.16701	1.16762	1.16687	1.16760	595	0	9
2025.08.18	13:00:00	1.16762	1.16774	1.16691	1.16721	630	0	9
2025.08.18	13:15:00	1.16719	1.16762	1.16715	1.16754	552	0	9
2025.08.18	13:30:00	1.16754	1.16773	1.16705	1.16755	724	0	9
2025.08.18	13:45:00	1.16757	1.16775	1.16711	1.16775	821	0	9
2025.08.18	14:00:00	1.16776	1.16841	1.16741	1.16777	865	0	9
2025.08.18	14:15:00	1.16774	1.16809	1.16738	1.16777	891	0	9
2025.08.18	14:30:00	1.16774	1.16774	1.16690	1.16709	767	0	9
2025.08.18	14:45:00	1.16710	1.16710	1.16601	1.16639	960	0	9
2025.08.18	15:00:00	1.16636	1.16669	1.16605	1.16643	751	0	9
2025.08.18	15:15:00	1.16646	1.16705	1.16630	1.16689	669	0	9
2025.08.18	15:30:00	1.16690	1.16741	1.16669	1.16702	632	0	9
2025.08.18	15:45:00	1.16703	1.16726	1.16664	1.16668	636	0	9
2025.08.18	16:00:00	1.16667	1.16667	1.16613	1.16660	650	0	9
2025.08.18	16:15:00	1.16660	1.16667	1.16626	1.16651	487	0	9
2025.08.18	16:30:00	1.16651	1.16671	1.16613	1.16616	427	0	9
2025.08.18	16:45:00	1.16616	1.16618	1.16557	1.16576	546	0	9
2025.08.18	17:00:00	1.16577	1.16619	1.16575	1.16599	434	0	9
2025.08.18	17:15:00	1.16599	1.16623	1.16565	1.16620	463	0	9
2025.08.18	17:30:00	1.16621	1.16661	1.16614	1.16627	460	0	9
2025.08.18	17:45:00	1.16627	1.16641	1.16613	1.16623	358	0	9
2025.08.18	18:00:00	1.16621	1.16667	1.16614	1.16659	341	0	9
2025.08.18	18:15:00	1.16661	1.16674	1.16639	1.16665	305	0	9
2025.08.18	18:30:00	1.16664	1.16667	1.16593	1.16594	379	0	9
2025.08.18	18:45:00	1.16595	1.16620	1.16580	1.16595	327	0	9
2025.08.18	19:00:00	1.16597	1.16650	1.16595	1.16649	347	0	9
2025.08.18	19:15:00	1.16649	1.16692	1.16649	1.16691	286	0	9
2025.08.18	19:30:00	1.16689	1.16700	1.16679	1.16685	308	0	9
2025.08.18	19:45:00	1.16685	1.16685	1.16659	1.16670	258	0	9
2025.08.18	20:00:00	1.16667	1.16691	1.16662	1.16670	253	0	9
2025.08.18	20:15:00	1.16670	1.16671	1.16643	1.16661	158	0	9
2025.08.18	20:30:00	1.16659	1.16677	1.16643	1.16645	152	0	9
2025.08.18	20:45:00	1.16645	1.16647	1.16578	1.16581	306	0	9
2025.08.18	21:00:00	1.16589	1.16606	1.16583	1.16593	55	0	22
2025.08.18	21:15:00	1.16589	1.16596	1.16580	1.16594	65	0	53
2025.08.18	21:30:00	1.16593	1.16611	1.16590	1.16590	146	0	22
2025.08.18	21:45:00	1.16592	1.16610	1.16581	1.16610	116	0	22
2025.08.18	22:00:00	1.16612	1.16744	1.16598	1.16724	510	0	9
2025.08.18	22:15:00	1.16724	1.16724	1.16660	1.16682	285	0	9
2025.08.18	22:30:00	1.16683	1.16686	1.16661	1.16678	140	0	9
2025.08.18	22:45:00	1.16678	1.16695	1.16671	1.16693	136	0	9
2025.08.18	23:00:00	1.16696	1.16696	1.16641	1.16645	194	0	9
2025.08.18	23:15:00	1.16645	1.16651	1.16622	1.16644	171	0	9
2025.08.18	23:30:00	1.16643	1.16650	1.16616	1.16645	222	0	9
2025.08.18	23:45:00	1.16645	1.16683	1.16645	1.16674	218	0	9
2025.08.19	00:00:00	1.16674	1.16695	1.16635	1.16682	407	0	9
2025.08.19	00:15:00	1.16683	1.16700	1.16644	1.16658	337	0	9
2025.08.19	00:30:00	1.16659	1.16661	1.16603	1.16612	351	0	9
2025.08.19	00:45:00	1.16611	1.16624	1.16554	1.16582	426	0	9
2025.08.19	01:00:00	1.16581	1.16620	1.16568	1.16568	457	0	9
2025.08.19	01:15:00	1.16570	1.16580	1.16423	1.16430	512	0	9
2025.08.19	01:30:00	1.16429	1.16491	1.16388	1.16487	821	0	9
2025.08.19	01:45:00	1.16487	1.16525	1.16486	1.16489	615	0	9
2025.08.19	02:00:00	1.16487	1.16547	1.16466	1.16547	528	0	9
2025.08.19	02:15:00	1.16547	1.16555	1.16516	1.16522	387	0	9
2025.08.19	02:30:00	1.16522	1.16540	1.16506	1.16527	302	0	9
2025.08.19	02:45:00	1.16528	1.16537	1.16506	1.16525	335	0	9
2025.08.19	03:00:00	1.16526	1.16546	1.16499	1.16543	378	0	9
2025.08.19	03:15:00	1.16544	1.16568	1.16529	1.16562	366	0	9
2025.08.19	03:30:00	1.16565	1.16585	1.16562	1.16580	308	0	9
2025.08.19	03:45:00	1.16579	1.16583	1.16538	1.16545	350	0	9
2025.08.19	04:00:00	1.16545	1.16576	1.16529	1.16554	327	0	9
2025.08.19	04:15:00	1.16555	1.16593	1.16538	1.16568	262	0	9
2025.08.19	04:30:00	1.16568	1.16594	1.16558	1.16589	241	0	9
2025.08.19	04:45:00	1.16589	1.16615	1.16576	1.16605	287	0	9
2025.08.19	05:00:00	1.16605	1.16646	1.16605	1.16629	274	0	9
2025.08.19	05:15:00	1.16628	1.16654	1.16611	1.16649	289	0	9
2025.08.19	05:30:00	1.16648	1.16652	1.16617	1.16630	256	0	9
2025.08.19	05:45:00	1.16630	1.16641	1.16537	1.16548	556	0	9
2025.08.19	06:00:00	1.16550	1.16573	1.16507	1.16560	753	0	9
2025.08.19	06:15:00	1.16560	1.16603	1.16536	1.16586	607	0	9
2025.08.19	06:30:00	1.16586	1.16645	1.16584	1.16631	465	0	9
2025.08.19	06:45:00	1.16631	1.16743	1.16625	1.16738	665	0	9
2025.08.19	07:00:00	1.16741	1.16808	1.16730	1.16745	846	0	9
2025.08.19	07:15:00	1.16743	1.16778	1.16734	1.16764	648	0	9
2025.08.19	07:30:00	1.16763	1.16811	1.16750	1.16796	624	0	9
2025.08.19	07:45:00	1.16797	1.16840	1.16767	1.16831	690	0	9
2025.08.19	08:00:00	1.16832	1.16839	1.16744	1.16751	647	0	9
2025.08.19	08:15:00	1.16752	1.16789	1.16744	1.16782	515	0	9
2025.08.19	08:30:00	1.16785	1.16786	1.16719	1.16740	532	0	9
2025.08.19	08:45:00	1.16739	1.16773	1.16712	1.16745	536	0	9
2025.08.19	09:00:00	1.16746	1.16773	1.16726	1.16753	479	0	9
2025.08.19	09:15:00	1.16753	1.16755	1.16721	1.16751	407	0	9
2025.08.19	09:30:00	1.16751	1.16772	1.16739	1.16760	391	0	9
2025.08.19	09:45:00	1.16760	1.16818	1.16742	1.16798	491	0	9
2025.08.19	10:00:00	1.16798	1.16828	1.16786	1.16825	464	0	9
2025.08.19	10:15:00	1.16824	1.16917	1.16816	1.16905	559	0	9
2025.08.19	10:30:00	1.16905	1.16907	1.16835	1.16855	469	0	9
2025.08.19	10:45:00	1.16854	1.16884	1.16840	1.16881	366	0	9
2025.08.19	11:00:00	1.16879	1.16925	1.16854	1.16877	517	0	9
2025.08.19	11:15:00	1.16877	1.16890	1.16822	1.16824	470	0	9
2025.08.19	11:30:00	1.16824	1.16834	1.16797	1.16824	399	0	9
2025.08.19	11:45:00	1.16824	1.16860	1.16809	1.16851	463	0	9
2025.08.19	12:00:00	1.16854	1.16860	1.16785	1.16854	657	0	9
2025.08.19	12:15:00	1.16854	1.16875	1.16803	1.16813	539	0	9
2025.08.19	12:30:00	1.16809	1.16818	1.16727	1.16791	890	0	9
2025.08.19	12:45:00	1.16791	1.16800	1.16737	1.16749	739	0	9
2025.08.19	13:00:00	1.16750	1.16780	1.16689	1.16717	772	0	9
2025.08.19	13:15:00	1.16717	1.16770	1.16677	1.16739	760	0	9
2025.08.19	13:30:00	1.16737	1.16774	1.16702	1.16724	763	0	9
2025.08.19	13:45:00	1.16723	1.16775	1.16712	1.16758	927	0	9
2025.08.19	14:00:00	1.16756	1.16774	1.16690	1.16692	813	0	9
2025.08.19	14:15:00	1.16691	1.16721	1.16653	1.16685	675	0	9
2025.08.19	14:30:00	1.16688	1.16699	1.16645	1.16650	666	0	9
2025.08.19	14:45:00	1.16649	1.16734	1.16635	1.16719	911	0	9
2025.08.19	15:00:00	1.16718	1.16748	1.16651	1.16738	856	0	9
2025.08.19	15:15:00	1.16737	1.16752	1.16666	1.16699	589	0	9
2025.08.19	15:30:00	1.16698	1.16698	1.16598	1.16622	511	0	9
2025.08.19	15:45:00	1.16622	1.16642	1.16570	1.16584	580	0	9
2025.08.19	16:00:00	1.16586	1.16624	1.16570	1.16592	612	0	9
2025.08.19	16:15:00	1.16590	1.16629	1.16547	1.16549	506	0	9
2025.08.19	16:30:00	1.16549	1.16603	1.16541	1.16588	540	0	9
2025.08.19	16:45:00	1.16589	1.16608	1.16547	1.16559	466	0	9
2025.08.19	17:00:00	1.16560	1.16605	1.16542	1.16579	411	0	9
2025.08.19	17:15:00	1.16579	1.16581	1.16556	1.16563	343	0	9
2025.08.19	17:30:00	1.16563	1.16586	1.16551	1.16565	337	0	9
2025.08.19	17:45:00	1.16566	1.16568	1.16525	1.16545	297	0	9
2025.08.19	18:00:00	1.16543	1.16543	1.16497	1.16498	371	0	9
2025.08.19	18:15:00	1.16498	1.16508	1.16478	1.16501	323	0	9
2025.08.19	18:30:00	1.16500	1.16500	1.16421	1.16423	353	0	9
2025.08.19	18:45:00	1.16425	1.16482	1.16420	1.16470	423	0	9
2025.08.19	19:00:00	1.16469	1.16479	1.16423	1.16435	356	0	9
2025.08.19	19:15:00	1.16435	1.16475	1.16432	1.16474	275	0	9
2025.08.19	19:30:00	1.16473	1.16474	1.16452	1.16466	233	0	9
2025.08.19	19:45:00	1.16465	1.16475	1.16454	1.16461	270	0	9
2025.08.19	20:00:00	1.16461	1.16473	1.16445	1.16457	204	0	9
2025.08.19	20:15:00	1.16457	1.16466	1.16450	1.16455	155	0	9
2025.08.19	20:30:00	1.16454	1.16479	1.16449	1.16464	216	0	9
2025.08.19	20:45:00	1.16464	1.16473	1.16436	1.16453	279	0	9
2025.08.19	21:00:00	1.16436	1.16461	1.16435	1.16449	116	0	22
2025.08.19	21:15:00	1.16451	1.16453	1.16419	1.16429	144	0	62
2025.08.19	21:30:00	1.16432	1.16459	1.16422	1.16444	227	0	53
2025.08.19	21:45:00	1.16446	1.16465	1.16442	1.16449	169	0	22
2025.08.19	22:00:00	1.16465	1.16487	1.16439	1.16482	204	0	9
2025.08.19	22:15:00	1.16481	1.16490	1.16477	1.16479	117	0	9
2025.08.19	22:30:00	1.16479	1.16485	1.16455	1.16465	157	0	9
2025.08.19	22:45:00	1.16465	1.16484	1.16464	1.16482	89	0	9
2025.08.19	23:00:00	1.16482	1.16484	1.16439	1.16444	180	0	9
2025.08.19	23:15:00	1.16444	1.16444	1.16412	1.16422	219	0	9
2025.08.19	23:30:00	1.16423	1.16433	1.16403	1.16426	160	0	9
2025.08.19	23:45:00	1.16427	1.16435	1.16410	1.16411	148	0	9
2025.08.20	00:00:00	1.16411	1.16422	1.16311	1.16322	475	0	9
2025.08.20	00:15:00	1.16322	1.16364	1.16318	1.16324	341	0	9
2025.08.20	00:30:00	1.16324	1.16370	1.16313	1.16346	342	0	9
2025.08.20	00:45:00	1.16346	1.16401	1.16346	1.16384	507	0	9
2025.08.20	01:00:00	1.16384	1.16417	1.16355	1.16379	457	0	9
2025.08.20	01:15:00	1.16378	1.16391	1.16272	1.16286	490	0	9
2025.08.20	01:30:00	1.16286	1.16340	1.16286	1.16313	561	0	9
2025.08.20	01:45:00	1.16316	1.16322	1.16266	1.16270	518	0	9
2025.08.20	02:00:00	1.16270	1.16273	1.16232	1.16262	639	0	9
2025.08.20	02:15:00	1.16262	1.16275	1.16248	1.16265	402	0	9
2025.08.20	02:30:00	1.16264	1.16294	1.16240	1.16242	444	0	9
2025.08.20	02:45:00	1.16244	1.16270	1.16216	1.16260	608	0	9
2025.08.20	03:00:00	1.16262	1.16340	1.16262	1.16294	544	0	9
2025.08.20	03:15:00	1.16293	1.16342	1.16285	1.16339	336	0	9
2025.08.20	03:30:00	1.16339	1.16356	1.16321	1.16350	329	0	9
2025.08.20	03:45:00	1.16350	1.16360	1.16320	1.16327	308	0	9
2025.08.20	04:00:00	1.16326	1.16376	1.16321	1.16357	260	0	9
2025.08.20	04:15:00	1.16357	1.16372	1.16339	1.16346	245	0	9
2025.08.20	04:30:00	1.16346	1.16363	1.16336	1.16338	185	0	9
2025.08.20	04:45:00	1.16338	1.16359	1.16335	1.16341	222	0	9
2025.08.20	05:00:00	1.16340	1.16349	1.16319	1.16342	251	0	9
2025.08.20	05:15:00	1.16342	1.16378	1.16335	1.16371	215	0	9
2025.08.20	05:30:00	1.16370	1.16395	1.16367	1.16369	280	0	9
2025.08.20	05:45:00	1.16369	1.16398	1.16361	1.16391	340	0	9
2025.08.20	06:00:00	1.16389	1.16420	1.16227	1.16259	1144	0	9
2025.08.20	06:15:00	1.16261	1.16319	1.16228	1.16263	997	0	9
2025.08.20	06:30:00	1.16264	1.16362	1.16264	1.16360	720	0	9
2025.08.20	06:45:00	1.16360	1.16372	1.16315	1.16330	665	0	9
2025.08.20	07:00:00	1.16331	1.16413	1.16329	1.16389	850	0	9
2025.08.20	07:15:00	1.16390	1.16463	1.16371	1.16450	727	0	9
2025.08.20	07:30:00	1.16450	1.16464	1.16385	1.16399	612	0	9
2025.08.20	07:45:00	1.16397	1.16445	1.16366	1.16442	640	0	9
2025.08.20	08:00:00	1.16440	1.16462	1.16417	1.16419	576	0	9
2025.08.20	08:15:00	1.16419	1.16439	1.16357	1.16362	619	0	9
2025.08.20	08:30:00	1.16359	1.16406	1.16312	1.16358	627	0	9
2025.08.20	08:45:00	1.16358	1.16406	1.16344	1.16375	548	0	9
2025.08.20	09:00:00	1.16373	1.16394	1.16346	1.16384	483	0	9
2025.08.20	09:15:00	1.16385	1.16415	1.16355	1.16409	472	0	9
2025.08.20	09:30:00	1.16408	1.16446	1.16387	1.16425	478	0	9
2025.08.20	09:45:00	1.16425	1.16458	1.16414	1.16445	470	0	9
2025.08.20	10:00:00	1.16444	1.16523	1.16430	1.16523	467	0	9
2025.08.20	10:15:00	1.16520	1.16547	1.16499	1.16538	650	0	9
2025.08.20	10:30:00	1.16538	1.16571	1.16451	1.16472	608	0	9
2025.08.20	10:45:00	1.16471	1.16488	1.16435	1.16464	436	0	9
2025.08.20	11:00:00	1.16466	1.16495	1.16423	1.16458	474	0	9
2025.08.20	11:15:00	1.16458	1.16475	1.16433	1.16443	350	0	9
2025.08.20	11:30:00	1.16442	1.16470	1.16415	1.16418	447	0	9
2025.08.20	11:45:00	1.16418	1.16458	1.16398	1.16415	551	0	9
2025.08.20	12:00:00	1.16417	1.16511	1.16417	1.16507	728	0	9
2025.08.20	12:15:00	1.16505	1.16538	1.16499	1.16520	578	0	9
2025.08.20	12:30:00	1.16520	1.16688	1.16518	1.16643	1434	0	9
2025.08.20	12:45:00	1.16644	1.16733	1.16618	1.16707	932	0	9
2025.08.20	13:00:00	1.16705	1.16715	1.16626	1.16646	756	0	9
2025.08.20	13:15:00	1.16645	1.16671	1.16606	1.16625	595	0	9
2025.08.20	13:30:00	1.16627	1.16703	1.16616	1.16702	850	0	9
2025.08.20	13:45:00	1.16700	1.16700	1.16557	1.16582	1301	0	9
2025.08.20	14:00:00	1.16583	1.16652	1.16545	1.16554	987	0	9
2025.08.20	14:15:00	1.16558	1.16575	1.16482	1.16537	969	0	9
2025.08.20	14:30:00	1.16537	1.16579	1.16511	1.16570	778	0	9
2025.08.20	14:45:00	1.16571	1.16689	1.16557	1.16624	1484	0	9
2025.08.20	15:00:00	1.16624	1.16629	1.16561	1.16566	795	0	9
2025.08.20	15:15:00	1.16567	1.16619	1.16567	1.16618	667	0	9
2025.08.20	15:30:00	1.16618	1.16625	1.16540	1.16541	640	0	9
2025.08.20	15:45:00	1.16543	1.16554	1.16459	1.16474	768	0	9
2025.08.20	16:00:00	1.16474	1.16547	1.16474	1.16534	498	0	9
2025.08.20	16:15:00	1.16537	1.16601	1.16536	1.16591	460	0	9
2025.08.20	16:30:00	1.16591	1.16614	1.16577	1.16583	400	0	9
2025.08.20	16:45:00	1.16583	1.16604	1.16557	1.16593	419	0	9
2025.08.20	17:00:00	1.16592	1.16653	1.16588	1.16623	499	0	9
2025.08.20	17:15:00	1.16623	1.16667	1.16617	1.16660	342	0	9
2025.08.20	17:30:00	1.16662	1.16667	1.16600	1.16605	396	0	9
2025.08.20	17:45:00	1.16604	1.16723	1.16604	1.16711	482	0	9
2025.08.20	18:00:00	1.16708	1.16708	1.16586	1.16621	793	0	9
2025.08.20	18:15:00	1.16622	1.16630	1.16547	1.16577	524	0	9
2025.08.20	18:30:00	1.16576	1.16608	1.16567	1.16591	406	0	9
2025.08.20	18:45:00	1.16590	1.16607	1.16544	1.16546	442	0	9
2025.08.20	19:00:00	1.16546	1.16582	1.16521	1.16576	483	0	9
2025.08.20	19:15:00	1.16575	1.16580	1.16542	1.16562	244	0	9
2025.08.20	19:30:00	1.16562	1.16577	1.16555	1.16562	234	0	9
2025.08.20	19:45:00	1.16562	1.16570	1.16523	1.16525	219	0	9
2025.08.20	20:00:00	1.16526	1.16527	1.16469	1.16488	269	0	9
2025.08.20	20:15:00	1.16488	1.16499	1.16464	1.16471	210	0	9
2025.08.20	20:30:00	1.16471	1.16503	1.16471	1.16498	168	0	9
2025.08.20	20:45:00	1.16497	1.16517	1.16472	1.16472	243	0	9
2025.08.20	21:00:00	1.16470	1.16496	1.16447	1.16448	196	0	22
2025.08.20	21:15:00	1.16450	1.16482	1.16448	1.16481	113	0	96
2025.08.20	21:30:00	1.16480	1.16522	1.16458	1.16474	219	0	22
2025.08.20	21:45:00	1.16476	1.16508	1.16458	1.16501	260	0	22
2025.08.20	22:00:00	1.16526	1.16553	1.16498	1.16524	246	0	9
2025.08.20	22:15:00	1.16524	1.16539	1.16520	1.16536	135	0	9
2025.08.20	22:30:00	1.16533	1.16539	1.16525	1.16529	95	0	9
2025.08.20	22:45:00	1.16529	1.16529	1.16519	1.16524	60	0	9
2025.08.20	23:00:00	1.16524	1.16524	1.16492	1.16500	109	0	9
2025.08.20	23:15:00	1.16500	1.16533	1.16493	1.16526	193	0	9
2025.08.20	23:30:00	1.16526	1.16526	1.16491	1.16492	200	0	9
2025.08.20	23:45:00	1.16490	1.16513	1.16478	1.16505	225	0	9
2025.08.21	00:00:00	1.16505	1.16513	1.16458	1.16485	484	0	9
2025.08.21	00:15:00	1.16486	1.16501	1.16456	1.16466	345	0	9
2025.08.21	00:30:00	1.16468	1.16469	1.16422	1.16440	326	0	9
2025.08.21	00:45:00	1.16440	1.16465	1.16408	1.16463	414	0	9
2025.08.21	01:00:00	1.16461	1.16496	1.16441	1.16460	378	0	9
2025.08.21	01:15:00	1.16460	1.16477	1.16429	1.16445	423	0	9
2025.08.21	01:30:00	1.16442	1.16503	1.16410	1.16477	474	0	9
2025.08.21	01:45:00	1.16477	1.16497	1.16449	1.16459	472	0	9
2025.08.21	02:00:00	1.16457	1.16491	1.16446	1.16480	408	0	9
2025.08.21	02:15:00	1.16480	1.16486	1.16438	1.16458	314	0	9
2025.08.21	02:30:00	1.16458	1.16465	1.16430	1.16456	289	0	9
2025.08.21	02:45:00	1.16454	1.16469	1.16448	1.16464	275	0	9
2025.08.21	03:00:00	1.16466	1.16485	1.16457	1.16467	230	0	9
2025.08.21	03:15:00	1.16467	1.16468	1.16425	1.16429	235	0	9
2025.08.21	03:30:00	1.16429	1.16448	1.16413	1.16441	242	0	9
2025.08.21	03:45:00	1.16442	1.16470	1.16435	1.16455	215	0	9
2025.08.21	04:00:00	1.16455	1.16459	1.16424	1.16445	254	0	9
2025.08.21	04:15:00	1.16445	1.16466	1.16441	1.16448	221	0	9
2025.08.21	04:30:00	1.16448	1.16479	1.16444	1.16462	165	0	9
2025.08.21	04:45:00	1.16462	1.16474	1.16444	1.16449	211	0	9
2025.08.21	05:00:00	1.16451	1.16462	1.16415	1.16421	258	0	9
2025.08.21	05:15:00	1.16422	1.16476	1.16420	1.16470	298	0	9
2025.08.21	05:30:00	1.16470	1.16479	1.16452	1.16476	266	0	9
2025.08.21	05:45:00	1.16476	1.16495	1.16462	1.16490	302	0	9
2025.08.21	06:00:00	1.16490	1.16494	1.16413	1.16429	479	0	9
2025.08.21	06:15:00	1.16427	1.16447	1.16328	1.16341	638	0	9
2025.08.21	06:30:00	1.16340	1.16362	1.16312	1.16315	555	0	9
2025.08.21	06:45:00	1.16315	1.16327	1.16255	1.16296	644	0	9
2025.08.21	07:00:00	1.16298	1.16349	1.16245	1.16344	732	0	9
2025.08.21	07:15:00	1.16347	1.16463	1.16347	1.16430	810	0	9
2025.08.21	07:30:00	1.16432	1.16589	1.16432	1.16547	966	0	9
2025.08.21	07:45:00	1.16547	1.16608	1.16541	1.16576	549	0	9
2025.08.21	08:00:00	1.16578	1.16593	1.16523	1.16528	574	0	9
2025.08.21	08:15:00	1.16528	1.16551	1.16497	1.16535	491	0	9
2025.08.21	08:30:00	1.16537	1.16582	1.16522	1.16531	622	0	9
2025.08.21	08:45:00	1.16532	1.16575	1.16521	1.16543	505	0	9
2025.08.21	09:00:00	1.16544	1.16604	1.16530	1.16600	516	0	9
2025.08.21	09:15:00	1.16601	1.16625	1.16571	1.16576	551	0	9
2025.08.21	09:30:00	1.16576	1.16608	1.16546	1.16596	473	0	9
2025.08.21	09:45:00	1.16595	1.16603	1.16541	1.16544	472	0	9
2025.08.21	10:00:00	1.16541	1.16562	1.16506	1.16515	456	0	9
2025.08.21	10:15:00	1.16512	1.16517	1.16482	1.16498	360	0	9
2025.08.21	10:30:00	1.16495	1.16523	1.16477	1.16485	409	0	9
2025.08.21	10:45:00	1.16485	1.16517	1.16480	1.16488	474	0	9
2025.08.21	11:00:00	1.16491	1.16568	1.16477	1.16552	588	0	9
2025.08.21	11:15:00	1.16550	1.16558	1.16492	1.16494	408	0	9
2025.08.21	11:30:00	1.16495	1.16501	1.16442	1.16450	595	0	9
2025.08.21	11:45:00	1.16452	1.16467	1.16392	1.16400	672	0	9
2025.08.21	12:00:00	1.16403	1.16422	1.16364	1.16420	598	0	9
2025.08.21	12:15:00	1.16422	1.16439	1.16389	1.16401	510	0	9
2025.08.21	12:30:00	1.16410	1.16558	1.16404	1.16435	1197	0	9
2025.08.21	12:45:00	1.16433	1.16523	1.16422	1.16464	914	0	9
2025.08.21	13:00:00	1.16465	1.16497	1.16428	1.16469	855	0	9
2025.08.21	13:15:00	1.16467	1.16486	1.16436	1.16457	651	0	9
2025.08.21	13:30:00	1.16458	1.16470	1.16345	1.16352	1025	0	9
2025.08.21	13:45:00	1.16350	1.16350	1.16153	1.16208	1871	0	9
2025.08.21	14:00:00	1.16206	1.16289	1.16160	1.16273	1358	0	9
2025.08.21	14:15:00	1.16276	1.16280	1.16194	1.16200	1015	0	9
2025.08.21	14:30:00	1.16197	1.16233	1.16084	1.16105	1070	0	9
2025.08.21	14:45:00	1.16107	1.16172	1.16058	1.16154	1128	0	9
2025.08.21	15:00:00	1.16152	1.16171	1.16016	1.16074	1171	0	9
2025.08.21	15:15:00	1.16071	1.16254	1.16007	1.16192	1774	0	9
2025.08.21	15:30:00	1.16194	1.16227	1.16118	1.16137	1292	0	9
2025.08.21	15:45:00	1.16137	1.16145	1.16039	1.16043	818	0	9
2025.08.21	16:00:00	1.16041	1.16050	1.16011	1.16020	598	0	9
2025.08.21	16:15:00	1.16018	1.16083	1.16015	1.16069	549	0	9
2025.08.21	16:30:00	1.16069	1.16095	1.16029	1.16079	471	0	9
2025.08.21	16:45:00	1.16080	1.16115	1.16074	1.16108	434	0	9
2025.08.21	17:00:00	1.16110	1.16167	1.16110	1.16163	439	0	9
2025.08.21	17:15:00	1.16164	1.16168	1.16121	1.16131	357	0	9
2025.08.21	17:30:00	1.16131	1.16164	1.16123	1.16152	309	0	9
2025.08.21	17:45:00	1.16152	1.16183	1.16141	1.16142	419	0	9
2025.08.21	18:00:00	1.16142	1.16148	1.16099	1.16101	371	0	9
2025.08.21	18:15:00	1.16102	1.16166	1.16092	1.16111	511	0	9
2025.08.21	18:30:00	1.16114	1.16137	1.16081	1.16086	353	0	9
2025.08.21	18:45:00	1.16086	1.16110	1.16066	1.16095	363	0	9
2025.08.21	19:00:00	1.16094	1.16096	1.16075	1.16086	238	0	9
2025.08.21	19:15:00	1.16086	1.16100	1.16055	1.16065	237	0	9
2025.08.21	19:30:00	1.16066	1.16075	1.16037	1.16048	286	0	9
2025.08.21	19:45:00	1.16046	1.16055	1.16033	1.16048	242	0	9
2025.08.21	20:00:00	1.16047	1.16050	1.16028	1.16039	183	0	9
2025.08.21	20:15:00	1.16039	1.16064	1.16038	1.16062	167	0	9
2025.08.21	20:30:00	1.16061	1.16080	1.16053	1.16075	159	0	9
2025.08.21	20:45:00	1.16078	1.16080	1.16028	1.16029	183	0	9
2025.08.21	21:00:00	1.16029	1.16047	1.16026	1.16044	162	0	53
2025.08.21	21:15:00	1.16046	1.16047	1.15996	1.16013	228	0	54
2025.08.21	21:30:00	1.16010	1.16042	1.15997	1.16025	226	0	85
2025.08.21	21:45:00	1.16022	1.16080	1.16012	1.16066	374	0	22
2025.08.21	22:00:00	1.16082	1.16104	1.16059	1.16103	153	0	9
2025.08.21	22:15:00	1.16103	1.16107	1.16094	1.16106	123	0	9
2025.08.21	22:30:00	1.16106	1.16132	1.16102	1.16120	140	0	9
2025.08.21	22:45:00	1.16120	1.16133	1.16116	1.16129	94	0	9
2025.08.21	23:00:00	1.16129	1.16135	1.16093	1.16098	166	0	9
2025.08.21	23:15:00	1.16098	1.16118	1.16088	1.16105	166	0	9
2025.08.21	23:30:00	1.16105	1.16139	1.16105	1.16129	168	0	9
2025.08.21	23:45:00	1.16129	1.16143	1.16117	1.16121	157	0	9
2025.08.22	00:00:00	1.16121	1.16144	1.16101	1.16132	323	0	9
2025.08.22	00:15:00	1.16131	1.16163	1.16110	1.16137	322	0	9
2025.08.22	00:30:00	1.16136	1.16144	1.16122	1.16137	274	0	9
2025.08.22	00:45:00	1.16135	1.16146	1.16121	1.16142	314	0	9
2025.08.22	01:00:00	1.16142	1.16154	1.16098	1.16134	350	0	9
2025.08.22	01:15:00	1.16134	1.16134	1.16103	1.16117	281	0	9
2025.08.22	01:30:00	1.16118	1.16123	1.16068	1.16105	352	0	9
2025.08.22	01:45:00	1.16104	1.16108	1.16038	1.16080	452	0	9
2025.08.22	02:00:00	1.16079	1.16138	1.16047	1.16096	447	0	9
2025.08.22	02:15:00	1.16096	1.16125	1.16077	1.16095	290	0	9
2025.08.22	02:30:00	1.16097	1.16110	1.16079	1.16106	295	0	9
2025.08.22	02:45:00	1.16106	1.16119	1.16063	1.16085	279	0	9
2025.08.22	03:00:00	1.16085	1.16087	1.16040	1.16053	369	0	9
2025.08.22	03:15:00	1.16054	1.16068	1.16007	1.16008	258	0	9
2025.08.22	03:30:00	1.16007	1.16020	1.15907	1.15942	572	0	9
2025.08.22	03:45:00	1.15941	1.15946	1.15885	1.15891	439	0	9
2025.08.22	04:00:00	1.15892	1.15937	1.15892	1.15934	287	0	9
2025.08.22	04:15:00	1.15934	1.15934	1.15830	1.15834	432	0	9
2025.08.22	04:30:00	1.15834	1.15876	1.15823	1.15873	367	0	9
2025.08.22	04:45:00	1.15873	1.15873	1.15836	1.15842	272	0	9
2025.08.22	05:00:00	1.15841	1.15869	1.15828	1.15869	257	0	9
2025.08.22	05:15:00	1.15870	1.15880	1.15844	1.15857	331	0	9
2025.08.22	05:30:00	1.15859	1.15884	1.15831	1.15880	267	0	9
2025.08.22	05:45:00	1.15881	1.15886	1.15850	1.15865	331	0	9
2025.08.22	06:00:00	1.15863	1.15916	1.15829	1.15916	535	0	9
2025.08.22	06:15:00	1.15917	1.15938	1.15885	1.15906	512	0	9
2025.08.22	06:30:00	1.15907	1.15934	1.15868	1.15929	563	0	9
2025.08.22	06:45:00	1.15928	1.15948	1.15865	1.15883	562	0	9
2025.08.22	07:00:00	1.15883	1.15982	1.15880	1.15978	609	0	9
2025.08.22	07:15:00	1.15978	1.15986	1.15934	1.15954	536	0	9
2025.08.22	07:30:00	1.15955	1.15970	1.15911	1.15938	464	0	9
2025.08.22	07:45:00	1.15939	1.15979	1.15912	1.15944	513	0	9
2025.08.22	08:00:00	1.15941	1.15960	1.15909	1.15960	468	0	9
2025.08.22	08:15:00	1.15958	1.15958	1.15912	1.15927	405	0	9
2025.08.22	08:30:00	1.15928	1.15957	1.15908	1.15951	458	0	9
2025.08.22	08:45:00	1.15952	1.15991	1.15931	1.15990	493	0	9
2025.08.22	09:00:00	1.15991	1.16021	1.15969	1.15984	468	0	9
2025.08.22	09:15:00	1.15983	1.15997	1.15961	1.15980	427	0	9
2025.08.22	09:30:00	1.15981	1.16021	1.15963	1.15973	413	0	9
2025.08.22	09:45:00	1.15971	1.16011	1.15950	1.15961	382	0	9
2025.08.22	10:00:00	1.15961	1.15987	1.15960	1.15977	377	0	9
2025.08.22	10:15:00	1.15977	1.15987	1.15930	1.15971	355	0	9
2025.08.22	10:30:00	1.15968	1.15997	1.15940	1.15945	405	0	9
2025.08.22	10:45:00	1.15942	1.15979	1.15931	1.15953	438	0	9
2025.08.22	11:00:00	1.15955	1.16023	1.15955	1.16001	451	0	9
2025.08.22	11:15:00	1.16000	1.16014	1.15944	1.15965	492	0	9
2025.08.22	11:30:00	1.15968	1.16047	1.15968	1.16027	505	0	9
2025.08.22	11:45:00	1.16030	1.16060	1.16020	1.16039	619	0	9
2025.08.22	12:00:00	1.16041	1.16104	1.16041	1.16102	557	0	9
2025.08.22	12:15:00	1.16101	1.16132	1.16093	1.16106	437	0	9
2025.08.22	12:30:00	1.16106	1.16116	1.16065	1.16076	528	0	9
2025.08.22	12:45:00	1.16077	1.16101	1.16062	1.16082	586	0	9
2025.08.22	13:00:00	1.16083	1.16187	1.16069	1.16155	734	0	9
2025.08.22	13:15:00	1.16154	1.16166	1.16079	1.16095	574	0	9
2025.08.22	13:30:00	1.16096	1.16111	1.16027	1.16045	840	0	9
2025.08.22	13:45:00	1.16045	1.16053	1.15972	1.15995	916	0	9
2025.08.22	14:00:00	1.15998	1.16855	1.15998	1.16822	6623	0	9
2025.08.22	14:15:00	1.16820	1.17056	1.16805	1.16884	4411	0	9
2025.08.22	14:30:00	1.16886	1.17070	1.16886	1.17034	2715	0	9
2025.08.22	14:45:00	1.17034	1.17197	1.16985	1.17176	2050	0	9
2025.08.22	15:00:00	1.17174	1.17294	1.17152	1.17222	1589	0	9
2025.08.22	15:15:00	1.17223	1.17319	1.17155	1.17244	1294	0	9
2025.08.22	15:30:00	1.17244	1.17296	1.17153	1.17167	1474	0	9
2025.08.22	15:45:00	1.17165	1.17188	1.17119	1.17119	1071	0	9
2025.08.22	16:00:00	1.17118	1.17223	1.17113	1.17205	853	0	9
2025.08.22	16:15:00	1.17204	1.17243	1.17166	1.17187	808	0	9
2025.08.22	16:30:00	1.17188	1.17262	1.17164	1.17202	917	0	9
2025.08.22	16:45:00	1.17203	1.17237	1.17151	1.17214	768	0	9
2025.08.22	17:00:00	1.17217	1.17324	1.17217	1.17317	706	0	9
2025.08.22	17:15:00	1.17318	1.17380	1.17317	1.17363	744	0	9
2025.08.22	17:30:00	1.17361	1.17420	1.17361	1.17399	682	0	9
2025.08.22	17:45:00	1.17401	1.17421	1.17353	1.17369	608	0	9
2025.08.22	18:00:00	1.17366	1.17390	1.17343	1.17352	553	0	9
2025.08.22	18:15:00	1.17352	1.17362	1.17284	1.17300	509	0	9
2025.08.22	18:30:00	1.17300	1.17323	1.17245	1.17258	373	0	9
2025.08.22	18:45:00	1.17255	1.17255	1.17208	1.17210	482	0	9
2025.08.22	19:00:00	1.17212	1.17223	1.17146	1.17180	488	0	9
2025.08.22	19:15:00	1.17180	1.17208	1.17173	1.17199	395	0	9
2025.08.22	19:30:00	1.17201	1.17202	1.17162	1.17197	308	0	9
2025.08.22	19:45:00	1.17199	1.17199	1.17179	1.17195	265	0	9
2025.08.22	20:00:00	1.17194	1.17224	1.17176	1.17202	340	0	9
2025.08.22	20:15:00	1.17202	1.17223	1.17197	1.17217	196	0	9
2025.08.22	20:30:00	1.17219	1.17260	1.17208	1.17257	157	0	9
2025.08.22	20:45:00	1.17260	1.17264	1.17205	1.17206	754	0	9
2025.08.24	21:00:00	1.17199	1.17215	1.17198	1.17203	95	0	53
2025.08.24	21:15:00	1.17203	1.17245	1.17202	1.17235	185	0	53
2025.08.24	21:30:00	1.17234	1.17236	1.17215	1.17217	140	0	53
2025.08.24	21:45:00	1.17218	1.17220	1.17204	1.17205	106	0	53
2025.08.24	22:00:00	1.17232	1.17236	1.17158	1.17163	451	0	9
2025.08.24	22:15:00	1.17163	1.17170	1.17140	1.17155	273	0	9
2025.08.24	22:30:00	1.17155	1.17156	1.17104	1.17108	259	0	9
2025.08.24	22:45:00	1.17108	1.17142	1.17107	1.17123	261	0	9
2025.08.24	23:00:00	1.17124	1.17143	1.17109	1.17120	230	0	9
2025.08.24	23:15:00	1.17120	1.17124	1.17074	1.17076	248	0	9
2025.08.24	23:30:00	1.17076	1.17098	1.17072	1.17085	207	0	9
2025.08.24	23:45:00	1.17085	1.17097	1.17071	1.17078	274	0	9
2025.08.25	00:00:00	1.17076	1.17080	1.16971	1.17016	585	0	9
2025.08.25	00:15:00	1.17015	1.17015	1.16968	1.16987	418	0	9
2025.08.25	00:30:00	1.16985	1.16989	1.16956	1.16984	284	0	9
2025.08.25	00:45:00	1.16983	1.16996	1.16950	1.16976	428	0	9
2025.08.25	01:00:00	1.16975	1.16996	1.16956	1.16970	391	0	9
2025.08.25	01:15:00	1.16970	1.17033	1.16952	1.16959	508	0	9
2025.08.25	01:30:00	1.16958	1.16994	1.16946	1.16960	413	0	9
2025.08.25	01:45:00	1.16960	1.16963	1.16933	1.16961	352	0	9
2025.08.25	02:00:00	1.16962	1.16962	1.16935	1.16950	367	0	9
2025.08.25	02:15:00	1.16950	1.16982	1.16948	1.16962	273	0	9
2025.08.25	02:30:00	1.16962	1.16994	1.16961	1.16987	242	0	9
2025.08.25	02:45:00	1.16987	1.16999	1.16966	1.16968	269	0	9
2025.08.25	03:00:00	1.16968	1.17045	1.16965	1.17041	351	0	9
2025.08.25	03:15:00	1.17041	1.17052	1.17018	1.17034	241	0	9
2025.08.25	03:30:00	1.17034	1.17068	1.17027	1.17066	215	0	9
2025.08.25	03:45:00	1.17066	1.17074	1.17053	1.17062	200	0	9
2025.08.25	04:00:00	1.17062	1.17074	1.17043	1.17052	214	0	9
2025.08.25	04:15:00	1.17053	1.17063	1.17031	1.17043	226	0	9
2025.08.25	04:30:00	1.17043	1.17075	1.17042	1.17050	201	0	9
2025.08.25	04:45:00	1.17050	1.17071	1.17050	1.17054	171	0	9
2025.08.25	05:00:00	1.17053	1.17053	1.17012	1.17012	186	0	9
2025.08.25	05:15:00	1.17012	1.17035	1.17001	1.17019	213	0	9
2025.08.25	05:30:00	1.17019	1.17023	1.17001	1.17023	192	0	9
2025.08.25	05:45:00	1.17023	1.17023	1.16977	1.17004	339	0	9
2025.08.25	06:00:00	1.17003	1.17123	1.17003	1.17120	672	0	9
2025.08.25	06:15:00	1.17123	1.17194	1.17111	1.17182	566	0	9
2025.08.25	06:30:00	1.17182	1.17197	1.17136	1.17197	592	0	9
2025.08.25	06:45:00	1.17195	1.17202	1.17139	1.17143	650	0	9
2025.08.25	07:00:00	1.17142	1.17177	1.17115	1.17136	611	0	9
2025.08.25	07:15:00	1.17136	1.17174	1.17112	1.17127	482	0	9
2025.08.25	07:30:00	1.17127	1.17133	1.17060	1.17090	520	0	9
2025.08.25	07:45:00	1.17091	1.17107	1.16940	1.16973	754	0	9
2025.08.25	08:00:00	1.16973	1.17037	1.16969	1.17026	528	0	9
2025.08.25	08:15:00	1.17026	1.17054	1.17003	1.17028	584	0	9
2025.08.25	08:30:00	1.17029	1.17073	1.17026	1.17050	464	0	9
2025.08.25	08:45:00	1.17047	1.17104	1.17031	1.17038	488	0	9
2025.08.25	09:00:00	1.17036	1.17042	1.16985	1.16988	420	0	9
2025.08.25	09:15:00	1.16988	1.17007	1.16967	1.16977	343	0	9
2025.08.25	09:30:00	1.16978	1.16981	1.16951	1.16952	389	0	9
2025.08.25	09:45:00	1.16952	1.16982	1.16896	1.16931	473	0	9
2025.08.25	10:00:00	1.16929	1.16970	1.16925	1.16932	427	0	9
2025.08.25	10:15:00	1.16931	1.16961	1.16862	1.16867	546	0	9
2025.08.25	10:30:00	1.16868	1.16886	1.16850	1.16869	442	0	9
2025.08.25	10:45:00	1.16868	1.16885	1.16850	1.16874	347	0	9
2025.08.25	11:00:00	1.16876	1.16930	1.16872	1.16927	413	0	9
2025.08.25	11:15:00	1.16927	1.16954	1.16919	1.16941	368	0	9
2025.08.25	11:30:00	1.16942	1.16970	1.16919	1.16928	417	0	9
2025.08.25	11:45:00	1.16928	1.17025	1.16911	1.17025	513	0	9
2025.08.25	12:00:00	1.17026	1.17031	1.16937	1.16942	463	0	9
2025.08.25	12:15:00	1.16944	1.16975	1.16932	1.16945	528	0	9
2025.08.25	12:30:00	1.16946	1.16989	1.16938	1.16970	562	0	9
2025.08.25	12:45:00	1.16972	1.17009	1.16960	1.16993	446	0	9
2025.08.25	13:00:00	1.16993	1.17001	1.16941	1.16983	590	0	9
2025.08.25	13:15:00	1.16983	1.17035	1.16944	1.16964	467	0	9
2025.08.25	13:30:00	1.16965	1.17066	1.16962	1.17040	699	0	9
2025.08.25	13:45:00	1.17040	1.17086	1.16989	1.17027	633	0	9
2025.08.25	14:00:00	1.17028	1.17045	1.16961	1.17029	845	0	9
2025.08.25	14:15:00	1.17029	1.17046	1.16973	1.17022	645	0	9
2025.08.25	14:30:00	1.17023	1.17054	1.16981	1.16983	674	0	9
2025.08.25	14:45:00	1.16982	1.17007	1.16888	1.16897	964	0	9
2025.08.25	15:00:00	1.16899	1.16914	1.16825	1.16846	995	0	9
2025.08.25	15:15:00	1.16849	1.16861	1.16793	1.16844	720	0	9
2025.08.25	15:30:00	1.16844	1.16846	1.16742	1.16758	843	0	9
2025.08.25	15:45:00	1.16758	1.16786	1.16651	1.16690	983	0	9
2025.08.25	16:00:00	1.16690	1.16693	1.16646	1.16678	577	0	9
2025.08.25	16:15:00	1.16678	1.16683	1.16602	1.16650	685	0	9
2025.08.25	16:30:00	1.16650	1.16657	1.16554	1.16565	573	0	9
2025.08.25	16:45:00	1.16565	1.16591	1.16511	1.16545	762	0	9
2025.08.25	17:00:00	1.16548	1.16556	1.16503	1.16507	521	0	9
2025.08.25	17:15:00	1.16507	1.16520	1.16462	1.16500	602	0	9
2025.08.25	17:30:00	1.16498	1.16499	1.16404	1.16457	590	0	9
2025.08.25	17:45:00	1.16456	1.16472	1.16407	1.16464	469	0	9
2025.08.25	18:00:00	1.16465	1.16481	1.16366	1.16402	616	0	9
2025.08.25	18:15:00	1.16400	1.16422	1.16345	1.16351	504	0	9
2025.08.25	18:30:00	1.16351	1.16367	1.16224	1.16229	708	0	9
2025.08.25	18:45:00	1.16229	1.16253	1.16185	1.16202	650	0	9
2025.08.25	19:00:00	1.16203	1.16211	1.16023	1.16080	1166	0	9
2025.08.25	19:15:00	1.16082	1.16093	1.16045	1.16071	581	0	9
2025.08.25	19:30:00	1.16069	1.16082	1.16036	1.16077	494	0	9
2025.08.25	19:45:00	1.16077	1.16103	1.16069	1.16090	336	0	9
2025.08.25	20:00:00	1.16090	1.16173	1.16089	1.16167	427	0	9
2025.08.25	20:15:00	1.16167	1.16217	1.16165	1.16189	264	0	9
2025.08.25	20:30:00	1.16186	1.16247	1.16184	1.16244	245	0	9
2025.08.25	20:45:00	1.16244	1.16250	1.16168	1.16168	404	0	9
2025.08.25	21:00:00	1.16168	1.16181	1.16158	1.16168	132	0	53
2025.08.25	21:15:00	1.16167	1.16178	1.16157	1.16159	156	0	53
2025.08.25	21:30:00	1.16161	1.16176	1.16148	1.16166	274	0	22
2025.08.25	21:45:00	1.16165	1.16182	1.16157	1.16176	143	0	22
2025.08.25	22:00:00	1.16193	1.16223	1.16181	1.16210	263	0	9
2025.08.25	22:15:00	1.16209	1.16209	1.16183	1.16185	171	0	9
2025.08.25	22:30:00	1.16186	1.16204	1.16185	1.16198	108	0	9
2025.08.25	22:45:00	1.16198	1.16214	1.16182	1.16203	152	0	9
2025.08.25	23:00:00	1.16203	1.16211	1.16150	1.16154	201	0	9
2025.08.25	23:15:00	1.16156	1.16161	1.16137	1.16143	176	0	9
2025.08.25	23:30:00	1.16143	1.16166	1.16131	1.16138	213	0	9
2025.08.25	23:45:00	1.16138	1.16149	1.16120	1.16142	203	0	9
2025.08.26	00:00:00	1.16143	1.16498	1.16097	1.16489	3132	0	9
2025.08.26	00:15:00	1.16487	1.16535	1.16407	1.16500	1752	0	9
2025.08.26	00:30:00	1.16500	1.16595	1.16426	1.16525	1561	0	9
2025.08.26	00:45:00	1.16523	1.16592	1.16464	1.16476	1157	0	9
2025.08.26	01:00:00	1.16477	1.16498	1.16382	1.16390	867	0	9
2025.08.26	01:15:00	1.16391	1.16419	1.16355	1.16403	706	0	9
2025.08.26	01:30:00	1.16405	1.16408	1.16345	1.16398	685	0	9
2025.08.26	01:45:00	1.16397	1.16436	1.16390	1.16416	587	0	9
2025.08.26	02:00:00	1.16414	1.16469	1.16386	1.16414	693	0	9
2025.08.26	02:15:00	1.16414	1.16462	1.16406	1.16440	443	0	9
2025.08.26	02:30:00	1.16440	1.16440	1.16326	1.16339	503	0	9
2025.08.26	02:45:00	1.16338	1.16386	1.16320	1.16363	421	0	9
2025.08.26	03:00:00	1.16363	1.16363	1.16241	1.16288	590	0	9
2025.08.26	03:15:00	1.16286	1.16298	1.16256	1.16283	497	0	9
2025.08.26	03:30:00	1.16281	1.16319	1.16273	1.16290	385	0	9
2025.08.26	03:45:00	1.16290	1.16294	1.16236	1.16255	350	0	9
2025.08.26	04:00:00	1.16253	1.16291	1.16231	1.16237	378	0	9
2025.08.26	04:15:00	1.16237	1.16307	1.16236	1.16303	323	0	9
2025.08.26	04:30:00	1.16304	1.16308	1.16274	1.16285	278	0	9
2025.08.26	04:45:00	1.16285	1.16320	1.16266	1.16315	388	0	9
2025.08.26	05:00:00	1.16313	1.16336	1.16293	1.16312	396	0	9
2025.08.26	05:15:00	1.16313	1.16320	1.16289	1.16317	351	0	9
2025.08.26	05:30:00	1.16317	1.16439	1.16317	1.16433	499	0	9
2025.08.26	05:45:00	1.16432	1.16432	1.16371	1.16411	575	0	9
2025.08.26	06:00:00	1.16409	1.16409	1.16285	1.16299	759	0	9
2025.08.26	06:15:00	1.16300	1.16305	1.16130	1.16283	1181	0	9
2025.08.26	06:30:00	1.16280	1.16316	1.16259	1.16261	816	0	9
2025.08.26	06:45:00	1.16259	1.16285	1.16200	1.16219	945	0	9
2025.08.26	07:00:00	1.16218	1.16255	1.16040	1.16113	1522	0	9
2025.08.26	07:15:00	1.16114	1.16180	1.16016	1.16178	1175	0	9
2025.08.26	07:30:00	1.16177	1.16281	1.16177	1.16216	904	0	9
2025.08.26	07:45:00	1.16214	1.16255	1.16176	1.16213	937	0	9
2025.08.26	08:00:00	1.16216	1.16247	1.16180	1.16203	829	0	9
2025.08.26	08:15:00	1.16205	1.16241	1.16054	1.16169	1109	0	9
2025.08.26	08:30:00	1.16169	1.16213	1.16150	1.16168	734	0	9
2025.08.26	08:45:00	1.16167	1.16214	1.16133	1.16174	811	0	9
2025.08.26	09:00:00	1.16176	1.16294	1.16172	1.16292	798	0	9
2025.08.26	09:15:00	1.16291	1.16392	1.16285	1.16350	828	0	9
2025.08.26	09:30:00	1.16352	1.16358	1.16294	1.16347	576	0	9
2025.08.26	09:45:00	1.16346	1.16433	1.16340	1.16419	686	0	9
2025.08.26	10:00:00	1.16421	1.16462	1.16405	1.16432	592	0	9
2025.08.26	10:15:00	1.16433	1.16471	1.16412	1.16428	521	0	9
2025.08.26	10:30:00	1.16429	1.16430	1.16367	1.16384	526	0	9
2025.08.26	10:45:00	1.16384	1.16453	1.16366	1.16444	520	0	9
2025.08.26	11:00:00	1.16444	1.16487	1.16434	1.16471	507	0	9
2025.08.26	11:15:00	1.16471	1.16481	1.16408	1.16416	542	0	9
2025.08.26	11:30:00	1.16416	1.16566	1.16410	1.16549	758	0	9
2025.08.26	11:45:00	1.16549	1.16603	1.16533	1.16533	713	0	9
2025.08.26	12:00:00	1.16533	1.16594	1.16533	1.16565	779	0	9
2025.08.26	12:15:00	1.16567	1.16585	1.16488	1.16527	1064	0	9
2025.08.26	12:30:00	1.16528	1.16564	1.16464	1.16469	825	0	9
2025.08.26	12:45:00	1.16471	1.16504	1.16445	1.16458	913	0	9
2025.08.26	13:00:00	1.16456	1.16487	1.16368	1.16481	1177	0	9
2025.08.26	13:15:00	1.16481	1.16483	1.16399	1.16448	750	0	9
2025.08.26	13:30:00	1.16445	1.16545	1.16418	1.16535	1162	0	9
2025.08.26	13:45:00	1.16535	1.16561	1.16477	1.16508	1026	0	9
2025.08.26	14:00:00	1.16506	1.16542	1.16431	1.16486	1100	0	9
2025.08.26	14:15:00	1.16486	1.16650	1.16467	1.16588	1080	0	9
2025.08.26	14:30:00	1.16588	1.16614	1.16559	1.16582	857	0	9
2025.08.26	14:45:00	1.16581	1.16617	1.16521	1.16543	992	0	9
2025.08.26	15:00:00	1.16545	1.16636	1.16529	1.16611	944	0	9
2025.08.26	15:15:00	1.16613	1.16617	1.16530	1.16543	742	0	9
2025.08.26	15:30:00	1.16544	1.16560	1.16491	1.16540	729	0	9
2025.08.26	15:45:00	1.16541	1.16557	1.16484	1.16554	572	0	9
2025.08.26	16:00:00	1.16556	1.16574	1.16514	1.16552	506	0	9
2025.08.26	16:15:00	1.16552	1.16612	1.16550	1.16583	566	0	9
2025.08.26	16:30:00	1.16581	1.16587	1.16505	1.16525	485	0	9
2025.08.26	16:45:00	1.16525	1.16533	1.16481	1.16483	440	0	9
2025.08.26	17:00:00	1.16485	1.16524	1.16463	1.16493	556	0	9
2025.08.26	17:15:00	1.16492	1.16514	1.16484	1.16491	388	0	9
2025.08.26	17:30:00	1.16493	1.16494	1.16443	1.16447	389	0	9
2025.08.26	17:45:00	1.16450	1.16467	1.16370	1.16376	591	0	9
2025.08.26	18:00:00	1.16375	1.16386	1.16353	1.16357	490	0	9
2025.08.26	18:15:00	1.16358	1.16376	1.16331	1.16375	359	0	9
2025.08.26	18:30:00	1.16374	1.16399	1.16350	1.16390	404	0	9
2025.08.26	18:45:00	1.16390	1.16471	1.16390	1.16432	593	0	9
2025.08.26	19:00:00	1.16432	1.16457	1.16414	1.16444	476	0	9
2025.08.26	19:15:00	1.16442	1.16482	1.16424	1.16467	347	0	9
2025.08.26	19:30:00	1.16468	1.16481	1.16432	1.16434	321	0	9
2025.08.26	19:45:00	1.16437	1.16460	1.16393	1.16399	393	0	9
2025.08.26	20:00:00	1.16398	1.16400	1.16332	1.16378	416	0	9
2025.08.26	20:15:00	1.16378	1.16378	1.16343	1.16348	224	0	9
2025.08.26	20:30:00	1.16350	1.16419	1.16347	1.16410	221	0	9
2025.08.26	20:45:00	1.16412	1.16429	1.16376	1.16376	302	0	9
2025.08.26	21:00:00	1.16377	1.16397	1.16342	1.16352	182	0	53
2025.08.26	21:15:00	1.16349	1.16372	1.16349	1.16362	164	0	112
2025.08.26	21:30:00	1.16362	1.16436	1.16362	1.16429	231	0	53
2025.08.26	21:45:00	1.16429	1.16443	1.16339	1.16443	231	0	22
2025.08.26	22:00:00	1.16440	1.16473	1.16428	1.16469	200	0	9
2025.08.26	22:15:00	1.16468	1.16473	1.16449	1.16452	109	0	9
2025.08.26	22:30:00	1.16453	1.16464	1.16438	1.16443	144	0	9
2025.08.26	22:45:00	1.16443	1.16444	1.16405	1.16427	174	0	9
2025.08.26	23:00:00	1.16427	1.16427	1.16402	1.16410	144	0	9
2025.08.26	23:15:00	1.16408	1.16437	1.16407	1.16409	131	0	9
2025.08.26	23:30:00	1.16409	1.16419	1.16402	1.16405	127	0	9
2025.08.26	23:45:00	1.16405	1.16408	1.16365	1.16369	281	0	9
2025.08.27	00:00:00	1.16369	1.16415	1.16360	1.16406	334	0	9
2025.08.27	00:15:00	1.16406	1.16415	1.16379	1.16399	333	0	9
2025.08.27	00:30:00	1.16399	1.16401	1.16364	1.16369	255	0	9
2025.08.27	00:45:00	1.16369	1.16374	1.16332	1.16362	445	0	9
2025.08.27	01:00:00	1.16362	1.16405	1.16361	1.16368	392	0	9
2025.08.27	01:15:00	1.16368	1.16403	1.16343	1.16353	451	0	9
2025.08.27	01:30:00	1.16354	1.16374	1.16305	1.16352	533	0	9
2025.08.27	01:45:00	1.16353	1.16369	1.16317	1.16336	412	0	9
2025.08.27	02:00:00	1.16335	1.16339	1.16250	1.16258	422	0	9
2025.08.27	02:15:00	1.16259	1.16288	1.16244	1.16266	314	0	9
2025.08.27	02:30:00	1.16266	1.16291	1.16255	1.16281	252	0	9
2025.08.27	02:45:00	1.16280	1.16314	1.16280	1.16308	269	0	9
2025.08.27	03:00:00	1.16309	1.16325	1.16300	1.16310	245	0	9
2025.08.27	03:15:00	1.16310	1.16313	1.16257	1.16264	258	0	9
2025.08.27	03:30:00	1.16262	1.16284	1.16249	1.16270	233	0	9
2025.08.27	03:45:00	1.16270	1.16279	1.16212	1.16246	279	0	9
2025.08.27	04:00:00	1.16246	1.16251	1.16196	1.16216	268	0	9
2025.08.27	04:15:00	1.16216	1.16217	1.16149	1.16171	354	0	9
2025.08.27	04:30:00	1.16172	1.16185	1.16119	1.16120	319	0	9
2025.08.27	04:45:00	1.16120	1.16139	1.16117	1.16138	187	0	9
2025.08.27	05:00:00	1.16138	1.16171	1.16131	1.16171	309	0	9
2025.08.27	05:15:00	1.16171	1.16178	1.16151	1.16174	223	0	9
2025.08.27	05:30:00	1.16172	1.16188	1.16158	1.16181	245	0	9
2025.08.27	05:45:00	1.16181	1.16199	1.16167	1.16199	301	0	9
2025.08.27	06:00:00	1.16197	1.16226	1.16161	1.16187	549	0	9
2025.08.27	06:15:00	1.16185	1.16222	1.16169	1.16195	447	0	9
2025.08.27	06:30:00	1.16195	1.16234	1.16182	1.16232	442	0	9
2025.08.27	06:45:00	1.16232	1.16232	1.16142	1.16206	604	0	9
2025.08.27	07:00:00	1.16208	1.16217	1.16100	1.16107	639	0	9
2025.08.27	07:15:00	1.16105	1.16137	1.16039	1.16049	638	0	9
2025.08.27	07:30:00	1.16051	1.16068	1.15956	1.16011	895	0	9
2025.08.27	07:45:00	1.16011	1.16041	1.15961	1.16033	748	0	9
2025.08.27	08:00:00	1.16032	1.16034	1.15887	1.15904	768	0	9
2025.08.27	08:15:00	1.15905	1.15938	1.15858	1.15891	822	0	9
2025.08.27	08:30:00	1.15891	1.15891	1.15768	1.15847	1236	0	9
2025.08.27	08:45:00	1.15850	1.15889	1.15835	1.15886	620	0	9
2025.08.27	09:00:00	1.15884	1.15921	1.15857	1.15906	701	0	9
2025.08.27	09:15:00	1.15906	1.15943	1.15900	1.15943	429	0	9
2025.08.27	09:30:00	1.15944	1.15946	1.15890	1.15909	445	0	9
2025.08.27	09:45:00	1.15909	1.15925	1.15893	1.15896	482	0	9
2025.08.27	10:00:00	1.15896	1.15923	1.15865	1.15872	511	0	9
2025.08.27	10:15:00	1.15874	1.15879	1.15825	1.15852	427	0	9
2025.08.27	10:30:00	1.15853	1.15859	1.15805	1.15824	476	0	9
2025.08.27	10:45:00	1.15824	1.15839	1.15783	1.15791	497	0	9
2025.08.27	11:00:00	1.15790	1.15874	1.15738	1.15857	624	0	9
2025.08.27	11:15:00	1.15859	1.15866	1.15819	1.15831	398	0	9
2025.08.27	11:30:00	1.15831	1.15893	1.15795	1.15801	623	0	9
2025.08.27	11:45:00	1.15803	1.15895	1.15795	1.15858	622	0	9
2025.08.27	12:00:00	1.15858	1.15936	1.15856	1.15929	585	0	9
2025.08.27	12:15:00	1.15930	1.15977	1.15909	1.15926	758	0	9
2025.08.27	12:30:00	1.15926	1.15954	1.15847	1.15857	912	0	9
2025.08.27	12:45:00	1.15856	1.15939	1.15840	1.15862	1003	0	9
2025.08.27	13:00:00	1.15861	1.15985	1.15836	1.15969	872	0	9
2025.08.27	13:15:00	1.15968	1.15969	1.15914	1.15932	687	0	9
2025.08.27	13:30:00	1.15935	1.15938	1.15848	1.15857	868	0	9
2025.08.27	13:45:00	1.15857	1.16033	1.15845	1.15974	1204	0	9
2025.08.27	14:00:00	1.15973	1.16024	1.15910	1.15922	1011	0	9
2025.08.27	14:15:00	1.15923	1.15939	1.15852	1.15885	884	0	9
2025.08.27	14:30:00	1.15882	1.15902	1.15818	1.15862	801	0	9
2025.08.27	14:45:00	1.15862	1.15979	1.15847	1.15918	1217	0	9
2025.08.27	15:00:00	1.15918	1.16089	1.15918	1.16074	1342	0	9
2025.08.27	15:15:00	1.16072	1.16082	1.16040	1.16074	711	0	9
2025.08.27	15:30:00	1.16073	1.16117	1.16043	1.16103	682	0	9
2025.08.27	15:45:00	1.16102	1.16110	1.16056	1.16102	599	0	9
2025.08.27	16:00:00	1.16102	1.16167	1.16102	1.16146	538	0	9
2025.08.27	16:15:00	1.16148	1.16195	1.16117	1.16195	485	0	9
2025.08.27	16:30:00	1.16191	1.16274	1.16181	1.16258	654	0	9
2025.08.27	16:45:00	1.16258	1.16403	1.16256	1.16378	929	0	9
2025.08.27	17:00:00	1.16377	1.16425	1.16346	1.16373	775	0	9
2025.08.27	17:15:00	1.16373	1.16404	1.16336	1.16338	543	0	9
2025.08.27	17:30:00	1.16339	1.16367	1.16319	1.16360	425	0	9
2025.08.27	17:45:00	1.16360	1.16391	1.16345	1.16372	397	0	9
2025.08.27	18:00:00	1.16372	1.16379	1.16275	1.16313	478	0	9
2025.08.27	18:15:00	1.16313	1.16352	1.16304	1.16339	389	0	9
2025.08.27	18:30:00	1.16338	1.16356	1.16293	1.16347	433	0	9
2025.08.27	18:45:00	1.16347	1.16347	1.16291	1.16303	434	0	9
2025.08.27	19:00:00	1.16300	1.16321	1.16285	1.16301	364	0	9
2025.08.27	19:15:00	1.16301	1.16324	1.16292	1.16324	315	0	9
2025.08.27	19:30:00	1.16324	1.16338	1.16293	1.16322	311	0	9
2025.08.27	19:45:00	1.16319	1.16346	1.16302	1.16332	336	0	9
2025.08.27	20:00:00	1.16332	1.16354	1.16311	1.16324	212	0	9
2025.08.27	20:15:00	1.16324	1.16344	1.16310	1.16344	240	0	9
2025.08.27	20:30:00	1.16344	1.16363	1.16340	1.16347	235	0	9
2025.08.27	20:45:00	1.16347	1.16380	1.16340	1.16354	268	0	9
2025.08.27	21:00:00	1.16355	1.16363	1.16341	1.16344	120	0	22
2025.08.27	21:15:00	1.16344	1.16362	1.16342	1.16343	102	0	22
2025.08.27	21:30:00	1.16344	1.16363	1.16339	1.16357	172	0	22
2025.08.27	21:45:00	1.16358	1.16372	1.16347	1.16365	139	0	22
2025.08.27	22:00:00	1.16365	1.16402	1.16347	1.16383	251	0	9
2025.08.27	22:15:00	1.16383	1.16401	1.16383	1.16400	150	0	9
2025.08.27	22:30:00	1.16400	1.16435	1.16398	1.16421	197	0	9
2025.08.27	22:45:00	1.16421	1.16432	1.16400	1.16430	149	0	9
2025.08.27	23:00:00	1.16430	1.16445	1.16420	1.16430	187	0	9
2025.08.27	23:15:00	1.16430	1.16442	1.16421	1.16435	154	0	9
2025.08.27	23:30:00	1.16435	1.16472	1.16429	1.16470	241	0	9
2025.08.27	23:45:00	1.16470	1.16474	1.16451	1.16470	177	0	9
2025.08.28	00:00:00	1.16470	1.16492	1.16422	1.16424	372	0	9
2025.08.28	00:15:00	1.16424	1.16450	1.16421	1.16444	292	0	9
2025.08.28	00:30:00	1.16444	1.16446	1.16424	1.16436	213	0	9
2025.08.28	00:45:00	1.16435	1.16456	1.16430	1.16451	323	0	9
2025.08.28	01:00:00	1.16451	1.16494	1.16445	1.16491	361	0	9
2025.08.28	01:15:00	1.16491	1.16501	1.16433	1.16451	319	0	9
2025.08.28	01:30:00	1.16451	1.16483	1.16408	1.16425	461	0	9
2025.08.28	01:45:00	1.16426	1.16449	1.16421	1.16448	300	0	9
2025.08.28	02:00:00	1.16448	1.16544	1.16441	1.16508	450	0	9
2025.08.28	02:15:00	1.16509	1.16536	1.16504	1.16512	326	0	9
2025.08.28	02:30:00	1.16512	1.16519	1.16478	1.16501	326	0	9
2025.08.28	02:45:00	1.16501	1.16532	1.16494	1.16522	266	0	9
2025.08.28	03:00:00	1.16522	1.16541	1.16503	1.16522	211	0	9
2025.08.28	03:15:00	1.16522	1.16526	1.16472	1.16477	259	0	9
2025.08.28	03:30:00	1.16478	1.16487	1.16430	1.16441	303	0	9
2025.08.28	03:45:00	1.16441	1.16455	1.16419	1.16426	288	0	9
2025.08.28	04:00:00	1.16427	1.16427	1.16392	1.16409	275	0	9
2025.08.28	04:15:00	1.16409	1.16432	1.16404	1.16414	195	0	9
2025.08.28	04:30:00	1.16414	1.16438	1.16401	1.16412	240	0	9
2025.08.28	04:45:00	1.16413	1.16415	1.16385	1.16392	265	0	9
2025.08.28	05:00:00	1.16392	1.16401	1.16383	1.16393	227	0	9
2025.08.28	05:15:00	1.16394	1.16404	1.16380	1.16397	236	0	9
2025.08.28	05:30:00	1.16396	1.16400	1.16356	1.16364	344	0	9
2025.08.28	05:45:00	1.16364	1.16395	1.16357	1.16369	345	0	9
2025.08.28	06:00:00	1.16370	1.16440	1.16355	1.16417	632	0	9
2025.08.28	06:15:00	1.16416	1.16446	1.16358	1.16380	538	0	9
2025.08.28	06:30:00	1.16380	1.16409	1.16334	1.16395	642	0	9
2025.08.28	06:45:00	1.16395	1.16443	1.16379	1.16423	564	0	9
2025.08.28	07:00:00	1.16422	1.16493	1.16399	1.16426	854	0	9
2025.08.28	07:15:00	1.16426	1.16444	1.16361	1.16379	686	0	9
2025.08.28	07:30:00	1.16378	1.16400	1.16332	1.16391	750	0	9
2025.08.28	07:45:00	1.16392	1.16449	1.16367	1.16434	612	0	9
2025.08.28	08:00:00	1.16432	1.16451	1.16304	1.16341	845	0	9
2025.08.28	08:15:00	1.16340	1.16377	1.16309	1.16324	718	0	9
2025.08.28	08:30:00	1.16325	1.16428	1.16284	1.16405	724	0	9
2025.08.28	08:45:00	1.16404	1.16433	1.16388	1.16422	499	0	9
2025.08.28	09:00:00	1.16420	1.16487	1.16420	1.16465	536	0	9
2025.08.28	09:15:00	1.16465	1.16486	1.16453	1.16461	536	0	9
2025.08.28	09:30:00	1.16461	1.16543	1.16442	1.16497	512	0	9
2025.08.28	09:45:00	1.16496	1.16502	1.16458	1.16484	524	0	9
2025.08.28	10:00:00	1.16483	1.16547	1.16477	1.16530	490	0	9
2025.08.28	10:15:00	1.16531	1.16665	1.16526	1.16638	705	0	9
2025.08.28	10:30:00	1.16639	1.16730	1.16633	1.16715	624	0	9
2025.08.28	10:45:00	1.16715	1.16745	1.16693	1.16712	493	0	9
2025.08.28	11:00:00	1.16709	1.16734	1.16627	1.16651	656	0	9
2025.08.28	11:15:00	1.16652	1.16700	1.16612	1.16677	452	0	9
2025.08.28	11:30:00	1.16677	1.16698	1.16619	1.16622	558	0	9
2025.08.28	11:45:00	1.16622	1.16677	1.16591	1.16660	627	0	9
2025.08.28	12:00:00	1.16662	1.16764	1.16658	1.16740	790	0	9
2025.08.28	12:15:00	1.16740	1.16748	1.16686	1.16702	778	0	9
2025.08.28	12:30:00	1.16700	1.16866	1.16620	1.16820	1657	0	9
2025.08.28	12:45:00	1.16822	1.16860	1.16654	1.16693	1719	0	9
2025.08.28	13:00:00	1.16690	1.16714	1.16596	1.16645	1460	0	9
2025.08.28	13:15:00	1.16645	1.16677	1.16600	1.16613	885	0	9
2025.08.28	13:30:00	1.16616	1.16661	1.16581	1.16626	1046	0	9
2025.08.28	13:45:00	1.16627	1.16768	1.16608	1.16718	1079	0	9
2025.08.28	14:00:00	1.16721	1.16854	1.16656	1.16828	1224	0	9
2025.08.28	14:15:00	1.16830	1.16856	1.16804	1.16828	904	0	9
2025.08.28	14:30:00	1.16828	1.16834	1.16709	1.16744	947	0	9
2025.08.28	14:45:00	1.16741	1.16755	1.16678	1.16699	902	0	9
2025.08.28	15:00:00	1.16696	1.16704	1.16631	1.16672	918	0	9
2025.08.28	15:15:00	1.16670	1.16693	1.16607	1.16650	792	0	9
2025.08.28	15:30:00	1.16650	1.16744	1.16634	1.16712	740	0	9
2025.08.28	15:45:00	1.16712	1.16750	1.16691	1.16718	631	0	9
2025.08.28	16:00:00	1.16715	1.16793	1.16712	1.16793	471	0	9
2025.08.28	16:15:00	1.16792	1.16819	1.16761	1.16816	490	0	9
2025.08.28	16:30:00	1.16816	1.16843	1.16787	1.16790	460	0	9
2025.08.28	16:45:00	1.16790	1.16898	1.16786	1.16888	455	0	9
2025.08.28	17:00:00	1.16888	1.16963	1.16868	1.16949	619	0	9
2025.08.28	17:15:00	1.16949	1.16970	1.16897	1.16934	437	0	9
2025.08.28	17:30:00	1.16934	1.16938	1.16864	1.16886	375	0	9
2025.08.28	17:45:00	1.16886	1.16936	1.16872	1.16873	398	0	9
2025.08.28	18:00:00	1.16874	1.16881	1.16844	1.16858	337	0	9
2025.08.28	18:15:00	1.16859	1.16900	1.16850	1.16871	339	0	9
2025.08.28	18:30:00	1.16871	1.16889	1.16851	1.16858	287	0	9
2025.08.28	18:45:00	1.16858	1.16899	1.16849	1.16887	284	0	9
2025.08.28	19:00:00	1.16888	1.16899	1.16840	1.16848	295	0	9
2025.08.28	19:15:00	1.16849	1.16873	1.16842	1.16853	237	0	9
2025.08.28	19:30:00	1.16851	1.16851	1.16822	1.16843	286	0	9
2025.08.28	19:45:00	1.16843	1.16843	1.16819	1.16823	301	0	9
2025.08.28	20:00:00	1.16823	1.16831	1.16805	1.16807	214	0	9
2025.08.28	20:15:00	1.16806	1.16814	1.16795	1.16802	141	0	9
2025.08.28	20:30:00	1.16803	1.16804	1.16787	1.16793	128	0	9
2025.08.28	20:45:00	1.16793	1.16828	1.16776	1.16813	275	0	9
2025.08.28	21:00:00	1.16811	1.16818	1.16775	1.16791	122	0	22
2025.08.28	21:15:00	1.16788	1.16788	1.16724	1.16748	130	0	70
2025.08.28	21:30:00	1.16748	1.16786	1.16732	1.16773	217	0	22
2025.08.28	21:45:00	1.16773	1.16787	1.16766	1.16786	136	0	22
2025.08.28	22:00:00	1.16788	1.16804	1.16775	1.16785	407	0	9
2025.08.28	22:15:00	1.16786	1.16806	1.16778	1.16780	165	0	9
2025.08.28	22:30:00	1.16779	1.16786	1.16732	1.16742	220	0	9
2025.08.28	22:45:00	1.16742	1.16753	1.16735	1.16736	116	0	9
2025.08.28	23:00:00	1.16736	1.16779	1.16733	1.16769	171	0	9
2025.08.28	23:15:00	1.16768	1.16815	1.16766	1.16789	200	0	9
2025.08.28	23:30:00	1.16788	1.16811	1.16784	1.16808	167	0	9
2025.08.28	23:45:00	1.16808	1.16815	1.16779	1.16781	217	0	9
2025.08.29	00:00:00	1.16782	1.16819	1.16779	1.16792	358	0	9
2025.08.29	00:15:00	1.16793	1.16793	1.16741	1.16764	289	0	9
2025.08.29	00:30:00	1.16764	1.16773	1.16733	1.16750	288	0	9
2025.08.29	00:45:00	1.16750	1.16773	1.16724	1.16745	473	0	9
2025.08.29	01:00:00	1.16745	1.16761	1.16679	1.16739	421	0	9
2025.08.29	01:15:00	1.16739	1.16741	1.16607	1.16638	617	0	9
2025.08.29	01:30:00	1.16640	1.16653	1.16595	1.16650	504	0	9
2025.08.29	01:45:00	1.16647	1.16655	1.16557	1.16585	535	0	9
2025.08.29	02:00:00	1.16587	1.16622	1.16586	1.16615	405	0	9
2025.08.29	02:15:00	1.16615	1.16622	1.16586	1.16599	327	0	9
2025.08.29	02:30:00	1.16599	1.16623	1.16592	1.16608	275	0	9
2025.08.29	02:45:00	1.16608	1.16648	1.16592	1.16613	425	0	9
2025.08.29	03:00:00	1.16615	1.16627	1.16596	1.16599	296	0	9
2025.08.29	03:15:00	1.16600	1.16618	1.16594	1.16615	217	0	9
2025.08.29	03:30:00	1.16615	1.16622	1.16598	1.16612	198	0	9
2025.08.29	03:45:00	1.16612	1.16647	1.16610	1.16621	228	0	9
2025.08.29	04:00:00	1.16621	1.16632	1.16580	1.16584	291	0	9
2025.08.29	04:15:00	1.16584	1.16616	1.16581	1.16608	179	0	9
2025.08.29	04:30:00	1.16608	1.16630	1.16599	1.16625	191	0	9
2025.08.29	04:45:00	1.16626	1.16646	1.16614	1.16644	210	0	9
2025.08.29	05:00:00	1.16643	1.16647	1.16614	1.16626	226	0	9
2025.08.29	05:15:00	1.16626	1.16645	1.16608	1.16630	260	0	9
2025.08.29	05:30:00	1.16630	1.16644	1.16614	1.16641	225	0	9
2025.08.29	05:45:00	1.16641	1.16699	1.16628	1.16696	323	0	9
2025.08.29	06:00:00	1.16694	1.16700	1.16629	1.16632	507	0	9
2025.08.29	06:15:00	1.16630	1.16689	1.16622	1.16685	479	0	9
2025.08.29	06:30:00	1.16685	1.16699	1.16637	1.16648	426	0	9
2025.08.29	06:45:00	1.16651	1.16681	1.16608	1.16671	655	0	9
2025.08.29	07:00:00	1.16666	1.16716	1.16641	1.16697	631	0	9
2025.08.29	07:15:00	1.16697	1.16714	1.16624	1.16635	627	0	9
2025.08.29	07:30:00	1.16634	1.16687	1.16628	1.16650	639	0	9
2025.08.29	07:45:00	1.16651	1.16766	1.16651	1.16755	683	0	9
2025.08.29	08:00:00	1.16754	1.16779	1.16708	1.16726	692	0	9
2025.08.29	08:15:00	1.16724	1.16777	1.16693	1.16772	565	0	9
2025.08.29	08:30:00	1.16773	1.16898	1.16773	1.16856	770	0	9
2025.08.29	08:45:00	1.16856	1.16871	1.16731	1.16757	777	0	9
2025.08.29	09:00:00	1.16756	1.16790	1.16725	1.16789	611	0	9
2025.08.29	09:15:00	1.16788	1.16822	1.16762	1.16764	566	0	9
2025.08.29	09:30:00	1.16766	1.16767	1.16685	1.16722	637	0	9
2025.08.29	09:45:00	1.16722	1.16765	1.16711	1.16724	529	0	9
2025.08.29	10:00:00	1.16722	1.16742	1.16664	1.16677	583	0	9
2025.08.29	10:15:00	1.16677	1.16720	1.16647	1.16709	471	0	9
2025.08.29	10:30:00	1.16710	1.16725	1.16689	1.16691	391	0	9
2025.08.29	10:45:00	1.16691	1.16694	1.16654	1.16672	447	0	9
2025.08.29	11:00:00	1.16674	1.16679	1.16630	1.16640	582	0	9
2025.08.29	11:15:00	1.16640	1.16672	1.16621	1.16629	477	0	9
2025.08.29	11:30:00	1.16630	1.16649	1.16614	1.16624	363	0	9
2025.08.29	11:45:00	1.16625	1.16654	1.16605	1.16626	503	0	9
2025.08.29	12:00:00	1.16625	1.16639	1.16525	1.16583	662	0	9
2025.08.29	12:15:00	1.16583	1.16596	1.16538	1.16574	636	0	9
2025.08.29	12:30:00	1.16576	1.16638	1.16507	1.16557	1277	0	9
2025.08.29	12:45:00	1.16557	1.16637	1.16536	1.16582	964	0	9
2025.08.29	13:00:00	1.16581	1.16639	1.16531	1.16596	801	0	9
2025.08.29	13:15:00	1.16596	1.16668	1.16588	1.16617	747	0	9
2025.08.29	13:30:00	1.16620	1.16667	1.16558	1.16663	969	0	9
2025.08.29	13:45:00	1.16661	1.16728	1.16614	1.16685	1081	0	9
2025.08.29	14:00:00	1.16684	1.16821	1.16684	1.16771	1258	0	9
2025.08.29	14:15:00	1.16770	1.16853	1.16770	1.16850	951	0	9
2025.08.29	14:30:00	1.16849	1.17003	1.16842	1.16950	1380	0	9
2025.08.29	14:45:00	1.16952	1.17049	1.16844	1.17039	1361	0	9
2025.08.29	15:00:00	1.17041	1.17085	1.16969	1.16982	1384	0	9
2025.08.29	15:15:00	1.16981	1.17000	1.16946	1.16986	849	0	9
2025.08.29	15:30:00	1.16988	1.17020	1.16955	1.17004	783	0	9
2025.08.29	15:45:00	1.17004	1.17020	1.16938	1.16939	689	0	9
2025.08.29	16:00:00	1.16940	1.17027	1.16932	1.17023	892	0	9
2025.08.29	16:15:00	1.17023	1.17068	1.16990	1.17002	804	0	9
2025.08.29	16:30:00	1.17002	1.17017	1.16954	1.17004	507	0	9
2025.08.29	16:45:00	1.17004	1.17036	1.16963	1.17011	446	0	9
2025.08.29	17:00:00	1.17008	1.17026	1.16957	1.16979	416	0	9
2025.08.29	17:15:00	1.16977	1.17014	1.16967	1.16982	327	0	9
2025.08.29	17:30:00	1.16984	1.17004	1.16970	1.16997	302	0	9
2025.08.29	17:45:00	1.16997	1.17006	1.16959	1.16962	407	0	9
2025.08.29	18:00:00	1.16962	1.16977	1.16941	1.16945	338	0	9
2025.08.29	18:15:00	1.16944	1.16958	1.16928	1.16932	277	0	9
2025.08.29	18:30:00	1.16932	1.16971	1.16932	1.16950	248	0	9
2025.08.29	18:45:00	1.16948	1.16992	1.16945	1.16982	278	0	9
2025.08.29	19:00:00	1.16981	1.16993	1.16939	1.16946	276	0	9
2025.08.29	19:15:00	1.16946	1.16956	1.16925	1.16954	220	0	9
2025.08.29	19:30:00	1.16954	1.16981	1.16948	1.16979	315	0	9
2025.08.29	19:45:00	1.16979	1.16987	1.16961	1.16976	374	0	9
2025.08.29	20:00:00	1.16979	1.17002	1.16960	1.16967	238	0	9
2025.08.29	20:15:00	1.16967	1.16968	1.16947	1.16957	136	0	9
2025.08.29	20:30:00	1.16959	1.16959	1.16909	1.16912	207	0	9
2025.08.29	20:45:00	1.16912	1.16916	1.16807	1.16851	598	0	9
2025.08.31	21:00:00	1.16915	1.16920	1.16899	1.16917	47	0	65
2025.08.31	21:15:00	1.16917	1.16931	1.16907	1.16925	30	0	53
2025.08.31	21:30:00	1.16925	1.16927	1.16873	1.16892	85	0	53
2025.08.31	21:45:00	1.16890	1.16894	1.16852	1.16879	146	0	37
2025.08.31	22:00:00	1.16885	1.16900	1.16853	1.16887	299	0	9
2025.08.31	22:15:00	1.16885	1.16896	1.16876	1.16881	172	0	9
2025.08.31	22:30:00	1.16881	1.16902	1.16877	1.16895	121	0	9
2025.08.31	22:45:00	1.16895	1.16899	1.16865	1.16881	162	0	9
2025.08.31	23:00:00	1.16881	1.16898	1.16862	1.16878	146	0	9
2025.08.31	23:15:00	1.16878	1.16896	1.16863	1.16872	167	0	9
2025.08.31	23:30:00	1.16872	1.16895	1.16867	1.16880	149	0	9
2025.08.31	23:45:00	1.16880	1.16900	1.16871	1.16897	207	0	9
2025.09.01	00:00:00	1.16895	1.16939	1.16892	1.16937	318	0	9
2025.09.01	00:15:00	1.16937	1.16946	1.16921	1.16928	276	0	9
2025.09.01	00:30:00	1.16929	1.16973	1.16928	1.16958	250	0	9
2025.09.01	00:45:00	1.16958	1.16976	1.16951	1.16965	268	0	9
2025.09.01	01:00:00	1.16965	1.16969	1.16902	1.16923	304	0	9
2025.09.01	01:15:00	1.16924	1.16926	1.16889	1.16899	348	0	9
2025.09.01	01:30:00	1.16899	1.16910	1.16876	1.16894	440	0	9
2025.09.01	01:45:00	1.16892	1.16955	1.16892	1.16945	457	0	9
2025.09.01	02:00:00	1.16945	1.17023	1.16943	1.17001	488	0	9
