<DATE>	<TIME>	<OPEN>	<HIGH>	<LOW>	<CLOSE>	<TICKVOL>	<VOL>	<SPREAD>
2026.01.01	22:00:00	1.17440	1.17485	1.17440	1.17470	100	0	48
2026.01.01	22:15:00	1.17470	1.17487	1.17463	1.17465	118	0	20
2026.01.01	22:30:00	1.17466	1.17484	1.17458	1.17477	58	0	20
2026.01.01	22:45:00	1.17478	1.17480	1.17451	1.17476	113	0	20
2026.01.01	23:00:00	1.17482	1.17492	1.17445	1.17461	295	0	8
2026.01.01	23:15:00	1.17461	1.17490	1.17456	1.17469	154	0	8
2026.01.01	23:30:00	1.17469	1.17494	1.17461	1.17494	156	0	8
2026.01.01	23:45:00	1.17494	1.17504	1.17481	1.17504	166	0	8
2026.01.02	00:00:00	1.17504	1.17530	1.17495	1.17524	243	0	8
2026.01.02	00:15:00	1.17525	1.17525	1.17509	1.17514	161	0	8
2026.01.02	00:30:00	1.17514	1.17526	1.17508	1.17521	196	0	8
2026.01.02	00:45:00	1.17521	1.17559	1.17517	1.17557	236	0	8
2026.01.02	01:00:00	1.17558	1.17602	1.17558	1.17563	417	0	8
2026.01.02	01:15:00	1.17565	1.17601	1.17564	1.17600	266	0	8
2026.01.02	01:30:00	1.17600	1.17613	1.17577	1.17596	260	0	8
2026.01.02	01:45:00	1.17597	1.17624	1.17587	1.17603	236	0	8
2026.01.02	02:00:00	1.17604	1.17633	1.17596	1.17629	211	0	8
2026.01.02	02:15:00	1.17629	1.17631	1.17603	1.17607	205	0	8
2026.01.02	02:30:00	1.17607	1.17607	1.17579	1.17600	225	0	8
2026.01.02	02:45:00	1.17600	1.17600	1.17577	1.17588	180	0	8
2026.01.02	03:00:00	1.17588	1.17620	1.17587	1.17613	186	0	8
2026.01.02	03:15:00	1.17613	1.17630	1.17607	1.17626	160	0	8
2026.01.02	03:30:00	1.17626	1.17633	1.17614	1.17633	200	0	8
2026.01.02	03:45:00	1.17633	1.17646	1.17628	1.17639	162	0	8
2026.01.02	04:00:00	1.17640	1.17645	1.17602	1.17607	178	0	8
2026.01.02	04:15:00	1.17607	1.17612	1.17577	1.17580	246	0	8
2026.01.02	04:30:00	1.17580	1.17583	1.17550	1.17556	198	0	8
2026.01.02	04:45:00	1.17556	1.17570	1.17548	1.17554	146	0	8
2026.01.02	05:00:00	1.17554	1.17557	1.17545	1.17555	144	0	8
2026.01.02	05:15:00	1.17555	1.17567	1.17551	1.17566	157	0	8
2026.01.02	05:30:00	1.17565	1.17576	1.17551	1.17558	160	0	8
2026.01.02	05:45:00	1.17558	1.17563	1.17506	1.17509	249	0	8
2026.01.02	06:00:00	1.17509	1.17511	1.17468	1.17469	237	0	8
2026.01.02	06:15:00	1.17470	1.17470	1.17430	1.17435	366	0	8
2026.01.02	06:30:00	1.17434	1.17440	1.17413	1.17428	236	0	8
2026.01.02	06:45:00	1.17428	1.17452	1.17418	1.17436	261	0	8
2026.01.02	07:00:00	1.17434	1.17457	1.17417	1.17448	404	0	8
2026.01.02	07:15:00	1.17448	1.17468	1.17411	1.17411	366	0	8
2026.01.02	07:30:00	1.17411	1.17412	1.17319	1.17353	571	0	8
2026.01.02	07:45:00	1.17353	1.17389	1.17319	1.17345	556	0	8
2026.01.02	08:00:00	1.17345	1.17379	1.17301	1.17345	912	0	8
2026.01.02	08:15:00	1.17345	1.17345	1.17237	1.17259	766	0	8
2026.01.02	08:30:00	1.17259	1.17301	1.17241	1.17279	708	0	8
2026.01.02	08:45:00	1.17277	1.17305	1.17254	1.17285	646	0	8
2026.01.02	09:00:00	1.17284	1.17361	1.17268	1.17310	615	0	8
2026.01.02	09:15:00	1.17310	1.17370	1.17291	1.17317	633	0	8
2026.01.02	09:30:00	1.17319	1.17320	1.17236	1.17284	584	0	8
2026.01.02	09:45:00	1.17283	1.17293	1.17204	1.17213	550	0	8
2026.01.02	10:00:00	1.17214	1.17220	1.17151	1.17155	549	0	8
2026.01.02	10:15:00	1.17155	1.17176	1.17129	1.17133	510	0	8
2026.01.02	10:30:00	1.17133	1.17183	1.17129	1.17167	547	0	8
2026.01.02	10:45:00	1.17168	1.17232	1.17158	1.17208	508	0	8
2026.01.02	11:00:00	1.17206	1.17218	1.17171	1.17181	338	0	8
2026.01.02	11:15:00	1.17180	1.17196	1.17155	1.17196	405	0	8
2026.01.02	11:30:00	1.17195	1.17221	1.17147	1.17193	541	0	8
2026.01.02	11:45:00	1.17193	1.17220	1.17171	1.17215	466	0	8
2026.01.02	12:00:00	1.17213	1.17247	1.17204	1.17236	442	0	8
2026.01.02	12:15:00	1.17236	1.17254	1.17222	1.17250	343	0	8
2026.01.02	12:30:00	1.17249	1.17267	1.17217	1.17265	391	0	8
2026.01.02	12:45:00	1.17267	1.17267	1.17207	1.17234	406	0	8
2026.01.02	13:00:00	1.17236	1.17258	1.17199	1.17243	636	0	8
2026.01.02	13:15:00	1.17243	1.17285	1.17210	1.17212	639	0	8
2026.01.02	13:30:00	1.17209	1.17226	1.17180	1.17193	661	0	8
2026.01.02	13:45:00	1.17193	1.17231	1.17179	1.17212	651	0	8
2026.01.02	14:00:00	1.17215	1.17232	1.17187	1.17199	582	0	8
2026.01.02	14:15:00	1.17200	1.17270	1.17155	1.17262	607	0	8
2026.01.02	14:30:00	1.17262	1.17287	1.17244	1.17257	749	0	8
2026.01.02	14:45:00	1.17257	1.17299	1.17247	1.17281	695	0	8
2026.01.02	15:00:00	1.17281	1.17365	1.17278	1.17336	739	0	8
2026.01.02	15:15:00	1.17336	1.17372	1.17313	1.17347	640	0	8
2026.01.02	15:30:00	1.17346	1.17417	1.17326	1.17384	830	0	8
2026.01.02	15:45:00	1.17385	1.17517	1.17375	1.17503	1307	0	8
2026.01.02	16:00:00	1.17501	1.17540	1.17440	1.17440	983	0	8
2026.01.02	16:15:00	1.17440	1.17458	1.17413	1.17441	639	0	8
2026.01.02	16:30:00	1.17441	1.17459	1.17370	1.17374	544	0	8
2026.01.02	16:45:00	1.17374	1.17378	1.17338	1.17371	540	0	8
2026.01.02	17:00:00	1.17371	1.17374	1.17316	1.17339	527	0	8
2026.01.02	17:15:00	1.17338	1.17360	1.17308	1.17334	450	0	8
2026.01.02	17:30:00	1.17335	1.17365	1.17323	1.17335	433	0	8
2026.01.02	17:45:00	1.17336	1.17353	1.17281	1.17305	508	0	8
2026.01.02	18:00:00	1.17305	1.17310	1.17243	1.17250	389	0	8
2026.01.02	18:15:00	1.17250	1.17266	1.17226	1.17231	430	0	8
2026.01.02	18:30:00	1.17231	1.17231	1.17163	1.17168	544	0	8
2026.01.02	18:45:00	1.17168	1.17196	1.17148	1.17188	477	0	8
2026.01.02	19:00:00	1.17189	1.17189	1.17143	1.17167	490	0	8
2026.01.02	19:15:00	1.17168	1.17181	1.17146	1.17163	345	0	8
2026.01.02	19:30:00	1.17163	1.17173	1.17139	1.17168	363	0	8
2026.01.02	19:45:00	1.17170	1.17238	1.17169	1.17227	388	0	8
2026.01.02	20:00:00	1.17229	1.17234	1.17149	1.17180	518	0	8
2026.01.02	20:15:00	1.17180	1.17211	1.17179	1.17207	372	0	8
2026.01.02	20:30:00	1.17207	1.17218	1.17178	1.17181	330	0	8
2026.01.02	20:45:00	1.17181	1.17189	1.17152	1.17174	312	0	8
2026.01.02	21:00:00	1.17172	1.17224	1.17167	1.17207	221	0	8
2026.01.02	21:15:00	1.17208	1.17215	1.17197	1.17209	156	0	8
2026.01.02	21:30:00	1.17212	1.17228	1.17182	1.17187	236	0	8
2026.01.02	21:45:00	1.17187	1.17213	1.17172	1.17196	302	0	8
2026.01.04	22:00:00	1.17224	1.17240	1.17189	1.17207	56	0	48
2026.01.04	22:15:00	1.17207	1.17218	1.17203	1.17211	66	0	48
2026.01.04	22:30:00	1.17211	1.17211	1.17181	1.17189	127	0	48
2026.01.04	22:45:00	1.17189	1.17196	1.17093	1.17118	183	0	48
2026.01.04	23:00:00	1.17119	1.17126	1.16985	1.17114	555	0	8
2026.01.04	23:15:00	1.17115	1.17125	1.17083	1.17087	312	0	8
2026.01.04	23:30:00	1.17087	1.17087	1.17025	1.17039	341	0	8
2026.01.04	23:45:00	1.17038	1.17078	1.17011	1.17048	448	0	8
2026.01.05	00:00:00	1.17050	1.17098	1.17039	1.17078	766	0	8
2026.01.05	00:15:00	1.17078	1.17107	1.17053	1.17072	507	0	8
2026.01.05	00:30:00	1.17072	1.17099	1.17047	1.17067	416	0	8
2026.01.05	00:45:00	1.17068	1.17081	1.17032	1.17047	417	0	8
2026.01.05	01:00:00	1.17045	1.17063	1.17000	1.17032	690	0	8
2026.01.05	01:15:00	1.17032	1.17069	1.17012	1.17018	517	0	8
2026.01.05	01:30:00	1.17018	1.17054	1.17012	1.17052	428	0	8
2026.01.05	01:45:00	1.17052	1.17056	1.16992	1.17002	454	0	8
2026.01.05	02:00:00	1.17002	1.17015	1.16940	1.16970	507	0	8
2026.01.05	02:15:00	1.16972	1.16985	1.16907	1.16926	418	0	8
2026.01.05	02:30:00	1.16926	1.16939	1.16839	1.16851	541	0	8
2026.01.05	02:45:00	1.16851	1.16887	1.16836	1.16885	443	0	8
2026.01.05	03:00:00	1.16883	1.16904	1.16821	1.16825	507	0	8
2026.01.05	03:15:00	1.16826	1.16834	1.16720	1.16734	512	0	8
2026.01.05	03:30:00	1.16732	1.16760	1.16719	1.16751	450	0	8
2026.01.05	03:45:00	1.16751	1.16779	1.16741	1.16747	248	0	8
2026.01.05	04:00:00	1.16748	1.16777	1.16739	1.16755	363	0	8
2026.01.05	04:15:00	1.16755	1.16780	1.16738	1.16738	247	0	8
2026.01.05	04:30:00	1.16738	1.16794	1.16728	1.16786	337	0	8
2026.01.05	04:45:00	1.16786	1.16827	1.16786	1.16816	328	0	8
2026.01.05	05:00:00	1.16816	1.16822	1.16800	1.16818	234	0	8
2026.01.05	05:15:00	1.16818	1.16834	1.16809	1.16833	228	0	8
2026.01.05	05:30:00	1.16832	1.16846	1.16828	1.16844	210	0	8
2026.01.05	05:45:00	1.16845	1.16855	1.16834	1.16849	269	0	8
2026.01.05	06:00:00	1.16849	1.16858	1.16778	1.16839	432	0	8
2026.01.05	06:15:00	1.16838	1.16873	1.16833	1.16869	301	0	8
2026.01.05	06:30:00	1.16870	1.16898	1.16866	1.16897	316	0	8
2026.01.05	06:45:00	1.16897	1.16914	1.16885	1.16906	339	0	8
2026.01.05	07:00:00	1.16906	1.16912	1.16849	1.16855	596	0	8
2026.01.05	07:15:00	1.16855	1.16918	1.16840	1.16898	451	0	8
2026.01.05	07:30:00	1.16898	1.16898	1.16841	1.16874	652	0	8
2026.01.05	07:45:00	1.16874	1.16905	1.16830	1.16861	607	0	8
2026.01.05	08:00:00	1.16859	1.16890	1.16826	1.16868	806	0	8
2026.01.05	08:15:00	1.16869	1.16941	1.16857	1.16938	666	0	8
2026.01.05	08:30:00	1.16938	1.16944	1.16820	1.16831	711	0	8
2026.01.05	08:45:00	1.16831	1.16841	1.16806	1.16830	607	0	8
2026.01.05	09:00:00	1.16830	1.16857	1.16762	1.16792	591	0	8
2026.01.05	09:15:00	1.16792	1.16870	1.16792	1.16817	523	0	8
2026.01.05	09:30:00	1.16820	1.16820	1.16746	1.16753	532	0	8
2026.01.05	09:45:00	1.16756	1.16826	1.16733	1.16821	593	0	8
2026.01.05	10:00:00	1.16821	1.16869	1.16795	1.16850	618	0	8
2026.01.05	10:15:00	1.16850	1.16882	1.16819	1.16819	521	0	8
2026.01.05	10:30:00	1.16820	1.16862	1.16805	1.16850	467	0	8
2026.01.05	10:45:00	1.16851	1.16896	1.16836	1.16895	575	0	8
2026.01.05	11:00:00	1.16894	1.16906	1.16805	1.16805	568	0	8
2026.01.05	11:15:00	1.16805	1.16875	1.16805	1.16816	633	0	8
2026.01.05	11:30:00	1.16817	1.16864	1.16811	1.16848	500	0	8
2026.01.05	11:45:00	1.16849	1.16849	1.16798	1.16814	506	0	8
2026.01.05	12:00:00	1.16812	1.16817	1.16773	1.16802	537	0	8
2026.01.05	12:15:00	1.16801	1.16825	1.16786	1.16811	458	0	8
2026.01.05	12:30:00	1.16811	1.16849	1.16766	1.16790	468	0	8
2026.01.05	12:45:00	1.16789	1.16796	1.16696	1.16705	693	0	8
2026.01.05	13:00:00	1.16705	1.16714	1.16604	1.16652	1058	0	8
2026.01.05	13:15:00	1.16652	1.16676	1.16612	1.16625	792	0	8
2026.01.05	13:30:00	1.16623	1.16654	1.16587	1.16601	841	0	8
2026.01.05	13:45:00	1.16601	1.16747	1.16596	1.16742	746	0	8
2026.01.05	14:00:00	1.16745	1.16825	1.16726	1.16802	736	0	8
2026.01.05	14:15:00	1.16802	1.16821	1.16771	1.16782	677	0	8
2026.01.05	14:30:00	1.16783	1.16795	1.16741	1.16778	1025	0	8
2026.01.05	14:45:00	1.16777	1.16869	1.16754	1.16851	944	0	8
2026.01.05	15:00:00	1.16849	1.16951	1.16849	1.16940	1136	0	8
2026.01.05	15:15:00	1.16939	1.16981	1.16915	1.16956	944	0	8
2026.01.05	15:30:00	1.16954	1.16998	1.16935	1.16959	857	0	8
2026.01.05	15:45:00	1.16962	1.17042	1.16918	1.17041	869	0	8
2026.01.05	16:00:00	1.17042	1.17118	1.17036	1.17094	729	0	8
2026.01.05	16:15:00	1.17093	1.17109	1.17063	1.17097	719	0	8
2026.01.05	16:30:00	1.17098	1.17181	1.17089	1.17138	849	0	8
2026.01.05	16:45:00	1.17139	1.17156	1.17116	1.17144	682	0	8
2026.01.05	17:00:00	1.17143	1.17161	1.17096	1.17110	713	0	8
2026.01.05	17:15:00	1.17112	1.17194	1.17106	1.17171	634	0	8
2026.01.05	17:30:00	1.17171	1.17178	1.17108	1.17113	637	0	8
2026.01.05	17:45:00	1.17115	1.17151	1.17109	1.17139	371	0	8
2026.01.05	18:00:00	1.17139	1.17196	1.17128	1.17181	401	0	8
2026.01.05	18:15:00	1.17181	1.17201	1.17177	1.17189	390	0	8
2026.01.05	18:30:00	1.17188	1.17242	1.17188	1.17222	296	0	8
2026.01.05	18:45:00	1.17222	1.17251	1.17195	1.17246	408	0	8
2026.01.05	19:00:00	1.17248	1.17267	1.17226	1.17233	491	0	8
2026.01.05	19:15:00	1.17233	1.17263	1.17217	1.17251	454	0	8
2026.01.05	19:30:00	1.17249	1.17284	1.17243	1.17252	364	0	8
2026.01.05	19:45:00	1.17252	1.17284	1.17251	1.17267	376	0	8
2026.01.05	20:00:00	1.17264	1.17285	1.17258	1.17271	274	0	8
2026.01.05	20:15:00	1.17271	1.17274	1.17240	1.17246	240	0	8
2026.01.05	20:30:00	1.17247	1.17273	1.17246	1.17263	231	0	8
2026.01.05	20:45:00	1.17263	1.17263	1.17233	1.17243	318	0	8
2026.01.05	21:00:00	1.17243	1.17249	1.17226	1.17241	220	0	8
2026.01.05	21:15:00	1.17242	1.17260	1.17211	1.17224	207	0	8
2026.01.05	21:30:00	1.17226	1.17233	1.17202	1.17204	154	0	8
2026.01.05	21:45:00	1.17202	1.17215	1.17189	1.17198	166	0	8
2026.01.05	22:00:00	1.17210	1.17214	1.17188	1.17206	85	0	8
2026.01.05	22:15:00	1.17205	1.17209	1.17189	1.17189	57	0	20
2026.01.05	22:30:00	1.17189	1.17206	1.17184	1.17188	75	0	20
2026.01.05	22:45:00	1.17189	1.17199	1.17182	1.17187	66	0	20
2026.01.05	23:00:00	1.17190	1.17215	1.17175	1.17189	223	0	8
2026.01.05	23:15:00	1.17189	1.17193	1.17174	1.17176	149	0	8
2026.01.05	23:30:00	1.17176	1.17178	1.17159	1.17167	123	0	8
2026.01.05	23:45:00	1.17167	1.17167	1.17125	1.17142	167	0	8
2026.01.06	00:00:00	1.17143	1.17167	1.17136	1.17146	214	0	8
2026.01.06	00:15:00	1.17146	1.17165	1.17121	1.17124	243	0	8
2026.01.06	00:30:00	1.17124	1.17135	1.17104	1.17124	215	0	8
2026.01.06	00:45:00	1.17124	1.17168	1.17112	1.17163	362	0	8
2026.01.06	01:00:00	1.17164	1.17201	1.17121	1.17134	534	0	8
2026.01.06	01:15:00	1.17134	1.17162	1.17117	1.17148	352	0	8
2026.01.06	01:30:00	1.17148	1.17208	1.17143	1.17200	360	0	8
2026.01.06	01:45:00	1.17200	1.17250	1.17199	1.17250	418	0	8
2026.01.06	02:00:00	1.17250	1.17276	1.17224	1.17229	365	0	8
2026.01.06	02:15:00	1.17229	1.17247	1.17217	1.17233	268	0	8
2026.01.06	02:30:00	1.17233	1.17279	1.17232	1.17273	291	0	8
2026.01.06	02:45:00	1.17274	1.17375	1.17272	1.17369	474	0	8
2026.01.06	03:00:00	1.17367	1.17378	1.17321	1.17325	335	0	8
2026.01.06	03:15:00	1.17325	1.17366	1.17325	1.17344	315	0	8
2026.01.06	03:30:00	1.17344	1.17377	1.17335	1.17365	267	0	8
2026.01.06	03:45:00	1.17365	1.17372	1.17338	1.17342	232	0	8
2026.01.06	04:00:00	1.17344	1.17345	1.17323	1.17331	222	0	8
2026.01.06	04:15:00	1.17331	1.17346	1.17316	1.17323	190	0	8
2026.01.06	04:30:00	1.17323	1.17354	1.17317	1.17329	183	0	8
2026.01.06	04:45:00	1.17329	1.17338	1.17310	1.17334	219	0	8
2026.01.06	05:00:00	1.17332	1.17364	1.17326	1.17363	242	0	8
2026.01.06	05:15:00	1.17363	1.17366	1.17348	1.17360	206	0	8
2026.01.06	05:30:00	1.17362	1.17367	1.17325	1.17325	228	0	8
2026.01.06	05:45:00	1.17325	1.17333	1.17271	1.17284	384	0	8
2026.01.06	06:00:00	1.17285	1.17323	1.17285	1.17316	366	0	8
2026.01.06	06:15:00	1.17316	1.17349	1.17307	1.17346	343	0	8
2026.01.06	06:30:00	1.17347	1.17362	1.17336	1.17339	299	0	8
2026.01.06	06:45:00	1.17339	1.17368	1.17338	1.17360	275	0	8
2026.01.06	07:00:00	1.17359	1.17425	1.17359	1.17373	568	0	8
2026.01.06	07:15:00	1.17375	1.17378	1.17325	1.17343	430	0	8
2026.01.06	07:30:00	1.17342	1.17389	1.17335	1.17360	411	0	8
2026.01.06	07:45:00	1.17352	1.17365	1.17257	1.17289	614	0	8
2026.01.06	08:00:00	1.17287	1.17348	1.17268	1.17331	757	0	8
2026.01.06	08:15:00	1.17333	1.17386	1.17271	1.17277	856	0	8
2026.01.06	08:30:00	1.17277	1.17300	1.17255	1.17268	613	0	8
2026.01.06	08:45:00	1.17268	1.17324	1.17259	1.17281	538	0	8
2026.01.06	09:00:00	1.17280	1.17287	1.17170	1.17179	878	0	8
2026.01.06	09:15:00	1.17178	1.17186	1.17091	1.17115	695	0	8
2026.01.06	09:30:00	1.17115	1.17142	1.17075	1.17133	586	0	8
2026.01.06	09:45:00	1.17134	1.17182	1.17126	1.17126	694	0	8
2026.01.06	10:00:00	1.17131	1.17155	1.17095	1.17106	566	0	8
2026.01.06	10:15:00	1.17108	1.17158	1.17078	1.17143	548	0	8
2026.01.06	10:30:00	1.17143	1.17168	1.17117	1.17119	463	0	8
2026.01.06	10:45:00	1.17120	1.17141	1.17104	1.17125	400	0	8
2026.01.06	11:00:00	1.17123	1.17128	1.17048	1.17070	479	0	8
2026.01.06	11:15:00	1.17070	1.17098	1.17046	1.17085	484	0	8
2026.01.06	11:30:00	1.17086	1.17107	1.17069	1.17084	381	0	8
2026.01.06	11:45:00	1.17084	1.17095	1.17047	1.17059	418	0	8
2026.01.06	12:00:00	1.17058	1.17117	1.17058	1.17116	393	0	8
2026.01.06	12:15:00	1.17115	1.17120	1.17058	1.17060	460	0	8
2026.01.06	12:30:00	1.17058	1.17073	1.16987	1.17020	572	0	8
2026.01.06	12:45:00	1.17020	1.17043	1.16969	1.17013	545	0	8
2026.01.06	13:00:00	1.17014	1.17090	1.16970	1.17070	862	0	8
2026.01.06	13:15:00	1.17071	1.17086	1.17033	1.17066	743	0	8
2026.01.06	13:30:00	1.17066	1.17131	1.17055	1.17101	649	0	8
2026.01.06	13:45:00	1.17101	1.17121	1.17045	1.17105	681	0	8
2026.01.06	14:00:00	1.17105	1.17172	1.17105	1.17135	608	0	8
2026.01.06	14:15:00	1.17135	1.17137	1.17021	1.17052	759	0	8
2026.01.06	14:30:00	1.17052	1.17093	1.16988	1.17078	786	0	8
2026.01.06	14:45:00	1.17084	1.17139	1.17061	1.17087	965	0	8
2026.01.06	15:00:00	1.17084	1.17087	1.16948	1.16959	1124	0	8
2026.01.06	15:15:00	1.16957	1.16975	1.16875	1.16893	1133	0	8
2026.01.06	15:30:00	1.16892	1.16913	1.16836	1.16910	1014	0	8
2026.01.06	15:45:00	1.16910	1.16959	1.16870	1.16949	987	0	8
2026.01.06	16:00:00	1.16949	1.16978	1.16855	1.16914	729	0	8
2026.01.06	16:15:00	1.16916	1.16928	1.16865	1.16870	668	0	8
2026.01.06	16:30:00	1.16869	1.16910	1.16858	1.16882	693	0	8
2026.01.06	16:45:00	1.16882	1.16913	1.16856	1.16880	538	0	8
2026.01.06	17:00:00	1.16877	1.16930	1.16867	1.16921	541	0	8
2026.01.06	17:15:00	1.16923	1.16957	1.16913	1.16936	462	0	8
2026.01.06	17:30:00	1.16936	1.16958	1.16920	1.16954	370	0	8
2026.01.06	17:45:00	1.16954	1.17004	1.16948	1.17002	412	0	8
2026.01.06	18:00:00	1.17002	1.17018	1.16951	1.16989	466	0	8
2026.01.06	18:15:00	1.16989	1.17009	1.16932	1.16946	453	0	8
2026.01.06	18:30:00	1.16946	1.16946	1.16906	1.16933	452	0	8
2026.01.06	18:45:00	1.16934	1.16939	1.16866	1.16877	580	0	8
2026.01.06	19:00:00	1.16877	1.16901	1.16838	1.16862	572	0	8
2026.01.06	19:15:00	1.16863	1.16879	1.16844	1.16848	371	0	8
2026.01.06	19:30:00	1.16848	1.16870	1.16835	1.16855	386	0	8
2026.01.06	19:45:00	1.16857	1.16906	1.16838	1.16893	480	0	8
2026.01.06	20:00:00	1.16892	1.16920	1.16891	1.16893	314	0	8
2026.01.06	20:15:00	1.16894	1.16912	1.16883	1.16894	248	0	8
2026.01.06	20:30:00	1.16893	1.16928	1.16885	1.16925	306	0	8
2026.01.06	20:45:00	1.16925	1.16928	1.16863	1.16867	325	0	8
2026.01.06	21:00:00	1.16867	1.16880	1.16851	1.16867	228	0	8
2026.01.06	21:15:00	1.16866	1.16885	1.16842	1.16848	202	0	8
2026.01.06	21:30:00	1.16849	1.16874	1.16846	1.16869	165	0	8
2026.01.06	21:45:00	1.16869	1.16882	1.16862	1.16875	231	0	8
2026.01.06	22:00:00	1.16874	1.16874	1.16839	1.16857	80	0	20
2026.01.06	22:15:00	1.16855	1.16861	1.16846	1.16858	94	0	48
2026.01.06	22:30:00	1.16855	1.16866	1.16850	1.16850	97	0	48
2026.01.06	22:45:00	1.16850	1.16880	1.16850	1.16880	184	0	8
2026.01.06	23:00:00	1.16881	1.16895	1.16871	1.16880	127	0	8
2026.01.06	23:15:00	1.16880	1.16901	1.16876	1.16894	95	0	8
2026.01.06	23:30:00	1.16894	1.16898	1.16884	1.16885	103	0	8
2026.01.06	23:45:00	1.16885	1.16885	1.16864	1.16869	143	0	8
2026.01.07	00:00:00	1.16870	1.16893	1.16849	1.16864	291	0	8
2026.01.07	00:15:00	1.16865	1.16883	1.16858	1.16864	255	0	8
2026.01.07	00:30:00	1.16864	1.16937	1.16856	1.16906	493	0	8
2026.01.07	00:45:00	1.16906	1.16917	1.16891	1.16915	336	0	8
2026.01.07	01:00:00	1.16913	1.16941	1.16904	1.16915	354	0	8
2026.01.07	01:15:00	1.16916	1.16920	1.16895	1.16908	254	0	8
2026.01.07	01:30:00	1.16910	1.16980	1.16905	1.16976	330	0	8
2026.01.07	01:45:00	1.16976	1.17001	1.16943	1.16955	417	0	8
2026.01.07	02:00:00	1.16955	1.17023	1.16949	1.16998	450	0	8
2026.01.07	02:15:00	1.17000	1.17011	1.16959	1.16970	237	0	8
2026.01.07	02:30:00	1.16970	1.16985	1.16951	1.16974	207	0	8
2026.01.07	02:45:00	1.16975	1.16978	1.16949	1.16960	259	0	8
2026.01.07	03:00:00	1.16960	1.16994	1.16957	1.16977	257	0	8
2026.01.07	03:15:00	1.16977	1.16998	1.16969	1.16981	238	0	8
2026.01.07	03:30:00	1.16981	1.16995	1.16976	1.16978	186	0	8
2026.01.07	03:45:00	1.16978	1.16992	1.16973	1.16981	223	0	8
2026.01.07	04:00:00	1.16981	1.17018	1.16981	1.16994	318	0	8
2026.01.07	04:15:00	1.16994	1.16996	1.16943	1.16945	349	0	8
2026.01.07	04:30:00	1.16945	1.16967	1.16932	1.16963	250	0	8
2026.01.07	04:45:00	1.16963	1.16965	1.16905	1.16909	241	0	8
2026.01.07	05:00:00	1.16909	1.16937	1.16904	1.16919	307	0	8
2026.01.07	05:15:00	1.16918	1.16936	1.16916	1.16922	204	0	8
2026.01.07	05:30:00	1.16922	1.16931	1.16907	1.16911	248	0	8
2026.01.07	05:45:00	1.16911	1.16940	1.16906	1.16926	240	0	8
2026.01.07	06:00:00	1.16925	1.16936	1.16916	1.16925	193	0	8
2026.01.07	06:15:00	1.16925	1.16951	1.16922	1.16949	222	0	8
2026.01.07	06:30:00	1.16950	1.16957	1.16926	1.16936	294	0	8
2026.01.07	06:45:00	1.16936	1.16994	1.16933	1.16972	339	0	8
2026.01.07	07:00:00	1.16970	1.16986	1.16942	1.16942	480	0	8
2026.01.07	07:15:00	1.16942	1.16942	1.16902	1.16907	458	0	8
2026.01.07	07:30:00	1.16906	1.16907	1.16814	1.16868	647	0	8
2026.01.07	07:45:00	1.16864	1.16872	1.16782	1.16823	684	0	8
2026.01.07	08:00:00	1.16822	1.16840	1.16760	1.16765	739	0	8
2026.01.07	08:15:00	1.16765	1.16800	1.16725	1.16749	645	0	8
2026.01.07	08:30:00	1.16751	1.16839	1.16750	1.16808	598	0	8
2026.01.07	08:45:00	1.16808	1.16869	1.16803	1.16854	505	0	8
2026.01.07	09:00:00	1.16853	1.16867	1.16816	1.16835	553	0	8
2026.01.07	09:15:00	1.16835	1.16841	1.16810	1.16840	373	0	8
2026.01.07	09:30:00	1.16842	1.16866	1.16810	1.16853	402	0	8
2026.01.07	09:45:00	1.16852	1.16865	1.16826	1.16840	481	0	8
2026.01.07	10:00:00	1.16839	1.16890	1.16829	1.16879	581	0	8
2026.01.07	10:15:00	1.16883	1.16924	1.16867	1.16913	467	0	8
2026.01.07	10:30:00	1.16915	1.16934	1.16902	1.16908	481	0	8
2026.01.07	10:45:00	1.16908	1.16928	1.16869	1.16882	417	0	8
2026.01.07	11:00:00	1.16882	1.16913	1.16847	1.16881	433	0	8
2026.01.07	11:15:00	1.16880	1.16921	1.16877	1.16893	373	0	8
2026.01.07	11:30:00	1.16893	1.16911	1.16846	1.16859	339	0	8
2026.01.07	11:45:00	1.16858	1.16895	1.16851	1.16889	392	0	8
2026.01.07	12:00:00	1.16889	1.16911	1.16808	1.16830	464	0	8
2026.01.07	12:15:00	1.16830	1.16860	1.16814	1.16848	511	0	8
2026.01.07	12:30:00	1.16850	1.16874	1.16827	1.16837	429	0	8
2026.01.07	12:45:00	1.16837	1.16878	1.16836	1.16874	401	0	8
2026.01.07	13:00:00	1.16874	1.16880	1.16821	1.16830	588	0	8
2026.01.07	13:15:00	1.16835	1.16883	1.16823	1.16868	724	0	8
2026.01.07	13:30:00	1.16870	1.16930	1.16832	1.16912	779	0	8
2026.01.07	13:45:00	1.16911	1.16945	1.16898	1.16912	607	0	8
2026.01.07	14:00:00	1.16911	1.16937	1.16887	1.16910	724	0	8
2026.01.07	14:15:00	1.16910	1.16918	1.16866	1.16891	601	0	8
2026.01.07	14:30:00	1.16891	1.16935	1.16885	1.16913	728	0	8
2026.01.07	14:45:00	1.16914	1.16979	1.16901	1.16967	869	0	8
2026.01.07	15:00:00	1.16966	1.16983	1.16847	1.16886	1856	0	8
2026.01.07	15:15:00	1.16887	1.16892	1.16795	1.16864	1124	0	8
2026.01.07	15:30:00	1.16864	1.16961	1.16864	1.16949	1068	0	8
2026.01.07	15:45:00	1.16948	1.16951	1.16828	1.16896	971	0	8
2026.01.07	16:00:00	1.16896	1.16927	1.16820	1.16826	784	0	8
2026.01.07	16:15:00	1.16826	1.16875	1.16818	1.16853	559	0	8
2026.01.07	16:30:00	1.16853	1.16904	1.16841	1.16888	579	0	8
2026.01.07	16:45:00	1.16888	1.16889	1.16839	1.16888	468	0	8
2026.01.07	17:00:00	1.16888	1.16944	1.16869	1.16877	526	0	8
2026.01.07	17:15:00	1.16876	1.16897	1.16859	1.16893	434	0	8
2026.01.07	17:30:00	1.16892	1.16909	1.16870	1.16898	386	0	8
2026.01.07	17:45:00	1.16899	1.16913	1.16860	1.16876	418	0	8
2026.01.07	18:00:00	1.16876	1.16900	1.16853	1.16886	378	0	8
2026.01.07	18:15:00	1.16886	1.16889	1.16866	1.16869	315	0	8
2026.01.07	18:30:00	1.16869	1.16894	1.16868	1.16883	248	0	8
2026.01.07	18:45:00	1.16883	1.16883	1.16822	1.16829	414	0	8
2026.01.07	19:00:00	1.16827	1.16849	1.16795	1.16814	476	0	8
2026.01.07	19:15:00	1.16814	1.16815	1.16783	1.16795	347	0	8
2026.01.07	19:30:00	1.16796	1.16826	1.16789	1.16811	284	0	8
2026.01.07	19:45:00	1.16810	1.16834	1.16805	1.16822	350	0	8
2026.01.07	20:00:00	1.16824	1.16836	1.16800	1.16811	284	0	8
2026.01.07	20:15:00	1.16811	1.16830	1.16792	1.16805	249	0	8
2026.01.07	20:30:00	1.16805	1.16824	1.16799	1.16809	246	0	8
2026.01.07	20:45:00	1.16809	1.16814	1.16785	1.16785	287	0	8
2026.01.07	21:00:00	1.16787	1.16791	1.16763	1.16776	159	0	8
2026.01.07	21:15:00	1.16776	1.16776	1.16748	1.16755	143	0	8
2026.01.07	21:30:00	1.16755	1.16762	1.16734	1.16761	201	0	8
2026.01.07	21:45:00	1.16761	1.16766	1.16727	1.16742	108	0	8
2026.01.07	22:00:00	1.16727	1.16754	1.16727	1.16737	83	0	20
2026.01.07	22:15:00	1.16738	1.16754	1.16736	1.16749	125	0	20
2026.01.07	22:30:00	1.16748	1.16756	1.16744	1.16751	103	0	48
2026.01.07	22:45:00	1.16752	1.16768	1.16748	1.16765	68	0	20
2026.01.07	23:00:00	1.16771	1.16774	1.16754	1.16762	130	0	8
2026.01.07	23:15:00	1.16762	1.16771	1.16761	1.16762	75	0	8
2026.01.07	23:30:00	1.16762	1.16762	1.16747	1.16757	99	0	8
2026.01.07	23:45:00	1.16758	1.16766	1.16755	1.16766	51	0	8
2026.01.08	00:00:00	1.16766	1.16776	1.16761	1.16768	153	0	8
2026.01.08	00:15:00	1.16768	1.16776	1.16755	1.16766	156	0	8
2026.01.08	00:30:00	1.16766	1.16777	1.16761	1.16761	198	0	8
2026.01.08	00:45:00	1.16761	1.16775	1.16755	1.16755	213	0	8
2026.01.08	01:00:00	1.16753	1.16777	1.16746	1.16766	241	0	8
2026.01.08	01:15:00	1.16766	1.16779	1.16754	1.16756	235	0	8
2026.01.08	01:30:00	1.16756	1.16760	1.16724	1.16731	294	0	8
2026.01.08	01:45:00	1.16731	1.16752	1.16728	1.16744	243	0	8
2026.01.08	02:00:00	1.16745	1.16756	1.16731	1.16745	310	0	8
2026.01.08	02:15:00	1.16746	1.16753	1.16723	1.16740	260	0	8
2026.01.08	02:30:00	1.16741	1.16799	1.16739	1.16792	326	0	8
2026.01.08	02:45:00	1.16792	1.16804	1.16778	1.16798	264	0	8
2026.01.08	03:00:00	1.16796	1.16816	1.16796	1.16799	261	0	8
2026.01.08	03:15:00	1.16799	1.16816	1.16796	1.16814	255	0	8
2026.01.08	03:30:00	1.16814	1.16824	1.16797	1.16801	186	0	8
2026.01.08	03:45:00	1.16801	1.16803	1.16784	1.16796	170	0	8
2026.01.08	04:00:00	1.16796	1.16797	1.16775	1.16797	215	0	8
2026.01.08	04:15:00	1.16797	1.16809	1.16785	1.16785	124	0	8
2026.01.08	04:30:00	1.16785	1.16796	1.16777	1.16796	139	0	8
2026.01.08	04:45:00	1.16796	1.16808	1.16784	1.16801	213	0	8
2026.01.08	05:00:00	1.16801	1.16806	1.16784	1.16788	236	0	8
2026.01.08	05:15:00	1.16788	1.16793	1.16770	1.16779	291	0	8
2026.01.08	05:30:00	1.16781	1.16824	1.16776	1.16810	279	0	8
2026.01.08	05:45:00	1.16810	1.16825	1.16799	1.16820	264	0	8
2026.01.08	06:00:00	1.16819	1.16827	1.16790	1.16811	337	0	8
2026.01.08	06:15:00	1.16811	1.16813	1.16746	1.16756	364	0	8
2026.01.08	06:30:00	1.16756	1.16810	1.16754	1.16796	411	0	8
2026.01.08	06:45:00	1.16796	1.16824	1.16780	1.16810	351	0	8
2026.01.08	07:00:00	1.16808	1.16823	1.16772	1.16780	555	0	8
2026.01.08	07:15:00	1.16780	1.16809	1.16770	1.16790	426	0	8
2026.01.08	07:30:00	1.16792	1.16827	1.16781	1.16815	413	0	8
2026.01.08	07:45:00	1.16814	1.16817	1.16765	1.16774	458	0	8
2026.01.08	08:00:00	1.16777	1.16785	1.16741	1.16763	566	0	8
2026.01.08	08:15:00	1.16763	1.16767	1.16715	1.16746	463	0	8
2026.01.08	08:30:00	1.16744	1.16758	1.16690	1.16713	543	0	8
2026.01.08	08:45:00	1.16714	1.16726	1.16684	1.16712	515	0	8
2026.01.08	09:00:00	1.16710	1.16741	1.16691	1.16701	458	0	8
2026.01.08	09:15:00	1.16700	1.16750	1.16700	1.16725	443	0	8
2026.01.08	09:30:00	1.16726	1.16743	1.16695	1.16709	432	0	8
2026.01.08	09:45:00	1.16708	1.16767	1.16693	1.16764	452	0	8
2026.01.08	10:00:00	1.16766	1.16815	1.16762	1.16794	480	0	8
2026.01.08	10:15:00	1.16794	1.16804	1.16752	1.16771	453	0	8
2026.01.08	10:30:00	1.16771	1.16795	1.16767	1.16780	319	0	8
2026.01.08	10:45:00	1.16780	1.16800	1.16756	1.16794	354	0	8
2026.01.08	11:00:00	1.16794	1.16800	1.16762	1.16762	306	0	8
2026.01.08	11:15:00	1.16763	1.16778	1.16756	1.16756	297	0	8
2026.01.08	11:30:00	1.16756	1.16779	1.16749	1.16776	261	0	8
2026.01.08	11:45:00	1.16775	1.16790	1.16755	1.16773	314	0	8
2026.01.08	12:00:00	1.16773	1.16775	1.16716	1.16721	373	0	8
2026.01.08	12:15:00	1.16721	1.16738	1.16705	1.16723	370	0	8
2026.01.08	12:30:00	1.16722	1.16733	1.16702	1.16723	311	0	8
2026.01.08	12:45:00	1.16723	1.16740	1.16694	1.16731	402	0	8
2026.01.08	13:00:00	1.16729	1.16763	1.16725	1.16735	528	0	8
2026.01.08	13:15:00	1.16735	1.16775	1.16711	1.16738	508	0	8
2026.01.08	13:30:00	1.16745	1.16748	1.16665	1.16669	714	0	8
2026.01.08	13:45:00	1.16669	1.16669	1.16579	1.16625	870	0	8
2026.01.08	14:00:00	1.16626	1.16662	1.16597	1.16599	768	0	8
2026.01.08	14:15:00	1.16599	1.16608	1.16558	1.16587	636	0	8
2026.01.08	14:30:00	1.16589	1.16624	1.16572	1.16617	752	0	8
2026.01.08	14:45:00	1.16617	1.16643	1.16576	1.16642	627	0	8
2026.01.08	15:00:00	1.16643	1.16676	1.16603	1.16658	626	0	8
2026.01.08	15:15:00	1.16658	1.16734	1.16651	1.16699	646	0	8
2026.01.08	15:30:00	1.16697	1.16714	1.16632	1.16676	605	0	8
2026.01.08	15:45:00	1.16677	1.16699	1.16637	1.16662	874	0	8
2026.01.08	16:00:00	1.16663	1.16674	1.16576	1.16578	621	0	8
2026.01.08	16:15:00	1.16579	1.16592	1.16520	1.16567	602	0	8
2026.01.08	16:30:00	1.16568	1.16569	1.16522	1.16564	519	0	8
2026.01.08	16:45:00	1.16564	1.16579	1.16539	1.16543	561	0	8
2026.01.08	17:00:00	1.16543	1.16554	1.16497	1.16515	572	0	8
2026.01.08	17:15:00	1.16514	1.16526	1.16469	1.16469	502	0	8
2026.01.08	17:30:00	1.16469	1.16477	1.16433	1.16462	450	0	8
2026.01.08	17:45:00	1.16462	1.16509	1.16452	1.16504	358	0	8
2026.01.08	18:00:00	1.16502	1.16528	1.16471	1.16495	413	0	8
2026.01.08	18:15:00	1.16495	1.16510	1.16474	1.16491	360	0	8
2026.01.08	18:30:00	1.16492	1.16515	1.16480	1.16500	302	0	8
2026.01.08	18:45:00	1.16500	1.16502	1.16444	1.16450	293	0	8
2026.01.08	19:00:00	1.16448	1.16468	1.16423	1.16460	387	0	8
2026.01.08	19:15:00	1.16460	1.16468	1.16448	1.16455	282	0	8
2026.01.08	19:30:00	1.16457	1.16485	1.16449	1.16464	290	0	8
2026.01.08	19:45:00	1.16463	1.16503	1.16461	1.16497	308	0	8
2026.01.08	20:00:00	1.16497	1.16525	1.16494	1.16502	272	0	8
2026.01.08	20:15:00	1.16502	1.16530	1.16496	1.16527	265	0	8
2026.01.08	20:30:00	1.16527	1.16542	1.16514	1.16520	265	0	8
2026.01.08	20:45:00	1.16520	1.16540	1.16502	1.16511	285	0	8
2026.01.08	21:00:00	1.16508	1.16520	1.16502	1.16519	192	0	8
2026.01.08	21:15:00	1.16520	1.16539	1.16511	1.16536	163	0	8
2026.01.08	21:30:00	1.16536	1.16602	1.16533	1.16592	323	0	8
2026.01.08	21:45:00	1.16594	1.16621	1.16556	1.16574	373	0	8
2026.01.08	22:00:00	1.16562	1.16579	1.16553	1.16563	67	0	20
2026.01.08	22:15:00	1.16563	1.16579	1.16555	1.16558	191	0	20
2026.01.08	22:30:00	1.16559	1.16582	1.16555	1.16580	135	0	20
2026.01.08	22:45:00	1.16580	1.16584	1.16562	1.16584	86	0	8
2026.01.08	23:00:00	1.16584	1.16617	1.16581	1.16592	192	0	8
2026.01.08	23:15:00	1.16592	1.16594	1.16576	1.16577	101	0	8
2026.01.08	23:30:00	1.16579	1.16585	1.16566	1.16566	131	0	8
2026.01.08	23:45:00	1.16566	1.16575	1.16560	1.16575	104	0	8
2026.01.09	00:00:00	1.16577	1.16577	1.16545	1.16546	179	0	8
2026.01.09	00:15:00	1.16546	1.16573	1.16539	1.16556	187	0	8
2026.01.09	00:30:00	1.16556	1.16559	1.16536	1.16548	182	0	8
2026.01.09	00:45:00	1.16547	1.16559	1.16532	1.16532	269	0	8
2026.01.09	01:00:00	1.16531	1.16544	1.16513	1.16532	307	0	8
2026.01.09	01:15:00	1.16531	1.16569	1.16505	1.16517	348	0	8
2026.01.09	01:30:00	1.16517	1.16526	1.16484	1.16486	310	0	8
2026.01.09	01:45:00	1.16486	1.16518	1.16477	1.16488	406	0	8
2026.01.09	02:00:00	1.16490	1.16506	1.16457	1.16459	330	0	8
2026.01.09	02:15:00	1.16459	1.16502	1.16459	1.16496	235	0	8
2026.01.09	02:30:00	1.16496	1.16524	1.16492	1.16517	294	0	8
2026.01.09	02:45:00	1.16517	1.16543	1.16514	1.16538	275	0	8
2026.01.09	03:00:00	1.16540	1.16584	1.16531	1.16572	250	0	8
2026.01.09	03:15:00	1.16572	1.16587	1.16554	1.16563	253	0	8
2026.01.09	03:30:00	1.16563	1.16578	1.16547	1.16568	264	0	8
2026.01.09	03:45:00	1.16568	1.16568	1.16547	1.16559	191	0	8
2026.01.09	04:00:00	1.16560	1.16565	1.16530	1.16531	251	0	8
2026.01.09	04:15:00	1.16531	1.16546	1.16516	1.16545	184	0	8
2026.01.09	04:30:00	1.16545	1.16557	1.16538	1.16542	157	0	8
2026.01.09	04:45:00	1.16542	1.16549	1.16530	1.16540	207	0	8
2026.01.09	05:00:00	1.16538	1.16560	1.16528	1.16537	269	0	8
2026.01.09	05:15:00	1.16537	1.16554	1.16522	1.16526	200	0	8
2026.01.09	05:30:00	1.16526	1.16536	1.16498	1.16506	242	0	8
2026.01.09	05:45:00	1.16506	1.16518	1.16497	1.16509	230	0	8
2026.01.09	06:00:00	1.16509	1.16524	1.16481	1.16491	346	0	8
2026.01.09	06:15:00	1.16491	1.16513	1.16482	1.16505	251	0	8
2026.01.09	06:30:00	1.16505	1.16523	1.16505	1.16512	224	0	8
2026.01.09	06:45:00	1.16513	1.16524	1.16481	1.16486	285	0	8
2026.01.09	07:00:00	1.16484	1.16494	1.16446	1.16448	375	0	8
2026.01.09	07:15:00	1.16447	1.16469	1.16426	1.16447	451	0	8
2026.01.09	07:30:00	1.16447	1.16454	1.16396	1.16420	441	0	8
2026.01.09	07:45:00	1.16421	1.16504	1.16407	1.16502	514	0	8
2026.01.09	08:00:00	1.16505	1.16526	1.16430	1.16435	646	0	8
2026.01.09	08:15:00	1.16435	1.16474	1.16424	1.16453	564	0	8
2026.01.09	08:30:00	1.16455	1.16457	1.16408	1.16424	531	0	8
2026.01.09	08:45:00	1.16424	1.16493	1.16418	1.16483	570	0	8
2026.01.09	09:00:00	1.16484	1.16499	1.16460	1.16478	475	0	8
2026.01.09	09:15:00	1.16476	1.16486	1.16422	1.16423	378	0	8
2026.01.09	09:30:00	1.16424	1.16452	1.16423	1.16430	370	0	8
2026.01.09	09:45:00	1.16430	1.16445	1.16418	1.16421	348	0	8
2026.01.09	10:00:00	1.16421	1.16446	1.16400	1.16434	308	0	8
2026.01.09	10:15:00	1.16434	1.16440	1.16365	1.16422	438	0	8
2026.01.09	10:30:00	1.16422	1.16444	1.16403	1.16425	382	0	8
2026.01.09	10:45:00	1.16425	1.16464	1.16423	1.16463	349	0	8
2026.01.09	11:00:00	1.16463	1.16465	1.16413	1.16439	407	0	8
2026.01.09	11:15:00	1.16439	1.16456	1.16429	1.16445	322	0	8
2026.01.09	11:30:00	1.16445	1.16457	1.16419	1.16453	321	0	8
2026.01.09	11:45:00	1.16453	1.16462	1.16438	1.16457	299	0	8
2026.01.09	12:00:00	1.16458	1.16458	1.16422	1.16435	462	0	8
2026.01.09	12:15:00	1.16435	1.16445	1.16396	1.16431	404	0	8
2026.01.09	12:30:00	1.16432	1.16437	1.16393	1.16411	424	0	8
2026.01.09	12:45:00	1.16410	1.16442	1.16396	1.16412	481	0	8
2026.01.09	13:00:00	1.16413	1.16435	1.16405	1.16432	540	0	8
2026.01.09	13:15:00	1.16434	1.16456	1.16406	1.16433	612	0	8
2026.01.09	13:30:00	1.16434	1.16603	1.16253	1.16564	3463	0	8
2026.01.09	13:45:00	1.16562	1.16578	1.16415	1.16449	1862	0	8
2026.01.09	14:00:00	1.16449	1.16522	1.16398	1.16424	1697	0	8
2026.01.09	14:15:00	1.16424	1.16461	1.16343	1.16377	1608	0	8
2026.01.09	14:30:00	1.16379	1.16441	1.16326	1.16337	1254	0	8
2026.01.09	14:45:00	1.16337	1.16374	1.16296	1.16364	1187	0	8
2026.01.09	15:00:00	1.16362	1.16390	1.16212	1.16256	1499	0	8
2026.01.09	15:15:00	1.16258	1.16280	1.16178	1.16261	1157	0	8
2026.01.09	15:30:00	1.16259	1.16379	1.16249	1.16340	1000	0	8
2026.01.09	15:45:00	1.16342	1.16404	1.16322	1.16402	1021	0	8
2026.01.09	16:00:00	1.16403	1.16430	1.16360	1.16380	787	0	8
2026.01.09	16:15:00	1.16380	1.16403	1.16297	1.16298	642	0	8
2026.01.09	16:30:00	1.16296	1.16354	1.16279	1.16342	679	0	8
2026.01.09	16:45:00	1.16342	1.16349	1.16319	1.16330	515	0	8
2026.01.09	17:00:00	1.16328	1.16344	1.16283	1.16310	565	0	8
2026.01.09	17:15:00	1.16309	1.16309	1.16272	1.16303	530	0	8
2026.01.09	17:30:00	1.16305	1.16320	1.16283	1.16305	399	0	8
2026.01.09	17:45:00	1.16305	1.16327	1.16298	1.16311	359	0	8
2026.01.09	18:00:00	1.16313	1.16341	1.16308	1.16315	415	0	8
2026.01.09	18:15:00	1.16315	1.16338	1.16307	1.16330	306	0	8
2026.01.09	18:30:00	1.16329	1.16395	1.16327	1.16376	392	0	8
2026.01.09	18:45:00	1.16377	1.16382	1.16331	1.16336	363	0	8
2026.01.09	19:00:00	1.16336	1.16370	1.16326	1.16354	352	0	8
2026.01.09	19:15:00	1.16355	1.16384	1.16354	1.16373	259	0	8
2026.01.09	19:30:00	1.16370	1.16373	1.16339	1.16352	294	0	8
2026.01.09	19:45:00	1.16351	1.16355	1.16336	1.16344	263	0	8
2026.01.09	20:00:00	1.16344	1.16354	1.16338	1.16353	248	0	8
2026.01.09	20:15:00	1.16354	1.16375	1.16344	1.16363	194	0	8
2026.01.09	20:30:00	1.16363	1.16367	1.16341	1.16349	233	0	8
2026.01.09	20:45:00	1.16349	1.16359	1.16336	1.16341	223	0	8
2026.01.09	21:00:00	1.16341	1.16365	1.16335	1.16348	190	0	8
2026.01.09	21:15:00	1.16349	1.16357	1.16332	1.16339	167	0	8
2026.01.09	21:30:00	1.16338	1.16338	1.16302	1.16304	145	0	8
2026.01.09	21:45:00	1.16304	1.16330	1.16291	1.16328	235	0	8
2026.01.11	22:00:00	1.16318	1.16331	1.16311	1.16328	65	0	48
2026.01.11	22:15:00	1.16327	1.16333	1.16319	1.16332	97	0	48
2026.01.11	22:30:00	1.16332	1.16332	1.16302	1.16320	105	0	48
2026.01.11	22:45:00	1.16319	1.16331	1.16311	1.16320	107	0	48
2026.01.11	23:00:00	1.16342	1.16346	1.16300	1.16309	206	0	8
2026.01.11	23:15:00	1.16309	1.16325	1.16251	1.16255	204	0	8
2026.01.11	23:30:00	1.16255	1.16260	1.16233	1.16250	180	0	8
2026.01.11	23:45:00	1.16250	1.16250	1.16228	1.16236	115	0	8
2026.01.12	00:00:00	1.16234	1.16444	1.16213	1.16433	893	0	8
2026.01.12	00:15:00	1.16435	1.16455	1.16378	1.16426	599	0	8
2026.01.12	00:30:00	1.16424	1.16589	1.16417	1.16583	1209	0	8
2026.01.12	00:45:00	1.16585	1.16646	1.16557	1.16642	826	0	8
2026.01.12	01:00:00	1.16642	1.16681	1.16596	1.16654	871	0	8
2026.01.12	01:15:00	1.16654	1.16709	1.16638	1.16654	799	0	8
2026.01.12	01:30:00	1.16654	1.16656	1.16581	1.16582	591	0	8
2026.01.12	01:45:00	1.16581	1.16586	1.16553	1.16557	373	0	8
2026.01.12	02:00:00	1.16557	1.16620	1.16552	1.16593	426	0	8
2026.01.12	02:15:00	1.16593	1.16601	1.16562	1.16564	318	0	8
2026.01.12	02:30:00	1.16562	1.16641	1.16545	1.16608	521	0	8
2026.01.12	02:45:00	1.16610	1.16617	1.16536	1.16545	385	0	8
2026.01.12	03:00:00	1.16545	1.16591	1.16545	1.16579	349	0	8
2026.01.12	03:15:00	1.16580	1.16587	1.16564	1.16574	242	0	8
2026.01.12	03:30:00	1.16575	1.16587	1.16548	1.16557	250	0	8
2026.01.12	03:45:00	1.16557	1.16574	1.16548	1.16550	262	0	8
2026.01.12	04:00:00	1.16548	1.16561	1.16535	1.16561	204	0	8
2026.01.12	04:15:00	1.16561	1.16581	1.16548	1.16557	184	0	8
2026.01.12	04:30:00	1.16555	1.16557	1.16526	1.16536	188	0	8
2026.01.12	04:45:00	1.16536	1.16555	1.16536	1.16555	179	0	8
2026.01.12	05:00:00	1.16555	1.16605	1.16554	1.16599	296	0	8
2026.01.12	05:15:00	1.16600	1.16656	1.16593	1.16653	277	0	8
2026.01.12	05:30:00	1.16653	1.16691	1.16650	1.16685	372	0	8
2026.01.12	05:45:00	1.16684	1.16708	1.16676	1.16687	459	0	8
2026.01.12	06:00:00	1.16685	1.16687	1.16640	1.16644	391	0	8
2026.01.12	06:15:00	1.16643	1.16690	1.16639	1.16675	381	0	8
2026.01.12	06:30:00	1.16675	1.16703	1.16654	1.16667	426	0	8
2026.01.12	06:45:00	1.16667	1.16725	1.16653	1.16695	404	0	8
2026.01.12	07:00:00	1.16695	1.16776	1.16680	1.16752	689	0	8
2026.01.12	07:15:00	1.16754	1.16841	1.16754	1.16809	913	0	8
2026.01.12	07:30:00	1.16813	1.16813	1.16758	1.16770	624	0	8
2026.01.12	07:45:00	1.16770	1.16873	1.16755	1.16844	726	0	8
2026.01.12	08:00:00	1.16842	1.16889	1.16779	1.16785	883	0	8
2026.01.12	08:15:00	1.16785	1.16816	1.16756	1.16778	614	0	8
2026.01.12	08:30:00	1.16779	1.16850	1.16779	1.16828	672	0	8
2026.01.12	08:45:00	1.16828	1.16914	1.16813	1.16876	770	0	8
2026.01.12	09:00:00	1.16874	1.16933	1.16844	1.16892	714	0	8
2026.01.12	09:15:00	1.16891	1.16954	1.16888	1.16949	628	0	8
2026.01.12	09:30:00	1.16950	1.16950	1.16868	1.16873	460	0	8
2026.01.12	09:45:00	1.16873	1.16874	1.16809	1.16816	523	0	8
2026.01.12	10:00:00	1.16814	1.16846	1.16810	1.16839	426	0	8
2026.01.12	10:15:00	1.16839	1.16846	1.16756	1.16798	536	0	8
2026.01.12	10:30:00	1.16800	1.16825	1.16772	1.16807	487	0	8
2026.01.12	10:45:00	1.16808	1.16852	1.16805	1.16852	440	0	8
2026.01.12	11:00:00	1.16852	1.16881	1.16830	1.16865	428	0	8
2026.01.12	11:15:00	1.16866	1.16892	1.16847	1.16863	447	0	8
2026.01.12	11:30:00	1.16863	1.16874	1.16794	1.16815	475	0	8
2026.01.12	11:45:00	1.16815	1.16816	1.16753	1.16782	494	0	8
2026.01.12	12:00:00	1.16780	1.16844	1.16765	1.16837	599	0	8
2026.01.12	12:15:00	1.16836	1.16843	1.16805	1.16816	462	0	8
2026.01.12	12:30:00	1.16818	1.16871	1.16816	1.16864	427	0	8
2026.01.12	12:45:00	1.16865	1.16871	1.16781	1.16809	646	0	8
2026.01.12	13:00:00	1.16811	1.16935	1.16774	1.16918	875	0	8
2026.01.12	13:15:00	1.16918	1.16953	1.16880	1.16890	706	0	8
2026.01.12	13:30:00	1.16889	1.16930	1.16874	1.16919	637	0	8
2026.01.12	13:45:00	1.16917	1.16982	1.16906	1.16924	861	0	8
2026.01.12	14:00:00	1.16925	1.16925	1.16815	1.16830	900	0	8
2026.01.12	14:15:00	1.16828	1.16839	1.16750	1.16753	788	0	8
2026.01.12	14:30:00	1.16755	1.16790	1.16737	1.16762	918	0	8
2026.01.12	14:45:00	1.16764	1.16789	1.16745	1.16766	816	0	8
2026.01.12	15:00:00	1.16769	1.16789	1.16725	1.16770	696	0	8
2026.01.12	15:15:00	1.16770	1.16795	1.16753	1.16760	617	0	8
2026.01.12	15:30:00	1.16759	1.16843	1.16758	1.16813	638	0	8
2026.01.12	15:45:00	1.16814	1.16855	1.16799	1.16807	712	0	8
2026.01.12	16:00:00	1.16807	1.16818	1.16725	1.16752	612	0	8
2026.01.12	16:15:00	1.16751	1.16790	1.16751	1.16771	504	0	8
2026.01.12	16:30:00	1.16774	1.16792	1.16753	1.16780	530	0	8
2026.01.12	16:45:00	1.16781	1.16787	1.16710	1.16715	470	0	8
2026.01.12	17:00:00	1.16713	1.16754	1.16703	1.16727	535	0	8
2026.01.12	17:15:00	1.16726	1.16727	1.16663	1.16687	570	0	8
2026.01.12	17:30:00	1.16689	1.16711	1.16663	1.16699	520	0	8
2026.01.12	17:45:00	1.16700	1.16710	1.16658	1.16683	400	0	8
2026.01.12	18:00:00	1.16683	1.16690	1.16648	1.16678	413	0	8
2026.01.12	18:15:00	1.16678	1.16713	1.16675	1.16695	315	0	8
2026.01.12	18:30:00	1.16697	1.16712	1.16679	1.16680	282	0	8
2026.01.12	18:45:00	1.16680	1.16700	1.16676	1.16687	292	0	8
2026.01.12	19:00:00	1.16687	1.16719	1.16673	1.16716	237	0	8
2026.01.12	19:15:00	1.16716	1.16736	1.16705	1.16721	256	0	8
2026.01.12	19:30:00	1.16721	1.16731	1.16691	1.16696	282	0	8
2026.01.12	19:45:00	1.16696	1.16731	1.16696	1.16717	238	0	8
2026.01.12	20:00:00	1.16718	1.16727	1.16699	1.16714	221	0	8
2026.01.12	20:15:00	1.16715	1.16715	1.16698	1.16707	224	0	8
2026.01.12	20:30:00	1.16708	1.16718	1.16658	1.16663	271	0	8
2026.01.12	20:45:00	1.16665	1.16676	1.16625	1.16649	404	0	8
2026.01.12	21:00:00	1.16646	1.16666	1.16639	1.16663	211	0	8
2026.01.12	21:15:00	1.16663	1.16672	1.16660	1.16666	136	0	8
2026.01.12	21:30:00	1.16666	1.16679	1.16659	1.16670	130	0	8
2026.01.12	21:45:00	1.16671	1.16684	1.16641	1.16656	220	0	8
2026.01.12	22:00:00	1.16646	1.16657	1.16634	1.16649	57	0	20
2026.01.12	22:15:00	1.16647	1.16653	1.16641	1.16644	114	0	63
2026.01.12	22:30:00	1.16644	1.16683	1.16644	1.16669	117	0	20
2026.01.12	22:45:00	1.16671	1.16683	1.16643	1.16678	218	0	20
2026.01.12	23:00:00	1.16686	1.16688	1.16652	1.16655	211	0	8
2026.01.12	23:15:00	1.16653	1.16703	1.16650	1.16672	243	0	8
2026.01.12	23:30:00	1.16672	1.16681	1.16652	1.16672	169	0	8
2026.01.12	23:45:00	1.16673	1.16681	1.16651	1.16672	176	0	8
2026.01.13	00:00:00	1.16672	1.16672	1.16645	1.16646	217	0	8
2026.01.13	00:15:00	1.16646	1.16646	1.16622	1.16632	182	0	8
2026.01.13	00:30:00	1.16632	1.16639	1.16602	1.16612	287	0	8
2026.01.13	00:45:00	1.16612	1.16640	1.16608	1.16633	331	0	8
2026.01.13	01:00:00	1.16634	1.16642	1.16598	1.16610	367	0	8
2026.01.13	01:15:00	1.16611	1.16616	1.16579	1.16596	329	0	8
2026.01.13	01:30:00	1.16596	1.16622	1.16560	1.16588	332	0	8
2026.01.13	01:45:00	1.16588	1.16610	1.16577	1.16581	313	0	8
2026.01.13	02:00:00	1.16579	1.16610	1.16578	1.16598	240	0	8
2026.01.13	02:15:00	1.16598	1.16600	1.16574	1.16574	217	0	8
2026.01.13	02:30:00	1.16573	1.16598	1.16565	1.16584	217	0	8
2026.01.13	02:45:00	1.16584	1.16595	1.16581	1.16589	248	0	8
2026.01.13	03:00:00	1.16589	1.16611	1.16561	1.16605	256	0	8
2026.01.13	03:15:00	1.16605	1.16632	1.16599	1.16611	236	0	8
2026.01.13	03:30:00	1.16611	1.16612	1.16580	1.16580	211	0	8
2026.01.13	03:45:00	1.16580	1.16599	1.16573	1.16584	208	0	8
2026.01.13	04:00:00	1.16584	1.16605	1.16582	1.16604	153	0	8
2026.01.13	04:15:00	1.16604	1.16651	1.16592	1.16643	370	0	8
2026.01.13	04:30:00	1.16643	1.16653	1.16610	1.16621	232	0	8
2026.01.13	04:45:00	1.16619	1.16655	1.16613	1.16652	231	0	8
2026.01.13	05:00:00	1.16653	1.16657	1.16623	1.16643	246	0	8
2026.01.13	05:15:00	1.16643	1.16670	1.16635	1.16661	230	0	8
2026.01.13	05:30:00	1.16661	1.16668	1.16627	1.16628	262	0	8
2026.01.13	05:45:00	1.16628	1.16638	1.16613	1.16624	276	0	8
2026.01.13	06:00:00	1.16623	1.16626	1.16550	1.16573	370	0	8
2026.01.13	06:15:00	1.16574	1.16583	1.16544	1.16552	319	0	8
2026.01.13	06:30:00	1.16552	1.16571	1.16535	1.16550	337	0	8
2026.01.13	06:45:00	1.16550	1.16587	1.16538	1.16586	383	0	8
2026.01.13	07:00:00	1.16584	1.16609	1.16568	1.16569	424	0	8
2026.01.13	07:15:00	1.16570	1.16620	1.16555	1.16608	543	0	8
2026.01.13	07:30:00	1.16609	1.16633	1.16595	1.16596	450	0	8
2026.01.13	07:45:00	1.16596	1.16644	1.16594	1.16636	438	0	8
2026.01.13	08:00:00	1.16634	1.16682	1.16610	1.16663	680	0	8
2026.01.13	08:15:00	1.16662	1.16662	1.16605	1.16610	495	0	8
2026.01.13	08:30:00	1.16611	1.16631	1.16581	1.16630	504	0	8
2026.01.13	08:45:00	1.16630	1.16686	1.16625	1.16686	452	0	8
2026.01.13	09:00:00	1.16687	1.16699	1.16630	1.16649	481	0	8
2026.01.13	09:15:00	1.16649	1.16691	1.16643	1.16673	384	0	8
2026.01.13	09:30:00	1.16672	1.16722	1.16662	1.16689	480	0	8
2026.01.13	09:45:00	1.16689	1.16717	1.16679	1.16713	350	0	8
2026.01.13	10:00:00	1.16716	1.16742	1.16704	1.16715	455	0	8
2026.01.13	10:15:00	1.16715	1.16717	1.16667	1.16672	355	0	8
2026.01.13	10:30:00	1.16673	1.16701	1.16658	1.16674	455	0	8
2026.01.13	10:45:00	1.16676	1.16676	1.16649	1.16661	332	0	8
2026.01.13	11:00:00	1.16662	1.16668	1.16644	1.16664	246	0	8
2026.01.13	11:15:00	1.16663	1.16684	1.16642	1.16678	273	0	8
2026.01.13	11:30:00	1.16678	1.16700	1.16668	1.16678	295	0	8
2026.01.13	11:45:00	1.16678	1.16685	1.16656	1.16683	264	0	8
2026.01.13	12:00:00	1.16683	1.16689	1.16632	1.16655	361	0	8
2026.01.13	12:15:00	1.16655	1.16682	1.16651	1.16661	282	0	8
2026.01.13	12:30:00	1.16661	1.16662	1.16592	1.16606	352	0	8
2026.01.13	12:45:00	1.16606	1.16626	1.16524	1.16548	739	0	8
2026.01.13	13:00:00	1.16547	1.16580	1.16528	1.16549	587	0	8
2026.01.13	13:15:00	1.16551	1.16551	1.16498	1.16526	787	0	8
2026.01.13	13:30:00	1.16522	1.16772	1.16522	1.16665	2513	0	8
2026.01.13	13:45:00	1.16663	1.16687	1.16598	1.16681	1157	0	8
2026.01.13	14:00:00	1.16682	1.16729	1.16654	1.16675	924	0	8
2026.01.13	14:15:00	1.16673	1.16698	1.16651	1.16686	837	0	8
2026.01.13	14:30:00	1.16688	1.16693	1.16570	1.16606	1188	0	8
2026.01.13	14:45:00	1.16606	1.16649	1.16590	1.16636	871	0	8
2026.01.13	15:00:00	1.16633	1.16645	1.16536	1.16548	947	0	8
2026.01.13	15:15:00	1.16547	1.16558	1.16468	1.16477	855	0	8
2026.01.13	15:30:00	1.16477	1.16487	1.16437	1.16481	784	0	8
2026.01.13	15:45:00	1.16483	1.16546	1.16475	1.16518	873	0	8
2026.01.13	16:00:00	1.16518	1.16541	1.16366	1.16375	804	0	8
2026.01.13	16:15:00	1.16374	1.16402	1.16341	1.16390	753	0	8
2026.01.13	16:30:00	1.16389	1.16447	1.16388	1.16429	549	0	8
2026.01.13	16:45:00	1.16429	1.16481	1.16429	1.16453	516	0	8
2026.01.13	17:00:00	1.16452	1.16476	1.16425	1.16450	470	0	8
2026.01.13	17:15:00	1.16450	1.16469	1.16410	1.16431	467	0	8
2026.01.13	17:30:00	1.16432	1.16482	1.16426	1.16461	449	0	8
2026.01.13	17:45:00	1.16461	1.16483	1.16441	1.16458	401	0	8
2026.01.13	18:00:00	1.16460	1.16466	1.16412	1.16455	530	0	8
2026.01.13	18:15:00	1.16455	1.16496	1.16446	1.16482	365	0	8
2026.01.13	18:30:00	1.16482	1.16510	1.16469	1.16506	323	0	8
2026.01.13	18:45:00	1.16508	1.16540	1.16505	1.16527	299	0	8
2026.01.13	19:00:00	1.16527	1.16530	1.16473	1.16503	324	0	8
2026.01.13	19:15:00	1.16505	1.16511	1.16464	1.16473	347	0	8
2026.01.13	19:30:00	1.16473	1.16485	1.16457	1.16480	218	0	8
2026.01.13	19:45:00	1.16480	1.16506	1.16463	1.16489	375	0	8
2026.01.13	20:00:00	1.16490	1.16496	1.16469	1.16493	256	0	8
2026.01.13	20:15:00	1.16493	1.16494	1.16458	1.16460	251	0	8
2026.01.13	20:30:00	1.16460	1.16487	1.16449	1.16480	281	0	8
2026.01.13	20:45:00	1.16480	1.16484	1.16451	1.16452	281	0	8
2026.01.13	21:00:00	1.16452	1.16462	1.16426	1.16427	195	0	8
2026.01.13	21:15:00	1.16427	1.16457	1.16425	1.16448	158	0	8
2026.01.13	21:30:00	1.16448	1.16463	1.16443	1.16444	121	0	8
2026.01.13	21:45:00	1.16444	1.16444	1.16419	1.16420	148	0	8
2026.01.13	22:00:00	1.16423	1.16426	1.16403	1.16420	73	0	8
2026.01.13	22:15:00	1.16421	1.16422	1.16406	1.16414	140	0	48
2026.01.13	22:30:00	1.16414	1.16425	1.16400	1.16422	244	0	20
2026.01.13	22:45:00	1.16422	1.16448	1.16403	1.16444	175	0	8
2026.01.13	23:00:00	1.16450	1.16450	1.16429	1.16444	193	0	8
2026.01.13	23:15:00	1.16444	1.16451	1.16442	1.16444	65	0	8
2026.01.13	23:30:00	1.16443	1.16454	1.16426	1.16430	132	0	8
2026.01.13	23:45:00	1.16430	1.16437	1.16418	1.16418	106	0	8
2026.01.14	00:00:00	1.16418	1.16429	1.16378	1.16382	238	0	8
2026.01.14	00:15:00	1.16382	1.16412	1.16379	1.16412	205	0	8
2026.01.14	00:30:00	1.16412	1.16434	1.16404	1.16426	226	0	8
2026.01.14	00:45:00	1.16427	1.16432	1.16406	1.16426	295	0	8
2026.01.14	01:00:00	1.16426	1.16429	1.16368	1.16373	346	0	8
2026.01.14	01:15:00	1.16373	1.16390	1.16364	1.16371	250	0	8
2026.01.14	01:30:00	1.16372	1.16391	1.16365	1.16382	266	0	8
2026.01.14	01:45:00	1.16382	1.16392	1.16370	1.16378	238	0	8
2026.01.14	02:00:00	1.16380	1.16394	1.16358	1.16372	283	0	8
2026.01.14	02:15:00	1.16372	1.16393	1.16366	1.16389	209	0	8
2026.01.14	02:30:00	1.16389	1.16413	1.16383	1.16407	255	0	8
2026.01.14	02:45:00	1.16407	1.16441	1.16401	1.16431	218	0	8
2026.01.14	03:00:00	1.16431	1.16452	1.16431	1.16449	292	0	8
2026.01.14	03:15:00	1.16447	1.16457	1.16437	1.16443	183	0	8
2026.01.14	03:30:00	1.16443	1.16474	1.16442	1.16473	225	0	8
2026.01.14	03:45:00	1.16473	1.16485	1.16460	1.16466	181	0	8
2026.01.14	04:00:00	1.16467	1.16477	1.16458	1.16460	165	0	8
2026.01.14	04:15:00	1.16460	1.16466	1.16442	1.16448	161	0	8
2026.01.14	04:30:00	1.16448	1.16459	1.16436	1.16438	130	0	8
2026.01.14	04:45:00	1.16438	1.16445	1.16430	1.16437	149	0	8
2026.01.14	05:00:00	1.16436	1.16448	1.16428	1.16428	171	0	8
2026.01.14	05:15:00	1.16427	1.16432	1.16417	1.16427	170	0	8
2026.01.14	05:30:00	1.16427	1.16438	1.16416	1.16416	196	0	8
2026.01.14	05:45:00	1.16416	1.16436	1.16413	1.16416	174	0	8
2026.01.14	06:00:00	1.16416	1.16455	1.16411	1.16450	213	0	8
2026.01.14	06:15:00	1.16450	1.16468	1.16446	1.16463	242	0	8
2026.01.14	06:30:00	1.16463	1.16468	1.16448	1.16464	219	0	8
2026.01.14	06:45:00	1.16464	1.16497	1.16442	1.16486	324	0	8
2026.01.14	07:00:00	1.16487	1.16505	1.16471	1.16484	400	0	8
2026.01.14	07:15:00	1.16484	1.16515	1.16477	1.16482	301	0	8
2026.01.14	07:30:00	1.16482	1.16496	1.16465	1.16484	274	0	8
2026.01.14	07:45:00	1.16483	1.16492	1.16442	1.16456	355	0	8
2026.01.14	08:00:00	1.16457	1.16502	1.16441	1.16442	482	0	8
2026.01.14	08:15:00	1.16444	1.16456	1.16405	1.16424	488	0	8
2026.01.14	08:30:00	1.16424	1.16478	1.16417	1.16427	888	0	8
2026.01.14	08:45:00	1.16425	1.16473	1.16420	1.16472	603	0	8
2026.01.14	09:00:00	1.16473	1.16496	1.16456	1.16491	467	0	8
2026.01.14	09:15:00	1.16491	1.16509	1.16456	1.16479	490	0	8
2026.01.14	09:30:00	1.16479	1.16526	1.16466	1.16487	440	0	8
2026.01.14	09:45:00	1.16488	1.16533	1.16486	1.16514	384	0	8
2026.01.14	10:00:00	1.16515	1.16517	1.16465	1.16499	479	0	8
2026.01.14	10:15:00	1.16499	1.16545	1.16493	1.16544	407	0	8
2026.01.14	10:30:00	1.16544	1.16567	1.16530	1.16539	481	0	8
2026.01.14	10:45:00	1.16538	1.16576	1.16530	1.16546	528	0	8
2026.01.14	11:00:00	1.16545	1.16547	1.16496	1.16502	516	0	8
2026.01.14	11:15:00	1.16502	1.16512	1.16477	1.16477	348	0	8
2026.01.14	11:30:00	1.16477	1.16492	1.16462	1.16466	288	0	8
2026.01.14	11:45:00	1.16467	1.16481	1.16435	1.16468	390	0	8
2026.01.14	12:00:00	1.16468	1.16533	1.16446	1.16465	809	0	8
2026.01.14	12:15:00	1.16466	1.16473	1.16446	1.16452	387	0	8
2026.01.14	12:30:00	1.16452	1.16487	1.16449	1.16479	387	0	8
2026.01.14	12:45:00	1.16479	1.16596	1.16453	1.16592	666	0	8
2026.01.14	13:00:00	1.16592	1.16592	1.16502	1.16508	580	0	8
2026.01.14	13:15:00	1.16509	1.16520	1.16463	1.16480	510	0	8
2026.01.14	13:30:00	1.16481	1.16525	1.16445	1.16523	871	0	8
2026.01.14	13:45:00	1.16522	1.16533	1.16449	1.16498	601	0	8
2026.01.14	14:00:00	1.16497	1.16571	1.16484	1.16528	991	0	8
2026.01.14	14:15:00	1.16530	1.16584	1.16521	1.16546	811	0	8
2026.01.14	14:30:00	1.16544	1.16591	1.16519	1.16586	901	0	8
2026.01.14	14:45:00	1.16586	1.16595	1.16543	1.16557	766	0	8
2026.01.14	15:00:00	1.16555	1.16585	1.16517	1.16531	1162	0	8
2026.01.14	15:15:00	1.16529	1.16556	1.16495	1.16512	767	0	8
2026.01.14	15:30:00	1.16514	1.16537	1.16491	1.16524	662	0	8
2026.01.14	15:45:00	1.16526	1.16603	1.16523	1.16592	764	0	8
2026.01.14	16:00:00	1.16593	1.16612	1.16575	1.16587	505	0	8
2026.01.14	16:15:00	1.16588	1.16611	1.16536	1.16558	537	0	8
2026.01.14	16:30:00	1.16558	1.16575	1.16546	1.16548	639	0	8
2026.01.14	16:45:00	1.16550	1.16569	1.16524	1.16540	548	0	8
2026.01.14	17:00:00	1.16540	1.16555	1.16518	1.16533	464	0	8
2026.01.14	17:15:00	1.16533	1.16533	1.16498	1.16513	476	0	8
2026.01.14	17:30:00	1.16512	1.16516	1.16456	1.16464	459	0	8
2026.01.14	17:45:00	1.16464	1.16482	1.16452	1.16465	378	0	8
2026.01.14	18:00:00	1.16465	1.16469	1.16433	1.16437	401	0	8
2026.01.14	18:15:00	1.16437	1.16451	1.16415	1.16444	287	0	8
2026.01.14	18:30:00	1.16444	1.16474	1.16397	1.16400	411	0	8
2026.01.14	18:45:00	1.16402	1.16421	1.16378	1.16378	465	0	8
2026.01.14	19:00:00	1.16377	1.16388	1.16355	1.16366	411	0	8
2026.01.14	19:15:00	1.16366	1.16384	1.16363	1.16373	244	0	8
2026.01.14	19:30:00	1.16374	1.16389	1.16354	1.16380	255	0	8
2026.01.14	19:45:00	1.16380	1.16390	1.16348	1.16361	326	0	8
2026.01.14	20:00:00	1.16359	1.16429	1.16359	1.16420	574	0	8
2026.01.14	20:15:00	1.16420	1.16436	1.16413	1.16432	353	0	8
2026.01.14	20:30:00	1.16434	1.16469	1.16427	1.16427	445	0	8
2026.01.14	20:45:00	1.16427	1.16446	1.16412	1.16429	343	0	8
2026.01.14	21:00:00	1.16430	1.16460	1.16422	1.16431	248	0	8
2026.01.14	21:15:00	1.16430	1.16446	1.16418	1.16426	193	0	8
2026.01.14	21:30:00	1.16426	1.16444	1.16423	1.16444	171	0	8
2026.01.14	21:45:00	1.16444	1.16458	1.16425	1.16433	271	0	8
2026.01.14	22:00:00	1.16433	1.16449	1.16424	1.16446	79	0	20
2026.01.14	22:15:00	1.16447	1.16449	1.16423	1.16448	59	0	20
2026.01.14	22:30:00	1.16437	1.16446	1.16426	1.16429	103	0	20
2026.01.14	22:45:00	1.16430	1.16444	1.16416	1.16440	104	0	8
2026.01.14	23:00:00	1.16441	1.16461	1.16439	1.16458	228	0	8
2026.01.14	23:15:00	1.16459	1.16466	1.16443	1.16444	139	0	8
2026.01.14	23:30:00	1.16444	1.16462	1.16444	1.16452	168	0	8
2026.01.14	23:45:00	1.16452	1.16466	1.16446	1.16446	140	0	8
2026.01.15	00:00:00	1.16447	1.16447	1.16421	1.16428	166	0	8
2026.01.15	00:15:00	1.16428	1.16453	1.16410	1.16413	210	0	8
2026.01.15	00:30:00	1.16413	1.16430	1.16370	1.16384	365	0	8
2026.01.15	00:45:00	1.16385	1.16408	1.16354	1.16374	452	0	8
2026.01.15	01:00:00	1.16374	1.16394	1.16368	1.16388	414	0	8
2026.01.15	01:15:00	1.16386	1.16414	1.16382	1.16396	448	0	8
2026.01.15	01:30:00	1.16396	1.16399	1.16328	1.16391	556	0	8
2026.01.15	01:45:00	1.16392	1.16408	1.16371	1.16384	399	0	8
2026.01.15	02:00:00	1.16384	1.16405	1.16371	1.16404	313	0	8
2026.01.15	02:15:00	1.16404	1.16406	1.16368	1.16370	268	0	8
2026.01.15	02:30:00	1.16370	1.16394	1.16358	1.16388	249	0	8
2026.01.15	02:45:00	1.16388	1.16401	1.16383	1.16400	209	0	8
2026.01.15	03:00:00	1.16400	1.16400	1.16369	1.16370	190	0	8
2026.01.15	03:15:00	1.16370	1.16395	1.16366	1.16395	262	0	8
2026.01.15	03:30:00	1.16396	1.16411	1.16381	1.16411	223	0	8
2026.01.15	03:45:00	1.16411	1.16411	1.16370	1.16386	195	0	8
2026.01.15	04:00:00	1.16387	1.16391	1.16358	1.16359	170	0	8
2026.01.15	04:15:00	1.16359	1.16361	1.16343	1.16351	177	0	8
2026.01.15	04:30:00	1.16351	1.16366	1.16351	1.16359	146	0	8
2026.01.15	04:45:00	1.16359	1.16362	1.16340	1.16344	153	0	8
2026.01.15	05:00:00	1.16342	1.16375	1.16332	1.16367	245	0	8
2026.01.15	05:15:00	1.16366	1.16372	1.16357	1.16369	184	0	8
2026.01.15	05:30:00	1.16369	1.16372	1.16350	1.16357	176	0	8
2026.01.15	05:45:00	1.16356	1.16373	1.16345	1.16350	248	0	8
2026.01.15	06:00:00	1.16351	1.16379	1.16335	1.16337	344	0	8
2026.01.15	06:15:00	1.16337	1.16355	1.16328	1.16347	325	0	8
2026.01.15	06:30:00	1.16347	1.16348	1.16295	1.16296	354	0	8
2026.01.15	06:45:00	1.16297	1.16336	1.16297	1.16329	343	0	8
2026.01.15	07:00:00	1.16330	1.16362	1.16303	1.16311	581	0	8
2026.01.15	07:15:00	1.16313	1.16326	1.16257	1.16269	521	0	8
2026.01.15	07:30:00	1.16268	1.16315	1.16263	1.16289	411	0	8
2026.01.15	07:45:00	1.16290	1.16295	1.16268	1.16285	366	0	8
2026.01.15	08:00:00	1.16283	1.16303	1.16266	1.16288	513	0	8
2026.01.15	08:15:00	1.16285	1.16345	1.16273	1.16334	432	0	8
2026.01.15	08:30:00	1.16334	1.16352	1.16306	1.16313	509	0	8
2026.01.15	08:45:00	1.16313	1.16334	1.16291	1.16305	383	0	8
2026.01.15	09:00:00	1.16306	1.16345	1.16302	1.16316	423	0	8
2026.01.15	09:15:00	1.16316	1.16344	1.16310	1.16316	586	0	8
2026.01.15	09:30:00	1.16316	1.16365	1.16298	1.16360	495	0	8
2026.01.15	09:45:00	1.16360	1.16394	1.16343	1.16355	418	0	8
2026.01.15	10:00:00	1.16354	1.16368	1.16326	1.16363	454	0	8
2026.01.15	10:15:00	1.16362	1.16389	1.16351	1.16382	389	0	8
2026.01.15	10:30:00	1.16381	1.16405	1.16366	1.16386	461	0	8
2026.01.15	10:45:00	1.16385	1.16387	1.16338	1.16354	387	0	8
2026.01.15	11:00:00	1.16357	1.16376	1.16344	1.16373	379	0	8
2026.01.15	11:15:00	1.16372	1.16372	1.16324	1.16337	370	0	8
2026.01.15	11:30:00	1.16336	1.16361	1.16322	1.16329	349	0	8
2026.01.15	11:45:00	1.16329	1.16334	1.16299	1.16306	426	0	8
2026.01.15	12:00:00	1.16304	1.16344	1.16300	1.16327	405	0	8
2026.01.15	12:15:00	1.16325	1.16343	1.16315	1.16337	321	0	8
2026.01.15	12:30:00	1.16338	1.16347	1.16314	1.16317	262	0	8
2026.01.15	12:45:00	1.16317	1.16319	1.16199	1.16225	563	0	8
2026.01.15	13:00:00	1.16225	1.16247	1.16177	1.16229	621	0	8
2026.01.15	13:15:00	1.16228	1.16236	1.16170	1.16194	576	0	8
2026.01.15	13:30:00	1.16192	1.16192	1.16029	1.16061	1364	0	8
2026.01.15	13:45:00	1.16061	1.16080	1.15984	1.16009	911	0	8
2026.01.15	14:00:00	1.16011	1.16076	1.15966	1.16069	930	0	8
2026.01.15	14:15:00	1.16067	1.16104	1.16045	1.16061	710	0	8
2026.01.15	14:30:00	1.16061	1.16083	1.15928	1.15953	865	0	8
2026.01.15	14:45:00	1.15953	1.16018	1.15939	1.16009	940	0	8
2026.01.15	15:00:00	1.16008	1.16069	1.15993	1.16017	854	0	8
2026.01.15	15:15:00	1.16017	1.16036	1.15967	1.16007	757	0	8
2026.01.15	15:30:00	1.16005	1.16050	1.15979	1.16046	612	0	8
2026.01.15	15:45:00	1.16048	1.16091	1.16006	1.16021	798	0	8
2026.01.15	16:00:00	1.16021	1.16051	1.15979	1.16051	691	0	8
2026.01.15	16:15:00	1.16050	1.16105	1.16046	1.16085	498	0	8
2026.01.15	16:30:00	1.16085	1.16105	1.16063	1.16075	526	0	8
2026.01.15	16:45:00	1.16076	1.16099	1.16042	1.16042	457	0	8
2026.01.15	17:00:00	1.16043	1.16095	1.16032	1.16086	493	0	8
2026.01.15	17:15:00	1.16086	1.16123	1.16061	1.16123	420	0	8
2026.01.15	17:30:00	1.16123	1.16133	1.16074	1.16075	388	0	8
2026.01.15	17:45:00	1.16074	1.16109	1.16064	1.16087	383	0	8
2026.01.15	18:00:00	1.16087	1.16147	1.16086	1.16123	415	0	8
2026.01.15	18:15:00	1.16123	1.16129	1.16096	1.16115	329	0	8
2026.01.15	18:30:00	1.16115	1.16143	1.16104	1.16141	311	0	8
2026.01.15	18:45:00	1.16140	1.16147	1.16126	1.16144	287	0	8
2026.01.15	19:00:00	1.16143	1.16149	1.16109	1.16137	376	0	8
2026.01.15	19:15:00	1.16137	1.16169	1.16137	1.16158	319	0	8
2026.01.15	19:30:00	1.16159	1.16165	1.16128	1.16138	368	0	8
2026.01.15	19:45:00	1.16140	1.16144	1.16118	1.16134	306	0	8
2026.01.15	20:00:00	1.16134	1.16151	1.16120	1.16129	269	0	8
2026.01.15	20:15:00	1.16129	1.16134	1.16055	1.16068	401	0	8
2026.01.15	20:30:00	1.16069	1.16069	1.16025	1.16038	362	0	8
2026.01.15	20:45:00	1.16038	1.16062	1.16037	1.16040	279	0	8
2026.01.15	21:00:00	1.16037	1.16053	1.16029	1.16047	220	0	8
2026.01.15	21:15:00	1.16048	1.16083	1.16044	1.16074	168	0	8
2026.01.15	21:30:00	1.16074	1.16098	1.16063	1.16078	188	0	8
2026.01.15	21:45:00	1.16079	1.16102	1.16067	1.16082	193	0	8
2026.01.15	22:00:00	1.16082	1.16087	1.16060	1.16062	46	0	20
2026.01.15	22:15:00	1.16062	1.16083	1.16060	1.16065	88	0	20
2026.01.15	22:30:00	1.16065	1.16080	1.16059	1.16063	101	0	20
2026.01.15	22:45:00	1.16062	1.16080	1.16059	1.16074	115	0	8
2026.01.15	23:00:00	1.16073	1.16094	1.16069	1.16083	139	0	8
2026.01.15	23:15:00	1.16083	1.16088	1.16075	1.16084	103	0	8
2026.01.15	23:30:00	1.16084	1.16084	1.16067	1.16084	96	0	8
2026.01.15	23:45:00	1.16084	1.16097	1.16073	1.16089	115	0	8
2026.01.16	00:00:00	1.16086	1.16094	1.16064	1.16082	228	0	8
2026.01.16	00:15:00	1.16082	1.16083	1.16061	1.16065	153	0	8
2026.01.16	00:30:00	1.16065	1.16069	1.16051	1.16054	167	0	8
2026.01.16	00:45:00	1.16054	1.16055	1.16024	1.16036	424	0	8
2026.01.16	01:00:00	1.16034	1.16059	1.16021	1.16055	312	0	8
2026.01.16	01:15:00	1.16056	1.16060	1.16039	1.16054	249	0	8
2026.01.16	01:30:00	1.16053	1.16068	1.16047	1.16063	220	0	8
2026.01.16	01:45:00	1.16063	1.16083	1.16057	1.16065	293	0	8
2026.01.16	02:00:00	1.16065	1.16084	1.16059	1.16070	260	0	8
2026.01.16	02:15:00	1.16069	1.16095	1.16057	1.16091	302	0	8
2026.01.16	02:30:00	1.16089	1.16138	1.16084	1.16138	445	0	8
2026.01.16	02:45:00	1.16136	1.16137	1.16082	1.16094	310	0	8
2026.01.16	03:00:00	1.16093	1.16107	1.16085	1.16095	205	0	8
2026.01.16	03:15:00	1.16095	1.16095	1.16067	1.16085	221	0	8
2026.01.16	03:30:00	1.16085	1.16110	1.16079	1.16108	207	0	8
2026.01.16	03:45:00	1.16108	1.16122	1.16095	1.16117	206	0	8
2026.01.16	04:00:00	1.16117	1.16124	1.16096	1.16109	149	0	8
2026.01.16	04:15:00	1.16110	1.16124	1.16107	1.16122	139	0	8
2026.01.16	04:30:00	1.16122	1.16132	1.16113	1.16118	166	0	8
2026.01.16	04:45:00	1.16118	1.16123	1.16106	1.16108	107	0	8
2026.01.16	05:00:00	1.16108	1.16108	1.16071	1.16074	187	0	8
2026.01.16	05:15:00	1.16074	1.16099	1.16072	1.16092	144	0	8
2026.01.16	05:30:00	1.16092	1.16106	1.16085	1.16087	190	0	8
2026.01.16	05:45:00	1.16087	1.16090	1.16057	1.16064	218	0	8
2026.01.16	06:00:00	1.16065	1.16084	1.16059	1.16082	196	0	8
2026.01.16	06:15:00	1.16082	1.16089	1.16059	1.16080	212	0	8
2026.01.16	06:30:00	1.16080	1.16080	1.16045	1.16047	216	0	8
2026.01.16	06:45:00	1.16046	1.16094	1.16040	1.16093	237	0	8
2026.01.16	07:00:00	1.16091	1.16140	1.16077	1.16132	449	0	8
2026.01.16	07:15:00	1.16132	1.16137	1.16087	1.16122	405	0	8
2026.01.16	07:30:00	1.16122	1.16129	1.16088	1.16127	487	0	8
2026.01.16	07:45:00	1.16129	1.16145	1.16103	1.16118	522	0	8
2026.01.16	08:00:00	1.16120	1.16137	1.16091	1.16104	527	0	8
2026.01.16	08:15:00	1.16104	1.16142	1.16082	1.16093	454	0	8
2026.01.16	08:30:00	1.16093	1.16137	1.16088	1.16103	486	0	8
2026.01.16	08:45:00	1.16103	1.16123	1.16089	1.16090	383	0	8
2026.01.16	09:00:00	1.16090	1.16122	1.16079	1.16121	338	0	8
2026.01.16	09:15:00	1.16121	1.16148	1.16108	1.16123	359	0	8
2026.01.16	09:30:00	1.16123	1.16130	1.16106	1.16110	342	0	8
2026.01.16	09:45:00	1.16110	1.16117	1.16081	1.16081	363	0	8
2026.01.16	10:00:00	1.16083	1.16113	1.16076	1.16096	341	0	8
2026.01.16	10:15:00	1.16096	1.16139	1.16083	1.16139	407	0	8
2026.01.16	10:30:00	1.16138	1.16171	1.16118	1.16159	392	0	8
2026.01.16	10:45:00	1.16160	1.16166	1.16125	1.16125	326	0	8
2026.01.16	11:00:00	1.16125	1.16183	1.16122	1.16183	386	0	8
2026.01.16	11:15:00	1.16187	1.16210	1.16182	1.16194	436	0	8
2026.01.16	11:30:00	1.16193	1.16218	1.16175	1.16206	418	0	8
2026.01.16	11:45:00	1.16206	1.16229	1.16185	1.16188	345	0	8
2026.01.16	12:00:00	1.16188	1.16217	1.16185	1.16198	440	0	8
2026.01.16	12:15:00	1.16200	1.16208	1.16163	1.16164	391	0	8
2026.01.16	12:30:00	1.16164	1.16182	1.16150	1.16170	383	0	8
2026.01.16	12:45:00	1.16170	1.16198	1.16131	1.16186	512	0	8
2026.01.16	13:00:00	1.16184	1.16208	1.16139	1.16155	589	0	8
2026.01.16	13:15:00	1.16152	1.16178	1.16112	1.16156	593	0	8
2026.01.16	13:30:00	1.16156	1.16192	1.16154	1.16182	577	0	8
2026.01.16	13:45:00	1.16183	1.16192	1.16162	1.16180	515	0	8
2026.01.16	14:00:00	1.16180	1.16187	1.16138	1.16153	449	0	8
2026.01.16	14:15:00	1.16152	1.16166	1.16122	1.16145	464	0	8
2026.01.16	14:30:00	1.16147	1.16170	1.16135	1.16151	631	0	8
2026.01.16	14:45:00	1.16153	1.16203	1.16144	1.16178	689	0	8
2026.01.16	15:00:00	1.16180	1.16248	1.16180	1.16245	607	0	8
2026.01.16	15:15:00	1.16245	1.16270	1.16016	1.16023	2656	0	8
2026.01.16	15:30:00	1.16022	1.16048	1.15841	1.15894	1604	0	8
2026.01.16	15:45:00	1.15895	1.15975	1.15885	1.15934	1584	0	8
2026.01.16	16:00:00	1.15935	1.16048	1.15935	1.16048	1012	0	8
2026.01.16	16:15:00	1.16045	1.16048	1.15960	1.15982	840	0	8
2026.01.16	16:30:00	1.15979	1.16032	1.15956	1.16030	732	0	8
2026.01.16	16:45:00	1.16028	1.16055	1.15964	1.15981	705	0	8
2026.01.16	17:00:00	1.15982	1.16023	1.15964	1.16020	514	0	8
2026.01.16	17:15:00	1.16020	1.16024	1.15974	1.15987	451	0	8
2026.01.16	17:30:00	1.15987	1.16018	1.15957	1.15960	502	0	8
2026.01.16	17:45:00	1.15960	1.15985	1.15946	1.15953	474	0	8
2026.01.16	18:00:00	1.15951	1.15956	1.15890	1.15910	413	0	8
2026.01.16	18:15:00	1.15910	1.15951	1.15903	1.15948	333	0	8
2026.01.16	18:30:00	1.15948	1.15970	1.15931	1.15967	288	0	8
2026.01.16	18:45:00	1.15967	1.15989	1.15951	1.15953	340	0	8
2026.01.16	19:00:00	1.15951	1.15963	1.15918	1.15923	362	0	8
2026.01.16	19:15:00	1.15923	1.15952	1.15912	1.15945	253	0	8
2026.01.16	19:30:00	1.15944	1.15968	1.15932	1.15947	366	0	8
2026.01.16	19:45:00	1.15949	1.15972	1.15949	1.15960	295	0	8
2026.01.16	20:00:00	1.15962	1.15993	1.15958	1.15992	250	0	8
2026.01.16	20:15:00	1.15992	1.15998	1.15978	1.15997	216	0	8
2026.01.16	20:30:00	1.15997	1.15998	1.15952	1.15979	281	0	8
2026.01.16	20:45:00	1.15979	1.16018	1.15978	1.15990	271	0	8
2026.01.16	21:00:00	1.15992	1.16019	1.15986	1.16002	169	0	8
2026.01.16	21:15:00	1.16002	1.16016	1.16000	1.16005	136	0	8
2026.01.16	21:30:00	1.16007	1.16012	1.15972	1.15979	203	0	8
2026.01.16	21:45:00	1.15980	1.15989	1.15974	1.15983	206	0	8
2026.01.18	22:00:00	1.15770	1.15817	1.15749	1.15817	132	0	48
2026.01.18	22:15:00	1.15817	1.15817	1.15753	1.15772	91	0	48
2026.01.18	22:30:00	1.15773	1.15833	1.15773	1.15804	186	0	48
2026.01.18	22:45:00	1.15804	1.15850	1.15804	1.15827	129	0	48
2026.01.18	23:00:00	1.15843	1.16078	1.15775	1.15981	1391	0	8
2026.01.18	23:15:00	1.15982	1.16124	1.15965	1.16116	839	0	8
2026.01.18	23:30:00	1.16116	1.16268	1.16105	1.16255	829	0	8
2026.01.18	23:45:00	1.16255	1.16263	1.16174	1.16239	633	0	8
2026.01.19	00:00:00	1.16238	1.16242	1.16082	1.16113	1031	0	8
2026.01.19	00:15:00	1.16113	1.16248	1.16044	1.16225	1436	0	8
2026.01.19	00:30:00	1.16225	1.16376	1.16209	1.16359	1028	0	8
2026.01.19	00:45:00	1.16357	1.16368	1.16303	1.16316	857	0	8
2026.01.19	01:00:00	1.16316	1.16342	1.16264	1.16267	783	0	8
2026.01.19	01:15:00	1.16267	1.16299	1.16235	1.16245	636	0	8
2026.01.19	01:30:00	1.16244	1.16276	1.16236	1.16252	458	0	8
2026.01.19	01:45:00	1.16252	1.16290	1.16217	1.16223	467	0	8
2026.01.19	02:00:00	1.16225	1.16235	1.16199	1.16223	589	0	8
2026.01.19	02:15:00	1.16221	1.16224	1.16155	1.16200	428	0	8
2026.01.19	02:30:00	1.16198	1.16217	1.16173	1.16182	406	0	8
2026.01.19	02:45:00	1.16182	1.16190	1.16165	1.16174	313	0	8
2026.01.19	03:00:00	1.16175	1.16193	1.16158	1.16166	270	0	8
2026.01.19	03:15:00	1.16167	1.16226	1.16157	1.16216	371	0	8
2026.01.19	03:30:00	1.16215	1.16235	1.16191	1.16211	324	0	8
2026.01.19	03:45:00	1.16211	1.16258	1.16211	1.16242	254	0	8
2026.01.19	04:00:00	1.16242	1.16272	1.16242	1.16253	235	0	8
2026.01.19	04:15:00	1.16254	1.16299	1.16248	1.16292	277	0	8
2026.01.19	04:30:00	1.16292	1.16298	1.16270	1.16296	196	0	8
2026.01.19	04:45:00	1.16296	1.16334	1.16293	1.16326	427	0	8
2026.01.19	05:00:00	1.16328	1.16349	1.16320	1.16342	282	0	8
2026.01.19	05:15:00	1.16342	1.16371	1.16325	1.16362	292	0	8
2026.01.19	05:30:00	1.16361	1.16365	1.16300	1.16312	333	0	8
2026.01.19	05:45:00	1.16312	1.16317	1.16265	1.16275	313	0	8
2026.01.19	06:00:00	1.16273	1.16305	1.16270	1.16286	310	0	8
2026.01.19	06:15:00	1.16286	1.16320	1.16271	1.16312	304	0	8
2026.01.19	06:30:00	1.16310	1.16310	1.16256	1.16256	386	0	8
2026.01.19	06:45:00	1.16255	1.16297	1.16246	1.16275	372	0	8
2026.01.19	07:00:00	1.16278	1.16413	1.16270	1.16395	853	0	8
2026.01.19	07:15:00	1.16393	1.16399	1.16324	1.16352	624	0	8
2026.01.19	07:30:00	1.16350	1.16351	1.16234	1.16251	674	0	8
2026.01.19	07:45:00	1.16252	1.16269	1.16227	1.16258	587	0	8
2026.01.19	08:00:00	1.16259	1.16276	1.16192	1.16211	689	0	8
2026.01.19	08:15:00	1.16212	1.16266	1.16192	1.16192	645	0	8
2026.01.19	08:30:00	1.16192	1.16250	1.16182	1.16235	524	0	8
2026.01.19	08:45:00	1.16235	1.16248	1.16213	1.16247	530	0	8
2026.01.19	09:00:00	1.16247	1.16294	1.16170	1.16173	620	0	8
2026.01.19	09:15:00	1.16173	1.16186	1.16108	1.16149	590	0	8
2026.01.19	09:30:00	1.16148	1.16241	1.16136	1.16240	507	0	8
2026.01.19	09:45:00	1.16240	1.16263	1.16223	1.16239	547	0	8
2026.01.19	10:00:00	1.16240	1.16281	1.16226	1.16276	443	0	8
2026.01.19	10:15:00	1.16276	1.16276	1.16226	1.16229	384	0	8
2026.01.19	10:30:00	1.16231	1.16247	1.16217	1.16226	340	0	8
2026.01.19	10:45:00	1.16226	1.16274	1.16215	1.16237	566	0	8
2026.01.19	11:00:00	1.16238	1.16252	1.16206	1.16228	401	0	8
2026.01.19	11:15:00	1.16228	1.16229	1.16198	1.16219	367	0	8
2026.01.19	11:30:00	1.16219	1.16249	1.16207	1.16241	319	0	8
2026.01.19	11:45:00	1.16241	1.16286	1.16240	1.16276	349	0	8
2026.01.19	12:00:00	1.16276	1.16292	1.16259	1.16290	394	0	8
2026.01.19	12:15:00	1.16290	1.16322	1.16284	1.16292	382	0	8
2026.01.19	12:30:00	1.16292	1.16329	1.16286	1.16316	401	0	8
2026.01.19	12:45:00	1.16314	1.16316	1.16246	1.16254	447	0	8
2026.01.19	13:00:00	1.16254	1.16312	1.16254	1.16299	502	0	8
2026.01.19	13:15:00	1.16301	1.16339	1.16295	1.16318	429	0	8
2026.01.19	13:30:00	1.16316	1.16349	1.16316	1.16331	484	0	8
2026.01.19	13:45:00	1.16331	1.16350	1.16297	1.16317	424	0	8
2026.01.19	14:00:00	1.16314	1.16342	1.16303	1.16309	434	0	8
2026.01.19	14:15:00	1.16309	1.16351	1.16299	1.16348	362	0	8
2026.01.19	14:30:00	1.16347	1.16370	1.16323	1.16362	432	0	8
2026.01.19	14:45:00	1.16361	1.16422	1.16352	1.16393	596	0	8
2026.01.19	15:00:00	1.16394	1.16431	1.16373	1.16373	646	0	8
2026.01.19	15:15:00	1.16373	1.16394	1.16347	1.16354	443	0	8
2026.01.19	15:30:00	1.16356	1.16366	1.16333	1.16339	475	0	8
2026.01.19	15:45:00	1.16339	1.16411	1.16315	1.16394	648	0	8
2026.01.19	16:00:00	1.16394	1.16435	1.16372	1.16433	450	0	8
2026.01.19	16:15:00	1.16433	1.16455	1.16413	1.16454	354	0	8
2026.01.19	16:30:00	1.16453	1.16469	1.16412	1.16433	321	0	8
2026.01.19	16:45:00	1.16433	1.16460	1.16415	1.16417	268	0	8
2026.01.19	17:00:00	1.16418	1.16430	1.16403	1.16424	252	0	8
2026.01.19	17:15:00	1.16425	1.16425	1.16394	1.16406	311	0	8
2026.01.19	17:30:00	1.16406	1.16450	1.16406	1.16448	182	0	8
2026.01.19	17:45:00	1.16448	1.16465	1.16425	1.16457	252	0	8
2026.01.19	18:00:00	1.16456	1.16482	1.16452	1.16477	238	0	8
2026.01.19	18:15:00	1.16477	1.16484	1.16466	1.16470	150	0	8
2026.01.19	18:30:00	1.16469	1.16478	1.16449	1.16450	148	0	8
2026.01.19	18:45:00	1.16450	1.16451	1.16429	1.16430	116	0	8
2026.01.19	19:00:00	1.16430	1.16463	1.16424	1.16462	151	0	8
2026.01.19	19:15:00	1.16462	1.16464	1.16449	1.16461	89	0	8
2026.01.19	19:30:00	1.16461	1.16461	1.16428	1.16437	103	0	8
2026.01.19	19:45:00	1.16437	1.16442	1.16423	1.16428	143	0	8
2026.01.19	20:00:00	1.16428	1.16442	1.16415	1.16421	149	0	8
2026.01.19	20:15:00	1.16421	1.16427	1.16415	1.16425	80	0	8
2026.01.19	20:30:00	1.16425	1.16442	1.16425	1.16435	96	0	8
2026.01.19	20:45:00	1.16435	1.16449	1.16426	1.16449	109	0	8
2026.01.19	21:00:00	1.16449	1.16452	1.16437	1.16443	93	0	8
2026.01.19	21:15:00	1.16443	1.16446	1.16427	1.16430	85	0	8
2026.01.19	21:30:00	1.16430	1.16460	1.16426	1.16459	125	0	8
2026.01.19	21:45:00	1.16459	1.16460	1.16437	1.16440	132	0	8
2026.01.19	22:00:00	1.16440	1.16453	1.16423	1.16448	92	0	20
2026.01.19	22:15:00	1.16449	1.16449	1.16435	1.16438	71	0	20
2026.01.19	22:30:00	1.16437	1.16442	1.16430	1.16442	90	0	48
2026.01.19	22:45:00	1.16442	1.16459	1.16438	1.16448	68	0	20
2026.01.19	23:00:00	1.16454	1.16463	1.16416	1.16418	198	0	8
2026.01.19	23:15:00	1.16420	1.16421	1.16395	1.16399	110	0	8
2026.01.19	23:30:00	1.16399	1.16412	1.16381	1.16389	168	0	8
2026.01.19	23:45:00	1.16389	1.16402	1.16382	1.16390	118	0	8
2026.01.20	00:00:00	1.16392	1.16394	1.16357	1.16362	213	0	8
2026.01.20	00:15:00	1.16362	1.16379	1.16356	1.16358	195	0	8
2026.01.20	00:30:00	1.16358	1.16362	1.16323	1.16336	226	0	8
2026.01.20	00:45:00	1.16336	1.16406	1.16325	1.16398	467	0	8
2026.01.20	01:00:00	1.16399	1.16430	1.16391	1.16414	562	0	8
2026.01.20	01:15:00	1.16414	1.16420	1.16391	1.16406	346	0	8
2026.01.20	01:30:00	1.16405	1.16410	1.16386	1.16392	317	0	8
2026.01.20	01:45:00	1.16392	1.16435	1.16385	1.16432	327	0	8
2026.01.20	02:00:00	1.16433	1.16442	1.16404	1.16409	260	0	8
2026.01.20	02:15:00	1.16409	1.16440	1.16401	1.16438	272	0	8
2026.01.20	02:30:00	1.16438	1.16461	1.16427	1.16459	259	0	8
2026.01.20	02:45:00	1.16460	1.16460	1.16436	1.16439	236	0	8
2026.01.20	03:00:00	1.16438	1.16466	1.16435	1.16466	222	0	8
2026.01.20	03:15:00	1.16466	1.16553	1.16464	1.16549	402	0	8
2026.01.20	03:30:00	1.16549	1.16582	1.16544	1.16556	368	0	8
2026.01.20	03:45:00	1.16556	1.16584	1.16551	1.16560	234	0	8
2026.01.20	04:00:00	1.16560	1.16587	1.16556	1.16580	223	0	8
2026.01.20	04:15:00	1.16580	1.16621	1.16572	1.16618	277	0	8
2026.01.20	04:30:00	1.16619	1.16636	1.16608	1.16610	318	0	8
2026.01.20	04:45:00	1.16610	1.16664	1.16583	1.16651	346	0	8
2026.01.20	05:00:00	1.16651	1.16721	1.16646	1.16708	357	0	8
2026.01.20	05:15:00	1.16709	1.16709	1.16656	1.16661	387	0	8
2026.01.20	05:30:00	1.16661	1.16669	1.16639	1.16645	289	0	8
2026.01.20	05:45:00	1.16645	1.16652	1.16626	1.16630	307	0	8
2026.01.20	06:00:00	1.16631	1.16664	1.16619	1.16650	320	0	8
2026.01.20	06:15:00	1.16650	1.16674	1.16620	1.16630	467	0	8
2026.01.20	06:30:00	1.16628	1.16673	1.16628	1.16648	435	0	8
2026.01.20	06:45:00	1.16648	1.16686	1.16627	1.16681	395	0	8
2026.01.20	07:00:00	1.16680	1.16684	1.16637	1.16668	558	0	8
2026.01.20	07:15:00	1.16667	1.16787	1.16667	1.16754	667	0	8
2026.01.20	07:30:00	1.16753	1.16934	1.16751	1.16916	951	0	8
2026.01.20	07:45:00	1.16916	1.16916	1.16860	1.16885	1026	0	8
2026.01.20	08:00:00	1.16887	1.16996	1.16867	1.16993	1058	0	8
2026.01.20	08:15:00	1.16993	1.17016	1.16922	1.16960	921	0	8
2026.01.20	08:30:00	1.16958	1.17145	1.16958	1.17080	1524	0	8
2026.01.20	08:45:00	1.17080	1.17215	1.17080	1.17161	1312	0	8
2026.01.20	09:00:00	1.17161	1.17282	1.17161	1.17187	1302	0	8
2026.01.20	09:15:00	1.17185	1.17245	1.17154	1.17243	1071	0	8
2026.01.20	09:30:00	1.17245	1.17324	1.17244	1.17274	846	0	8
2026.01.20	09:45:00	1.17272	1.17272	1.17221	1.17254	729	0	8
2026.01.20	10:00:00	1.17258	1.17304	1.17181	1.17190	1098	0	8
2026.01.20	10:15:00	1.17191	1.17203	1.17151	1.17182	1008	0	8
2026.01.20	10:30:00	1.17182	1.17269	1.17171	1.17249	700	0	8
2026.01.20	10:45:00	1.17249	1.17316	1.17226	1.17304	648	0	8
2026.01.20	11:00:00	1.17306	1.17321	1.17231	1.17241	703	0	8
2026.01.20	11:15:00	1.17241	1.17298	1.17219	1.17260	650	0	8
2026.01.20	11:30:00	1.17260	1.17368	1.17249	1.17355	617	0	8
2026.01.20	11:45:00	1.17353	1.17387	1.17335	1.17344	650	0	8
2026.01.20	12:00:00	1.17342	1.17393	1.17302	1.17379	545	0	8
2026.01.20	12:15:00	1.17379	1.17433	1.17375	1.17418	622	0	8
2026.01.20	12:30:00	1.17419	1.17423	1.17342	1.17355	700	0	8
2026.01.20	12:45:00	1.17355	1.17360	1.17252	1.17255	787	0	8
2026.01.20	13:00:00	1.17256	1.17301	1.17246	1.17279	677	0	8
2026.01.20	13:15:00	1.17279	1.17328	1.17182	1.17216	990	0	8
2026.01.20	13:30:00	1.17217	1.17692	1.17180	1.17353	4488	0	8
2026.01.20	13:45:00	1.17353	1.17454	1.17327	1.17329	2044	0	8
2026.01.20	14:00:00	1.17329	1.17367	1.17207	1.17241	1749	0	8
2026.01.20	14:15:00	1.17241	1.17331	1.17233	1.17260	1209	0	8
2026.01.20	14:30:00	1.17262	1.17268	1.17150	1.17198	1373	0	8
2026.01.20	14:45:00	1.17196	1.17251	1.17168	1.17191	1150	0	8
2026.01.20	15:00:00	1.17192	1.17299	1.17159	1.17232	1221	0	8
2026.01.20	15:15:00	1.17233	1.17282	1.17207	1.17232	1046	0	8
2026.01.20	15:30:00	1.17232	1.17323	1.17222	1.17293	906	0	8
2026.01.20	15:45:00	1.17293	1.17369	1.17253	1.17268	1038	0	8
2026.01.20	16:00:00	1.17267	1.17369	1.17267	1.17334	804	0	8
2026.01.20	16:15:00	1.17334	1.17359	1.17302	1.17329	811	0	8
2026.01.20	16:30:00	1.17328	1.17340	1.17266	1.17323	851	0	8
2026.01.20	16:45:00	1.17323	1.17390	1.17295	1.17384	740	0	8
2026.01.20	17:00:00	1.17383	1.17422	1.17362	1.17393	682	0	8
2026.01.20	17:15:00	1.17390	1.17407	1.17316	1.17330	669	0	8
2026.01.20	17:30:00	1.17329	1.17366	1.17299	1.17324	640	0	8
2026.01.20	17:45:00	1.17325	1.17343	1.17293	1.17311	466	0	8
2026.01.20	18:00:00	1.17310	1.17337	1.17286	1.17305	476	0	8
2026.01.20	18:15:00	1.17306	1.17337	1.17303	1.17307	355	0	8
2026.01.20	18:30:00	1.17308	1.17322	1.17289	1.17307	344	0	8
2026.01.20	18:45:00	1.17307	1.17331	1.17261	1.17263	455	0	8
2026.01.20	19:00:00	1.17264	1.17279	1.17200	1.17216	555	0	8
2026.01.20	19:15:00	1.17216	1.17249	1.17201	1.17220	387	0	8
2026.01.20	19:30:00	1.17220	1.17226	1.17156	1.17163	456	0	8
2026.01.20	19:45:00	1.17163	1.17183	1.17111	1.17118	592	0	8
2026.01.20	20:00:00	1.17118	1.17188	1.17105	1.17150	535	0	8
2026.01.20	20:15:00	1.17148	1.17190	1.17118	1.17189	584	0	8
2026.01.20	20:30:00	1.17191	1.17201	1.17153	1.17188	510	0	8
2026.01.20	20:45:00	1.17188	1.17199	1.17167	1.17191	422	0	8
2026.01.20	21:00:00	1.17189	1.17230	1.17171	1.17222	217	0	8
2026.01.20	21:15:00	1.17223	1.17237	1.17217	1.17229	160	0	8
2026.01.20	21:30:00	1.17231	1.17247	1.17214	1.17221	137	0	8
2026.01.20	21:45:00	1.17221	1.17261	1.17216	1.17252	186	0	8
2026.01.20	22:00:00	1.17248	1.17254	1.17206	1.17208	99	0	20
2026.01.20	22:15:00	1.17209	1.17224	1.17199	1.17223	103	0	58
2026.01.20	22:30:00	1.17224	1.17238	1.17215	1.17230	182	0	48
2026.01.20	22:45:00	1.17230	1.17250	1.17203	1.17218	114	0	20
2026.01.20	23:00:00	1.17224	1.17244	1.17214	1.17216	245	0	8
2026.01.20	23:15:00	1.17217	1.17242	1.17215	1.17241	118	0	8
2026.01.20	23:30:00	1.17241	1.17254	1.17232	1.17250	117	0	8
2026.01.20	23:45:00	1.17250	1.17284	1.17250	1.17269	238	0	8
2026.01.21	00:00:00	1.17267	1.17267	1.17216	1.17233	331	0	8
2026.01.21	00:15:00	1.17233	1.17234	1.17184	1.17198	312	0	8
2026.01.21	00:30:00	1.17198	1.17210	1.17178	1.17182	185	0	8
2026.01.21	00:45:00	1.17182	1.17233	1.17163	1.17233	382	0	8
2026.01.21	01:00:00	1.17235	1.17263	1.17223	1.17250	427	0	8
2026.01.21	01:15:00	1.17248	1.17316	1.17231	1.17314	472	0	8
2026.01.21	01:30:00	1.17315	1.17339	1.17307	1.17327	392	0	8
2026.01.21	01:45:00	1.17327	1.17336	1.17276	1.17287	436	0	8
2026.01.21	02:00:00	1.17287	1.17296	1.17259	1.17281	344	0	8
2026.01.21	02:15:00	1.17282	1.17289	1.17244	1.17246	283	0	8
2026.01.21	02:30:00	1.17246	1.17313	1.17239	1.17289	319	0	8
2026.01.21	02:45:00	1.17287	1.17294	1.17256	1.17261	268	0	8
2026.01.21	03:00:00	1.17261	1.17287	1.17203	1.17213	330	0	8
2026.01.21	03:15:00	1.17213	1.17218	1.17110	1.17117	714	0	8
2026.01.21	03:30:00	1.17117	1.17154	1.17100	1.17145	464	0	8
2026.01.21	03:45:00	1.17145	1.17186	1.17141	1.17184	265	0	8
2026.01.21	04:00:00	1.17184	1.17193	1.17136	1.17142	318	0	8
2026.01.21	04:15:00	1.17142	1.17167	1.17141	1.17146	240	0	8
2026.01.21	04:30:00	1.17146	1.17175	1.17137	1.17167	238	0	8
2026.01.21	04:45:00	1.17168	1.17202	1.17153	1.17178	323	0	8
2026.01.21	05:00:00	1.17177	1.17212	1.17174	1.17201	272	0	8
2026.01.21	05:15:00	1.17201	1.17208	1.17185	1.17187	272	0	8
2026.01.21	05:30:00	1.17186	1.17192	1.17164	1.17166	273	0	8
2026.01.21	05:45:00	1.17167	1.17178	1.17153	1.17172	227	0	8
2026.01.21	06:00:00	1.17172	1.17200	1.17151	1.17187	315	0	8
2026.01.21	06:15:00	1.17186	1.17203	1.17183	1.17199	290	0	8
2026.01.21	06:30:00	1.17200	1.17238	1.17189	1.17220	330	0	8
2026.01.21	06:45:00	1.17221	1.17246	1.17208	1.17232	309	0	8
2026.01.21	07:00:00	1.17230	1.17232	1.17134	1.17140	640	0	8
2026.01.21	07:15:00	1.17140	1.17251	1.17140	1.17232	616	0	8
2026.01.21	07:30:00	1.17232	1.17234	1.17096	1.17133	719	0	8
2026.01.21	07:45:00	1.17131	1.17194	1.17122	1.17165	728	0	8
2026.01.21	08:00:00	1.17167	1.17184	1.17095	1.17118	788	0	8
2026.01.21	08:15:00	1.17118	1.17141	1.17069	1.17083	700	0	8
2026.01.21	08:30:00	1.17083	1.17105	1.17046	1.17089	629	0	8
2026.01.21	08:45:00	1.17089	1.17121	1.17076	1.17097	448	0	8
2026.01.21	09:00:00	1.17097	1.17117	1.17078	1.17086	539	0	8
2026.01.21	09:15:00	1.17086	1.17125	1.17076	1.17112	464	0	8
2026.01.21	09:30:00	1.17112	1.17112	1.17042	1.17056	458	0	8
2026.01.21	09:45:00	1.17056	1.17064	1.17010	1.17033	482	0	8
2026.01.21	10:00:00	1.17033	1.17082	1.17022	1.17057	564	0	8
2026.01.21	10:15:00	1.17057	1.17076	1.17038	1.17042	537	0	8
2026.01.21	10:30:00	1.17042	1.17082	1.17009	1.17073	451	0	8
2026.01.21	10:45:00	1.17072	1.17081	1.17052	1.17066	436	0	8
2026.01.21	11:00:00	1.17066	1.17085	1.17043	1.17052	521	0	8
2026.01.21	11:15:00	1.17053	1.17159	1.17034	1.17122	533	0	8
2026.01.21	11:30:00	1.17120	1.17165	1.17109	1.17140	522	0	8
2026.01.21	11:45:00	1.17140	1.17200	1.17117	1.17138	626	0	8
2026.01.21	12:00:00	1.17139	1.17213	1.17115	1.17201	590	0	8
2026.01.21	12:15:00	1.17202	1.17242	1.17186	1.17242	498	0	8
2026.01.21	12:30:00	1.17241	1.17313	1.17237	1.17300	560	0	8
2026.01.21	12:45:00	1.17301	1.17355	1.17298	1.17343	496	0	8
2026.01.21	13:00:00	1.17345	1.17394	1.17318	1.17354	632	0	8
2026.01.21	13:15:00	1.17355	1.17365	1.17282	1.17306	606	0	8
2026.01.21	13:30:00	1.17306	1.17350	1.17284	1.17347	570	0	8
2026.01.21	13:45:00	1.17349	1.17427	1.17315	1.17392	1019	0	8
2026.01.21	14:00:00	1.17391	1.17403	1.17150	1.17241	3066	0	8
2026.01.21	14:15:00	1.17240	1.17278	1.17152	1.17236	1848	0	8
2026.01.21	14:30:00	1.17237	1.17282	1.17222	1.17259	1292	0	8
2026.01.21	14:45:00	1.17259	1.17295	1.17203	1.17246	1139	0	8
2026.01.21	15:00:00	1.17243	1.17283	1.17198	1.17200	1123	0	8
2026.01.21	15:15:00	1.17202	1.17227	1.17042	1.17083	1335	0	8
2026.01.21	15:30:00	1.17083	1.17155	1.17066	1.17132	1099	0	8
2026.01.21	15:45:00	1.17132	1.17144	1.17003	1.17016	1085	0	8
2026.01.21	16:00:00	1.17016	1.17082	1.17012	1.17078	822	0	8
2026.01.21	16:15:00	1.17079	1.17090	1.16943	1.17023	865	0	8
2026.01.21	16:30:00	1.17022	1.17104	1.17010	1.17019	1003	0	8
2026.01.21	16:45:00	1.17018	1.17071	1.16964	1.17030	1579	0	8
2026.01.21	17:00:00	1.17033	1.17093	1.17008	1.17090	851	0	8
2026.01.21	17:15:00	1.17092	1.17111	1.17071	1.17073	613	0	8
2026.01.21	17:30:00	1.17073	1.17073	1.16965	1.16983	775	0	8
2026.01.21	17:45:00	1.16983	1.17035	1.16967	1.17026	601	0	8
2026.01.21	18:00:00	1.17025	1.17032	1.16978	1.16989	564	0	8
2026.01.21	18:15:00	1.16989	1.17006	1.16965	1.16993	415	0	8
2026.01.21	18:30:00	1.16992	1.17015	1.16932	1.16965	528	0	8
2026.01.21	18:45:00	1.16965	1.16996	1.16955	1.16966	374	0	8
2026.01.21	19:00:00	1.16967	1.16978	1.16943	1.16971	383	0	8
2026.01.21	19:15:00	1.16970	1.17050	1.16797	1.16856	1779	0	8
2026.01.21	19:30:00	1.16855	1.16870	1.16767	1.16800	1966	0	8
2026.01.21	19:45:00	1.16799	1.16914	1.16779	1.16910	892	0	8
2026.01.21	20:00:00	1.16912	1.16917	1.16832	1.16841	694	0	8
2026.01.21	20:15:00	1.16841	1.16868	1.16760	1.16797	723	0	8
2026.01.21	20:30:00	1.16796	1.16852	1.16796	1.16843	586	0	8
2026.01.21	20:45:00	1.16844	1.16892	1.16837	1.16864	491	0	8
2026.01.21	21:00:00	1.16866	1.16870	1.16840	1.16856	226	0	8
2026.01.21	21:15:00	1.16856	1.16871	1.16835	1.16837	253	0	8
2026.01.21	21:30:00	1.16839	1.16890	1.16839	1.16880	156	0	8
2026.01.21	21:45:00	1.16880	1.16890	1.16848	1.16848	206	0	8
2026.01.21	22:00:00	1.16842	1.16846	1.16819	1.16820	84	0	48
2026.01.21	22:15:00	1.16827	1.16846	1.16822	1.16846	98	0	48
2026.01.21	22:30:00	1.16845	1.16849	1.16837	1.16848	122	0	48
2026.01.21	22:45:00	1.16849	1.16855	1.16836	1.16855	102	0	8
2026.01.21	23:00:00	1.16854	1.16854	1.16802	1.16804	214	0	8
2026.01.21	23:15:00	1.16804	1.16813	1.16764	1.16765	171	0	8
2026.01.21	23:30:00	1.16765	1.16766	1.16694	1.16745	427	0	8
2026.01.21	23:45:00	1.16745	1.16751	1.16714	1.16727	191	0	8
2026.01.22	00:00:00	1.16726	1.16790	1.16724	1.16780	346	0	8
2026.01.22	00:15:00	1.16780	1.16794	1.16757	1.16775	254	0	8
2026.01.22	00:30:00	1.16777	1.16871	1.16777	1.16855	691	0	8
2026.01.22	00:45:00	1.16855	1.16894	1.16841	1.16868	445	0	8
2026.01.22	01:00:00	1.16868	1.16871	1.16819	1.16835	480	0	8
2026.01.22	01:15:00	1.16835	1.16850	1.16808	1.16850	405	0	8
2026.01.22	01:30:00	1.16850	1.16864	1.16837	1.16859	365	0	8
2026.01.22	01:45:00	1.16857	1.16898	1.16851	1.16885	385	0	8
2026.01.22	02:00:00	1.16885	1.16932	1.16876	1.16912	328	0	8
2026.01.22	02:15:00	1.16912	1.16914	1.16840	1.16851	305	0	8
2026.01.22	02:30:00	1.16851	1.16870	1.16830	1.16850	308	0	8
2026.01.22	02:45:00	1.16850	1.16870	1.16837	1.16853	303	0	8
2026.01.22	03:00:00	1.16853	1.16868	1.16846	1.16865	244	0	8
2026.01.22	03:15:00	1.16865	1.16881	1.16853	1.16876	201	0	8
2026.01.22	03:30:00	1.16877	1.16878	1.16854	1.16864	195	0	8
2026.01.22	03:45:00	1.16864	1.16899	1.16858	1.16887	237	0	8
2026.01.22	04:00:00	1.16886	1.16966	1.16885	1.16960	308	0	8
2026.01.22	04:15:00	1.16961	1.16969	1.16935	1.16941	244	0	8
2026.01.22	04:30:00	1.16941	1.16942	1.16904	1.16906	214	0	8
2026.01.22	04:45:00	1.16906	1.16923	1.16896	1.16912	156	0	8
2026.01.22	05:00:00	1.16910	1.16916	1.16894	1.16915	218	0	8
2026.01.22	05:15:00	1.16915	1.16917	1.16873	1.16880	251	0	8
2026.01.22	05:30:00	1.16880	1.16892	1.16865	1.16867	175	0	8
2026.01.22	05:45:00	1.16867	1.16887	1.16840	1.16880	316	0	8
2026.01.22	06:00:00	1.16880	1.16901	1.16844	1.16867	372	0	8
2026.01.22	06:15:00	1.16867	1.16908	1.16864	1.16898	358	0	8
2026.01.22	06:30:00	1.16897	1.16916	1.16864	1.16864	353	0	8
2026.01.22	06:45:00	1.16864	1.16892	1.16838	1.16880	348	0	8
2026.01.22	07:00:00	1.16880	1.16888	1.16845	1.16848	530	0	8
2026.01.22	07:15:00	1.16850	1.16909	1.16843	1.16887	514	0	8
2026.01.22	07:30:00	1.16887	1.16927	1.16865	1.16896	535	0	8
2026.01.22	07:45:00	1.16896	1.16956	1.16893	1.16903	623	0	8
2026.01.22	08:00:00	1.16902	1.16921	1.16858	1.16862	641	0	8
2026.01.22	08:15:00	1.16861	1.16947	1.16861	1.16897	755	0	8
2026.01.22	08:30:00	1.16895	1.16907	1.16837	1.16861	589	0	8
2026.01.22	08:45:00	1.16861	1.16898	1.16842	1.16885	501	0	8
2026.01.22	09:00:00	1.16887	1.16916	1.16872	1.16897	524	0	8
2026.01.22	09:15:00	1.16898	1.16971	1.16879	1.16925	569	0	8
2026.01.22	09:30:00	1.16926	1.16949	1.16893	1.16930	510	0	8
2026.01.22	09:45:00	1.16930	1.16953	1.16900	1.16925	540	0	8
2026.01.22	10:00:00	1.16923	1.16951	1.16876	1.16879	439	0	8
2026.01.22	10:15:00	1.16879	1.16887	1.16863	1.16875	389	0	8
2026.01.22	10:30:00	1.16874	1.16938	1.16872	1.16909	364	0	8
2026.01.22	10:45:00	1.16909	1.16949	1.16864	1.16948	460	0	8
2026.01.22	11:00:00	1.16948	1.16982	1.16919	1.16936	524	0	8
2026.01.22	11:15:00	1.16939	1.16992	1.16900	1.16973	920	0	8
2026.01.22	11:30:00	1.16975	1.17022	1.16962	1.17013	868	0	8
2026.01.22	11:45:00	1.17013	1.17037	1.17005	1.17017	545	0	8
2026.01.22	12:00:00	1.17016	1.17042	1.17008	1.17035	428	0	8
2026.01.22	12:15:00	1.17035	1.17086	1.17031	1.17063	419	0	8
2026.01.22	12:30:00	1.17062	1.17072	1.17016	1.17030	592	0	8
2026.01.22	12:45:00	1.17029	1.17049	1.16997	1.17033	484	0	8
2026.01.22	13:00:00	1.17032	1.17113	1.17024	1.17087	560	0	8
2026.01.22	13:15:00	1.17086	1.17182	1.17086	1.17130	751	0	8
2026.01.22	13:30:00	1.17129	1.17173	1.17066	1.17138	1224	0	8
2026.01.22	13:45:00	1.17139	1.17143	1.17097	1.17135	750	0	8
2026.01.22	14:00:00	1.17137	1.17187	1.17131	1.17137	686	0	8
2026.01.22	14:15:00	1.17138	1.17162	1.17103	1.17138	796	0	8
2026.01.22	14:30:00	1.17138	1.17252	1.17135	1.17206	1079	0	8
2026.01.22	14:45:00	1.17208	1.17238	1.17182	1.17195	971	0	8
2026.01.22	15:00:00	1.17199	1.17264	1.17180	1.17255	894	0	8
2026.01.22	15:15:00	1.17256	1.17293	1.17247	1.17278	791	0	8
2026.01.22	15:30:00	1.17278	1.17319	1.17237	1.17313	748	0	8
2026.01.22	15:45:00	1.17311	1.17336	1.17274	1.17336	801	0	8
2026.01.22	16:00:00	1.17336	1.17457	1.17329	1.17448	802	0	8
2026.01.22	16:15:00	1.17450	1.17501	1.17413	1.17414	806	0	8
2026.01.22	16:30:00	1.17414	1.17459	1.17392	1.17416	827	0	8
2026.01.22	16:45:00	1.17417	1.17443	1.17383	1.17383	598	0	8
2026.01.22	17:00:00	1.17381	1.17402	1.17263	1.17376	1253	0	8
2026.01.22	17:15:00	1.17377	1.17417	1.17336	1.17410	691	0	8
2026.01.22	17:30:00	1.17410	1.17475	1.17394	1.17473	491	0	8
2026.01.22	17:45:00	1.17473	1.17475	1.17452	1.17465	436	0	8
2026.01.22	18:00:00	1.17463	1.17465	1.17427	1.17450	476	0	8
2026.01.22	18:15:00	1.17449	1.17483	1.17445	1.17455	332	0	8
2026.01.22	18:30:00	1.17453	1.17476	1.17450	1.17457	268	0	8
2026.01.22	18:45:00	1.17457	1.17479	1.17452	1.17470	270	0	8
2026.01.22	19:00:00	1.17470	1.17477	1.17429	1.17434	352	0	8
2026.01.22	19:15:00	1.17434	1.17438	1.17418	1.17427	304	0	8
2026.01.22	19:30:00	1.17426	1.17442	1.17409	1.17427	364	0	8
2026.01.22	19:45:00	1.17427	1.17446	1.17416	1.17436	316	0	8
2026.01.22	20:00:00	1.17436	1.17466	1.17415	1.17466	277	0	8
2026.01.22	20:15:00	1.17467	1.17481	1.17459	1.17466	290	0	8
2026.01.22	20:30:00	1.17466	1.17506	1.17454	1.17503	322	0	8
2026.01.22	20:45:00	1.17502	1.17524	1.17472	1.17487	361	0	8
2026.01.22	21:00:00	1.17486	1.17491	1.17468	1.17485	226	0	8
2026.01.22	21:15:00	1.17485	1.17546	1.17480	1.17545	252	0	8
2026.01.22	21:30:00	1.17545	1.17545	1.17524	1.17537	157	0	8
2026.01.22	21:45:00	1.17539	1.17555	1.17520	1.17520	292	0	8
2026.01.22	22:00:00	1.17521	1.17524	1.17493	1.17506	114	0	48
2026.01.22	22:15:00	1.17505	1.17526	1.17505	1.17525	130	0	48
2026.01.22	22:30:00	1.17525	1.17534	1.17512	1.17531	143	0	48
2026.01.22	22:45:00	1.17531	1.17548	1.17522	1.17546	88	0	20
2026.01.22	23:00:00	1.17554	1.17590	1.17553	1.17568	245	0	8
2026.01.22	23:15:00	1.17567	1.17574	1.17555	1.17562	146	0	8
2026.01.22	23:30:00	1.17562	1.17564	1.17531	1.17538	139	0	8
2026.01.22	23:45:00	1.17537	1.17547	1.17529	1.17535	199	0	8
2026.01.23	00:00:00	1.17535	1.17535	1.17486	1.17489	287	0	8
2026.01.23	00:15:00	1.17487	1.17513	1.17485	1.17509	234	0	8
2026.01.23	00:30:00	1.17509	1.17522	1.17483	1.17488	262	0	8
2026.01.23	00:45:00	1.17488	1.17496	1.17476	1.17477	302	0	8
2026.01.23	01:00:00	1.17477	1.17492	1.17466	1.17473	317	0	8
2026.01.23	01:15:00	1.17473	1.17536	1.17473	1.17511	612	0	8
2026.01.23	01:30:00	1.17511	1.17517	1.17485	1.17496	401	0	8
2026.01.23	01:45:00	1.17495	1.17520	1.17475	1.17489	304	0	8
2026.01.23	02:00:00	1.17487	1.17497	1.17457	1.17482	336	0	8
2026.01.23	02:15:00	1.17482	1.17488	1.17473	1.17479	174	0	8
2026.01.23	02:30:00	1.17480	1.17496	1.17437	1.17449	248	0	8
2026.01.23	02:45:00	1.17449	1.17469	1.17441	1.17450	344	0	8
2026.01.23	03:00:00	1.17449	1.17484	1.17449	1.17464	357	0	8
2026.01.23	03:15:00	1.17464	1.17475	1.17441	1.17445	285	0	8
2026.01.23	03:30:00	1.17444	1.17452	1.17435	1.17446	232	0	8
2026.01.23	03:45:00	1.17446	1.17462	1.17432	1.17435	204	0	8
2026.01.23	04:00:00	1.17435	1.17447	1.17429	1.17445	188	0	8
2026.01.23	04:15:00	1.17446	1.17460	1.17441	1.17446	115	0	8
2026.01.23	04:30:00	1.17446	1.17481	1.17442	1.17480	158	0	8
2026.01.23	04:45:00	1.17482	1.17507	1.17469	1.17497	229	0	8
2026.01.23	05:00:00	1.17497	1.17519	1.17495	1.17508	184	0	8
2026.01.23	05:15:00	1.17508	1.17536	1.17499	1.17503	249	0	8
2026.01.23	05:30:00	1.17504	1.17523	1.17500	1.17519	236	0	8
2026.01.23	05:45:00	1.17519	1.17520	1.17494	1.17505	240	0	8
2026.01.23	06:00:00	1.17505	1.17527	1.17464	1.17474	302	0	8
2026.01.23	06:15:00	1.17474	1.17477	1.17433	1.17435	482	0	8
2026.01.23	06:30:00	1.17435	1.17478	1.17435	1.17443	501	0	8
2026.01.23	06:45:00	1.17441	1.17460	1.17411	1.17419	570	0	8
2026.01.23	07:00:00	1.17419	1.17444	1.17403	1.17419	558	0	8
2026.01.23	07:15:00	1.17419	1.17421	1.17353	1.17366	482	0	8
2026.01.23	07:30:00	1.17367	1.17463	1.17348	1.17427	1155	0	8
2026.01.23	07:45:00	1.17425	1.17471	1.17350	1.17358	1556	0	8
2026.01.23	08:00:00	1.17357	1.17392	1.17313	1.17347	974	0	8
2026.01.23	08:15:00	1.17349	1.17349	1.17281	1.17309	651	0	8
2026.01.23	08:30:00	1.17312	1.17449	1.17312	1.17448	797	0	8
2026.01.23	08:45:00	1.17448	1.17448	1.17391	1.17400	601	0	8
2026.01.23	09:00:00	1.17396	1.17431	1.17360	1.17377	744	0	8
2026.01.23	09:15:00	1.17377	1.17436	1.17359	1.17410	514	0	8
2026.01.23	09:30:00	1.17412	1.17447	1.17382	1.17417	626	0	8
2026.01.23	09:45:00	1.17419	1.17428	1.17347	1.17352	637	0	8
2026.01.23	10:00:00	1.17354	1.17358	1.17308	1.17310	490	0	8
2026.01.23	10:15:00	1.17311	1.17330	1.17297	1.17317	390	0	8
2026.01.23	10:30:00	1.17317	1.17346	1.17309	1.17314	304	0	8
2026.01.23	10:45:00	1.17313	1.17355	1.17304	1.17343	444	0	8
2026.01.23	11:00:00	1.17344	1.17354	1.17304	1.17346	521	0	8
2026.01.23	11:15:00	1.17346	1.17384	1.17329	1.17367	487	0	8
2026.01.23	11:30:00	1.17366	1.17384	1.17353	1.17367	370	0	8
2026.01.23	11:45:00	1.17367	1.17400	1.17349	1.17371	545	0	8
2026.01.23	12:00:00	1.17372	1.17395	1.17362	1.17380	421	0	8
2026.01.23	12:15:00	1.17380	1.17393	1.17371	1.17386	280	0	8
2026.01.23	12:30:00	1.17385	1.17429	1.17374	1.17397	429	0	8
2026.01.23	12:45:00	1.17399	1.17442	1.17395	1.17420	437	0	8
2026.01.23	13:00:00	1.17421	1.17444	1.17404	1.17444	451	0	8
2026.01.23	13:15:00	1.17444	1.17470	1.17410	1.17433	486	0	8
2026.01.23	13:30:00	1.17431	1.17440	1.17380	1.17416	507	0	8
2026.01.23	13:45:00	1.17417	1.17417	1.17324	1.17338	546	0	8
2026.01.23	14:00:00	1.17339	1.17391	1.17315	1.17388	553	0	8
2026.01.23	14:15:00	1.17387	1.17450	1.17374	1.17439	524	0	8
2026.01.23	14:30:00	1.17441	1.17450	1.17394	1.17404	650	0	8
2026.01.23	14:45:00	1.17405	1.17478	1.17404	1.17464	669	0	8
2026.01.23	15:00:00	1.17466	1.17514	1.17454	1.17472	688	0	8
2026.01.23	15:15:00	1.17472	1.17533	1.17468	1.17495	709	0	8
2026.01.23	15:30:00	1.17495	1.17520	1.17479	1.17487	499	0	8
2026.01.23	15:45:00	1.17489	1.17610	1.17484	1.17575	778	0	8
2026.01.23	16:00:00	1.17575	1.17585	1.17468	1.17468	694	0	8
2026.01.23	16:15:00	1.17466	1.17632	1.17461	1.17631	933	0	8
2026.01.23	16:30:00	1.17632	1.17684	1.17626	1.17671	861	0	8
2026.01.23	16:45:00	1.17671	1.17750	1.17657	1.17703	1005	0	8
2026.01.23	17:00:00	1.17702	1.17839	1.17685	1.17831	1058	0	8
2026.01.23	17:15:00	1.17829	1.17932	1.17795	1.17923	1202	0	8
2026.01.23	17:30:00	1.17923	1.17983	1.17824	1.17854	1604	0	8
2026.01.23	17:45:00	1.17856	1.17977	1.17847	1.17939	1242	0	8
2026.01.23	18:00:00	1.17939	1.17951	1.17776	1.17779	1211	0	8
2026.01.23	18:15:00	1.17777	1.17927	1.17767	1.17902	1162	0	8
2026.01.23	18:30:00	1.17901	1.17904	1.17851	1.17884	846	0	8
2026.01.23	18:45:00	1.17884	1.17919	1.17846	1.17916	573	0	8
2026.01.23	19:00:00	1.17918	1.18003	1.17910	1.17986	676	0	8
2026.01.23	19:15:00	1.17985	1.18002	1.17926	1.17958	628	0	8
2026.01.23	19:30:00	1.17958	1.17985	1.17950	1.17977	513	0	8
2026.01.23	19:45:00	1.17976	1.18147	1.17960	1.18113	1023	0	8
2026.01.23	20:00:00	1.18113	1.18159	1.18094	1.18155	708	0	8
2026.01.23	20:15:00	1.18158	1.18263	1.18152	1.18217	869	0	8
2026.01.23	20:30:00	1.18218	1.18218	1.18128	1.18177	717	0	8
2026.01.23	20:45:00	1.18177	1.18232	1.18144	1.18207	627	0	8
2026.01.23	21:00:00	1.18208	1.18310	1.18203	1.18286	575	0	8
2026.01.23	21:15:00	1.18285	1.18331	1.18245	1.18290	649	0	8
2026.01.23	21:30:00	1.18289	1.18316	1.18214	1.18258	500	0	8
2026.01.23	21:45:00	1.18257	1.18298	1.18237	1.18275	448	0	8
2026.01.25	22:00:00	1.18601	1.18623	1.18468	1.18533	214	0	48
2026.01.25	22:15:00	1.18533	1.18596	1.18518	1.18595	185	0	48
2026.01.25	22:30:00	1.18592	1.18691	1.18583	1.18675	271	0	48
2026.01.25	22:45:00	1.18675	1.18851	1.18674	1.18851	401	0	48
2026.01.25	23:00:00	1.18894	1.18945	1.18694	1.18941	1656	0	8
2026.01.25	23:15:00	1.18939	1.18973	1.18617	1.18643	1142	0	8
2026.01.25	23:30:00	1.18644	1.18682	1.18587	1.18656	1014	0	8
2026.01.25	23:45:00	1.18658	1.18664	1.18541	1.18597	995	0	8
2026.01.26	00:00:00	1.18600	1.18600	1.18442	1.18490	1827	0	8
2026.01.26	00:15:00	1.18488	1.18552	1.18443	1.18534	1140	0	8
2026.01.26	00:30:00	1.18536	1.18566	1.18468	1.18551	1037	0	8
2026.01.26	00:45:00	1.18549	1.18628	1.18545	1.18607	966	0	8
2026.01.26	01:00:00	1.18610	1.18654	1.18543	1.18584	1187	0	8
2026.01.26	01:15:00	1.18586	1.18609	1.18557	1.18587	1143	0	8
2026.01.26	01:30:00	1.18587	1.18670	1.18552	1.18640	1081	0	8
2026.01.26	01:45:00	1.18640	1.18688	1.18569	1.18574	842	0	8
2026.01.26	02:00:00	1.18574	1.18759	1.18556	1.18744	903	0	8
2026.01.26	02:15:00	1.18743	1.18743	1.18647	1.18719	1145	0	8
2026.01.26	02:30:00	1.18720	1.18761	1.18710	1.18724	811	0	8
2026.01.26	02:45:00	1.18724	1.18724	1.18642	1.18673	654	0	8
2026.01.26	03:00:00	1.18674	1.18674	1.18613	1.18622	642	0	8
2026.01.26	03:15:00	1.18621	1.18634	1.18580	1.18617	606	0	8
2026.01.26	03:30:00	1.18619	1.18643	1.18600	1.18620	543	0	8
2026.01.26	03:45:00	1.18619	1.18659	1.18587	1.18621	486	0	8
2026.01.26	04:00:00	1.18622	1.18670	1.18552	1.18670	645	0	8
2026.01.26	04:15:00	1.18669	1.18690	1.18604	1.18611	656	0	8
2026.01.26	04:30:00	1.18609	1.18630	1.18571	1.18619	420	0	8
2026.01.26	04:45:00	1.18617	1.18642	1.18583	1.18589	565	0	8
2026.01.26	05:00:00	1.18589	1.18621	1.18578	1.18587	484	0	8
2026.01.26	05:15:00	1.18587	1.18696	1.18575	1.18673	491	0	8
2026.01.26	05:30:00	1.18673	1.18676	1.18634	1.18652	509	0	8
2026.01.26	05:45:00	1.18651	1.18670	1.18624	1.18648	506	0	8
2026.01.26	06:00:00	1.18648	1.18655	1.18502	1.18522	823	0	8
2026.01.26	06:15:00	1.18522	1.18580	1.18504	1.18571	614	0	8
2026.01.26	06:30:00	1.18571	1.18623	1.18568	1.18602	640	0	8
2026.01.26	06:45:00	1.18602	1.18622	1.18512	1.18513	704	0	8
2026.01.26	07:00:00	1.18515	1.18621	1.18500	1.18543	966	0	8
2026.01.26	07:15:00	1.18543	1.18624	1.18532	1.18601	889	0	8
2026.01.26	07:30:00	1.18601	1.18608	1.18460	1.18483	906	0	8
2026.01.26	07:45:00	1.18482	1.18488	1.18364	1.18385	1038	0	8
2026.01.26	08:00:00	1.18387	1.18482	1.18381	1.18426	1207	0	8
2026.01.26	08:15:00	1.18425	1.18476	1.18379	1.18467	933	0	8
2026.01.26	08:30:00	1.18467	1.18592	1.18466	1.18482	1275	0	8
2026.01.26	08:45:00	1.18482	1.18568	1.18476	1.18531	995	0	8
2026.01.26	09:00:00	1.18533	1.18556	1.18454	1.18455	1100	0	8
2026.01.26	09:15:00	1.18455	1.18591	1.18415	1.18591	835	0	8
2026.01.26	09:30:00	1.18594	1.18670	1.18576	1.18663	896	0	8
2026.01.26	09:45:00	1.18664	1.18664	1.18594	1.18633	916	0	8
2026.01.26	10:00:00	1.18635	1.18651	1.18562	1.18585	682	0	8
2026.01.26	10:15:00	1.18586	1.18644	1.18572	1.18622	621	0	8
2026.01.26	10:30:00	1.18622	1.18632	1.18531	1.18592	798	0	8
2026.01.26	10:45:00	1.18592	1.18612	1.18544	1.18602	668	0	8
2026.01.26	11:00:00	1.18602	1.18604	1.18528	1.18540	716	0	8
2026.01.26	11:15:00	1.18539	1.18561	1.18488	1.18516	542	0	8
2026.01.26	11:30:00	1.18518	1.18562	1.18483	1.18553	567	0	8
2026.01.26	11:45:00	1.18554	1.18579	1.18537	1.18556	572	0	8
2026.01.26	12:00:00	1.18554	1.18569	1.18532	1.18540	532	0	8
2026.01.26	12:15:00	1.18539	1.18553	1.18474	1.18482	601	0	8
2026.01.26	12:30:00	1.18484	1.18509	1.18445	1.18446	566	0	8
2026.01.26	12:45:00	1.18445	1.18460	1.18399	1.18419	565	0	8
2026.01.26	13:00:00	1.18419	1.18430	1.18346	1.18391	798	0	8
2026.01.26	13:15:00	1.18393	1.18473	1.18368	1.18461	586	0	8
2026.01.26	13:30:00	1.18460	1.18495	1.18438	1.18465	765	0	8
2026.01.26	13:45:00	1.18464	1.18565	1.18452	1.18554	848	0	8
2026.01.26	14:00:00	1.18553	1.18582	1.18520	1.18568	857	0	8
2026.01.26	14:15:00	1.18568	1.18673	1.18541	1.18667	813	0	8
2026.01.26	14:30:00	1.18669	1.18725	1.18649	1.18691	1015	0	8
2026.01.26	14:45:00	1.18691	1.18792	1.18689	1.18787	1114	0	8
2026.01.26	15:00:00	1.18787	1.18795	1.18700	1.18733	1136	0	8
2026.01.26	15:15:00	1.18732	1.18796	1.18706	1.18796	896	0	8
2026.01.26	15:30:00	1.18796	1.18878	1.18774	1.18839	1021	0	8
2026.01.26	15:45:00	1.18839	1.18967	1.18838	1.18948	1061	0	8
2026.01.26	16:00:00	1.18949	1.19066	1.18893	1.18901	1304	0	8
2026.01.26	16:15:00	1.18900	1.18900	1.18798	1.18828	1092	0	8
2026.01.26	16:30:00	1.18829	1.18877	1.18805	1.18851	1063	0	8
2026.01.26	16:45:00	1.18849	1.18899	1.18826	1.18853	810	0	8
2026.01.26	17:00:00	1.18854	1.18891	1.18828	1.18883	809	0	8
2026.01.26	17:15:00	1.18886	1.18910	1.18769	1.18776	802	0	8
2026.01.26	17:30:00	1.18774	1.18809	1.18750	1.18781	673	0	8
2026.01.26	17:45:00	1.18782	1.18791	1.18744	1.18785	651	0	8
2026.01.26	18:00:00	1.18787	1.18885	1.18778	1.18845	633	0	8
2026.01.26	18:15:00	1.18845	1.18900	1.18828	1.18854	666	0	8
2026.01.26	18:30:00	1.18854	1.18863	1.18791	1.18796	603	0	8
2026.01.26	18:45:00	1.18794	1.18829	1.18786	1.18787	638	0	8
2026.01.26	19:00:00	1.18789	1.18789	1.18725	1.18745	799	0	8
2026.01.26	19:15:00	1.18743	1.18754	1.18710	1.18725	587	0	8
2026.01.26	19:30:00	1.18725	1.18755	1.18702	1.18750	536	0	8
2026.01.26	19:45:00	1.18749	1.18813	1.18727	1.18787	723	0	8
2026.01.26	20:00:00	1.18789	1.18834	1.18769	1.18820	702	0	8
2026.01.26	20:15:00	1.18820	1.18829	1.18800	1.18816	429	0	8
2026.01.26	20:30:00	1.18816	1.18828	1.18790	1.18795	412	0	8
2026.01.26	20:45:00	1.18797	1.18825	1.18796	1.18822	380	0	8
2026.01.26	21:00:00	1.18821	1.18860	1.18786	1.18788	343	0	8
2026.01.26	21:15:00	1.18788	1.18788	1.18753	1.18758	306	0	8
2026.01.26	21:30:00	1.18758	1.18759	1.18737	1.18753	193	0	8
2026.01.26	21:45:00	1.18755	1.18794	1.18739	1.18788	397	0	8
2026.01.26	22:00:00	1.18788	1.18788	1.18720	1.18729	81	0	20
2026.01.26	22:15:00	1.18728	1.18767	1.18728	1.18758	137	0	48
2026.01.26	22:30:00	1.18755	1.18766	1.18751	1.18760	99	0	48
2026.01.26	22:45:00	1.18760	1.18779	1.18752	1.18771	97	0	20
2026.01.26	23:00:00	1.18775	1.18817	1.18773	1.18776	228	0	8
2026.01.26	23:15:00	1.18776	1.18776	1.18756	1.18771	146	0	8
2026.01.26	23:30:00	1.18771	1.18777	1.18730	1.18773	173	0	8
2026.01.26	23:45:00	1.18771	1.18772	1.18710	1.18733	348	0	8
2026.01.27	00:00:00	1.18733	1.18806	1.18722	1.18802	518	0	8
2026.01.27	00:15:00	1.18802	1.18823	1.18782	1.18782	438	0	8
2026.01.27	00:30:00	1.18782	1.18824	1.18782	1.18800	405	0	8
2026.01.27	00:45:00	1.18800	1.18803	1.18759	1.18768	466	0	8
2026.01.27	01:00:00	1.18766	1.18779	1.18730	1.18752	582	0	8
2026.01.27	01:15:00	1.18751	1.18780	1.18735	1.18755	463	0	8
2026.01.27	01:30:00	1.18757	1.18778	1.18738	1.18771	425	0	8
2026.01.27	01:45:00	1.18771	1.18811	1.18762	1.18784	384	0	8
2026.01.27	02:00:00	1.18784	1.18800	1.18759	1.18789	378	0	8
2026.01.27	02:15:00	1.18789	1.18885	1.18780	1.18877	382	0	8
2026.01.27	02:30:00	1.18879	1.18989	1.18875	1.18966	557	0	8
2026.01.27	02:45:00	1.18966	1.18987	1.18928	1.18932	464	0	8
2026.01.27	03:00:00	1.18931	1.18931	1.18849	1.18860	502	0	8
2026.01.27	03:15:00	1.18860	1.18872	1.18836	1.18838	357	0	8
2026.01.27	03:30:00	1.18838	1.18888	1.18837	1.18850	333	0	8
2026.01.27	03:45:00	1.18849	1.18849	1.18789	1.18794	413	0	8
2026.01.27	04:00:00	1.18795	1.18822	1.18764	1.18770	393	0	8
2026.01.27	04:15:00	1.18769	1.18773	1.18710	1.18721	368	0	8
2026.01.27	04:30:00	1.18721	1.18744	1.18695	1.18719	348	0	8
2026.01.27	04:45:00	1.18719	1.18746	1.18700	1.18729	312	0	8
2026.01.27	05:00:00	1.18730	1.18743	1.18723	1.18736	273	0	8
2026.01.27	05:15:00	1.18736	1.18771	1.18716	1.18758	307	0	8
2026.01.27	05:30:00	1.18758	1.18773	1.18736	1.18746	321	0	8
2026.01.27	05:45:00	1.18744	1.18782	1.18741	1.18762	343	0	8
2026.01.27	06:00:00	1.18764	1.18789	1.18750	1.18767	406	0	8
2026.01.27	06:15:00	1.18766	1.18768	1.18734	1.18740	361	0	8
2026.01.27	06:30:00	1.18740	1.18803	1.18727	1.18795	459	0	8
2026.01.27	06:45:00	1.18794	1.18812	1.18704	1.18714	461	0	8
2026.01.27	07:00:00	1.18714	1.18738	1.18690	1.18725	696	0	8
2026.01.27	07:15:00	1.18724	1.18753	1.18709	1.18722	559	0	8
2026.01.27	07:30:00	1.18724	1.18740	1.18696	1.18731	556	0	8
2026.01.27	07:45:00	1.18729	1.18748	1.18606	1.18636	803	0	8
2026.01.27	08:00:00	1.18638	1.18671	1.18564	1.18589	833	0	8
2026.01.27	08:15:00	1.18589	1.18618	1.18526	1.18550	809	0	8
2026.01.27	08:30:00	1.18550	1.18573	1.18497	1.18516	732	0	8
2026.01.27	08:45:00	1.18516	1.18609	1.18516	1.18603	573	0	8
2026.01.27	09:00:00	1.18603	1.18652	1.18586	1.18646	571	0	8
2026.01.27	09:15:00	1.18644	1.18683	1.18642	1.18665	435	0	8
2026.01.27	09:30:00	1.18664	1.18722	1.18664	1.18710	420	0	8
2026.01.27	09:45:00	1.18708	1.18895	1.18678	1.18886	1827	0	8
2026.01.27	10:00:00	1.18887	1.18892	1.18738	1.18761	1261	0	8
2026.01.27	10:15:00	1.18758	1.18830	1.18751	1.18806	739	0	8
2026.01.27	10:30:00	1.18806	1.18864	1.18770	1.18840	734	0	8
2026.01.27	10:45:00	1.18839	1.18896	1.18823	1.18883	812	0	8
2026.01.27	11:00:00	1.18885	1.18920	1.18880	1.18903	615	0	8
2026.01.27	11:15:00	1.18903	1.18912	1.18848	1.18883	491	0	8
2026.01.27	11:30:00	1.18885	1.18919	1.18858	1.18861	537	0	8
2026.01.27	11:45:00	1.18861	1.18967	1.18856	1.18949	669	0	8
2026.01.27	12:00:00	1.18948	1.19080	1.18937	1.19060	773	0	8
2026.01.27	12:15:00	1.19061	1.19327	1.19057	1.19168	1915	0	8
2026.01.27	12:30:00	1.19163	1.19255	1.19120	1.19225	1444	0	8
2026.01.27	12:45:00	1.19224	1.19339	1.19208	1.19276	1516	0	8
2026.01.27	13:00:00	1.19275	1.19382	1.19251	1.19272	1535	0	8
2026.01.27	13:15:00	1.19273	1.19320	1.19204	1.19229	1264	0	8
2026.01.27	13:30:00	1.19228	1.19364	1.19205	1.19304	1402	0	8
2026.01.27	13:45:00	1.19306	1.19335	1.19136	1.19232	1880	0	8
2026.01.27	14:00:00	1.19229	1.19304	1.19179	1.19263	1471	0	8
2026.01.27	14:15:00	1.19263	1.19346	1.19242	1.19310	1230	0	8
2026.01.27	14:30:00	1.19308	1.19553	1.19308	1.19442	2415	0	8
2026.01.27	14:45:00	1.19441	1.19463	1.19357	1.19439	1372	0	8
2026.01.27	15:00:00	1.19433	1.19668	1.19430	1.19660	1993	0	8
2026.01.27	15:15:00	1.19663	1.19721	1.19618	1.19645	1767	0	8
2026.01.27	15:30:00	1.19645	1.19645	1.19470	1.19504	1482	0	8
2026.01.27	15:45:00	1.19505	1.19615	1.19496	1.19506	1591	0	8
2026.01.27	16:00:00	1.19504	1.19648	1.19493	1.19634	1297	0	8
2026.01.27	16:15:00	1.19636	1.19744	1.19622	1.19711	1159	0	8
2026.01.27	16:30:00	1.19710	1.19878	1.19708	1.19868	1517	0	8
2026.01.27	16:45:00	1.19870	1.19897	1.19735	1.19788	1194	0	8
2026.01.27	17:00:00	1.19791	1.19834	1.19694	1.19712	1465	0	8
2026.01.27	17:15:00	1.19712	1.19724	1.19585	1.19590	1203	0	8
2026.01.27	17:30:00	1.19593	1.19809	1.19589	1.19802	1087	0	8
2026.01.27	17:45:00	1.19805	1.19823	1.19761	1.19798	1184	0	8
2026.01.27	18:00:00	1.19798	1.19872	1.19730	1.19735	1062	0	8
2026.01.27	18:15:00	1.19734	1.19788	1.19712	1.19755	813	0	8
2026.01.27	18:30:00	1.19757	1.19802	1.19755	1.19765	824	0	8
2026.01.27	18:45:00	1.19763	1.19856	1.19745	1.19774	789	0	8
2026.01.27	19:00:00	1.19774	1.19805	1.19738	1.19768	662	0	8
2026.01.27	19:15:00	1.19769	1.19784	1.19715	1.19746	623	0	8
2026.01.27	19:30:00	1.19747	1.19795	1.19740	1.19778	565	0	8
2026.01.27	19:45:00	1.19779	1.19780	1.19707	1.19767	717	0	8
2026.01.27	20:00:00	1.19766	1.19805	1.19736	1.19792	621	0	8
2026.01.27	20:15:00	1.19793	1.19908	1.19784	1.19893	815	0	8
2026.01.27	20:30:00	1.19894	1.19894	1.19715	1.19843	1511	0	8
2026.01.27	20:45:00	1.19845	1.20829	1.19837	1.20293	14365	0	8
2026.01.27	21:00:00	1.20296	1.20466	1.20228	1.20395	3320	0	8
2026.01.27	21:15:00	1.20394	1.20449	1.20286	1.20424	1613	0	8
2026.01.27	21:30:00	1.20418	1.20496	1.20296	1.20491	1204	0	8
2026.01.27	21:45:00	1.20491	1.20495	1.20345	1.20385	1143	0	8
2026.01.27	22:00:00	1.20382	1.20395	1.20349	1.20353	111	0	20
2026.01.27	22:15:00	1.20354	1.20377	1.20341	1.20374	115	0	48
2026.01.27	22:30:00	1.20374	1.20390	1.20362	1.20363	209	0	48
2026.01.27	22:45:00	1.20361	1.20388	1.20344	1.20388	230	0	48
2026.01.27	23:00:00	1.20408	1.20444	1.20282	1.20295	669	0	8
2026.01.27	23:15:00	1.20296	1.20347	1.20186	1.20192	706	0	8
2026.01.27	23:30:00	1.20191	1.20281	1.20191	1.20217	599	0	8
2026.01.27	23:45:00	1.20217	1.20261	1.20159	1.20227	615	0	8
2026.01.28	00:00:00	1.20226	1.20226	1.20076	1.20131	966	0	8
2026.01.28	00:15:00	1.20133	1.20200	1.20103	1.20118	659	0	8
2026.01.28	00:30:00	1.20115	1.20234	1.20107	1.20150	1252	0	8
2026.01.28	00:45:00	1.20150	1.20169	1.20119	1.20149	951	0	8
2026.01.28	01:00:00	1.20148	1.20159	1.20067	1.20087	1014	0	8
2026.01.28	01:15:00	1.20088	1.20112	1.20006	1.20036	809	0	8
2026.01.28	01:30:00	1.20034	1.20069	1.19937	1.19988	890	0	8
2026.01.28	01:45:00	1.19989	1.20052	1.19925	1.19925	687	0	8
2026.01.28	02:00:00	1.19925	1.19980	1.19869	1.19869	781	0	8
2026.01.28	02:15:00	1.19870	1.19952	1.19868	1.19938	687	0	8
2026.01.28	02:30:00	1.19937	1.19967	1.19927	1.19948	544	0	8
2026.01.28	02:45:00	1.19948	1.20000	1.19948	1.19971	470	0	8
2026.01.28	03:00:00	1.19974	1.20027	1.19961	1.20022	453	0	8
2026.01.28	03:15:00	1.20021	1.20046	1.20006	1.20013	423	0	8
2026.01.28	03:30:00	1.20013	1.20013	1.19948	1.19951	422	0	8
2026.01.28	03:45:00	1.19950	1.19993	1.19950	1.19964	369	0	8
2026.01.28	04:00:00	1.19964	1.19971	1.19909	1.19933	437	0	8
2026.01.28	04:15:00	1.19934	1.19952	1.19920	1.19927	307	0	8
2026.01.28	04:30:00	1.19927	1.19956	1.19919	1.19946	294	0	8
2026.01.28	04:45:00	1.19948	1.20013	1.19928	1.20000	473	0	8
2026.01.28	05:00:00	1.19998	1.20006	1.19745	1.19839	2172	0	8
2026.01.28	05:15:00	1.19839	1.19919	1.19838	1.19902	735	0	8
2026.01.28	05:30:00	1.19902	1.19937	1.19863	1.19935	644	0	8
2026.01.28	05:45:00	1.19935	1.19970	1.19910	1.19965	487	0	8
2026.01.28	06:00:00	1.19964	1.19984	1.19925	1.19972	604	0	8
2026.01.28	06:15:00	1.19972	1.20023	1.19940	1.20011	578	0	8
2026.01.28	06:30:00	1.20011	1.20068	1.19936	1.19952	751	0	8
2026.01.28	06:45:00	1.19952	1.19968	1.19899	1.19950	679	0	8
2026.01.28	07:00:00	1.19951	1.20211	1.19946	1.20209	1344	0	8
2026.01.28	07:15:00	1.20207	1.20254	1.20026	1.20029	1648	0	8
2026.01.28	07:30:00	1.20031	1.20031	1.19875	1.19927	1061	0	8
2026.01.28	07:45:00	1.19928	1.19939	1.19839	1.19912	1042	0	8
2026.01.28	08:00:00	1.19914	1.19970	1.19857	1.19920	1500	0	8
2026.01.28	08:15:00	1.19919	1.20046	1.19873	1.19992	1341	0	8
2026.01.28	08:30:00	1.19992	1.19993	1.19861	1.19875	1321	0	8
2026.01.28	08:45:00	1.19875	1.19876	1.19699	1.19799	2180	0	8
2026.01.28	09:00:00	1.19801	1.19859	1.19748	1.19766	1248	0	8
2026.01.28	09:15:00	1.19767	1.19842	1.19766	1.19837	1101	0	8
2026.01.28	09:30:00	1.19835	1.19925	1.19805	1.19841	997	0	8
2026.01.28	09:45:00	1.19843	1.19910	1.19813	1.19864	862	0	8
2026.01.28	10:00:00	1.19863	1.19897	1.19768	1.19855	937	0	8
2026.01.28	10:15:00	1.19854	1.19857	1.19722	1.19746	985	0	8
2026.01.28	10:30:00	1.19748	1.19861	1.19730	1.19860	784	0	8
2026.01.28	10:45:00	1.19860	1.19945	1.19850	1.19885	931	0	8
2026.01.28	11:00:00	1.19888	1.19895	1.19717	1.19741	970	0	8
2026.01.28	11:15:00	1.19741	1.19741	1.19646	1.19685	931	0	8
2026.01.28	11:30:00	1.19684	1.19711	1.19613	1.19662	856	0	8
2026.01.28	11:45:00	1.19663	1.19742	1.19657	1.19679	690	0	8
2026.01.28	12:00:00	1.19678	1.19753	1.19656	1.19724	826	0	8
2026.01.28	12:15:00	1.19724	1.19823	1.19696	1.19814	801	0	8
2026.01.28	12:30:00	1.19815	1.19831	1.19735	1.19735	874	0	8
2026.01.28	12:45:00	1.19735	1.19800	1.19718	1.19797	826	0	8
2026.01.28	13:00:00	1.19797	1.19806	1.19683	1.19722	1018	0	8
2026.01.28	13:15:00	1.19723	1.19733	1.19569	1.19622	1149	0	8
2026.01.28	13:30:00	1.19622	1.19689	1.19587	1.19624	998	0	8
2026.01.28	13:45:00	1.19625	1.19655	1.19514	1.19573	1308	0	8
2026.01.28	14:00:00	1.19573	1.19633	1.19524	1.19633	1116	0	8
2026.01.28	14:15:00	1.19633	1.19677	1.19599	1.19668	799	0	8
2026.01.28	14:30:00	1.19666	1.19772	1.19629	1.19762	1137	0	8
2026.01.28	14:45:00	1.19760	1.19772	1.19550	1.19623	1487	0	8
2026.01.28	15:00:00	1.19623	1.19698	1.19228	1.19374	7217	0	8
2026.01.28	15:15:00	1.19374	1.19480	1.19321	1.19465	2976	0	8
2026.01.28	15:30:00	1.19466	1.19576	1.19431	1.19570	1932	0	8
2026.01.28	15:45:00	1.19571	1.19574	1.19316	1.19432	3520	0	8
2026.01.28	16:00:00	1.19430	1.19522	1.19360	1.19360	1705	0	8
2026.01.28	16:15:00	1.19361	1.19471	1.19265	1.19273	1633	0	8
2026.01.28	16:30:00	1.19273	1.19365	1.19182	1.19330	1500	0	8
2026.01.28	16:45:00	1.19330	1.19403	1.19320	1.19403	1233	0	8
2026.01.28	17:00:00	1.19404	1.19430	1.19336	1.19365	983	0	8
2026.01.28	17:15:00	1.19366	1.19396	1.19297	1.19342	809	0	8
2026.01.28	17:30:00	1.19343	1.19392	1.19277	1.19304	748	0	8
2026.01.28	17:45:00	1.19303	1.19407	1.19293	1.19406	621	0	8
2026.01.28	18:00:00	1.19408	1.19420	1.19310	1.19314	674	0	8
2026.01.28	18:15:00	1.19314	1.19360	1.19278	1.19347	679	0	8
2026.01.28	18:30:00	1.19350	1.19350	1.19207	1.19207	1009	0	8
2026.01.28	18:45:00	1.19207	1.19239	1.19139	1.19213	1140	0	8
2026.01.28	19:00:00	1.19215	1.19333	1.18957	1.19096	3770	0	8
2026.01.28	19:15:00	1.19094	1.19159	1.19015	1.19031	1648	0	8
2026.01.28	19:30:00	1.19028	1.19301	1.19012	1.19204	3304	0	8
2026.01.28	19:45:00	1.19202	1.19415	1.19176	1.19402	2320	0	8
2026.01.28	20:00:00	1.19399	1.19487	1.19290	1.19301	1586	0	8
2026.01.28	20:15:00	1.19302	1.19452	1.19299	1.19437	1096	0	8
2026.01.28	20:30:00	1.19437	1.19499	1.19425	1.19466	888	0	8
2026.01.28	20:45:00	1.19465	1.19492	1.19438	1.19451	997	0	8
2026.01.28	21:00:00	1.19453	1.19525	1.19441	1.19490	556	0	8
2026.01.28	21:15:00	1.19490	1.19509	1.19417	1.19419	428	0	8
2026.01.28	21:30:00	1.19420	1.19497	1.19414	1.19480	403	0	8
2026.01.28	21:45:00	1.19480	1.19535	1.19479	1.19533	359	0	8
2026.01.28	22:00:00	1.19536	1.19536	1.19513	1.19523	60	0	20
2026.01.28	22:15:00	1.19523	1.19530	1.19514	1.19517	79	0	48
2026.01.28	22:30:00	1.19518	1.19548	1.19518	1.19542	116	0	20
2026.01.28	22:45:00	1.19542	1.19553	1.19527	1.19553	110	0	20
2026.01.28	23:00:00	1.19557	1.19590	1.19519	1.19590	370	0	8
2026.01.28	23:15:00	1.19591	1.19723	1.19590	1.19671	479	0	8
2026.01.28	23:30:00	1.19670	1.19770	1.19666	1.19718	751	0	8
2026.01.28	23:45:00	1.19718	1.19795	1.19651	1.19795	746	0	8
2026.01.29	00:00:00	1.19805	1.19805	1.19685	1.19784	1173	0	8
2026.01.29	00:15:00	1.19783	1.19826	1.19761	1.19819	719	0	8
2026.01.29	00:30:00	1.19819	1.19848	1.19731	1.19742	817	0	8
2026.01.29	00:45:00	1.19742	1.19757	1.19727	1.19735	595	0	8
2026.01.29	01:00:00	1.19734	1.19734	1.19604	1.19631	939	0	8
2026.01.29	01:15:00	1.19633	1.19650	1.19565	1.19605	786	0	8
2026.01.29	01:30:00	1.19606	1.19647	1.19589	1.19619	810	0	8
2026.01.29	01:45:00	1.19621	1.19651	1.19592	1.19611	706	0	8
2026.01.29	02:00:00	1.19611	1.19611	1.19529	1.19599	756	0	8
2026.01.29	02:15:00	1.19599	1.19681	1.19582	1.19679	605	0	8
2026.01.29	02:30:00	1.19679	1.19731	1.19673	1.19721	586	0	8
2026.01.29	02:45:00	1.19721	1.19753	1.19704	1.19728	546	0	8
2026.01.29	03:00:00	1.19726	1.19795	1.19701	1.19782	601	0	8
2026.01.29	03:15:00	1.19783	1.19807	1.19760	1.19780	487	0	8
2026.01.29	03:30:00	1.19781	1.19818	1.19745	1.19805	537	0	8
2026.01.29	03:45:00	1.19805	1.19866	1.19801	1.19860	435	0	8
2026.01.29	04:00:00	1.19861	1.19903	1.19823	1.19830	557	0	8
2026.01.29	04:15:00	1.19830	1.19879	1.19750	1.19848	791	0	8
2026.01.29	04:30:00	1.19848	1.19877	1.19819	1.19820	497	0	8
2026.01.29	04:45:00	1.19819	1.19904	1.19819	1.19898	511	0	8
2026.01.29	05:00:00	1.19896	1.19932	1.19860	1.19870	469	0	8
2026.01.29	05:15:00	1.19868	1.19885	1.19811	1.19850	511	0	8
2026.01.29	05:30:00	1.19852	1.19886	1.19828	1.19850	481	0	8
2026.01.29	05:45:00	1.19850	1.19860	1.19800	1.19807	469	0	8
2026.01.29	06:00:00	1.19805	1.19827	1.19747	1.19784	509	0	8
2026.01.29	06:15:00	1.19784	1.19888	1.19776	1.19848	714	0	8
2026.01.29	06:30:00	1.19846	1.19876	1.19828	1.19859	579	0	8
2026.01.29	06:45:00	1.19858	1.19863	1.19839	1.19842	550	0	8
2026.01.29	07:00:00	1.19840	1.19964	1.19835	1.19855	1065	0	8
2026.01.29	07:15:00	1.19855	1.19893	1.19807	1.19817	837	0	8
2026.01.29	07:30:00	1.19818	1.19827	1.19696	1.19713	1103	0	8
2026.01.29	07:45:00	1.19712	1.19751	1.19670	1.19737	832	0	8
2026.01.29	08:00:00	1.19738	1.19854	1.19727	1.19809	1273	0	8
2026.01.29	08:15:00	1.19808	1.19814	1.19716	1.19758	1312	0	8
2026.01.29	08:30:00	1.19759	1.19790	1.19636	1.19678	1263	0	8
2026.01.29	08:45:00	1.19680	1.19709	1.19610	1.19682	1147	0	8
2026.01.29	09:00:00	1.19680	1.19739	1.19663	1.19696	931	0	8
2026.01.29	09:15:00	1.19697	1.19715	1.19607	1.19629	926	0	8
2026.01.29	09:30:00	1.19626	1.19699	1.19618	1.19651	933	0	8
2026.01.29	09:45:00	1.19650	1.19651	1.19511	1.19555	947	0	8
2026.01.29	10:00:00	1.19558	1.19577	1.19498	1.19542	814	0	8
2026.01.29	10:15:00	1.19542	1.19553	1.19462	1.19532	808	0	8
2026.01.29	10:30:00	1.19532	1.19548	1.19478	1.19506	847	0	8
2026.01.29	10:45:00	1.19506	1.19506	1.19383	1.19420	954	0	8
2026.01.29	11:00:00	1.19422	1.19468	1.19376	1.19467	936	0	8
2026.01.29	11:15:00	1.19467	1.19515	1.19431	1.19479	803	0	8
2026.01.29	11:30:00	1.19477	1.19503	1.19450	1.19482	686	0	8
2026.01.29	11:45:00	1.19483	1.19527	1.19457	1.19467	568	0	8
2026.01.29	12:00:00	1.19467	1.19489	1.19418	1.19485	705	0	8
2026.01.29	12:15:00	1.19484	1.19516	1.19463	1.19512	475	0	8
2026.01.29	12:30:00	1.19512	1.19515	1.19445	1.19476	582	0	8
2026.01.29	12:45:00	1.19475	1.19620	1.19465	1.19606	1127	0	8
2026.01.29	13:00:00	1.19608	1.19681	1.19578	1.19629	991	0	8
2026.01.29	13:15:00	1.19628	1.19682	1.19594	1.19650	866	0	8
2026.01.29	13:30:00	1.19647	1.19704	1.19549	1.19644	1233	0	8
2026.01.29	13:45:00	1.19642	1.19646	1.19397	1.19559	3200	0	8
2026.01.29	14:00:00	1.19561	1.19647	1.19518	1.19646	1294	0	8
2026.01.29	14:15:00	1.19644	1.19702	1.19610	1.19655	1163	0	8
2026.01.29	14:30:00	1.19655	1.19687	1.19548	1.19682	1777	0	8
2026.01.29	14:45:00	1.19683	1.19710	1.19609	1.19699	1872	0	8
2026.01.29	15:00:00	1.19698	1.19721	1.19451	1.19479	2462	0	8
2026.01.29	15:15:00	1.19478	1.19479	1.19057	1.19089	5310	0	8
2026.01.29	15:30:00	1.19091	1.19345	1.19068	1.19130	4425	0	8
2026.01.29	15:45:00	1.19129	1.19298	1.19125	1.19291	3554	0	8
2026.01.29	16:00:00	1.19288	1.19423	1.19269	1.19361	2429	0	8
2026.01.29	16:15:00	1.19362	1.19399	1.19278	1.19359	2084	0	8
2026.01.29	16:30:00	1.19358	1.19468	1.19309	1.19436	1687	0	8
2026.01.29	16:45:00	1.19437	1.19524	1.19420	1.19423	1507	0	8
2026.01.29	17:00:00	1.19426	1.19528	1.19423	1.19476	1534	0	8
2026.01.29	17:15:00	1.19476	1.19595	1.19440	1.19551	1724	0	8
2026.01.29	17:30:00	1.19550	1.19611	1.19543	1.19600	1254	0	8
2026.01.29	17:45:00	1.19601	1.19601	1.19501	1.19551	1458	0	8
2026.01.29	18:00:00	1.19550	1.19595	1.19508	1.19553	1083	0	8
2026.01.29	18:15:00	1.19553	1.19553	1.19479	1.19513	907	0	8
2026.01.29	18:30:00	1.19515	1.19646	1.19502	1.19612	994	0	8
2026.01.29	18:45:00	1.19610	1.19634	1.19573	1.19573	695	0	8
2026.01.29	19:00:00	1.19573	1.19576	1.19496	1.19501	712	0	8
2026.01.29	19:15:00	1.19503	1.19602	1.19503	1.19575	695	0	8
2026.01.29	19:30:00	1.19574	1.19576	1.19507	1.19533	822	0	8
2026.01.29	19:45:00	1.19534	1.19552	1.19503	1.19511	690	0	8
2026.01.29	20:00:00	1.19508	1.19576	1.19454	1.19549	772	0	8
2026.01.29	20:15:00	1.19549	1.19606	1.19545	1.19594	503	0	8
2026.01.29	20:30:00	1.19594	1.19665	1.19586	1.19635	584	0	8
2026.01.29	20:45:00	1.19634	1.19683	1.19631	1.19644	542	0	8
2026.01.29	21:00:00	1.19645	1.19676	1.19615	1.19672	406	0	8
2026.01.29	21:15:00	1.19673	1.19680	1.19655	1.19667	336	0	8
2026.01.29	21:30:00	1.19668	1.19710	1.19664	1.19694	324	0	8
2026.01.29	21:45:00	1.19694	1.19710	1.19679	1.19700	339	0	8
2026.01.29	22:00:00	1.19701	1.19701	1.19631	1.19636	116	0	20
2026.01.29	22:15:00	1.19634	1.19650	1.19629	1.19637	67	0	85
2026.01.29	22:30:00	1.19639	1.19669	1.19639	1.19668	122	0	61
2026.01.29	22:45:00	1.19667	1.19683	1.19660	1.19683	135	0	20
2026.01.29	23:00:00	1.19684	1.19713	1.19676	1.19700	304	0	8
2026.01.29	23:15:00	1.19700	1.19740	1.19698	1.19737	244	0	8
2026.01.29	23:30:00	1.19738	1.19743	1.19709	1.19720	284	0	8
2026.01.29	23:45:00	1.19720	1.19722	1.19646	1.19671	283	0	8
2026.01.30	00:00:00	1.19671	1.19729	1.19660	1.19694	421	0	8
2026.01.30	00:15:00	1.19695	1.19700	1.19375	1.19466	1895	0	8
2026.01.30	00:30:00	1.19467	1.19482	1.19341	1.19346	1476	0	8
2026.01.30	00:45:00	1.19345	1.19359	1.19298	1.19316	1351	0	8
2026.01.30	01:00:00	1.19316	1.19340	1.19209	1.19277	1564	0	8
2026.01.30	01:15:00	1.19280	1.19395	1.19138	1.19280	1907	0	8
2026.01.30	01:30:00	1.19279	1.19383	1.19235	1.19355	1231	0	8
2026.01.30	01:45:00	1.19355	1.19362	1.19150	1.19168	1630	0	8
2026.01.30	02:00:00	1.19169	1.19182	1.19076	1.19122	2230	0	8
2026.01.30	02:15:00	1.19122	1.19259	1.18942	1.19080	3090	0	8
2026.01.30	02:30:00	1.19081	1.19133	1.19007	1.19124	1845	0	8
2026.01.30	02:45:00	1.19126	1.19193	1.19124	1.19182	1166	0	8
2026.01.30	03:00:00	1.19185	1.19197	1.19135	1.19181	970	0	8
2026.01.30	03:15:00	1.19181	1.19204	1.19138	1.19165	780	0	8
2026.01.30	03:30:00	1.19165	1.19214	1.19126	1.19142	867	0	8
2026.01.30	03:45:00	1.19142	1.19227	1.19141	1.19196	759	0	8
2026.01.30	04:00:00	1.19197	1.19340	1.19187	1.19312	798	0	8
2026.01.30	04:15:00	1.19310	1.19321	1.19216	1.19238	600	0	8
2026.01.30	04:30:00	1.19238	1.19274	1.19228	1.19240	459	0	8
2026.01.30	04:45:00	1.19241	1.19249	1.19196	1.19240	376	0	8
2026.01.30	05:00:00	1.19243	1.19343	1.19236	1.19341	630	0	8
2026.01.30	05:15:00	1.19341	1.19349	1.19238	1.19242	602	0	8
2026.01.30	05:30:00	1.19241	1.19256	1.19141	1.19155	828	0	8
2026.01.30	05:45:00	1.19157	1.19252	1.19154	1.19243	666	0	8
2026.01.30	06:00:00	1.19241	1.19327	1.19230	1.19305	842	0	8
2026.01.30	06:15:00	1.19306	1.19317	1.19170	1.19180	880	0	8
2026.01.30	06:30:00	1.19178	1.19278	1.19172	1.19219	1057	0	8
2026.01.30	06:45:00	1.19219	1.19230	1.19136	1.19189	1283	0	8
2026.01.30	07:00:00	1.19189	1.19257	1.19144	1.19180	1479	0	8
2026.01.30	07:15:00	1.19179	1.19280	1.19165	1.19275	1112	0	8
2026.01.30	07:30:00	1.19275	1.19301	1.19222	1.19301	1061	0	8
2026.01.30	07:45:00	1.19299	1.19423	1.19288	1.19373	1349	0	8
2026.01.30	08:00:00	1.19374	1.19428	1.19345	1.19396	1293	0	8
2026.01.30	08:15:00	1.19396	1.19415	1.19322	1.19329	949	0	8
2026.01.30	08:30:00	1.19328	1.19352	1.19229	1.19313	1192	0	8
2026.01.30	08:45:00	1.19313	1.19354	1.19294	1.19326	914	0	8
2026.01.30	09:00:00	1.19323	1.19376	1.19251	1.19255	1348	0	8
2026.01.30	09:15:00	1.19256	1.19291	1.19174	1.19186	1207	0	8
2026.01.30	09:30:00	1.19186	1.19257	1.19134	1.19137	1170	0	8
2026.01.30	09:45:00	1.19138	1.19141	1.18980	1.19079	1782	0	8
2026.01.30	10:00:00	1.19079	1.19157	1.19045	1.19153	1172	0	8
2026.01.30	10:15:00	1.19154	1.19195	1.19147	1.19177	870	0	8
2026.01.30	10:30:00	1.19177	1.19199	1.19139	1.19164	878	0	8
2026.01.30	10:45:00	1.19162	1.19247	1.19162	1.19209	894	0	8
2026.01.30	11:00:00	1.19211	1.19341	1.19202	1.19332	804	0	8
2026.01.30	11:15:00	1.19331	1.19352	1.19246	1.19339	1203	0	8
2026.01.30	11:30:00	1.19337	1.19391	1.19324	1.19353	674	0	8
2026.01.30	11:45:00	1.19352	1.19503	1.19307	1.19487	1459	0	8
2026.01.30	12:00:00	1.19485	1.19544	1.19449	1.19517	1075	0	8
2026.01.30	12:15:00	1.19517	1.19517	1.19410	1.19418	931	0	8
2026.01.30	12:30:00	1.19420	1.19438	1.19255	1.19267	995	0	8
2026.01.30	12:45:00	1.19266	1.19270	1.19148	1.19193	1217	0	8
2026.01.30	13:00:00	1.19190	1.19240	1.19132	1.19192	1471	0	8
2026.01.30	13:15:00	1.19189	1.19242	1.19125	1.19192	1185	0	8
2026.01.30	13:30:00	1.19190	1.19223	1.19080	1.19219	1908	0	8
2026.01.30	13:45:00	1.19217	1.19217	1.19016	1.19122	1774	0	8
2026.01.30	14:00:00	1.19123	1.19207	1.19100	1.19151	1724	0	8
2026.01.30	14:15:00	1.19152	1.19189	1.19051	1.19075	1408	0	8
2026.01.30	14:30:00	1.19078	1.19167	1.19056	1.19137	1617	0	8
2026.01.30	14:45:00	1.19137	1.19163	1.19007	1.19061	1514	0	8
2026.01.30	15:00:00	1.19059	1.19059	1.18870	1.18899	2599	0	8
2026.01.30	15:15:00	1.18900	1.19004	1.18899	1.18955	2076	0	8
2026.01.30	15:30:00	1.18953	1.19038	1.18826	1.19023	2214	0	8
2026.01.30	15:45:00	1.19024	1.19029	1.18877	1.18949	2688	0	8
2026.01.30	16:00:00	1.18951	1.18973	1.18847	1.18878	1863	0	8
2026.01.30	16:15:00	1.18880	1.18880	1.18776	1.18794	1560	0	8
2026.01.30	16:30:00	1.18791	1.18842	1.18711	1.18818	1609	0	8
2026.01.30	16:45:00	1.18818	1.18874	1.18750	1.18857	1463	0	8
2026.01.30	17:00:00	1.18854	1.18873	1.18704	1.18714	1779	0	8
2026.01.30	17:15:00	1.18712	1.18847	1.18664	1.18831	1695	0	8
2026.01.30	17:30:00	1.18828	1.18828	1.18700	1.18728	1363	0	8
2026.01.30	17:45:00	1.18728	1.18746	1.18661	1.18720	1448	0	8
2026.01.30	18:00:00	1.18718	1.18727	1.18649	1.18680	1257	0	8
2026.01.30	18:15:00	1.18679	1.18702	1.18543	1.18575	1794	0	8
2026.01.30	18:30:00	1.18573	1.18655	1.18545	1.18651	1790	0	8
2026.01.30	18:45:00	1.18650	1.18840	1.18648	1.18780	1769	0	8
2026.01.30	19:00:00	1.18778	1.18847	1.18768	1.18768	1430	0	8
2026.01.30	19:15:00	1.18771	1.18774	1.18698	1.18717	995	0	8
2026.01.30	19:30:00	1.18715	1.18777	1.18679	1.18767	999	0	8
2026.01.30	19:45:00	1.18767	1.18782	1.18640	1.18689	1275	0	8
2026.01.30	20:00:00	1.18691	1.18691	1.18612	1.18623	1065	0	8
2026.01.30	20:15:00	1.18623	1.18624	1.18551	1.18568	770	0	8
2026.01.30	20:30:00	1.18568	1.18602	1.18546	1.18589	845	0	8
2026.01.30	20:45:00	1.18588	1.18598	1.18526	1.18526	890	0	8
2026.01.30	21:00:00	1.18524	1.18561	1.18499	1.18550	559	0	8
2026.01.30	21:15:00	1.18550	1.18555	1.18501	1.18507	388	0	8
2026.01.30	21:30:00	1.18509	1.18555	1.18496	1.18546	271	0	8
2026.01.30	21:45:00	1.18545	1.18563	1.18495	1.18495	480	0	8
2026.02.01	22:00:00	1.18448	1.18479	1.18448	1.18463	43	0	48
2026.02.01	22:15:00	1.18469	1.18494	1.18444	1.18487	144	0	48
2026.02.01	22:30:00	1.18487	1.18502	1.18485	1.18491	109	0	48
2026.02.01	22:45:00	1.18491	1.18491	1.18453	1.18478	158	0	48
2026.02.01	23:00:00	1.18499	1.18502	1.18396	1.18406	864	0	8
2026.02.01	23:15:00	1.18407	1.18466	1.18392	1.18447	1036	0	8
2026.02.01	23:30:00	1.18446	1.18565	1.18437	1.18550	979	0	8
2026.02.01	23:45:00	1.18551	1.18560	1.18453	1.18455	1108	0	8
2026.02.02	00:00:00	1.18458	1.18734	1.18458	1.18716	1714	0	8
2026.02.02	00:15:00	1.18716	1.18744	1.18682	1.18713	1307	0	8
2026.02.02	00:30:00	1.18713	1.18731	1.18657	1.18664	1013	0	8
2026.02.02	00:45:00	1.18663	1.18675	1.18610	1.18665	927	0	8
2026.02.02	01:00:00	1.18665	1.18689	1.18523	1.18543	1597	0	8
2026.02.02	01:15:00	1.18544	1.18638	1.18525	1.18617	1431	0	8
2026.02.02	01:30:00	1.18618	1.18688	1.18593	1.18666	1244	0	8
2026.02.02	01:45:00	1.18667	1.18722	1.18659	1.18701	1153	0	8
2026.02.02	02:00:00	1.18704	1.18744	1.18663	1.18673	1204	0	8
2026.02.02	02:15:00	1.18672	1.18725	1.18666	1.18666	921	0	8
2026.02.02	02:30:00	1.18665	1.18740	1.18665	1.18731	789	0	8
2026.02.02	02:45:00	1.18731	1.18742	1.18627	1.18628	834	0	8
2026.02.02	03:00:00	1.18627	1.18698	1.18627	1.18652	775	0	8
2026.02.02	03:15:00	1.18651	1.18717	1.18630	1.18678	620	0	8
2026.02.02	03:30:00	1.18677	1.18701	1.18629	1.18684	761	0	8
2026.02.02	03:45:00	1.18684	1.18710	1.18633	1.18639	623	0	8
2026.02.02	04:00:00	1.18640	1.18721	1.18626	1.18679	1059	0	8
2026.02.02	04:15:00	1.18679	1.18690	1.18626	1.18631	577	0	8
2026.02.02	04:30:00	1.18630	1.18660	1.18576	1.18600	592	0	8
2026.02.02	04:45:00	1.18600	1.18633	1.18594	1.18627	477	0	8
2026.02.02	05:00:00	1.18625	1.18634	1.18581	1.18612	540	0	8
2026.02.02	05:15:00	1.18611	1.18629	1.18516	1.18543	525	0	8
2026.02.02	05:30:00	1.18544	1.18563	1.18508	1.18522	714	0	8
2026.02.02	05:45:00	1.18522	1.18528	1.18407	1.18504	1003	0	8
2026.02.02	06:00:00	1.18503	1.18541	1.18445	1.18472	980	0	8
2026.02.02	06:15:00	1.18472	1.18508	1.18428	1.18459	1269	0	8
2026.02.02	06:30:00	1.18459	1.18528	1.18454	1.18521	1127	0	8
2026.02.02	06:45:00	1.18521	1.18536	1.18492	1.18536	1013	0	8
2026.02.02	07:00:00	1.18538	1.18628	1.18516	1.18571	1400	0	8
2026.02.02	07:15:00	1.18569	1.18630	1.18538	1.18623	1033	0	8
2026.02.02	07:30:00	1.18626	1.18628	1.18514	1.18563	1089	0	8
2026.02.02	07:45:00	1.18563	1.18602	1.18517	1.18533	1099	0	8
2026.02.02	08:00:00	1.18534	1.18614	1.18476	1.18614	1717	0	8
2026.02.02	08:15:00	1.18611	1.18662	1.18568	1.18623	1075	0	8
2026.02.02	08:30:00	1.18621	1.18656	1.18547	1.18561	1184	0	8
2026.02.02	08:45:00	1.18563	1.18599	1.18432	1.18504	1090	0	8
2026.02.02	09:00:00	1.18502	1.18538	1.18443	1.18517	1269	0	8
2026.02.02	09:15:00	1.18516	1.18596	1.18474	1.18566	1089	0	8
2026.02.02	09:30:00	1.18567	1.18584	1.18516	1.18553	1005	0	8
2026.02.02	09:45:00	1.18551	1.18647	1.18534	1.18620	1067	0	8
2026.02.02	10:00:00	1.18618	1.18687	1.18583	1.18684	1105	0	8
2026.02.02	10:15:00	1.18684	1.18702	1.18640	1.18662	906	0	8
2026.02.02	10:30:00	1.18662	1.18666	1.18589	1.18598	964	0	8
2026.02.02	10:45:00	1.18598	1.18677	1.18586	1.18644	798	0	8
2026.02.02	11:00:00	1.18644	1.18688	1.18622	1.18647	816	0	8
2026.02.02	11:15:00	1.18647	1.18677	1.18613	1.18669	755	0	8
2026.02.02	11:30:00	1.18668	1.18711	1.18601	1.18619	759	0	8
2026.02.02	11:45:00	1.18619	1.18654	1.18605	1.18643	767	0	8
2026.02.02	12:00:00	1.18641	1.18697	1.18541	1.18567	978	0	8
2026.02.02	12:15:00	1.18565	1.18566	1.18506	1.18546	845	0	8
2026.02.02	12:30:00	1.18546	1.18551	1.18445	1.18478	787	0	8
2026.02.02	12:45:00	1.18478	1.18511	1.18425	1.18496	1059	0	8
2026.02.02	13:00:00	1.18498	1.18500	1.18335	1.18373	1801	0	8
2026.02.02	13:15:00	1.18374	1.18379	1.18298	1.18304	1189	0	8
2026.02.02	13:30:00	1.18303	1.18310	1.18192	1.18233	1224	0	8
2026.02.02	13:45:00	1.18232	1.18265	1.18176	1.18205	975	0	8
2026.02.02	14:00:00	1.18205	1.18212	1.18076	1.18082	1185	0	8
2026.02.02	14:15:00	1.18080	1.18138	1.18048	1.18125	1092	0	8
2026.02.02	14:30:00	1.18127	1.18253	1.18100	1.18234	1690	0	8
2026.02.02	14:45:00	1.18234	1.18298	1.18211	1.18212	1523	0	8
2026.02.02	15:00:00	1.18209	1.18209	1.18026	1.18064	2482	0	8
2026.02.02	15:15:00	1.18067	1.18138	1.17998	1.18039	1831	0	8
2026.02.02	15:30:00	1.18039	1.18078	1.17914	1.17924	1937	0	8
2026.02.02	15:45:00	1.17927	1.17962	1.17898	1.17919	1619	0	8
2026.02.02	16:00:00	1.17920	1.18051	1.17900	1.18035	1414	0	8
2026.02.02	16:15:00	1.18037	1.18063	1.17985	1.18021	1311	0	8
2026.02.02	16:30:00	1.18019	1.18067	1.17993	1.18059	1196	0	8
2026.02.02	16:45:00	1.18061	1.18075	1.17981	1.18060	1099	0	8
2026.02.02	17:00:00	1.18062	1.18122	1.18055	1.18117	940	0	8
2026.02.02	17:15:00	1.18120	1.18120	1.18016	1.18040	947	0	8
2026.02.02	17:30:00	1.18038	1.18048	1.17945	1.18031	1080	0	8
2026.02.02	17:45:00	1.18032	1.18059	1.17963	1.17998	1092	0	8
2026.02.02	18:00:00	1.18000	1.18008	1.17819	1.17826	1059	0	8
2026.02.02	18:15:00	1.17826	1.17882	1.17792	1.17869	949	0	8
2026.02.02	18:30:00	1.17868	1.17907	1.17836	1.17866	667	0	8
2026.02.02	18:45:00	1.17867	1.17882	1.17772	1.17793	711	0	8
2026.02.02	19:00:00	1.17796	1.17805	1.17757	1.17772	691	0	8
2026.02.02	19:15:00	1.17771	1.17788	1.17754	1.17778	473	0	8
2026.02.02	19:30:00	1.17776	1.17880	1.17759	1.17876	530	0	8
2026.02.02	19:45:00	1.17879	1.17910	1.17844	1.17883	681	0	8
2026.02.02	20:00:00	1.17883	1.17900	1.17841	1.17856	589	0	8
2026.02.02	20:15:00	1.17856	1.17856	1.17800	1.17832	484	0	8
2026.02.02	20:30:00	1.17832	1.17865	1.17808	1.17853	456	0	8
2026.02.02	20:45:00	1.17853	1.17919	1.17846	1.17908	538	0	8
2026.02.02	21:00:00	1.17910	1.17938	1.17898	1.17937	370	0	8
2026.02.02	21:15:00	1.17937	1.17942	1.17917	1.17924	172	0	8
2026.02.02	21:30:00	1.17925	1.17936	1.17914	1.17924	131	0	8
2026.02.02	21:45:00	1.17924	1.17936	1.17879	1.17899	319	0	8
2026.02.02	22:00:00	1.17898	1.17898	1.17872	1.17882	80	0	20
2026.02.02	22:15:00	1.17881	1.17898	1.17874	1.17886	115	0	20
2026.02.02	22:30:00	1.17885	1.17906	1.17882	1.17888	185	0	20
2026.02.02	22:45:00	1.17888	1.17909	1.17883	1.17898	156	0	20
2026.02.02	23:00:00	1.17895	1.17942	1.17869	1.17930	441	0	8
2026.02.02	23:15:00	1.17930	1.17977	1.17930	1.17956	234	0	8
2026.02.02	23:30:00	1.17956	1.17980	1.17945	1.17956	251	0	8
2026.02.02	23:45:00	1.17956	1.17985	1.17936	1.17983	238	0	8
2026.02.03	00:00:00	1.17984	1.18040	1.17977	1.18030	502	0	8
2026.02.03	00:15:00	1.18029	1.18054	1.18015	1.18044	473	0	8
2026.02.03	00:30:00	1.18045	1.18066	1.18028	1.18029	276	0	8
2026.02.03	00:45:00	1.18028	1.18063	1.18013	1.18059	402	0	8
2026.02.03	01:00:00	1.18060	1.18076	1.18012	1.18073	581	0	8
2026.02.03	01:15:00	1.18072	1.18104	1.18071	1.18080	510	0	8
2026.02.03	01:30:00	1.18079	1.18127	1.18070	1.18121	464	0	8
2026.02.03	01:45:00	1.18120	1.18145	1.18093	1.18137	401	0	8
2026.02.03	02:00:00	1.18137	1.18140	1.18085	1.18099	409	0	8
2026.02.03	02:15:00	1.18099	1.18100	1.18061	1.18062	363	0	8
2026.02.03	02:30:00	1.18060	1.18071	1.18025	1.18028	353	0	8
2026.02.03	02:45:00	1.18025	1.18032	1.18004	1.18013	292	0	8
2026.02.03	03:00:00	1.18012	1.18031	1.18005	1.18015	244	0	8
2026.02.03	03:15:00	1.18016	1.18046	1.18015	1.18040	300	0	8
2026.02.03	03:30:00	1.18038	1.18114	1.18030	1.18104	779	0	8
2026.02.03	03:45:00	1.18107	1.18122	1.18090	1.18091	498	0	8
2026.02.03	04:00:00	1.18091	1.18148	1.18091	1.18128	394	0	8
2026.02.03	04:15:00	1.18128	1.18161	1.18126	1.18135	320	0	8
2026.02.03	04:30:00	1.18136	1.18151	1.18102	1.18111	355	0	8
2026.02.03	04:45:00	1.18111	1.18133	1.18084	1.18090	230	0	8
2026.02.03	05:00:00	1.18090	1.18126	1.18059	1.18060	350	0	8
2026.02.03	05:15:00	1.18060	1.18101	1.18048	1.18099	295	0	8
2026.02.03	05:30:00	1.18099	1.18128	1.18096	1.18111	278	0	8
2026.02.03	05:45:00	1.18111	1.18122	1.18076	1.18083	356	0	8
2026.02.03	06:00:00	1.18085	1.18141	1.18073	1.18135	323	0	8
2026.02.03	06:15:00	1.18135	1.18160	1.18123	1.18151	342	0	8
2026.02.03	06:30:00	1.18151	1.18156	1.18103	1.18152	523	0	8
2026.02.03	06:45:00	1.18150	1.18155	1.18118	1.18134	470	0	8
2026.02.03	07:00:00	1.18132	1.18194	1.18095	1.18189	732	0	8
2026.02.03	07:15:00	1.18187	1.18199	1.18130	1.18160	842	0	8
2026.02.03	07:30:00	1.18160	1.18235	1.18159	1.18215	835	0	8
2026.02.03	07:45:00	1.18217	1.18240	1.18150	1.18150	687	0	8
2026.02.03	08:00:00	1.18149	1.18177	1.18103	1.18114	866	0	8
2026.02.03	08:15:00	1.18114	1.18131	1.18034	1.18083	869	0	8
2026.02.03	08:30:00	1.18083	1.18167	1.18051	1.18134	804	0	8
2026.02.03	08:45:00	1.18134	1.18191	1.18123	1.18127	676	0	8
2026.02.03	09:00:00	1.18127	1.18157	1.18055	1.18062	960	0	8
2026.02.03	09:15:00	1.18062	1.18124	1.18050	1.18068	931	0	8
2026.02.03	09:30:00	1.18066	1.18076	1.17988	1.18005	850	0	8
2026.02.03	09:45:00	1.18003	1.18005	1.17919	1.17919	614	0	8
2026.02.03	10:00:00	1.17922	1.17996	1.17920	1.17973	634	0	8
2026.02.03	10:15:00	1.17973	1.17974	1.17881	1.17941	551	0	8
2026.02.03	10:30:00	1.17940	1.17950	1.17879	1.17902	558	0	8
2026.02.03	10:45:00	1.17902	1.17902	1.17863	1.17869	568	0	8
2026.02.03	11:00:00	1.17869	1.17922	1.17823	1.17900	656	0	8
2026.02.03	11:15:00	1.17899	1.17919	1.17823	1.17911	769	0	8
2026.02.03	11:30:00	1.17911	1.17945	1.17893	1.17899	497	0	8
2026.02.03	11:45:00	1.17900	1.17906	1.17865	1.17867	433	0	8
2026.02.03	12:00:00	1.17870	1.17921	1.17862	1.17900	527	0	8
2026.02.03	12:15:00	1.17901	1.17951	1.17895	1.17914	581	0	8
2026.02.03	12:30:00	1.17914	1.17971	1.17906	1.17968	623	0	8
2026.02.03	12:45:00	1.17969	1.17997	1.17942	1.17964	638	0	8
2026.02.03	13:00:00	1.17963	1.18047	1.17946	1.18045	780	0	8
2026.02.03	13:15:00	1.18047	1.18063	1.17953	1.17958	772	0	8
2026.02.03	13:30:00	1.17960	1.17992	1.17923	1.17970	749	0	8
2026.02.03	13:45:00	1.17969	1.18013	1.17953	1.17955	743	0	8
2026.02.03	14:00:00	1.17956	1.17961	1.17796	1.17837	1040	0	8
2026.02.03	14:15:00	1.17835	1.17904	1.17816	1.17898	768	0	8
2026.02.03	14:30:00	1.17896	1.17987	1.17893	1.17963	1179	0	8
2026.02.03	14:45:00	1.17962	1.18009	1.17905	1.17906	1004	0	8
2026.02.03	15:00:00	1.17905	1.17979	1.17859	1.17955	1195	0	8
2026.02.03	15:15:00	1.17955	1.18095	1.17950	1.18076	1201	0	8
2026.02.03	15:30:00	1.18079	1.18089	1.18023	1.18064	1115	0	8
2026.02.03	15:45:00	1.18064	1.18133	1.18032	1.18126	1037	0	8
2026.02.03	16:00:00	1.18126	1.18162	1.18099	1.18134	968	0	8
2026.02.03	16:15:00	1.18134	1.18174	1.18098	1.18100	881	0	8
2026.02.03	16:30:00	1.18098	1.18176	1.18098	1.18170	870	0	8
2026.02.03	16:45:00	1.18171	1.18211	1.18145	1.18173	879	0	8
2026.02.03	17:00:00	1.18172	1.18225	1.18159	1.18188	908	0	8
2026.02.03	17:15:00	1.18188	1.18287	1.18167	1.18185	1174	0	8
2026.02.03	17:30:00	1.18184	1.18207	1.18133	1.18141	717	0	8
2026.02.03	17:45:00	1.18140	1.18184	1.18134	1.18160	713	0	8
2026.02.03	18:00:00	1.18158	1.18221	1.18143	1.18148	733	0	8
2026.02.03	18:15:00	1.18148	1.18195	1.18134	1.18137	679	0	8
2026.02.03	18:30:00	1.18137	1.18162	1.18099	1.18127	622	0	8
2026.02.03	18:45:00	1.18125	1.18155	1.18088	1.18088	728	0	8
2026.02.03	19:00:00	1.18086	1.18122	1.18055	1.18103	705	0	8
2026.02.03	19:15:00	1.18106	1.18113	1.18063	1.18109	579	0	8
2026.02.03	19:30:00	1.18109	1.18158	1.18097	1.18133	534	0	8
2026.02.03	19:45:00	1.18133	1.18168	1.18117	1.18130	559	0	8
2026.02.03	20:00:00	1.18132	1.18146	1.18092	1.18143	481	0	8
2026.02.03	20:15:00	1.18143	1.18155	1.18108	1.18120	346	0	8
2026.02.03	20:30:00	1.18117	1.18192	1.18117	1.18160	452	0	8
2026.02.03	20:45:00	1.18159	1.18214	1.18153	1.18207	404	0	8
2026.02.03	21:00:00	1.18206	1.18249	1.18196	1.18247	343	0	8
2026.02.03	21:15:00	1.18246	1.18249	1.18213	1.18225	211	0	8
2026.02.03	21:30:00	1.18224	1.18244	1.18222	1.18236	155	0	8
2026.02.03	21:45:00	1.18236	1.18244	1.18165	1.18183	289	0	8
2026.02.03	22:00:00	1.18181	1.18184	1.18151	1.18166	111	0	20
2026.02.03	22:15:00	1.18166	1.18166	1.18149	1.18162	63	0	48
2026.02.03	22:30:00	1.18159	1.18178	1.18154	1.18178	156	0	20
2026.02.03	22:45:00	1.18178	1.18192	1.18158	1.18179	223	0	8
2026.02.03	23:00:00	1.18177	1.18205	1.18166	1.18184	238	0	8
2026.02.03	23:15:00	1.18184	1.18184	1.18125	1.18125	194	0	8
2026.02.03	23:30:00	1.18125	1.18160	1.18120	1.18143	175	0	8
2026.02.03	23:45:00	1.18143	1.18166	1.18143	1.18154	167	0	8
2026.02.04	00:00:00	1.18152	1.18160	1.18084	1.18115	498	0	8
2026.02.04	00:15:00	1.18115	1.18151	1.18109	1.18144	284	0	8
2026.02.04	00:30:00	1.18144	1.18156	1.18123	1.18145	323	0	8
2026.02.04	00:45:00	1.18145	1.18173	1.18122	1.18140	520	0	8
2026.02.04	01:00:00	1.18140	1.18216	1.18120	1.18202	618	0	8
2026.02.04	01:15:00	1.18201	1.18261	1.18198	1.18243	614	0	8
2026.02.04	01:30:00	1.18244	1.18278	1.18201	1.18277	471	0	8
2026.02.04	01:45:00	1.18275	1.18315	1.18245	1.18258	543	0	8
2026.02.04	02:00:00	1.18258	1.18313	1.18243	1.18262	501	0	8
2026.02.04	02:15:00	1.18262	1.18267	1.18227	1.18245	347	0	8
2026.02.04	02:30:00	1.18243	1.18260	1.18230	1.18254	309	0	8
2026.02.04	02:45:00	1.18253	1.18256	1.18186	1.18219	385	0	8
2026.02.04	03:00:00	1.18219	1.18245	1.18218	1.18236	347	0	8
2026.02.04	03:15:00	1.18237	1.18244	1.18207	1.18231	323	0	8
2026.02.04	03:30:00	1.18229	1.18232	1.18203	1.18215	244	0	8
2026.02.04	03:45:00	1.18215	1.18278	1.18213	1.18266	340	0	8
2026.02.04	04:00:00	1.18266	1.18301	1.18249	1.18300	308	0	8
2026.02.04	04:15:00	1.18300	1.18303	1.18276	1.18292	211	0	8
2026.02.04	04:30:00	1.18293	1.18321	1.18280	1.18287	269	0	8
2026.02.04	04:45:00	1.18289	1.18353	1.18285	1.18350	300	0	8
2026.02.04	05:00:00	1.18350	1.18355	1.18325	1.18330	247	0	8
2026.02.04	05:15:00	1.18330	1.18341	1.18313	1.18336	259	0	8
2026.02.04	05:30:00	1.18336	1.18356	1.18326	1.18351	258	0	8
2026.02.04	05:45:00	1.18351	1.18360	1.18302	1.18325	291	0	8
2026.02.04	06:00:00	1.18324	1.18356	1.18318	1.18351	333	0	8
2026.02.04	06:15:00	1.18352	1.18358	1.18311	1.18325	381	0	8
2026.02.04	06:30:00	1.18325	1.18348	1.18306	1.18310	336	0	8
2026.02.04	06:45:00	1.18312	1.18326	1.18286	1.18292	339	0	8
2026.02.04	07:00:00	1.18291	1.18336	1.18245	1.18250	708	0	8
2026.02.04	07:15:00	1.18251	1.18333	1.18238	1.18280	606	0	8
2026.02.04	07:30:00	1.18278	1.18299	1.18242	1.18291	542	0	8
2026.02.04	07:45:00	1.18292	1.18330	1.18274	1.18317	666	0	8
2026.02.04	08:00:00	1.18315	1.18378	1.18267	1.18347	953	0	8
2026.02.04	08:15:00	1.18349	1.18354	1.18277	1.18298	689	0	8
2026.02.04	08:30:00	1.18297	1.18301	1.18240	1.18279	730	0	8
2026.02.04	08:45:00	1.18280	1.18307	1.18234	1.18285	641	0	8
2026.02.04	09:00:00	1.18285	1.18325	1.18251	1.18291	698	0	8
2026.02.04	09:15:00	1.18291	1.18293	1.18238	1.18260	641	0	8
2026.02.04	09:30:00	1.18261	1.18262	1.18159	1.18177	681	0	8
2026.02.04	09:45:00	1.18179	1.18184	1.18108	1.18136	669	0	8
2026.02.04	10:00:00	1.18134	1.18174	1.18115	1.18116	575	0	8
2026.02.04	10:15:00	1.18118	1.18156	1.18094	1.18094	584	0	8
2026.02.04	10:30:00	1.18098	1.18130	1.18044	1.18096	711	0	8
2026.02.04	10:45:00	1.18097	1.18142	1.18078	1.18132	506	0	8
2026.02.04	11:00:00	1.18133	1.18145	1.18078	1.18078	552	0	8
2026.02.04	11:15:00	1.18079	1.18105	1.18055	1.18082	533	0	8
2026.02.04	11:30:00	1.18082	1.18150	1.18082	1.18125	490	0	8
2026.02.04	11:45:00	1.18128	1.18134	1.18094	1.18101	513	0	8
2026.02.04	12:00:00	1.18099	1.18137	1.18092	1.18122	477	0	8
2026.02.04	12:15:00	1.18124	1.18171	1.18123	1.18155	505	0	8
2026.02.04	12:30:00	1.18155	1.18233	1.18155	1.18230	476	0	8
2026.02.04	12:45:00	1.18228	1.18246	1.18187	1.18212	546	0	8
2026.02.04	13:00:00	1.18216	1.18235	1.18182	1.18211	696	0	8
2026.02.04	13:15:00	1.18216	1.18267	1.18127	1.18133	1050	0	8
2026.02.04	13:30:00	1.18134	1.18205	1.18108	1.18176	1065	0	8
2026.02.04	13:45:00	1.18175	1.18244	1.18148	1.18219	824	0	8
2026.02.04	14:00:00	1.18217	1.18254	1.18048	1.18074	1287	0	8
2026.02.04	14:15:00	1.18073	1.18152	1.18064	1.18076	924	0	8
2026.02.04	14:30:00	1.18074	1.18147	1.18018	1.18139	1447	0	8
2026.02.04	14:45:00	1.18137	1.18196	1.18131	1.18143	1093	0	8
2026.02.04	15:00:00	1.18141	1.18217	1.18116	1.18202	1645	0	8
2026.02.04	15:15:00	1.18202	1.18217	1.18060	1.18094	1147	0	8
2026.02.04	15:30:00	1.18096	1.18098	1.17961	1.18031	1441	0	8
2026.02.04	15:45:00	1.18029	1.18056	1.17930	1.17960	1154	0	8
2026.02.04	16:00:00	1.17962	1.17990	1.17918	1.17934	1076	0	8
2026.02.04	16:15:00	1.17936	1.17987	1.17901	1.17976	880	0	8
2026.02.04	16:30:00	1.17976	1.17992	1.17908	1.17953	841	0	8
2026.02.04	16:45:00	1.17953	1.18052	1.17923	1.18021	1102	0	8
2026.02.04	17:00:00	1.18023	1.18110	1.18006	1.18103	955	0	8
2026.02.04	17:15:00	1.18104	1.18147	1.18030	1.18086	992	0	8
2026.02.04	17:30:00	1.18083	1.18093	1.17939	1.17953	1231	0	8
2026.02.04	17:45:00	1.17952	1.18010	1.17945	1.17974	894	0	8
2026.02.04	18:00:00	1.17973	1.18010	1.17943	1.17943	766	0	8
2026.02.04	18:15:00	1.17943	1.18004	1.17943	1.17961	654	0	8
2026.02.04	18:30:00	1.17961	1.18008	1.17953	1.18001	537	0	8
2026.02.04	18:45:00	1.18004	1.18015	1.17975	1.18005	548	0	8
2026.02.04	19:00:00	1.18006	1.18013	1.17940	1.17989	780	0	8
2026.02.04	19:15:00	1.17990	1.18014	1.17955	1.17989	551	0	8
2026.02.04	19:30:00	1.17991	1.18043	1.17991	1.18028	477	0	8
2026.02.04	19:45:00	1.18028	1.18092	1.18023	1.18087	638	0	8
2026.02.04	20:00:00	1.18084	1.18093	1.18041	1.18058	351	0	8
2026.02.04	20:15:00	1.18059	1.18063	1.18021	1.18021	284	0	8
2026.02.04	20:30:00	1.18021	1.18048	1.18014	1.18036	320	0	8
2026.02.04	20:45:00	1.18036	1.18062	1.18018	1.18034	307	0	8
2026.02.04	21:00:00	1.18035	1.18047	1.18019	1.18036	219	0	8
2026.02.04	21:15:00	1.18036	1.18052	1.18027	1.18051	155	0	8
2026.02.04	21:30:00	1.18051	1.18077	1.18029	1.18048	312	0	8
2026.02.04	21:45:00	1.18049	1.18053	1.18028	1.18037	264	0	8
2026.02.04	22:00:00	1.18034	1.18048	1.18025	1.18046	61	0	20
2026.02.04	22:15:00	1.18045	1.18052	1.18033	1.18046	101	0	20
2026.02.04	22:30:00	1.18048	1.18051	1.18028	1.18037	135	0	20
2026.02.04	22:45:00	1.18037	1.18064	1.18027	1.18064	103	0	8
2026.02.04	23:00:00	1.18062	1.18069	1.18042	1.18068	205	0	8
2026.02.04	23:15:00	1.18067	1.18074	1.18024	1.18032	135	0	8
2026.02.04	23:30:00	1.18033	1.18057	1.18026	1.18040	162	0	8
2026.02.04	23:45:00	1.18040	1.18044	1.18000	1.18010	225	0	8
2026.02.05	00:00:00	1.18012	1.18026	1.17998	1.18009	287	0	8
2026.02.05	00:15:00	1.18007	1.18022	1.18001	1.18018	242	0	8
2026.02.05	00:30:00	1.18019	1.18019	1.17992	1.18002	212	0	8
2026.02.05	00:45:00	1.18002	1.18045	1.18002	1.18040	379	0	8
2026.02.05	01:00:00	1.18039	1.18056	1.18034	1.18053	404	0	8
2026.02.05	01:15:00	1.18053	1.18063	1.18016	1.18032	520	0	8
2026.02.05	01:30:00	1.18032	1.18078	1.18017	1.18050	341	0	8
2026.02.05	01:45:00	1.18050	1.18052	1.18025	1.18036	310	0	8
2026.02.05	02:00:00	1.18036	1.18050	1.17943	1.17962	560	0	8
2026.02.05	02:15:00	1.17963	1.17970	1.17908	1.17945	789	0	8
2026.02.05	02:30:00	1.17945	1.17988	1.17938	1.17951	476	0	8
2026.02.05	02:45:00	1.17951	1.17951	1.17845	1.17853	695	0	8
2026.02.05	03:00:00	1.17854	1.17899	1.17825	1.17876	659	0	8
2026.02.05	03:15:00	1.17874	1.17905	1.17854	1.17878	419	0	8
2026.02.05	03:30:00	1.17877	1.17886	1.17837	1.17875	505	0	8
2026.02.05	03:45:00	1.17875	1.17891	1.17848	1.17890	370	0	8
2026.02.05	04:00:00	1.17891	1.17898	1.17863	1.17877	264	0	8
2026.02.05	04:15:00	1.17877	1.17901	1.17874	1.17897	202	0	8
2026.02.05	04:30:00	1.17896	1.17903	1.17887	1.17895	204	0	8
2026.02.05	04:45:00	1.17895	1.17907	1.17871	1.17873	269	0	8
2026.02.05	05:00:00	1.17872	1.17885	1.17855	1.17862	284	0	8
2026.02.05	05:15:00	1.17862	1.17871	1.17843	1.17858	266	0	8
2026.02.05	05:30:00	1.17858	1.17893	1.17840	1.17883	282	0	8
2026.02.05	05:45:00	1.17882	1.17900	1.17865	1.17897	286	0	8
2026.02.05	06:00:00	1.17896	1.17906	1.17845	1.17851	387	0	8
2026.02.05	06:15:00	1.17851	1.17882	1.17848	1.17869	432	0	8
2026.02.05	06:30:00	1.17871	1.17912	1.17849	1.17893	427	0	8
2026.02.05	06:45:00	1.17895	1.17903	1.17861	1.17900	411	0	8
2026.02.05	07:00:00	1.17903	1.18027	1.17900	1.17963	622	0	8
2026.02.05	07:15:00	1.17961	1.17999	1.17954	1.17994	580	0	8
2026.02.05	07:30:00	1.17995	1.18011	1.17955	1.17972	636	0	8
2026.02.05	07:45:00	1.17973	1.18032	1.17973	1.17983	648	0	8
2026.02.05	08:00:00	1.17985	1.18074	1.17968	1.18054	953	0	8
2026.02.05	08:15:00	1.18054	1.18086	1.18008	1.18019	731	0	8
2026.02.05	08:30:00	1.18015	1.18051	1.18002	1.18016	650	0	8
2026.02.05	08:45:00	1.18017	1.18025	1.17953	1.18025	695	0	8
2026.02.05	09:00:00	1.18023	1.18023	1.17925	1.17925	796	0	8
2026.02.05	09:15:00	1.17925	1.17956	1.17857	1.17876	792	0	8
2026.02.05	09:30:00	1.17875	1.17911	1.17832	1.17864	805	0	8
2026.02.05	09:45:00	1.17866	1.17891	1.17799	1.17804	598	0	8
2026.02.05	10:00:00	1.17804	1.17865	1.17800	1.17856	560	0	8
2026.02.05	10:15:00	1.17856	1.17903	1.17844	1.17902	483	0	8
2026.02.05	10:30:00	1.17905	1.17914	1.17872	1.17896	441	0	8
2026.02.05	10:45:00	1.17896	1.17915	1.17867	1.17873	381	0	8
2026.02.05	11:00:00	1.17873	1.17893	1.17858	1.17890	403	0	8
2026.02.05	11:15:00	1.17890	1.17921	1.17872	1.17903	364	0	8
2026.02.05	11:30:00	1.17901	1.17940	1.17898	1.17913	433	0	8
2026.02.05	11:45:00	1.17912	1.17950	1.17905	1.17933	444	0	8
2026.02.05	12:00:00	1.17933	1.17965	1.17870	1.17921	1322	0	8
2026.02.05	12:15:00	1.17919	1.17941	1.17850	1.17936	857	0	8
2026.02.05	12:30:00	1.17934	1.18007	1.17911	1.17946	1499	0	8
2026.02.05	12:45:00	1.17943	1.18034	1.17917	1.17994	1483	0	8
2026.02.05	13:00:00	1.17991	1.18028	1.17924	1.17937	1385	0	8
2026.02.05	13:15:00	1.17940	1.18023	1.17911	1.18020	1032	0	8
2026.02.05	13:30:00	1.18023	1.18126	1.18000	1.18051	1693	0	8
2026.02.05	13:45:00	1.18050	1.18153	1.18028	1.18113	1579	0	8
2026.02.05	14:00:00	1.18111	1.18206	1.18008	1.18199	3015	0	8
2026.02.05	14:15:00	1.18202	1.18215	1.18065	1.18072	1301	0	8
2026.02.05	14:30:00	1.18073	1.18162	1.18047	1.18071	1644	0	8
2026.02.05	14:45:00	1.18073	1.18084	1.17951	1.17979	1200	0	8
2026.02.05	15:00:00	1.17978	1.18112	1.17976	1.18073	2002	0	8
2026.02.05	15:15:00	1.18073	1.18081	1.17900	1.17919	1281	0	8
2026.02.05	15:30:00	1.17919	1.17940	1.17837	1.17865	1717	0	8
2026.02.05	15:45:00	1.17866	1.17941	1.17815	1.17910	1352	0	8
2026.02.05	16:00:00	1.17909	1.17917	1.17848	1.17862	1124	0	8
2026.02.05	16:15:00	1.17863	1.17927	1.17854	1.17873	1110	0	8
2026.02.05	16:30:00	1.17875	1.17958	1.17872	1.17956	950	0	8
2026.02.05	16:45:00	1.17955	1.18030	1.17947	1.18010	845	0	8
2026.02.05	17:00:00	1.18012	1.18023	1.17957	1.17981	744	0	8
2026.02.05	17:15:00	1.17980	1.18034	1.17971	1.18033	669	0	8
2026.02.05	17:30:00	1.18035	1.18039	1.17993	1.18033	539	0	8
2026.02.05	17:45:00	1.18034	1.18036	1.17970	1.18006	605	0	8
2026.02.05	18:00:00	1.18008	1.18025	1.17993	1.17996	345	0	8
2026.02.05	18:15:00	1.17996	1.18011	1.17966	1.17973	383	0	8
2026.02.05	18:30:00	1.17972	1.18022	1.17958	1.17997	387	0	8
2026.02.05	18:45:00	1.17998	1.17999	1.17918	1.17933	464	0	8
2026.02.05	19:00:00	1.17932	1.17969	1.17922	1.17949	505	0	8
2026.02.05	19:15:00	1.17951	1.17972	1.17934	1.17954	299	0	8
2026.02.05	19:30:00	1.17955	1.17969	1.17935	1.17939	430	0	8
2026.02.05	19:45:00	1.17940	1.17970	1.17929	1.17939	375	0	8
2026.02.05	20:00:00	1.17939	1.17944	1.17882	1.17882	482	0	8
2026.02.05	20:15:00	1.17882	1.17907	1.17865	1.17906	387	0	8
2026.02.05	20:30:00	1.17906	1.17906	1.17831	1.17838	389	0	8
2026.02.05	20:45:00	1.17839	1.17846	1.17794	1.17806	473	0	8
2026.02.05	21:00:00	1.17805	1.17813	1.17763	1.17782	427	0	8
2026.02.05	21:15:00	1.17782	1.17800	1.17763	1.17796	321	0	8
2026.02.05	21:30:00	1.17798	1.17841	1.17744	1.17753	390	0	8
2026.02.05	21:45:00	1.17755	1.17789	1.17746	1.17759	312	0	8
2026.02.05	22:00:00	1.17759	1.17785	1.17757	1.17771	58	0	20
2026.02.05	22:15:00	1.17771	1.17779	1.17758	1.17763	112	0	48
2026.02.05	22:30:00	1.17765	1.17797	1.17763	1.17794	116	0	20
2026.02.05	22:45:00	1.17793	1.17808	1.17776	1.17808	127	0	8
2026.02.05	23:00:00	1.17808	1.17809	1.17759	1.17764	247	0	8
2026.02.05	23:15:00	1.17765	1.17775	1.17747	1.17762	317	0	8
2026.02.05	23:30:00	1.17761	1.17792	1.17751	1.17781	328	0	8
2026.02.05	23:45:00	1.17781	1.17791	1.17760	1.17762	315	0	8
2026.02.06	00:00:00	1.17762	1.17787	1.17740	1.17740	492	0	8
2026.02.06	00:15:00	1.17738	1.17745	1.17655	1.17731	784	0	8
2026.02.06	00:30:00	1.17731	1.17773	1.17726	1.17769	430	0	8
2026.02.06	00:45:00	1.17769	1.17827	1.17761	1.17824	455	0	8
2026.02.06	01:00:00	1.17822	1.17844	1.17794	1.17833	599	0	8
2026.02.06	01:15:00	1.17834	1.17834	1.17783	1.17806	476	0	8
2026.02.06	01:30:00	1.17807	1.17850	1.17790	1.17830	473	0	8
2026.02.06	01:45:00	1.17830	1.17878	1.17819	1.17844	527	0	8
2026.02.06	02:00:00	1.17846	1.17888	1.17843	1.17875	482	0	8
2026.02.06	02:15:00	1.17874	1.17907	1.17846	1.17900	356	0	8
2026.02.06	02:30:00	1.17900	1.17912	1.17880	1.17886	343	0	8
2026.02.06	02:45:00	1.17886	1.17889	1.17861	1.17873	293	0	8
2026.02.06	03:00:00	1.17872	1.17899	1.17865	1.17891	273	0	8
2026.02.06	03:15:00	1.17891	1.17900	1.17855	1.17883	187	0	8
2026.02.06	03:30:00	1.17882	1.17886	1.17853	1.17879	229	0	8
2026.02.06	03:45:00	1.17879	1.17886	1.17864	1.17873	183	0	8
2026.02.06	04:00:00	1.17875	1.17894	1.17874	1.17893	208	0	8
2026.02.06	04:15:00	1.17893	1.17900	1.17868	1.17897	170	0	8
2026.02.06	04:30:00	1.17897	1.17958	1.17890	1.17948	320	0	8
2026.02.06	04:45:00	1.17948	1.17960	1.17931	1.17948	220	0	8
2026.02.06	05:00:00	1.17948	1.17980	1.17945	1.17976	238	0	8
2026.02.06	05:15:00	1.17976	1.18009	1.17968	1.17974	267	0	8
2026.02.06	05:30:00	1.17973	1.17977	1.17950	1.17953	273	0	8
2026.02.06	05:45:00	1.17954	1.17988	1.17949	1.17979	316	0	8
2026.02.06	06:00:00	1.17977	1.18008	1.17941	1.17975	457	0	8
2026.02.06	06:15:00	1.17975	1.18006	1.17968	1.17988	354	0	8
2026.02.06	06:30:00	1.17989	1.18014	1.17956	1.17992	458	0	8
2026.02.06	06:45:00	1.17992	1.18004	1.17951	1.17966	360	0	8
2026.02.06	07:00:00	1.17967	1.17972	1.17911	1.17916	443	0	8
2026.02.06	07:15:00	1.17913	1.17950	1.17911	1.17932	468	0	8
2026.02.06	07:30:00	1.17932	1.17964	1.17904	1.17908	498	0	8
2026.02.06	07:45:00	1.17908	1.17916	1.17884	1.17912	386	0	8
2026.02.06	08:00:00	1.17912	1.17916	1.17853	1.17898	767	0	8
2026.02.06	08:15:00	1.17898	1.17939	1.17866	1.17868	707	0	8
2026.02.06	08:30:00	1.17870	1.17931	1.17869	1.17893	706	0	8
2026.02.06	08:45:00	1.17894	1.17955	1.17878	1.17920	572	0	8
2026.02.06	09:00:00	1.17920	1.17948	1.17903	1.17920	635	0	8
2026.02.06	09:15:00	1.17918	1.17950	1.17896	1.17939	586	0	8
2026.02.06	09:30:00	1.17939	1.17975	1.17931	1.17961	504	0	8
2026.02.06	09:45:00	1.17960	1.17979	1.17914	1.17917	470	0	8
2026.02.06	10:00:00	1.17915	1.17994	1.17915	1.17986	434	0	8
2026.02.06	10:15:00	1.17985	1.17993	1.17912	1.17913	376	0	8
2026.02.06	10:30:00	1.17912	1.17954	1.17902	1.17941	461	0	8
2026.02.06	10:45:00	1.17941	1.17941	1.17893	1.17918	489	0	8
2026.02.06	11:00:00	1.17918	1.17923	1.17870	1.17898	572	0	8
2026.02.06	11:15:00	1.17898	1.17928	1.17853	1.17916	471	0	8
2026.02.06	11:30:00	1.17917	1.17927	1.17873	1.17891	364	0	8
2026.02.06	11:45:00	1.17890	1.17918	1.17882	1.17899	388	0	8
2026.02.06	12:00:00	1.17899	1.17928	1.17880	1.17901	440	0	8
2026.02.06	12:15:00	1.17900	1.17915	1.17888	1.17914	353	0	8
2026.02.06	12:30:00	1.17913	1.17921	1.17880	1.17897	353	0	8
2026.02.06	12:45:00	1.17897	1.17929	1.17890	1.17921	434	0	8
2026.02.06	13:00:00	1.17922	1.17974	1.17918	1.17936	558	0	8
2026.02.06	13:15:00	1.17934	1.18013	1.17932	1.18009	469	0	8
2026.02.06	13:30:00	1.18006	1.18052	1.18006	1.18028	607	0	8
2026.02.06	13:45:00	1.18028	1.18108	1.18023	1.18100	625	0	8
2026.02.06	14:00:00	1.18097	1.18149	1.18095	1.18118	663	0	8
2026.02.06	14:15:00	1.18117	1.18150	1.18094	1.18122	550	0	8
2026.02.06	14:30:00	1.18119	1.18249	1.18113	1.18229	986	0	8
2026.02.06	14:45:00	1.18230	1.18259	1.18176	1.18209	835	0	8
2026.02.06	15:00:00	1.18206	1.18236	1.18116	1.18136	1006	0	8
2026.02.06	15:15:00	1.18134	1.18155	1.18074	1.18075	790	0	8
2026.02.06	15:30:00	1.18075	1.18149	1.18049	1.18135	798	0	8
2026.02.06	15:45:00	1.18135	1.18192	1.18113	1.18190	910	0	8
2026.02.06	16:00:00	1.18190	1.18216	1.18115	1.18149	769	0	8
2026.02.06	16:15:00	1.18149	1.18160	1.18095	1.18136	598	0	8
2026.02.06	16:30:00	1.18134	1.18185	1.18115	1.18165	715	0	8
2026.02.06	16:45:00	1.18165	1.18187	1.18111	1.18120	574	0	8
2026.02.06	17:00:00	1.18117	1.18152	1.18099	1.18111	545	0	8
2026.02.06	17:15:00	1.18111	1.18152	1.18111	1.18119	509	0	8
2026.02.06	17:30:00	1.18121	1.18193	1.18117	1.18175	423	0	8
2026.02.06	17:45:00	1.18175	1.18202	1.18160	1.18175	373	0	8
2026.02.06	18:00:00	1.18175	1.18206	1.18173	1.18204	348	0	8
2026.02.06	18:15:00	1.18205	1.18221	1.18172	1.18194	356	0	8
2026.02.06	18:30:00	1.18193	1.18221	1.18176	1.18221	315	0	8
2026.02.06	18:45:00	1.18223	1.18225	1.18183	1.18187	278	0	8
2026.02.06	19:00:00	1.18187	1.18205	1.18167	1.18173	291	0	8
2026.02.06	19:15:00	1.18173	1.18182	1.18149	1.18151	255	0	8
2026.02.06	19:30:00	1.18150	1.18193	1.18142	1.18184	283	0	8
2026.02.06	19:45:00	1.18181	1.18208	1.18171	1.18188	279	0	8
2026.02.06	20:00:00	1.18188	1.18209	1.18178	1.18201	278	0	8
2026.02.06	20:15:00	1.18201	1.18212	1.18193	1.18209	216	0	8
2026.02.06	20:30:00	1.18210	1.18218	1.18201	1.18203	174	0	8
2026.02.06	20:45:00	1.18203	1.18224	1.18192	1.18215	304	0	8
2026.02.06	21:00:00	1.18217	1.18234	1.18211	1.18220	220	0	8
2026.02.06	21:15:00	1.18220	1.18235	1.18204	1.18209	208	0	8
2026.02.06	21:30:00	1.18209	1.18221	1.18160	1.18161	167	0	8
2026.02.06	21:45:00	1.18161	1.18161	1.18132	1.18150	330	0	8
2026.02.08	22:00:00	1.18116	1.18133	1.18109	1.18120	70	0	48
2026.02.08	22:15:00	1.18120	1.18123	1.18114	1.18120	100	0	48
2026.02.08	22:30:00	1.18121	1.18132	1.18120	1.18127	55	0	48
2026.02.08	22:45:00	1.18127	1.18138	1.18125	1.18138	74	0	20
2026.02.08	23:00:00	1.18141	1.18218	1.18093	1.18109	542	0	8
2026.02.08	23:15:00	1.18108	1.18143	1.18098	1.18142	385	0	8
2026.02.08	23:30:00	1.18143	1.18208	1.18129	1.18205	702	0	8
2026.02.08	23:45:00	1.18206	1.18275	1.18185	1.18264	594	0	8
2026.02.09	00:00:00	1.18264	1.18332	1.18243	1.18304	945	0	8
2026.02.09	00:15:00	1.18304	1.18305	1.18236	1.18301	557	0	8
2026.02.09	00:30:00	1.18302	1.18304	1.18252	1.18280	503	0	8
2026.02.09	00:45:00	1.18280	1.18308	1.18273	1.18303	525	0	8
2026.02.09	01:00:00	1.18304	1.18320	1.18267	1.18274	493	0	8
2026.02.09	01:15:00	1.18274	1.18304	1.18244	1.18265	452	0	8
2026.02.09	01:30:00	1.18265	1.18333	1.18255	1.18297	680	0	8
2026.02.09	01:45:00	1.18296	1.18300	1.18247	1.18255	472	0	8
2026.02.09	02:00:00	1.18253	1.18254	1.18158	1.18197	514	0	8
2026.02.09	02:15:00	1.18197	1.18221	1.18187	1.18213	304	0	8
2026.02.09	02:30:00	1.18214	1.18253	1.18189	1.18204	439	0	8
2026.02.09	02:45:00	1.18206	1.18215	1.18186	1.18194	294	0	8
2026.02.09	03:00:00	1.18194	1.18222	1.18193	1.18200	235	0	8
2026.02.09	03:15:00	1.18200	1.18234	1.18191	1.18227	282	0	8
2026.02.09	03:30:00	1.18227	1.18231	1.18200	1.18224	280	0	8
2026.02.09	03:45:00	1.18224	1.18246	1.18179	1.18185	330	0	8
2026.02.09	04:00:00	1.18187	1.18226	1.18185	1.18216	241	0	8
2026.02.09	04:15:00	1.18216	1.18252	1.18213	1.18233	223	0	8
2026.02.09	04:30:00	1.18233	1.18245	1.18219	1.18229	192	0	8
2026.02.09	04:45:00	1.18229	1.18264	1.18228	1.18261	177	0	8
2026.02.09	05:00:00	1.18263	1.18313	1.18254	1.18304	271	0	8
2026.02.09	05:15:00	1.18304	1.18327	1.18300	1.18327	210	0	8
2026.02.09	05:30:00	1.18327	1.18360	1.18327	1.18352	240	0	8
2026.02.09	05:45:00	1.18352	1.18353	1.18326	1.18330	227	0	8
2026.02.09	06:00:00	1.18328	1.18535	1.18327	1.18399	1759	0	8
2026.02.09	06:15:00	1.18399	1.18478	1.18371	1.18475	617	0	8
2026.02.09	06:30:00	1.18473	1.18547	1.18458	1.18538	682	0	8
2026.02.09	06:45:00	1.18538	1.18573	1.18511	1.18514	795	0	8
2026.02.09	07:00:00	1.18514	1.18553	1.18486	1.18530	812	0	8
2026.02.09	07:15:00	1.18530	1.18553	1.18484	1.18503	689	0	8
2026.02.09	07:30:00	1.18503	1.18595	1.18497	1.18593	803	0	8
2026.02.09	07:45:00	1.18592	1.18595	1.18466	1.18553	671	0	8
2026.02.09	08:00:00	1.18554	1.18618	1.18540	1.18575	892	0	8
2026.02.09	08:15:00	1.18574	1.18642	1.18518	1.18519	785	0	8
2026.02.09	08:30:00	1.18520	1.18602	1.18512	1.18583	718	0	8
2026.02.09	08:45:00	1.18583	1.18647	1.18581	1.18638	621	0	8
2026.02.09	09:00:00	1.18638	1.18694	1.18630	1.18640	693	0	8
2026.02.09	09:15:00	1.18641	1.18695	1.18624	1.18680	519	0	8
2026.02.09	09:30:00	1.18680	1.18691	1.18638	1.18669	477	0	8
2026.02.09	09:45:00	1.18669	1.18672	1.18597	1.18618	531	0	8
2026.02.09	10:00:00	1.18617	1.18692	1.18598	1.18657	629	0	8
2026.02.09	10:15:00	1.18657	1.18684	1.18614	1.18619	583	0	8
2026.02.09	10:30:00	1.18618	1.18623	1.18549	1.18571	678	0	8
2026.02.09	10:45:00	1.18571	1.18652	1.18565	1.18594	756	0	8
2026.02.09	11:00:00	1.18593	1.18639	1.18552	1.18619	893	0	8
2026.02.09	11:15:00	1.18620	1.18639	1.18597	1.18632	480	0	8
2026.02.09	11:30:00	1.18632	1.18693	1.18627	1.18685	614	0	8
2026.02.09	11:45:00	1.18688	1.18718	1.18651	1.18691	630	0	8
2026.02.09	12:00:00	1.18690	1.18746	1.18690	1.18740	575	0	8
2026.02.09	12:15:00	1.18740	1.18771	1.18733	1.18744	465	0	8
2026.02.09	12:30:00	1.18746	1.18771	1.18726	1.18767	416	0	8
2026.02.09	12:45:00	1.18767	1.18826	1.18764	1.18811	642	0	8
2026.02.09	13:00:00	1.18811	1.18911	1.18811	1.18910	919	0	8
2026.02.09	13:15:00	1.18911	1.19024	1.18891	1.18959	1248	0	8
2026.02.09	13:30:00	1.18957	1.19020	1.18924	1.18929	1131	0	8
2026.02.09	13:45:00	1.18927	1.19053	1.18916	1.19032	948	0	8
2026.02.09	14:00:00	1.19032	1.19126	1.19023	1.19108	1325	0	8
2026.02.09	14:15:00	1.19110	1.19176	1.19076	1.19157	1247	0	8
2026.02.09	14:30:00	1.19160	1.19164	1.19068	1.19133	1070	0	8
2026.02.09	14:45:00	1.19133	1.19182	1.19062	1.19182	819	0	8
2026.02.09	15:00:00	1.19182	1.19263	1.19106	1.19111	1289	0	8
2026.02.09	15:15:00	1.19110	1.19122	1.19030	1.19096	944	0	8
2026.02.09	15:30:00	1.19096	1.19151	1.19061	1.19079	991	0	8
2026.02.09	15:45:00	1.19078	1.19150	1.19068	1.19117	921	0	8
2026.02.09	16:00:00	1.19117	1.19174	1.19053	1.19085	851	0	8
2026.02.09	16:15:00	1.19085	1.19093	1.18963	1.18972	711	0	8
2026.02.09	16:30:00	1.18971	1.19028	1.18927	1.18987	707	0	8
2026.02.09	16:45:00	1.18988	1.19000	1.18939	1.18970	501	0	8
2026.02.09	17:00:00	1.18970	1.19036	1.18970	1.19027	594	0	8
2026.02.09	17:15:00	1.19027	1.19049	1.18977	1.18998	508	0	8
2026.02.09	17:30:00	1.19001	1.19076	1.18994	1.19074	400	0	8
2026.02.09	17:45:00	1.19075	1.19105	1.19069	1.19080	414	0	8
2026.02.09	18:00:00	1.19080	1.19138	1.19078	1.19122	451	0	8
2026.02.09	18:15:00	1.19124	1.19136	1.19029	1.19114	777	0	8
2026.02.09	18:30:00	1.19116	1.19132	1.19102	1.19126	403	0	8
2026.02.09	18:45:00	1.19126	1.19169	1.19110	1.19155	390	0	8
2026.02.09	19:00:00	1.19157	1.19164	1.19121	1.19155	423	0	8
2026.02.09	19:15:00	1.19155	1.19175	1.19139	1.19167	316	0	8
2026.02.09	19:30:00	1.19168	1.19218	1.19166	1.19203	401	0	8
2026.02.09	19:45:00	1.19203	1.19217	1.19172	1.19198	405	0	8
2026.02.09	20:00:00	1.19197	1.19209	1.19172	1.19180	293	0	8
2026.02.09	20:15:00	1.19180	1.19189	1.19146	1.19162	326	0	8
2026.02.09	20:30:00	1.19164	1.19188	1.19160	1.19186	289	0	8
2026.02.09	20:45:00	1.19184	1.19189	1.19137	1.19145	374	0	8
2026.02.09	21:00:00	1.19147	1.19150	1.19116	1.19116	269	0	8
2026.02.09	21:15:00	1.19116	1.19136	1.19106	1.19116	208	0	8
2026.02.09	21:30:00	1.19116	1.19139	1.19103	1.19138	184	0	8
2026.02.09	21:45:00	1.19138	1.19154	1.19119	1.19137	298	0	8
2026.02.09	22:00:00	1.19148	1.19151	1.19079	1.19090	126	0	20
2026.02.09	22:15:00	1.19092	1.19127	1.19091	1.19099	198	0	48
2026.02.09	22:30:00	1.19100	1.19110	1.19095	1.19097	100	0	48
2026.02.09	22:45:00	1.19098	1.19128	1.19094	1.19127	115	0	20
2026.02.09	23:00:00	1.19131	1.19144	1.19103	1.19103	232	0	8
2026.02.09	23:15:00	1.19103	1.19107	1.19053	1.19058	247	0	8
2026.02.09	23:30:00	1.19058	1.19063	1.19041	1.19055	223	0	8
2026.02.09	23:45:00	1.19055	1.19056	1.19013	1.19034	217	0	8
2026.02.10	00:00:00	1.19034	1.19054	1.19010	1.19022	305	0	8
2026.02.10	00:15:00	1.19023	1.19053	1.19015	1.19032	237	0	8
2026.02.10	00:30:00	1.19032	1.19032	1.18982	1.18989	241	0	8
2026.02.10	00:45:00	1.18989	1.19029	1.18982	1.19014	454	0	8
2026.02.10	01:00:00	1.19016	1.19035	1.18993	1.19023	447	0	8
2026.02.10	01:15:00	1.19023	1.19042	1.18964	1.18975	315	0	8
2026.02.10	01:30:00	1.18973	1.19084	1.18970	1.19055	438	0	8
2026.02.10	01:45:00	1.19055	1.19100	1.19039	1.19054	417	0	8
2026.02.10	02:00:00	1.19055	1.19092	1.19054	1.19073	331	0	8
2026.02.10	02:15:00	1.19073	1.19089	1.19054	1.19089	272	0	8
2026.02.10	02:30:00	1.19088	1.19103	1.19071	1.19099	336	0	8
2026.02.10	02:45:00	1.19098	1.19141	1.19094	1.19133	442	0	8
2026.02.10	03:00:00	1.19133	1.19164	1.19121	1.19147	378	0	8
2026.02.10	03:15:00	1.19147	1.19148	1.19108	1.19109	312	0	8
2026.02.10	03:30:00	1.19108	1.19158	1.19108	1.19145	336	0	8
2026.02.10	03:45:00	1.19145	1.19166	1.19096	1.19112	289	0	8
2026.02.10	04:00:00	1.19113	1.19124	1.19092	1.19092	247	0	8
2026.02.10	04:15:00	1.19092	1.19095	1.19061	1.19062	193	0	8
2026.02.10	04:30:00	1.19061	1.19100	1.19055	1.19090	217	0	8
2026.02.10	04:45:00	1.19089	1.19092	1.19065	1.19065	241	0	8
2026.02.10	05:00:00	1.19064	1.19076	1.19049	1.19075	199	0	8
2026.02.10	05:15:00	1.19076	1.19103	1.19052	1.19065	237	0	8
2026.02.10	05:30:00	1.19065	1.19084	1.19033	1.19045	254	0	8
2026.02.10	05:45:00	1.19045	1.19074	1.19034	1.19068	249	0	8
2026.02.10	06:00:00	1.19066	1.19128	1.19044	1.19087	477	0	8
2026.02.10	06:15:00	1.19086	1.19086	1.19027	1.19049	396	0	8
2026.02.10	06:30:00	1.19051	1.19084	1.19021	1.19041	375	0	8
2026.02.10	06:45:00	1.19042	1.19048	1.19008	1.19025	376	0	8
2026.02.10	07:00:00	1.19027	1.19088	1.19012	1.19054	686	0	8
2026.02.10	07:15:00	1.19052	1.19100	1.19012	1.19015	434	0	8
2026.02.10	07:30:00	1.19013	1.19040	1.18990	1.19029	459	0	8
2026.02.10	07:45:00	1.19029	1.19084	1.19023	1.19084	567	0	8
2026.02.10	08:00:00	1.19080	1.19113	1.19047	1.19050	699	0	8
2026.02.10	08:15:00	1.19050	1.19106	1.18993	1.19072	873	0	8
2026.02.10	08:30:00	1.19072	1.19148	1.19057	1.19133	517	0	8
2026.02.10	08:45:00	1.19133	1.19141	1.19078	1.19089	589	0	8
2026.02.10	09:00:00	1.19088	1.19186	1.19077	1.19145	537	0	8
2026.02.10	09:15:00	1.19147	1.19194	1.19112	1.19188	517	0	8
2026.02.10	09:30:00	1.19190	1.19196	1.19157	1.19161	431	0	8
2026.02.10	09:45:00	1.19161	1.19179	1.19123	1.19141	440	0	8
2026.02.10	10:00:00	1.19141	1.19169	1.19112	1.19118	468	0	8
2026.02.10	10:15:00	1.19117	1.19132	1.19088	1.19104	399	0	8
2026.02.10	10:30:00	1.19105	1.19172	1.19091	1.19154	392	0	8
2026.02.10	10:45:00	1.19153	1.19158	1.19094	1.19100	375	0	8
2026.02.10	11:00:00	1.19097	1.19105	1.19060	1.19068	367	0	8
2026.02.10	11:15:00	1.19067	1.19080	1.19011	1.19028	329	0	8
2026.02.10	11:30:00	1.19028	1.19051	1.19007	1.19024	353	0	8
2026.02.10	11:45:00	1.19024	1.19042	1.19005	1.19037	330	0	8
2026.02.10	12:00:00	1.19039	1.19065	1.19031	1.19050	416	0	8
2026.02.10	12:15:00	1.19049	1.19082	1.19038	1.19038	500	0	8
2026.02.10	12:30:00	1.19039	1.19049	1.18981	1.18988	452	0	8
2026.02.10	12:45:00	1.18988	1.18990	1.18908	1.18926	948	0	8
2026.02.10	13:00:00	1.18928	1.18956	1.18881	1.18930	833	0	8
2026.02.10	13:15:00	1.18929	1.18953	1.18887	1.18928	605	0	8
2026.02.10	13:30:00	1.18930	1.19132	1.18930	1.19011	1722	0	8
2026.02.10	13:45:00	1.19012	1.19053	1.18989	1.19051	882	0	8
2026.02.10	14:00:00	1.19052	1.19151	1.19026	1.19150	1001	0	8
2026.02.10	14:15:00	1.19152	1.19224	1.19145	1.19208	999	0	8
2026.02.10	14:30:00	1.19210	1.19284	1.19146	1.19152	1336	0	8
2026.02.10	14:45:00	1.19153	1.19168	1.19080	1.19143	1051	0	8
2026.02.10	15:00:00	1.19141	1.19143	1.19029	1.19043	993	0	8
2026.02.10	15:15:00	1.19040	1.19067	1.19005	1.19016	906	0	8
2026.02.10	15:30:00	1.19015	1.19029	1.18963	1.19008	1099	0	8
2026.02.10	15:45:00	1.19009	1.19190	1.18978	1.19135	2295	0	8
2026.02.10	16:00:00	1.19135	1.19146	1.19066	1.19083	1058	0	8
2026.02.10	16:15:00	1.19083	1.19096	1.18997	1.19026	785	0	8
2026.02.10	16:30:00	1.19025	1.19069	1.18988	1.19069	770	0	8
2026.02.10	16:45:00	1.19069	1.19075	1.18961	1.18974	657	0	8
2026.02.10	17:00:00	1.18974	1.19008	1.18959	1.19008	510	0	8
2026.02.10	17:15:00	1.19009	1.19049	1.18984	1.19040	525	0	8
2026.02.10	17:30:00	1.19041	1.19050	1.18968	1.18974	543	0	8
2026.02.10	17:45:00	1.18973	1.18973	1.18927	1.18954	518	0	8
2026.02.10	18:00:00	1.18954	1.18976	1.18940	1.18966	344	0	8
2026.02.10	18:15:00	1.18966	1.18977	1.18911	1.18914	489	0	8
2026.02.10	18:30:00	1.18913	1.18946	1.18900	1.18931	484	0	8
2026.02.10	18:45:00	1.18933	1.18941	1.18909	1.18920	453	0	8
2026.02.10	19:00:00	1.18919	1.18927	1.18865	1.18903	455	0	8
2026.02.10	19:15:00	1.18905	1.18958	1.18895	1.18942	334	0	8
2026.02.10	19:30:00	1.18942	1.18965	1.18939	1.18964	266	0	8
2026.02.10	19:45:00	1.18964	1.19019	1.18942	1.19019	371	0	8
2026.02.10	20:00:00	1.19017	1.19018	1.18980	1.18995	323	0	8
2026.02.10	20:15:00	1.18994	1.19030	1.18991	1.19013	293	0	8
2026.02.10	20:30:00	1.19011	1.19025	1.19006	1.19018	246	0	8
2026.02.10	20:45:00	1.19019	1.19020	1.18944	1.18949	423	0	8
2026.02.10	21:00:00	1.18951	1.18964	1.18922	1.18939	258	0	8
2026.02.10	21:15:00	1.18939	1.18960	1.18939	1.18957	105	0	8
2026.02.10	21:30:00	1.18958	1.18962	1.18947	1.18949	119	0	8
2026.02.10	21:45:00	1.18949	1.18959	1.18911	1.18914	229	0	8
2026.02.10	22:00:00	1.18916	1.18933	1.18915	1.18931	71	0	48
2026.02.10	22:15:00	1.18932	1.18932	1.18903	1.18911	163	0	48
2026.02.10	22:30:00	1.18910	1.18932	1.18910	1.18913	139	0	20
2026.02.10	22:45:00	1.18912	1.18931	1.18894	1.18910	142	0	20
2026.02.10	23:00:00	1.18913	1.18921	1.18874	1.18883	196	0	8
2026.02.10	23:15:00	1.18881	1.18911	1.18879	1.18889	130	0	8
2026.02.10	23:30:00	1.18889	1.18900	1.18874	1.18879	152	0	8
2026.02.10	23:45:00	1.18880	1.18886	1.18863	1.18876	171	0	8
2026.02.11	00:00:00	1.18876	1.18905	1.18858	1.18869	230	0	8
2026.02.11	00:15:00	1.18869	1.18945	1.18869	1.18934	215	0	8
2026.02.11	00:30:00	1.18934	1.18971	1.18932	1.18970	320	0	8
2026.02.11	00:45:00	1.18970	1.19000	1.18957	1.18967	414	0	8
2026.02.11	01:00:00	1.18966	1.19013	1.18966	1.19003	458	0	8
2026.02.11	01:15:00	1.19003	1.19015	1.18973	1.19004	288	0	8
2026.02.11	01:30:00	1.19003	1.19005	1.18943	1.18953	396	0	8
2026.02.11	01:45:00	1.18953	1.18980	1.18936	1.18974	339	0	8
2026.02.11	02:00:00	1.18976	1.19050	1.18974	1.19012	432	0	8
2026.02.11	02:15:00	1.19010	1.19077	1.19001	1.19067	460	0	8
2026.02.11	02:30:00	1.19065	1.19126	1.19061	1.19085	472	0	8
2026.02.11	02:45:00	1.19084	1.19095	1.19053	1.19079	327	0	8
2026.02.11	03:00:00	1.19081	1.19089	1.19046	1.19049	255	0	8
2026.02.11	03:15:00	1.19049	1.19085	1.19032	1.19075	265	0	8
2026.02.11	03:30:00	1.19076	1.19102	1.19064	1.19102	289	0	8
2026.02.11	03:45:00	1.19101	1.19133	1.19092	1.19111	324	0	8
2026.02.11	04:00:00	1.19109	1.19122	1.19092	1.19104	222	0	8
2026.02.11	04:15:00	1.19104	1.19146	1.19104	1.19128	264	0	8
2026.02.11	04:30:00	1.19127	1.19133	1.19072	1.19077	234	0	8
2026.02.11	04:45:00	1.19077	1.19099	1.19074	1.19076	204	0	8
2026.02.11	05:00:00	1.19076	1.19109	1.19065	1.19102	269	0	8
2026.02.11	05:15:00	1.19103	1.19150	1.19096	1.19150	300	0	8
2026.02.11	05:30:00	1.19150	1.19175	1.19117	1.19173	396	0	8
2026.02.11	05:45:00	1.19172	1.19188	1.19142	1.19180	325	0	8
2026.02.11	06:00:00	1.19183	1.19255	1.19168	1.19214	582	0	8
2026.02.11	06:15:00	1.19215	1.19225	1.19175	1.19181	423	0	8
2026.02.11	06:30:00	1.19181	1.19182	1.19126	1.19139	396	0	8
2026.02.11	06:45:00	1.19138	1.19164	1.19122	1.19149	444	0	8
2026.02.11	07:00:00	1.19148	1.19172	1.19099	1.19114	654	0	8
2026.02.11	07:15:00	1.19113	1.19156	1.19113	1.19129	413	0	8
2026.02.11	07:30:00	1.19129	1.19161	1.19119	1.19156	368	0	8
2026.02.11	07:45:00	1.19156	1.19179	1.19108	1.19176	538	0	8
2026.02.11	08:00:00	1.19175	1.19197	1.19132	1.19141	690	0	8
2026.02.11	08:15:00	1.19141	1.19182	1.19135	1.19153	520	0	8
2026.02.11	08:30:00	1.19151	1.19169	1.19127	1.19141	431	0	8
2026.02.11	08:45:00	1.19139	1.19181	1.19136	1.19181	420	0	8
2026.02.11	09:00:00	1.19181	1.19194	1.19097	1.19127	538	0	8
2026.02.11	09:15:00	1.19128	1.19138	1.19107	1.19138	425	0	8
2026.02.11	09:30:00	1.19139	1.19186	1.19138	1.19182	531	0	8
2026.02.11	09:45:00	1.19183	1.19187	1.19157	1.19177	401	0	8
2026.02.11	10:00:00	1.19177	1.19198	1.19173	1.19176	372	0	8
2026.02.11	10:15:00	1.19176	1.19182	1.19158	1.19179	297	0	8
2026.02.11	10:30:00	1.19179	1.19241	1.19158	1.19228	453	0	8
2026.02.11	10:45:00	1.19230	1.19270	1.19204	1.19213	585	0	8
2026.02.11	11:00:00	1.19211	1.19211	1.19132	1.19134	419	0	8
2026.02.11	11:15:00	1.19133	1.19162	1.19119	1.19139	320	0	8
2026.02.11	11:30:00	1.19139	1.19144	1.19046	1.19073	518	0	8
2026.02.11	11:45:00	1.19073	1.19134	1.19064	1.19079	535	0	8
2026.02.11	12:00:00	1.19081	1.19088	1.19032	1.19066	537	0	8
2026.02.11	12:15:00	1.19067	1.19074	1.19002	1.19002	523	0	8
2026.02.11	12:30:00	1.19001	1.19028	1.18983	1.19026	552	0	8
2026.02.11	12:45:00	1.19025	1.19042	1.18980	1.19000	630	0	8
2026.02.11	13:00:00	1.19002	1.19042	1.18988	1.18994	628	0	8
2026.02.11	13:15:00	1.18993	1.19017	1.18967	1.19007	723	0	8
2026.02.11	13:30:00	1.19011	1.19011	1.18328	1.18660	6672	0	8
2026.02.11	13:45:00	1.18658	1.18808	1.18572	1.18617	3517	0	8
2026.02.11	14:00:00	1.18616	1.18809	1.18593	1.18722	2711	0	8
2026.02.11	14:15:00	1.18724	1.18821	1.18582	1.18641	1764	0	8
2026.02.11	14:30:00	1.18642	1.18659	1.18563	1.18594	1955	0	8
2026.02.11	14:45:00	1.18591	1.18621	1.18522	1.18597	1812	0	8
2026.02.11	15:00:00	1.18600	1.18713	1.18594	1.18642	1883	0	8
2026.02.11	15:15:00	1.18639	1.18663	1.18548	1.18567	1538	0	8
2026.02.11	15:30:00	1.18565	1.18598	1.18509	1.18536	1325	0	8
2026.02.11	15:45:00	1.18537	1.18667	1.18506	1.18589	1316	0	8
2026.02.11	16:00:00	1.18588	1.18588	1.18529	1.18585	978	0	8
2026.02.11	16:15:00	1.18583	1.18697	1.18554	1.18696	880	0	8
2026.02.11	16:30:00	1.18699	1.18791	1.18692	1.18767	819	0	8
2026.02.11	16:45:00	1.18767	1.18828	1.18751	1.18827	650	0	8
2026.02.11	17:00:00	1.18824	1.18890	1.18769	1.18884	927	0	8
2026.02.11	17:15:00	1.18883	1.18912	1.18845	1.18912	816	0	8
2026.02.11	17:30:00	1.18911	1.18931	1.18870	1.18873	697	0	8
2026.02.11	17:45:00	1.18874	1.18888	1.18836	1.18854	641	0	8
2026.02.11	18:00:00	1.18854	1.18904	1.18782	1.18798	774	0	8
2026.02.11	18:15:00	1.18796	1.18852	1.18794	1.18812	551	0	8
2026.02.11	18:30:00	1.18812	1.18862	1.18812	1.18843	465	0	8
2026.02.11	18:45:00	1.18844	1.18870	1.18811	1.18819	507	0	8
2026.02.11	19:00:00	1.18819	1.18825	1.18775	1.18812	611	0	8
2026.02.11	19:15:00	1.18812	1.18842	1.18806	1.18820	361	0	8
2026.02.11	19:30:00	1.18821	1.18829	1.18793	1.18805	441	0	8
2026.02.11	19:45:00	1.18806	1.18817	1.18780	1.18794	431	0	8
2026.02.11	20:00:00	1.18794	1.18806	1.18742	1.18766	405	0	8
2026.02.11	20:15:00	1.18766	1.18776	1.18748	1.18765	248	0	8
2026.02.11	20:30:00	1.18765	1.18770	1.18716	1.18724	302	0	8
2026.02.11	20:45:00	1.18724	1.18756	1.18696	1.18704	374	0	8
2026.02.11	21:00:00	1.18702	1.18740	1.18695	1.18702	305	0	8
2026.02.11	21:15:00	1.18702	1.18719	1.18694	1.18705	170	0	8
2026.02.11	21:30:00	1.18705	1.18714	1.18684	1.18691	154	0	8
2026.02.11	21:45:00	1.18691	1.18716	1.18691	1.18712	281	0	8
2026.02.11	22:00:00	1.18709	1.18713	1.18691	1.18704	82	0	20
2026.02.11	22:15:00	1.18704	1.18705	1.18693	1.18703	83	0	48
2026.02.11	22:30:00	1.18704	1.18727	1.18702	1.18725	130	0	20
2026.02.11	22:45:00	1.18711	1.18737	1.18709	1.18736	162	0	20
2026.02.11	23:00:00	1.18744	1.18747	1.18693	1.18715	261	0	8
2026.02.11	23:15:00	1.18714	1.18754	1.18710	1.18747	139	0	8
2026.02.11	23:30:00	1.18748	1.18759	1.18726	1.18726	194	0	8
2026.02.11	23:45:00	1.18728	1.18758	1.18717	1.18744	252	0	8
2026.02.12	00:00:00	1.18744	1.18759	1.18664	1.18684	394	0	8
2026.02.12	00:15:00	1.18684	1.18771	1.18681	1.18759	404	0	8
2026.02.12	00:30:00	1.18758	1.18773	1.18723	1.18750	349	0	8
2026.02.12	00:45:00	1.18750	1.18779	1.18723	1.18766	437	0	8
2026.02.12	01:00:00	1.18763	1.18801	1.18744	1.18800	492	0	8
2026.02.12	01:15:00	1.18799	1.18799	1.18735	1.18751	462	0	8
2026.02.12	01:30:00	1.18750	1.18820	1.18731	1.18796	466	0	8
2026.02.12	01:45:00	1.18796	1.18806	1.18761	1.18806	445	0	8
2026.02.12	02:00:00	1.18803	1.18842	1.18800	1.18821	495	0	8
2026.02.12	02:15:00	1.18821	1.18827	1.18749	1.18750	309	0	8
2026.02.12	02:30:00	1.18750	1.18786	1.18746	1.18774	329	0	8
2026.02.12	02:45:00	1.18774	1.18788	1.18746	1.18786	372	0	8
2026.02.12	03:00:00	1.18785	1.18808	1.18763	1.18770	426	0	8
2026.02.12	03:15:00	1.18769	1.18793	1.18750	1.18758	347	0	8
2026.02.12	03:30:00	1.18759	1.18786	1.18719	1.18728	359	0	8
2026.02.12	03:45:00	1.18730	1.18731	1.18649	1.18691	327	0	8
2026.02.12	04:00:00	1.18690	1.18721	1.18675	1.18675	305	0	8
2026.02.12	04:15:00	1.18676	1.18692	1.18639	1.18662	308	0	8
2026.02.12	04:30:00	1.18662	1.18681	1.18619	1.18627	317	0	8
2026.02.12	04:45:00	1.18627	1.18628	1.18598	1.18614	325	0	8
2026.02.12	05:00:00	1.18614	1.18635	1.18595	1.18629	363	0	8
2026.02.12	05:15:00	1.18629	1.18634	1.18580	1.18581	259	0	8
2026.02.12	05:30:00	1.18581	1.18621	1.18581	1.18618	343	0	8
2026.02.12	05:45:00	1.18618	1.18653	1.18601	1.18646	342	0	8
2026.02.12	06:00:00	1.18645	1.18672	1.18624	1.18655	336	0	8
2026.02.12	06:15:00	1.18655	1.18660	1.18554	1.18563	942	0	8
2026.02.12	06:30:00	1.18566	1.18639	1.18521	1.18625	861	0	8
2026.02.12	06:45:00	1.18626	1.18642	1.18594	1.18603	679	0	8
2026.02.12	07:00:00	1.18603	1.18669	1.18591	1.18630	682	0	8
2026.02.12	07:15:00	1.18628	1.18730	1.18628	1.18729	531	0	8
2026.02.12	07:30:00	1.18728	1.18738	1.18701	1.18712	387	0	8
2026.02.12	07:45:00	1.18712	1.18748	1.18685	1.18727	494	0	8
2026.02.12	08:00:00	1.18730	1.18787	1.18730	1.18777	632	0	8
2026.02.12	08:15:00	1.18778	1.18805	1.18744	1.18773	496	0	8
2026.02.12	08:30:00	1.18774	1.18800	1.18712	1.18714	493	0	8
2026.02.12	08:45:00	1.18714	1.18803	1.18708	1.18793	610	0	8
2026.02.12	09:00:00	1.18794	1.18865	1.18791	1.18864	629	0	8
2026.02.12	09:15:00	1.18866	1.18877	1.18821	1.18851	490	0	8
2026.02.12	09:30:00	1.18851	1.18863	1.18820	1.18847	497	0	8
2026.02.12	09:45:00	1.18847	1.18874	1.18842	1.18866	469	0	8
2026.02.12	10:00:00	1.18866	1.18869	1.18773	1.18781	608	0	8
2026.02.12	10:15:00	1.18781	1.18822	1.18767	1.18800	399	0	8
2026.02.12	10:30:00	1.18800	1.18822	1.18781	1.18787	339	0	8
2026.02.12	10:45:00	1.18786	1.18786	1.18742	1.18768	404	0	8
2026.02.12	11:00:00	1.18768	1.18809	1.18747	1.18802	325	0	8
2026.02.12	11:15:00	1.18802	1.18841	1.18790	1.18791	396	0	8
2026.02.12	11:30:00	1.18790	1.18809	1.18763	1.18772	333	0	8
2026.02.12	11:45:00	1.18771	1.18841	1.18769	1.18840	412	0	8
2026.02.12	12:00:00	1.18841	1.18859	1.18823	1.18835	407	0	8
2026.02.12	12:15:00	1.18836	1.18838	1.18792	1.18804	366	0	8
2026.02.12	12:30:00	1.18804	1.18816	1.18718	1.18721	515	0	8
2026.02.12	12:45:00	1.18720	1.18747	1.18666	1.18727	631	0	8
2026.02.12	13:00:00	1.18727	1.18781	1.18716	1.18740	652	0	8
2026.02.12	13:15:00	1.18740	1.18776	1.18726	1.18760	574	0	8
2026.02.12	13:30:00	1.18768	1.18842	1.18710	1.18800	740	0	8
2026.02.12	13:45:00	1.18801	1.18849	1.18783	1.18845	673	0	8
2026.02.12	14:00:00	1.18845	1.18875	1.18744	1.18779	1076	0	8
2026.02.12	14:15:00	1.18777	1.18842	1.18775	1.18785	949	0	8
2026.02.12	14:30:00	1.18787	1.18870	1.18784	1.18824	1002	0	8
2026.02.12	14:45:00	1.18821	1.18858	1.18791	1.18828	820	0	8
2026.02.12	15:00:00	1.18828	1.18874	1.18796	1.18850	903	0	8
2026.02.12	15:15:00	1.18848	1.18874	1.18822	1.18843	687	0	8
2026.02.12	15:30:00	1.18844	1.18864	1.18778	1.18814	884	0	8
2026.02.12	15:45:00	1.18814	1.18882	1.18803	1.18854	915	0	8
2026.02.12	16:00:00	1.18855	1.18897	1.18682	1.18691	1299	0	8
2026.02.12	16:15:00	1.18689	1.18716	1.18618	1.18645	2038	0	8
2026.02.12	16:30:00	1.18644	1.18779	1.18632	1.18756	1738	0	8
2026.02.12	16:45:00	1.18756	1.18757	1.18639	1.18702	1452	0	8
2026.02.12	17:00:00	1.18700	1.18709	1.18597	1.18659	1309	0	8
2026.02.12	17:15:00	1.18657	1.18766	1.18657	1.18687	1058	0	8
2026.02.12	17:30:00	1.18685	1.18703	1.18628	1.18646	840	0	8
2026.02.12	17:45:00	1.18646	1.18678	1.18617	1.18649	777	0	8
2026.02.12	18:00:00	1.18651	1.18690	1.18602	1.18619	877	0	8
2026.02.12	18:15:00	1.18619	1.18628	1.18557	1.18590	768	0	8
2026.02.12	18:30:00	1.18592	1.18619	1.18581	1.18610	531	0	8
2026.02.12	18:45:00	1.18608	1.18648	1.18596	1.18632	603	0	8
2026.02.12	19:00:00	1.18632	1.18646	1.18606	1.18631	546	0	8
2026.02.12	19:15:00	1.18632	1.18680	1.18631	1.18665	507	0	8
2026.02.12	19:30:00	1.18664	1.18693	1.18648	1.18649	485	0	8
2026.02.12	19:45:00	1.18649	1.18713	1.18637	1.18696	434	0	8
2026.02.12	20:00:00	1.18693	1.18703	1.18662	1.18675	321	0	8
2026.02.12	20:15:00	1.18675	1.18688	1.18656	1.18657	289	0	8
2026.02.12	20:30:00	1.18656	1.18691	1.18632	1.18687	287	0	8
2026.02.12	20:45:00	1.18688	1.18696	1.18675	1.18692	352	0	8
2026.02.12	21:00:00	1.18692	1.18714	1.18686	1.18703	268	0	8
2026.02.12	21:15:00	1.18703	1.18723	1.18695	1.18703	152	0	8
2026.02.12	21:30:00	1.18702	1.18703	1.18682	1.18685	110	0	8
2026.02.12	21:45:00	1.18686	1.18718	1.18686	1.18705	260	0	8
2026.02.12	22:00:00	1.18694	1.18708	1.18649	1.18661	90	0	20
2026.02.12	22:15:00	1.18660	1.18668	1.18657	1.18667	99	0	65
2026.02.12	22:30:00	1.18667	1.18688	1.18666	1.18684	162	0	48
2026.02.12	22:45:00	1.18684	1.18692	1.18668	1.18692	101	0	20
2026.02.12	23:00:00	1.18713	1.18720	1.18682	1.18705	203	0	8
2026.02.12	23:15:00	1.18705	1.18712	1.18679	1.18682	159	0	8
2026.02.12	23:30:00	1.18683	1.18707	1.18673	1.18695	206	0	8
2026.02.12	23:45:00	1.18695	1.18695	1.18666	1.18690	224	0	8
2026.02.13	00:00:00	1.18689	1.18714	1.18668	1.18697	419	0	8
2026.02.13	00:15:00	1.18698	1.18701	1.18673	1.18674	254	0	8
2026.02.13	00:30:00	1.18674	1.18702	1.18668	1.18678	265	0	8
2026.02.13	00:45:00	1.18678	1.18720	1.18662	1.18719	392	0	8
2026.02.13	01:00:00	1.18719	1.18731	1.18651	1.18669	564	0	8
2026.02.13	01:15:00	1.18670	1.18691	1.18628	1.18652	427	0	8
2026.02.13	01:30:00	1.18652	1.18667	1.18634	1.18648	320	0	8
2026.02.13	01:45:00	1.18646	1.18697	1.18633	1.18665	371	0	8
2026.02.13	02:00:00	1.18666	1.18672	1.18625	1.18648	330	0	8
2026.02.13	02:15:00	1.18648	1.18699	1.18648	1.18697	275	0	8
2026.02.13	02:30:00	1.18696	1.18706	1.18673	1.18687	202	0	8
2026.02.13	02:45:00	1.18687	1.18707	1.18685	1.18689	195	0	8
2026.02.13	03:00:00	1.18691	1.18700	1.18657	1.18669	219	0	8
2026.02.13	03:15:00	1.18669	1.18686	1.18663	1.18674	235	0	8
2026.02.13	03:30:00	1.18674	1.18697	1.18674	1.18683	249	0	8
2026.02.13	03:45:00	1.18683	1.18686	1.18654	1.18664	218	0	8
2026.02.13	04:00:00	1.18664	1.18674	1.18654	1.18666	217	0	8
2026.02.13	04:15:00	1.18665	1.18675	1.18647	1.18663	168	0	8
2026.02.13	04:30:00	1.18663	1.18668	1.18628	1.18639	261	0	8
2026.02.13	04:45:00	1.18638	1.18639	1.18598	1.18628	211	0	8
2026.02.13	05:00:00	1.18627	1.18642	1.18582	1.18604	335	0	8
2026.02.13	05:15:00	1.18605	1.18637	1.18597	1.18620	324	0	8
2026.02.13	05:30:00	1.18619	1.18643	1.18613	1.18621	332	0	8
2026.02.13	05:45:00	1.18621	1.18624	1.18575	1.18592	336	0	8
2026.02.13	06:00:00	1.18592	1.18614	1.18568	1.18596	432	0	8
2026.02.13	06:15:00	1.18595	1.18613	1.18573	1.18575	385	0	8
2026.02.13	06:30:00	1.18573	1.18583	1.18532	1.18537	429	0	8
2026.02.13	06:45:00	1.18539	1.18576	1.18539	1.18559	390	0	8
2026.02.13	07:00:00	1.18557	1.18557	1.18471	1.18497	597	0	8
2026.02.13	07:15:00	1.18498	1.18531	1.18483	1.18508	545	0	8
2026.02.13	07:30:00	1.18507	1.18534	1.18467	1.18522	738	0	8
2026.02.13	07:45:00	1.18522	1.18594	1.18518	1.18583	463	0	8
2026.02.13	08:00:00	1.18581	1.18615	1.18557	1.18574	615	0	8
2026.02.13	08:15:00	1.18572	1.18603	1.18560	1.18581	493	0	8
2026.02.13	08:30:00	1.18581	1.18592	1.18558	1.18581	434	0	8
2026.02.13	08:45:00	1.18581	1.18625	1.18573	1.18623	403	0	8
2026.02.13	09:00:00	1.18624	1.18661	1.18620	1.18639	447	0	8
2026.02.13	09:15:00	1.18639	1.18656	1.18607	1.18624	381	0	8
2026.02.13	09:30:00	1.18625	1.18650	1.18611	1.18645	376	0	8
2026.02.13	09:45:00	1.18644	1.18660	1.18602	1.18604	339	0	8
2026.02.13	10:00:00	1.18602	1.18606	1.18561	1.18584	416	0	8
2026.02.13	10:15:00	1.18584	1.18598	1.18541	1.18558	343	0	8
2026.02.13	10:30:00	1.18555	1.18562	1.18525	1.18552	334	0	8
2026.02.13	10:45:00	1.18554	1.18579	1.18534	1.18571	526	0	8
2026.02.13	11:00:00	1.18573	1.18598	1.18544	1.18597	508	0	8
2026.02.13	11:15:00	1.18596	1.18607	1.18561	1.18580	403	0	8
2026.02.13	11:30:00	1.18582	1.18584	1.18548	1.18564	451	0	8
2026.02.13	11:45:00	1.18564	1.18595	1.18547	1.18581	477	0	8
2026.02.13	12:00:00	1.18583	1.18607	1.18551	1.18560	464	0	8
2026.02.13	12:15:00	1.18560	1.18620	1.18551	1.18600	394	0	8
2026.02.13	12:30:00	1.18599	1.18632	1.18592	1.18601	449	0	8
2026.02.13	12:45:00	1.18600	1.18630	1.18581	1.18614	486	0	8
2026.02.13	13:00:00	1.18616	1.18663	1.18604	1.18612	611	0	8
2026.02.13	13:15:00	1.18612	1.18627	1.18564	1.18596	718	0	8
2026.02.13	13:30:00	1.18596	1.18844	1.18578	1.18647	2526	0	8
2026.02.13	13:45:00	1.18644	1.18790	1.18589	1.18738	1530	0	8
2026.02.13	14:00:00	1.18735	1.18744	1.18659	1.18696	1105	0	8
2026.02.13	14:15:00	1.18696	1.18711	1.18637	1.18680	1021	0	8
2026.02.13	14:30:00	1.18680	1.18713	1.18610	1.18674	1513	0	8
2026.02.13	14:45:00	1.18674	1.18693	1.18566	1.18589	1186	0	8
2026.02.13	15:00:00	1.18591	1.18702	1.18573	1.18694	1125	0	8
2026.02.13	15:15:00	1.18692	1.18704	1.18602	1.18652	859	0	8
2026.02.13	15:30:00	1.18653	1.18659	1.18607	1.18612	784	0	8
2026.02.13	15:45:00	1.18613	1.18615	1.18473	1.18479	1044	0	8
2026.02.13	16:00:00	1.18480	1.18577	1.18480	1.18577	725	0	8
2026.02.13	16:15:00	1.18576	1.18693	1.18564	1.18675	775	0	8
2026.02.13	16:30:00	1.18675	1.18745	1.18672	1.18719	745	0	8
2026.02.13	16:45:00	1.18718	1.18733	1.18664	1.18683	622	0	8
2026.02.13	17:00:00	1.18686	1.18822	1.18681	1.18816	590	0	8
2026.02.13	17:15:00	1.18818	1.18824	1.18760	1.18773	576	0	8
2026.02.13	17:30:00	1.18774	1.18774	1.18728	1.18762	530	0	8
2026.02.13	17:45:00	1.18763	1.18818	1.18744	1.18745	518	0	8
2026.02.13	18:00:00	1.18747	1.18770	1.18724	1.18750	401	0	8
2026.02.13	18:15:00	1.18751	1.18770	1.18724	1.18761	368	0	8
2026.02.13	18:30:00	1.18762	1.18794	1.18756	1.18794	327	0	8
2026.02.13	18:45:00	1.18794	1.18802	1.18719	1.18733	395	0	8
2026.02.13	19:00:00	1.18733	1.18749	1.18702	1.18712	411	0	8
2026.02.13	19:15:00	1.18712	1.18742	1.18702	1.18716	287	0	8
2026.02.13	19:30:00	1.18715	1.18729	1.18680	1.18688	323	0	8
2026.02.13	19:45:00	1.18688	1.18701	1.18656	1.18661	258	0	8
2026.02.13	20:00:00	1.18662	1.18678	1.18641	1.18652	269	0	8
2026.02.13	20:15:00	1.18653	1.18666	1.18646	1.18657	279	0	8
2026.02.13	20:30:00	1.18657	1.18690	1.18656	1.18686	305	0	8
2026.02.13	20:45:00	1.18686	1.18743	1.18663	1.18739	487	0	8
2026.02.13	21:00:00	1.18737	1.18762	1.18731	1.18737	280	0	8
2026.02.13	21:15:00	1.18737	1.18750	1.18717	1.18732	138	0	8
2026.02.13	21:30:00	1.18732	1.18737	1.18671	1.18681	238	0	8
2026.02.13	21:45:00	1.18682	1.18697	1.18672	1.18684	331	0	8
2026.02.15	22:00:00	1.18696	1.18696	1.18680	1.18693	39	0	60
2026.02.15	22:15:00	1.18692	1.18708	1.18666	1.18706	113	0	48
2026.02.15	22:30:00	1.18706	1.18709	1.18691	1.18693	88	0	48
2026.02.15	22:45:00	1.18693	1.18704	1.18689	1.18704	85	0	20
2026.02.15	23:00:00	1.18712	1.18716	1.18642	1.18667	342	0	8
2026.02.15	23:15:00	1.18666	1.18671	1.18624	1.18646	216	0	8
2026.02.15	23:30:00	1.18646	1.18661	1.18630	1.18655	243	0	8
2026.02.15	23:45:00	1.18654	1.18668	1.18629	1.18664	256	0	8
2026.02.16	00:00:00	1.18664	1.18671	1.18628	1.18633	387	0	8
2026.02.16	00:15:00	1.18634	1.18667	1.18615	1.18616	293	0	8
2026.02.16	00:30:00	1.18616	1.18641	1.18610	1.18641	257	0	8
2026.02.16	00:45:00	1.18641	1.18650	1.18603	1.18613	318	0	8
2026.02.16	01:00:00	1.18611	1.18643	1.18587	1.18635	473	0	8
2026.02.16	01:15:00	1.18632	1.18648	1.18610	1.18647	253	0	8
2026.02.16	01:30:00	1.18647	1.18662	1.18622	1.18636	283	0	8
2026.02.16	01:45:00	1.18634	1.18650	1.18625	1.18649	278	0	8
2026.02.16	02:00:00	1.18649	1.18666	1.18615	1.18625	262	0	8
2026.02.16	02:15:00	1.18625	1.18651	1.18615	1.18637	277	0	8
2026.02.16	02:30:00	1.18636	1.18652	1.18628	1.18635	323	0	8
2026.02.16	02:45:00	1.18635	1.18668	1.18628	1.18648	273	0	8
2026.02.16	03:00:00	1.18648	1.18671	1.18635	1.18667	204	0	8
2026.02.16	03:15:00	1.18666	1.18687	1.18662	1.18668	217	0	8
2026.02.16	03:30:00	1.18666	1.18674	1.18653	1.18670	213	0	8
2026.02.16	03:45:00	1.18670	1.18674	1.18648	1.18667	203	0	8
2026.02.16	04:00:00	1.18669	1.18677	1.18654	1.18664	183	0	8
2026.02.16	04:15:00	1.18663	1.18671	1.18645	1.18661	133	0	8
2026.02.16	04:30:00	1.18658	1.18662	1.18619	1.18621	184	0	8
2026.02.16	04:45:00	1.18621	1.18629	1.18608	1.18620	188	0	8
2026.02.16	05:00:00	1.18619	1.18634	1.18605	1.18618	191	0	8
2026.02.16	05:15:00	1.18618	1.18637	1.18613	1.18637	119	0	8
2026.02.16	05:30:00	1.18637	1.18637	1.18608	1.18621	159	0	8
2026.02.16	05:45:00	1.18621	1.18661	1.18615	1.18644	193	0	8
2026.02.16	06:00:00	1.18645	1.18663	1.18634	1.18659	186	0	8
2026.02.16	06:15:00	1.18659	1.18673	1.18655	1.18662	200	0	8
2026.02.16	06:30:00	1.18661	1.18698	1.18656	1.18697	228	0	8
2026.02.16	06:45:00	1.18697	1.18698	1.18655	1.18659	204	0	8
2026.02.16	07:00:00	1.18658	1.18660	1.18625	1.18640	332	0	8
2026.02.16	07:15:00	1.18638	1.18661	1.18620	1.18657	268	0	8
2026.02.16	07:30:00	1.18657	1.18660	1.18600	1.18642	318	0	8
2026.02.16	07:45:00	1.18640	1.18647	1.18601	1.18624	303	0	8
2026.02.16	08:00:00	1.18626	1.18702	1.18611	1.18638	642	0	8
2026.02.16	08:15:00	1.18635	1.18684	1.18575	1.18626	608	0	8
2026.02.16	08:30:00	1.18626	1.18631	1.18563	1.18622	517	0	8
2026.02.16	08:45:00	1.18622	1.18659	1.18616	1.18645	466	0	8
2026.02.16	09:00:00	1.18645	1.18687	1.18632	1.18672	540	0	8
2026.02.16	09:15:00	1.18672	1.18679	1.18649	1.18659	292	0	8
2026.02.16	09:30:00	1.18659	1.18662	1.18630	1.18640	389	0	8
2026.02.16	09:45:00	1.18640	1.18654	1.18619	1.18642	395	0	8
2026.02.16	10:00:00	1.18642	1.18664	1.18616	1.18646	369	0	8
2026.02.16	10:15:00	1.18646	1.18664	1.18625	1.18627	304	0	8
2026.02.16	10:30:00	1.18627	1.18662	1.18625	1.18655	297	0	8
2026.02.16	10:45:00	1.18655	1.18672	1.18648	1.18666	323	0	8
2026.02.16	11:00:00	1.18666	1.18667	1.18623	1.18647	283	0	8
2026.02.16	11:15:00	1.18649	1.18656	1.18629	1.18641	245	0	8
2026.02.16	11:30:00	1.18640	1.18644	1.18619	1.18622	236	0	8
2026.02.16	11:45:00	1.18622	1.18633	1.18598	1.18610	299	0	8
2026.02.16	12:00:00	1.18611	1.18627	1.18602	1.18604	249	0	8
2026.02.16	12:15:00	1.18604	1.18604	1.18552	1.18578	299	0	8
2026.02.16	12:30:00	1.18575	1.18575	1.18548	1.18555	259	0	8
2026.02.16	12:45:00	1.18555	1.18555	1.18496	1.18528	366	0	8
2026.02.16	13:00:00	1.18527	1.18565	1.18516	1.18518	393	0	8
2026.02.16	13:15:00	1.18520	1.18524	1.18489	1.18498	300	0	8
2026.02.16	13:30:00	1.18498	1.18527	1.18489	1.18515	312	0	8
2026.02.16	13:45:00	1.18517	1.18571	1.18513	1.18543	427	0	8
2026.02.16	14:00:00	1.18543	1.18595	1.18541	1.18592	296	0	8
2026.02.16	14:15:00	1.18592	1.18624	1.18566	1.18614	414	0	8
2026.02.16	14:30:00	1.18616	1.18632	1.18541	1.18541	478	0	8
2026.02.16	14:45:00	1.18541	1.18563	1.18526	1.18560	377	0	8
2026.02.16	15:00:00	1.18560	1.18567	1.18537	1.18541	373	0	8
2026.02.16	15:15:00	1.18541	1.18555	1.18529	1.18544	303	0	8
2026.02.16	15:30:00	1.18544	1.18564	1.18527	1.18548	368	0	8
2026.02.16	15:45:00	1.18549	1.18549	1.18503	1.18538	332	0	8
2026.02.16	16:00:00	1.18538	1.18562	1.18518	1.18554	456	0	8
2026.02.16	16:15:00	1.18555	1.18558	1.18506	1.18528	287	0	8
2026.02.16	16:30:00	1.18528	1.18545	1.18523	1.18535	182	0	8
2026.02.16	16:45:00	1.18535	1.18539	1.18459	1.18516	438	0	8
2026.02.16	17:00:00	1.18516	1.18533	1.18505	1.18507	235	0	8
2026.02.16	17:15:00	1.18507	1.18514	1.18485	1.18490	241	0	8
2026.02.16	17:30:00	1.18490	1.18499	1.18458	1.18474	166	0	8
2026.02.16	17:45:00	1.18472	1.18490	1.18459	1.18477	132	0	8
2026.02.16	18:00:00	1.18477	1.18495	1.18476	1.18492	144	0	8
2026.02.16	18:15:00	1.18492	1.18494	1.18481	1.18481	96	0	8
2026.02.16	18:30:00	1.18481	1.18509	1.18478	1.18503	104	0	8
2026.02.16	18:45:00	1.18503	1.18506	1.18488	1.18493	115	0	8
2026.02.16	19:00:00	1.18493	1.18519	1.18485	1.18516	143	0	8
2026.02.16	19:15:00	1.18516	1.18520	1.18513	1.18518	62	0	8
2026.02.16	19:30:00	1.18518	1.18530	1.18512	1.18516	81	0	8
2026.02.16	19:45:00	1.18516	1.18538	1.18515	1.18538	79	0	8
2026.02.16	20:00:00	1.18538	1.18542	1.18521	1.18535	101	0	8
2026.02.16	20:15:00	1.18535	1.18542	1.18530	1.18542	65	0	8
2026.02.16	20:30:00	1.18542	1.18547	1.18528	1.18537	81	0	8
2026.02.16	20:45:00	1.18537	1.18543	1.18531	1.18531	88	0	8
2026.02.16	21:00:00	1.18531	1.18542	1.18525	1.18537	65	0	8
2026.02.16	21:15:00	1.18537	1.18537	1.18528	1.18532	56	0	8
2026.02.16	21:30:00	1.18532	1.18532	1.18508	1.18510	85	0	8
2026.02.16	21:45:00	1.18510	1.18516	1.18486	1.18486	131	0	8
2026.02.16	22:00:00	1.18487	1.18510	1.18487	1.18497	48	0	20
2026.02.16	22:15:00	1.18497	1.18510	1.18490	1.18492	51	0	20
2026.02.16	22:30:00	1.18490	1.18510	1.18490	1.18502	74	0	20
2026.02.16	22:45:00	1.18502	1.18509	1.18486	1.18499	80	0	20
2026.02.16	23:00:00	1.18504	1.18514	1.18475	1.18497	189	0	8
2026.02.16	23:15:00	1.18497	1.18497	1.18464	1.18486	179	0	8
2026.02.16	23:30:00	1.18488	1.18497	1.18480	1.18495	124	0	8
2026.02.16	23:45:00	1.18495	1.18502	1.18480	1.18499	138	0	8
2026.02.17	00:00:00	1.18500	1.18518	1.18471	1.18493	377	0	8
2026.02.17	00:15:00	1.18494	1.18502	1.18461	1.18468	291	0	8
2026.02.17	00:30:00	1.18468	1.18476	1.18416	1.18424	356	0	8
2026.02.17	00:45:00	1.18425	1.18455	1.18418	1.18433	347	0	8
2026.02.17	01:00:00	1.18433	1.18443	1.18403	1.18421	464	0	8
2026.02.17	01:15:00	1.18423	1.18432	1.18406	1.18423	329	0	8
2026.02.17	01:30:00	1.18425	1.18439	1.18418	1.18427	280	0	8
2026.02.17	01:45:00	1.18429	1.18442	1.18416	1.18440	338	0	8
2026.02.17	02:00:00	1.18439	1.18469	1.18409	1.18446	386	0	8
2026.02.17	02:15:00	1.18446	1.18458	1.18440	1.18445	203	0	8
2026.02.17	02:30:00	1.18446	1.18448	1.18416	1.18419	191	0	8
2026.02.17	02:45:00	1.18418	1.18423	1.18403	1.18418	175	0	8
2026.02.17	03:00:00	1.18418	1.18421	1.18378	1.18404	365	0	8
2026.02.17	03:15:00	1.18404	1.18416	1.18391	1.18403	183	0	8
2026.02.17	03:30:00	1.18403	1.18404	1.18381	1.18395	290	0	8
2026.02.17	03:45:00	1.18395	1.18419	1.18395	1.18415	211	0	8
2026.02.17	04:00:00	1.18413	1.18415	1.18391	1.18399	233	0	8
2026.02.17	04:15:00	1.18399	1.18421	1.18393	1.18415	186	0	8
2026.02.17	04:30:00	1.18414	1.18420	1.18394	1.18408	233	0	8
2026.02.17	04:45:00	1.18408	1.18420	1.18399	1.18409	170	0	8
2026.02.17	05:00:00	1.18409	1.18416	1.18377	1.18377	194	0	8
2026.02.17	05:15:00	1.18377	1.18397	1.18352	1.18397	407	0	8
2026.02.17	05:30:00	1.18397	1.18414	1.18382	1.18391	358	0	8
2026.02.17	05:45:00	1.18391	1.18416	1.18387	1.18410	271	0	8
2026.02.17	06:00:00	1.18409	1.18453	1.18409	1.18444	316	0	8
2026.02.17	06:15:00	1.18444	1.18447	1.18420	1.18432	268	0	8
2026.02.17	06:30:00	1.18431	1.18449	1.18422	1.18448	286	0	8
2026.02.17	06:45:00	1.18448	1.18454	1.18431	1.18435	200	0	8
2026.02.17	07:00:00	1.18434	1.18440	1.18364	1.18390	581	0	8
2026.02.17	07:15:00	1.18391	1.18398	1.18343	1.18349	409	0	8
2026.02.17	07:30:00	1.18348	1.18356	1.18314	1.18317	503	0	8
2026.02.17	07:45:00	1.18317	1.18334	1.18283	1.18323	516	0	8
2026.02.17	08:00:00	1.18326	1.18351	1.18297	1.18302	611	0	8
2026.02.17	08:15:00	1.18301	1.18377	1.18301	1.18370	515	0	8
2026.02.17	08:30:00	1.18370	1.18398	1.18351	1.18397	475	0	8
2026.02.17	08:45:00	1.18397	1.18436	1.18394	1.18403	457	0	8
2026.02.17	09:00:00	1.18403	1.18430	1.18394	1.18410	409	0	8
2026.02.17	09:15:00	1.18412	1.18472	1.18412	1.18466	436	0	8
2026.02.17	09:30:00	1.18467	1.18494	1.18450	1.18451	286	0	8
2026.02.17	09:45:00	1.18453	1.18473	1.18443	1.18464	278	0	8
2026.02.17	10:00:00	1.18464	1.18470	1.18411	1.18412	445	0	8
2026.02.17	10:15:00	1.18412	1.18454	1.18408	1.18441	331	0	8
2026.02.17	10:30:00	1.18439	1.18464	1.18420	1.18429	400	0	8
2026.02.17	10:45:00	1.18427	1.18448	1.18409	1.18425	388	0	8
2026.02.17	11:00:00	1.18425	1.18441	1.18412	1.18422	362	0	8
2026.02.17	11:15:00	1.18422	1.18439	1.18404	1.18433	267	0	8
2026.02.17	11:30:00	1.18433	1.18434	1.18368	1.18377	372	0	8
2026.02.17	11:45:00	1.18379	1.18379	1.18238	1.18306	509	0	8
2026.02.17	12:00:00	1.18306	1.18350	1.18273	1.18341	523	0	8
2026.02.17	12:15:00	1.18341	1.18354	1.18277	1.18299	450	0	8
2026.02.17	12:30:00	1.18300	1.18324	1.18278	1.18279	399	0	8
2026.02.17	12:45:00	1.18281	1.18307	1.18266	1.18274	504	0	8
2026.02.17	13:00:00	1.18273	1.18301	1.18238	1.18291	624	0	8
2026.02.17	13:15:00	1.18291	1.18294	1.18193	1.18262	686	0	8
2026.02.17	13:30:00	1.18262	1.18277	1.18175	1.18183	745	0	8
2026.02.17	13:45:00	1.18184	1.18270	1.18152	1.18218	1128	0	8
2026.02.17	14:00:00	1.18221	1.18262	1.18162	1.18179	875	0	8
2026.02.17	14:15:00	1.18179	1.18228	1.18161	1.18206	698	0	8
2026.02.17	14:30:00	1.18204	1.18273	1.18188	1.18257	1060	0	8
2026.02.17	14:45:00	1.18257	1.18280	1.18208	1.18233	982	0	8
2026.02.17	15:00:00	1.18234	1.18234	1.18120	1.18139	1139	0	8
2026.02.17	15:15:00	1.18137	1.18173	1.18079	1.18079	759	0	8
2026.02.17	15:30:00	1.18077	1.18109	1.18048	1.18088	817	0	8
2026.02.17	15:45:00	1.18088	1.18122	1.18046	1.18104	850	0	8
2026.02.17	16:00:00	1.18104	1.18223	1.18104	1.18216	844	0	8
2026.02.17	16:15:00	1.18216	1.18302	1.18201	1.18275	704	0	8
2026.02.17	16:30:00	1.18275	1.18348	1.18267	1.18315	747	0	8
2026.02.17	16:45:00	1.18315	1.18339	1.18300	1.18303	582	0	8
2026.02.17	17:00:00	1.18302	1.18372	1.18289	1.18368	679	0	8
2026.02.17	17:15:00	1.18368	1.18392	1.18352	1.18391	529	0	8
2026.02.17	17:30:00	1.18392	1.18418	1.18342	1.18346	582	0	8
2026.02.17	17:45:00	1.18346	1.18409	1.18338	1.18389	500	0	8
2026.02.17	18:00:00	1.18391	1.18427	1.18383	1.18411	491	0	8
2026.02.17	18:15:00	1.18411	1.18480	1.18411	1.18477	412	0	8
2026.02.17	18:30:00	1.18477	1.18515	1.18452	1.18506	468	0	8
2026.02.17	18:45:00	1.18506	1.18530	1.18477	1.18477	460	0	8
2026.02.17	19:00:00	1.18480	1.18502	1.18450	1.18459	367	0	8
2026.02.17	19:15:00	1.18460	1.18463	1.18433	1.18435	269	0	8
2026.02.17	19:30:00	1.18435	1.18464	1.18429	1.18463	319	0	8
2026.02.17	19:45:00	1.18462	1.18485	1.18455	1.18476	334	0	8
2026.02.17	20:00:00	1.18474	1.18504	1.18466	1.18480	333	0	8
2026.02.17	20:15:00	1.18480	1.18485	1.18465	1.18477	187	0	8
2026.02.17	20:30:00	1.18477	1.18501	1.18476	1.18479	245	0	8
2026.02.17	20:45:00	1.18479	1.18522	1.18479	1.18504	297	0	8
2026.02.17	21:00:00	1.18506	1.18526	1.18503	1.18523	171	0	8
2026.02.17	21:15:00	1.18523	1.18529	1.18493	1.18515	164	0	8
2026.02.17	21:30:00	1.18515	1.18544	1.18510	1.18534	144	0	8
2026.02.17	21:45:00	1.18534	1.18535	1.18509	1.18530	174	0	8
2026.02.17	22:00:00	1.18529	1.18529	1.18505	1.18505	57	0	20
2026.02.17	22:15:00	1.18503	1.18505	1.18501	1.18502	70	0	48
2026.02.17	22:30:00	1.18502	1.18523	1.18496	1.18510	108	0	20
2026.02.17	22:45:00	1.18510	1.18524	1.18509	1.18516	123	0	8
2026.02.17	23:00:00	1.18521	1.18571	1.18521	1.18547	244	0	8
2026.02.17	23:15:00	1.18547	1.18550	1.18521	1.18526	187	0	8
2026.02.17	23:30:00	1.18526	1.18529	1.18511	1.18512	166	0	8
2026.02.17	23:45:00	1.18512	1.18533	1.18501	1.18503	247	0	8
2026.02.18	00:00:00	1.18503	1.18532	1.18502	1.18523	330	0	8
2026.02.18	00:15:00	1.18523	1.18532	1.18495	1.18512	260	0	8
2026.02.18	00:30:00	1.18514	1.18531	1.18485	1.18490	255	0	8
2026.02.18	00:45:00	1.18490	1.18514	1.18468	1.18470	340	0	8
2026.02.18	01:00:00	1.18469	1.18479	1.18438	1.18443	378	0	8
2026.02.18	01:15:00	1.18443	1.18446	1.18422	1.18436	271	0	8
2026.02.18	01:30:00	1.18437	1.18456	1.18432	1.18456	229	0	8
2026.02.18	01:45:00	1.18457	1.18465	1.18441	1.18460	194	0	8
2026.02.18	02:00:00	1.18459	1.18472	1.18424	1.18428	300	0	8
2026.02.18	02:15:00	1.18428	1.18453	1.18413	1.18446	250	0	8
2026.02.18	02:30:00	1.18444	1.18454	1.18426	1.18452	209	0	8
2026.02.18	02:45:00	1.18452	1.18459	1.18442	1.18445	195	0	8
2026.02.18	03:00:00	1.18444	1.18464	1.18438	1.18447	183	0	8
2026.02.18	03:15:00	1.18446	1.18449	1.18431	1.18448	187	0	8
2026.02.18	03:30:00	1.18448	1.18450	1.18420	1.18421	196	0	8
2026.02.18	03:45:00	1.18421	1.18424	1.18408	1.18410	169	0	8
2026.02.18	04:00:00	1.18410	1.18415	1.18390	1.18413	204	0	8
2026.02.18	04:15:00	1.18413	1.18435	1.18411	1.18418	178	0	8
2026.02.18	04:30:00	1.18418	1.18431	1.18411	1.18423	131	0	8
2026.02.18	04:45:00	1.18422	1.18429	1.18412	1.18414	134	0	8
2026.02.18	05:00:00	1.18414	1.18448	1.18413	1.18444	152	0	8
2026.02.18	05:15:00	1.18444	1.18449	1.18426	1.18428	128	0	8
2026.02.18	05:30:00	1.18428	1.18442	1.18420	1.18426	175	0	8
2026.02.18	05:45:00	1.18426	1.18456	1.18426	1.18453	115	0	8
2026.02.18	06:00:00	1.18454	1.18460	1.18400	1.18415	223	0	8
2026.02.18	06:15:00	1.18415	1.18436	1.18411	1.18432	204	0	8
2026.02.18	06:30:00	1.18432	1.18444	1.18421	1.18434	229	0	8
2026.02.18	06:45:00	1.18434	1.18457	1.18427	1.18445	215	0	8
2026.02.18	07:00:00	1.18442	1.18462	1.18388	1.18389	502	0	8
2026.02.18	07:15:00	1.18387	1.18389	1.18348	1.18348	363	0	8
2026.02.18	07:30:00	1.18348	1.18375	1.18332	1.18348	354	0	8
2026.02.18	07:45:00	1.18347	1.18369	1.18326	1.18346	381	0	8
2026.02.18	08:00:00	1.18346	1.18374	1.18311	1.18360	609	0	8
2026.02.18	08:15:00	1.18360	1.18379	1.18310	1.18359	481	0	8
2026.02.18	08:30:00	1.18360	1.18369	1.18279	1.18289	461	0	8
2026.02.18	08:45:00	1.18287	1.18324	1.18286	1.18308	481	0	8
2026.02.18	09:00:00	1.18307	1.18384	1.18298	1.18359	506	0	8
2026.02.18	09:15:00	1.18359	1.18360	1.18324	1.18342	388	0	8
2026.02.18	09:30:00	1.18341	1.18350	1.18279	1.18308	352	0	8
2026.02.18	09:45:00	1.18308	1.18377	1.18305	1.18354	432	0	8
2026.02.18	10:00:00	1.18356	1.18401	1.18347	1.18384	433	0	8
2026.02.18	10:15:00	1.18384	1.18404	1.18374	1.18387	230	0	8
2026.02.18	10:30:00	1.18386	1.18389	1.18320	1.18332	375	0	8
2026.02.18	10:45:00	1.18332	1.18357	1.18305	1.18320	383	0	8
2026.02.18	11:00:00	1.18320	1.18328	1.18306	1.18319	282	0	8
2026.02.18	11:15:00	1.18319	1.18333	1.18302	1.18318	294	0	8
2026.02.18	11:30:00	1.18318	1.18347	1.18318	1.18337	300	0	8
2026.02.18	11:45:00	1.18337	1.18375	1.18323	1.18343	345	0	8
2026.02.18	12:00:00	1.18343	1.18378	1.18330	1.18366	360	0	8
2026.02.18	12:15:00	1.18367	1.18426	1.18366	1.18421	348	0	8
2026.02.18	12:30:00	1.18420	1.18469	1.18403	1.18435	402	0	8
2026.02.18	12:45:00	1.18435	1.18441	1.18381	1.18397	480	0	8
2026.02.18	13:00:00	1.18396	1.18482	1.18395	1.18442	531	0	8
2026.02.18	13:15:00	1.18442	1.18459	1.18369	1.18372	466	0	8
2026.02.18	13:30:00	1.18371	1.18386	1.18312	1.18319	704	0	8
2026.02.18	13:45:00	1.18321	1.18329	1.18233	1.18234	685	0	8
2026.02.18	14:00:00	1.18236	1.18274	1.18213	1.18234	623	0	8
2026.02.18	14:15:00	1.18235	1.18235	1.18119	1.18174	1030	0	8
2026.02.18	14:30:00	1.18175	1.18216	1.18159	1.18162	918	0	8
2026.02.18	14:45:00	1.18162	1.18201	1.18138	1.18150	749	0	8
2026.02.18	15:00:00	1.18152	1.18265	1.18131	1.18199	981	0	8
2026.02.18	15:15:00	1.18201	1.18204	1.18146	1.18186	717	0	8
2026.02.18	15:30:00	1.18188	1.18241	1.18178	1.18227	672	0	8
2026.02.18	15:45:00	1.18228	1.18260	1.18157	1.18222	701	0	8
2026.02.18	16:00:00	1.18222	1.18258	1.18150	1.18186	730	0	8
2026.02.18	16:15:00	1.18186	1.18188	1.18114	1.18124	660	0	8
2026.02.18	16:30:00	1.18126	1.18171	1.18094	1.18108	600	0	8
2026.02.18	16:45:00	1.18109	1.18140	1.18089	1.18089	491	0	8
2026.02.18	17:00:00	1.18091	1.18139	1.18055	1.18117	456	0	8
2026.02.18	17:15:00	1.18116	1.18118	1.18063	1.18090	394	0	8
2026.02.18	17:30:00	1.18090	1.18096	1.18015	1.18051	464	0	8
2026.02.18	17:45:00	1.18052	1.18061	1.18024	1.18060	526	0	8
2026.02.18	18:00:00	1.18057	1.18071	1.18013	1.18018	429	0	8
2026.02.18	18:15:00	1.18018	1.18022	1.17929	1.17939	501	0	8
2026.02.18	18:30:00	1.17938	1.17943	1.17894	1.17901	645	0	8
2026.02.18	18:45:00	1.17899	1.17917	1.17872	1.17900	441	0	8
2026.02.18	19:00:00	1.17899	1.17950	1.17851	1.17874	1366	0	8
2026.02.18	19:15:00	1.17874	1.17888	1.17845	1.17847	455	0	8
2026.02.18	19:30:00	1.17847	1.17883	1.17832	1.17849	554	0	8
2026.02.18	19:45:00	1.17849	1.17872	1.17835	1.17870	439	0	8
2026.02.18	20:00:00	1.17870	1.17899	1.17846	1.17853	377	0	8
2026.02.18	20:15:00	1.17853	1.17862	1.17824	1.17825	260	0	8
2026.02.18	20:30:00	1.17824	1.17862	1.17815	1.17824	401	0	8
2026.02.18	20:45:00	1.17824	1.17847	1.17819	1.17834	282	0	8
2026.02.18	21:00:00	1.17835	1.17869	1.17824	1.17846	279	0	8
2026.02.18	21:15:00	1.17847	1.17871	1.17844	1.17864	236	0	8
2026.02.18	21:30:00	1.17864	1.17865	1.17833	1.17850	188	0	8
2026.02.18	21:45:00	1.17850	1.17853	1.17817	1.17827	231	0	8
2026.02.18	22:00:00	1.17827	1.17827	1.17801	1.17814	73	0	20
2026.02.18	22:15:00	1.17815	1.17828	1.17814	1.17821	62	0	20
2026.02.18	22:30:00	1.17822	1.17840	1.17818	1.17833	156	0	20
2026.02.18	22:45:00	1.17833	1.17853	1.17832	1.17853	65	0	8
2026.02.18	23:00:00	1.17853	1.17889	1.17853	1.17888	225	0	8
2026.02.18	23:15:00	1.17890	1.17894	1.17870	1.17886	176	0	8
2026.02.18	23:30:00	1.17886	1.17892	1.17876	1.17882	140	0	8
2026.02.18	23:45:00	1.17882	1.17883	1.17871	1.17883	117	0	8
2026.02.19	00:00:00	1.17883	1.17885	1.17869	1.17875	222	0	8
2026.02.19	00:15:00	1.17875	1.17894	1.17859	1.17892	197	0	8
2026.02.19	00:30:00	1.17892	1.17904	1.17848	1.17853	351	0	8
2026.02.19	00:45:00	1.17853	1.17915	1.17853	1.17897	323	0	8
2026.02.19	01:00:00	1.17897	1.17938	1.17891	1.17937	351	0	8
2026.02.19	01:15:00	1.17937	1.17947	1.17904	1.17910	276	0	8
2026.02.19	01:30:00	1.17910	1.17924	1.17900	1.17911	273	0	8
2026.02.19	01:45:00	1.17912	1.17947	1.17911	1.17942	228	0	8
2026.02.19	02:00:00	1.17941	1.17946	1.17923	1.17935	282	0	8
2026.02.19	02:15:00	1.17935	1.17947	1.17911	1.17926	270	0	8
2026.02.19	02:30:00	1.17926	1.17952	1.17922	1.17946	207	0	8
2026.02.19	02:45:00	1.17946	1.17946	1.17902	1.17905	207	0	8
2026.02.19	03:00:00	1.17905	1.17925	1.17904	1.17918	204	0	8
2026.02.19	03:15:00	1.17918	1.17924	1.17877	1.17888	194	0	8
2026.02.19	03:30:00	1.17888	1.17909	1.17874	1.17891	323	0	8
2026.02.19	03:45:00	1.17891	1.17908	1.17875	1.17903	262	0	8
2026.02.19	04:00:00	1.17905	1.17913	1.17867	1.17872	240	0	8
2026.02.19	04:15:00	1.17872	1.17882	1.17850	1.17859	213	0	8
2026.02.19	04:30:00	1.17860	1.17888	1.17849	1.17851	238	0	8
2026.02.19	04:45:00	1.17851	1.17899	1.17844	1.17891	228	0	8
2026.02.19	05:00:00	1.17890	1.17890	1.17866	1.17871	221	0	8
2026.02.19	05:15:00	1.17871	1.17902	1.17864	1.17897	199	0	8
2026.02.19	05:30:00	1.17897	1.17922	1.17892	1.17919	211	0	8
2026.02.19	05:45:00	1.17920	1.17923	1.17896	1.17913	208	0	8
2026.02.19	06:00:00	1.17913	1.17928	1.17894	1.17927	235	0	8
2026.02.19	06:15:00	1.17925	1.17984	1.17925	1.17980	323	0	8
2026.02.19	06:30:00	1.17979	1.17988	1.17959	1.17976	259	0	8
2026.02.19	06:45:00	1.17976	1.18004	1.17968	1.17980	297	0	8
2026.02.19	07:00:00	1.17978	1.17978	1.17926	1.17944	380	0	8
2026.02.19	07:15:00	1.17942	1.17952	1.17922	1.17947	365	0	8
2026.02.19	07:30:00	1.17947	1.18016	1.17947	1.18003	390	0	8
2026.02.19	07:45:00	1.18003	1.18031	1.17980	1.18002	490	0	8
2026.02.19	08:00:00	1.18001	1.18028	1.17975	1.17981	499	0	8
2026.02.19	08:15:00	1.17981	1.18039	1.17970	1.17977	488	0	8
2026.02.19	08:30:00	1.17979	1.18036	1.17979	1.18034	398	0	8
2026.02.19	08:45:00	1.18033	1.18049	1.17973	1.18007	470	0	8
2026.02.19	09:00:00	1.18009	1.18072	1.18004	1.18066	372	0	8
2026.02.19	09:15:00	1.18066	1.18066	1.17998	1.18008	472	0	8
2026.02.19	09:30:00	1.18008	1.18037	1.17982	1.18007	422	0	8
2026.02.19	09:45:00	1.18008	1.18039	1.17993	1.17994	411	0	8
2026.02.19	10:00:00	1.17996	1.18026	1.17959	1.17962	634	0	8
2026.02.19	10:15:00	1.17963	1.17969	1.17896	1.17899	419	0	8
2026.02.19	10:30:00	1.17901	1.17945	1.17894	1.17917	356	0	8
2026.02.19	10:45:00	1.17918	1.17930	1.17869	1.17889	374	0	8
2026.02.19	11:00:00	1.17887	1.17901	1.17869	1.17885	352	0	8
2026.02.19	11:15:00	1.17884	1.17891	1.17806	1.17811	493	0	8
2026.02.19	11:30:00	1.17811	1.17818	1.17762	1.17774	452	0	8
2026.02.19	11:45:00	1.17775	1.17807	1.17769	1.17806	448	0	8
2026.02.19	12:00:00	1.17805	1.17806	1.17752	1.17759	471	0	8
2026.02.19	12:15:00	1.17760	1.17766	1.17715	1.17743	531	0	8
2026.02.19	12:30:00	1.17743	1.17796	1.17708	1.17736	531	0	8
2026.02.19	12:45:00	1.17736	1.17736	1.17666	1.17692	485	0	8
2026.02.19	13:00:00	1.17691	1.17698	1.17519	1.17587	906	0	8
2026.02.19	13:15:00	1.17587	1.17644	1.17552	1.17603	740	0	8
2026.02.19	13:30:00	1.17598	1.17626	1.17541	1.17566	963	0	8
2026.02.19	13:45:00	1.17564	1.17653	1.17511	1.17651	788	0	8
2026.02.19	14:00:00	1.17650	1.17660	1.17473	1.17482	969	0	8
2026.02.19	14:15:00	1.17481	1.17523	1.17416	1.17481	911	0	8
2026.02.19	14:30:00	1.17484	1.17528	1.17442	1.17514	1320	0	8
2026.02.19	14:45:00	1.17514	1.17529	1.17447	1.17513	1072	0	8
2026.02.19	15:00:00	1.17514	1.17723	1.17477	1.17618	1658	0	8
2026.02.19	15:15:00	1.17616	1.17715	1.17610	1.17647	1612	0	8
2026.02.19	15:30:00	1.17644	1.17679	1.17628	1.17637	1027	0	8
2026.02.19	15:45:00	1.17638	1.17750	1.17603	1.17629	1232	0	8
2026.02.19	16:00:00	1.17628	1.17687	1.17578	1.17637	948	0	8
2026.02.19	16:15:00	1.17636	1.17677	1.17619	1.17636	802	0	8
2026.02.19	16:30:00	1.17636	1.17704	1.17634	1.17669	642	0	8
2026.02.19	16:45:00	1.17669	1.17673	1.17589	1.17608	618	0	8
2026.02.19	17:00:00	1.17608	1.17614	1.17556	1.17595	765	0	8
2026.02.19	17:15:00	1.17595	1.17658	1.17590	1.17649	596	0	8
2026.02.19	17:30:00	1.17652	1.17666	1.17609	1.17659	488	0	8
2026.02.19	17:45:00	1.17660	1.17676	1.17641	1.17654	390	0	8
2026.02.19	18:00:00	1.17654	1.17703	1.17643	1.17697	431	0	8
2026.02.19	18:15:00	1.17698	1.17715	1.17676	1.17695	354	0	8
2026.02.19	18:30:00	1.17693	1.17733	1.17688	1.17722	376	0	8
2026.02.19	18:45:00	1.17723	1.17738	1.17675	1.17680	368	0	8
2026.02.19	19:00:00	1.17682	1.17716	1.17673	1.17683	397	0	8
2026.02.19	19:15:00	1.17683	1.17707	1.17654	1.17680	357	0	8
2026.02.19	19:30:00	1.17680	1.17691	1.17586	1.17636	491	0	8
2026.02.19	19:45:00	1.17637	1.17656	1.17616	1.17634	426	0	8
2026.02.19	20:00:00	1.17634	1.17679	1.17629	1.17659	273	0	8
2026.02.19	20:15:00	1.17659	1.17669	1.17635	1.17660	282	0	8
2026.02.19	20:30:00	1.17658	1.17663	1.17631	1.17657	265	0	8
2026.02.19	20:45:00	1.17657	1.17685	1.17654	1.17684	244	0	8
2026.02.19	21:00:00	1.17682	1.17706	1.17673	1.17703	180	0	8
2026.02.19	21:15:00	1.17703	1.17740	1.17703	1.17722	293	0	8
2026.02.19	21:30:00	1.17721	1.17772	1.17721	1.17764	279	0	8
2026.02.19	21:45:00	1.17764	1.17778	1.17699	1.17704	285	0	8
2026.02.19	22:00:00	1.17701	1.17710	1.17689	1.17698	43	0	20
2026.02.19	22:15:00	1.17699	1.17709	1.17699	1.17707	92	0	48
2026.02.19	22:30:00	1.17706	1.17724	1.17697	1.17719	148	0	20
2026.02.19	22:45:00	1.17704	1.17723	1.17689	1.17701	123	0	20
2026.02.19	23:00:00	1.17707	1.17756	1.17703	1.17739	248	0	8
2026.02.19	23:15:00	1.17739	1.17745	1.17721	1.17723	109	0	8
2026.02.19	23:30:00	1.17723	1.17725	1.17693	1.17696	197	0	8
2026.02.19	23:45:00	1.17696	1.17702	1.17680	1.17680	184	0	8
2026.02.20	00:00:00	1.17683	1.17711	1.17665	1.17669	327	0	8
2026.02.20	00:15:00	1.17669	1.17693	1.17664	1.17677	209	0	8
2026.02.20	00:30:00	1.17679	1.17692	1.17664	1.17682	235	0	8
2026.02.20	00:45:00	1.17681	1.17720	1.17674	1.17701	440	0	8
2026.02.20	01:00:00	1.17699	1.17713	1.17655	1.17663	473	0	8
2026.02.20	01:15:00	1.17662	1.17685	1.17608	1.17628	498	0	8
2026.02.20	01:30:00	1.17628	1.17631	1.17558	1.17576	389	0	8
2026.02.20	01:45:00	1.17574	1.17595	1.17548	1.17586	478	0	8
2026.02.20	02:00:00	1.17586	1.17596	1.17554	1.17579	421	0	8
2026.02.20	02:15:00	1.17580	1.17582	1.17549	1.17561	354	0	8
2026.02.20	02:30:00	1.17563	1.17571	1.17550	1.17550	231	0	8
2026.02.20	02:45:00	1.17551	1.17558	1.17530	1.17544	274	0	8
2026.02.20	03:00:00	1.17544	1.17584	1.17544	1.17578	232	0	8
2026.02.20	03:15:00	1.17578	1.17587	1.17546	1.17551	187	0	8
2026.02.20	03:30:00	1.17551	1.17572	1.17545	1.17559	187	0	8
2026.02.20	03:45:00	1.17559	1.17582	1.17559	1.17567	198	0	8
2026.02.20	04:00:00	1.17566	1.17592	1.17566	1.17584	191	0	8
2026.02.20	04:15:00	1.17585	1.17596	1.17571	1.17573	197	0	8
2026.02.20	04:30:00	1.17573	1.17574	1.17533	1.17544	197	0	8
2026.02.20	04:45:00	1.17544	1.17547	1.17523	1.17527	182	0	8
2026.02.20	05:00:00	1.17528	1.17542	1.17500	1.17519	242	0	8
2026.02.20	05:15:00	1.17519	1.17557	1.17515	1.17539	218	0	8
2026.02.20	05:30:00	1.17539	1.17549	1.17511	1.17521	219	0	8
2026.02.20	05:45:00	1.17519	1.17564	1.17496	1.17550	372	0	8
2026.02.20	06:00:00	1.17550	1.17561	1.17522	1.17524	352	0	8
2026.02.20	06:15:00	1.17524	1.17551	1.17524	1.17541	265	0	8
2026.02.20	06:30:00	1.17541	1.17556	1.17522	1.17535	292	0	8
2026.02.20	06:45:00	1.17535	1.17565	1.17514	1.17546	274	0	8
2026.02.20	07:00:00	1.17544	1.17612	1.17542	1.17612	663	0	8
2026.02.20	07:15:00	1.17609	1.17619	1.17580	1.17581	341	0	8
2026.02.20	07:30:00	1.17581	1.17624	1.17531	1.17570	521	0	8
2026.02.20	07:45:00	1.17570	1.17575	1.17492	1.17511	549	0	8
2026.02.20	08:00:00	1.17510	1.17535	1.17431	1.17471	780	0	8
2026.02.20	08:15:00	1.17464	1.17574	1.17463	1.17549	542	0	8
2026.02.20	08:30:00	1.17554	1.17631	1.17554	1.17571	678	0	8
2026.02.20	08:45:00	1.17571	1.17631	1.17568	1.17607	604	0	8
2026.02.20	09:00:00	1.17606	1.17656	1.17579	1.17641	547	0	8
2026.02.20	09:15:00	1.17644	1.17676	1.17633	1.17664	454	0	8
2026.02.20	09:30:00	1.17665	1.17676	1.17637	1.17663	424	0	8
2026.02.20	09:45:00	1.17661	1.17677	1.17636	1.17665	426	0	8
2026.02.20	10:00:00	1.17665	1.17683	1.17628	1.17640	367	0	8
2026.02.20	10:15:00	1.17640	1.17640	1.17569	1.17592	469	0	8
2026.02.20	10:30:00	1.17592	1.17671	1.17578	1.17644	445	0	8
2026.02.20	10:45:00	1.17644	1.17665	1.17619	1.17634	470	0	8
2026.02.20	11:00:00	1.17632	1.17634	1.17597	1.17620	371	0	8
2026.02.20	11:15:00	1.17620	1.17654	1.17603	1.17643	267	0	8
2026.02.20	11:30:00	1.17644	1.17672	1.17598	1.17663	362	0	8
2026.02.20	11:45:00	1.17663	1.17686	1.17653	1.17668	314	0	8
2026.02.20	12:00:00	1.17668	1.17688	1.17636	1.17641	401	0	8
2026.02.20	12:15:00	1.17642	1.17685	1.17629	1.17669	377	0	8
2026.02.20	12:30:00	1.17669	1.17687	1.17631	1.17685	437	0	8
2026.02.20	12:45:00	1.17683	1.17708	1.17643	1.17651	486	0	8
2026.02.20	13:00:00	1.17653	1.17696	1.17647	1.17682	498	0	8
2026.02.20	13:15:00	1.17684	1.17770	1.17662	1.17763	711	0	8
2026.02.20	13:30:00	1.17765	1.17861	1.17576	1.17627	1797	0	8
2026.02.20	13:45:00	1.17629	1.17710	1.17566	1.17689	941	0	8
2026.02.20	14:00:00	1.17687	1.17701	1.17596	1.17641	754	0	8
2026.02.20	14:15:00	1.17641	1.17682	1.17617	1.17624	721	0	8
2026.02.20	14:30:00	1.17625	1.17645	1.17555	1.17629	1051	0	8
2026.02.20	14:45:00	1.17631	1.17685	1.17612	1.17674	875	0	8
2026.02.20	15:00:00	1.17675	1.17990	1.17551	1.17952	4923	0	8
2026.02.20	15:15:00	1.17949	1.18071	1.17901	1.17987	3623	0	8
2026.02.20	15:30:00	1.17990	1.18031	1.17874	1.17958	2979	0	8
2026.02.20	15:45:00	1.17958	1.17967	1.17819	1.17878	1702	0	8
2026.02.20	16:00:00	1.17879	1.17979	1.17847	1.17921	1416	0	8
2026.02.20	16:15:00	1.17923	1.17935	1.17759	1.17804	1300	0	8
2026.02.20	16:30:00	1.17806	1.17808	1.17741	1.17754	904	0	8
2026.02.20	16:45:00	1.17755	1.17821	1.17733	1.17798	760	0	8
2026.02.20	17:00:00	1.17799	1.17846	1.17736	1.17760	831	0	8
2026.02.20	17:15:00	1.17759	1.17759	1.17652	1.17692	766	0	8
2026.02.20	17:30:00	1.17693	1.17766	1.17688	1.17762	811	0	8
2026.02.20	17:45:00	1.17762	1.17842	1.17728	1.17798	986	0	8
2026.02.20	18:00:00	1.17797	1.17843	1.17763	1.17824	725	0	8
2026.02.20	18:15:00	1.17825	1.17899	1.17793	1.17883	1072	0	8
2026.02.20	18:30:00	1.17884	1.17986	1.17816	1.17923	1951	0	8
2026.02.20	18:45:00	1.17921	1.17968	1.17844	1.17854	1235	0	8
2026.02.20	19:00:00	1.17856	1.17892	1.17818	1.17839	824	0	8
2026.02.20	19:15:00	1.17839	1.17860	1.17784	1.17809	444	0	8
2026.02.20	19:30:00	1.17811	1.17819	1.17787	1.17803	348	0	8
2026.02.20	19:45:00	1.17803	1.17843	1.17780	1.17803	487	0	8
2026.02.20	20:00:00	1.17803	1.17812	1.17771	1.17794	462	0	8
2026.02.20	20:15:00	1.17793	1.17831	1.17778	1.17822	305	0	8
2026.02.20	20:30:00	1.17822	1.17865	1.17796	1.17853	348	0	8
2026.02.20	20:45:00	1.17853	1.17870	1.17842	1.17859	338	0	8
2026.02.20	21:00:00	1.17859	1.17908	1.17848	1.17907	298	0	8
2026.02.20	21:15:00	1.17907	1.17911	1.17874	1.17898	205	0	8
2026.02.20	21:30:00	1.17899	1.17906	1.17826	1.17828	261	0	8
2026.02.20	21:45:00	1.17827	1.17873	1.17792	1.17805	373	0	8
