<DATE>	<TIME>	<OPEN>	<HIGH>	<LOW>	<CLOSE>	<TICKVOL>	<VOL>	<SPREAD>
2025.10.01	00:00:00	1.34420	1.34420	1.34353	1.34364	624	0	10
2025.10.01	00:15:00	1.34364	1.34427	1.34359	1.34412	496	0	10
2025.10.01	00:30:00	1.34411	1.34427	1.34389	1.34401	387	0	10
2025.10.01	00:45:00	1.34401	1.34439	1.34388	1.34403	349	0	10
2025.10.01	01:00:00	1.34403	1.34414	1.34343	1.34382	396	0	10
2025.10.01	01:15:00	1.34382	1.34418	1.34378	1.34407	325	0	10
2025.10.01	01:30:00	1.34408	1.34418	1.34372	1.34414	346	0	10
2025.10.01	01:45:00	1.34413	1.34420	1.34377	1.34415	279	0	10
2025.10.01	02:00:00	1.34415	1.34434	1.34382	1.34384	336	0	10
2025.10.01	02:15:00	1.34384	1.34429	1.34384	1.34404	320	0	10
2025.10.01	02:30:00	1.34404	1.34411	1.34345	1.34365	381	0	10
2025.10.01	02:45:00	1.34365	1.34422	1.34363	1.34408	329	0	10
2025.10.01	03:00:00	1.34411	1.34423	1.34382	1.34390	354	0	10
2025.10.01	03:15:00	1.34390	1.34399	1.34370	1.34393	292	0	10
2025.10.01	03:30:00	1.34393	1.34394	1.34353	1.34380	248	0	10
2025.10.01	03:45:00	1.34380	1.34420	1.34375	1.34403	305	0	10
2025.10.01	04:00:00	1.34403	1.34462	1.34403	1.34441	327	0	10
2025.10.01	04:15:00	1.34442	1.34474	1.34440	1.34469	295	0	10
2025.10.01	04:30:00	1.34470	1.34523	1.34470	1.34513	328	0	10
2025.10.01	04:45:00	1.34512	1.34638	1.34507	1.34626	432	0	10
2025.10.01	05:00:00	1.34628	1.34719	1.34590	1.34618	853	0	10
2025.10.01	05:15:00	1.34617	1.34664	1.34599	1.34619	500	0	10
2025.10.01	05:30:00	1.34619	1.34629	1.34597	1.34602	303	0	10
2025.10.01	05:45:00	1.34602	1.34605	1.34550	1.34553	418	0	10
2025.10.01	06:00:00	1.34553	1.34659	1.34546	1.34617	829	0	10
2025.10.01	06:15:00	1.34617	1.34674	1.34583	1.34670	774	0	10
2025.10.01	06:30:00	1.34667	1.34775	1.34650	1.34760	922	0	10
2025.10.01	06:45:00	1.34761	1.34772	1.34651	1.34656	1134	0	10
2025.10.01	07:00:00	1.34655	1.34769	1.34655	1.34742	1348	0	10
2025.10.01	07:15:00	1.34741	1.34772	1.34557	1.34574	1099	0	10
2025.10.01	07:30:00	1.34571	1.34661	1.34530	1.34591	1338	0	10
2025.10.01	07:45:00	1.34592	1.34700	1.34581	1.34667	1173	0	10
2025.10.01	08:00:00	1.34671	1.34729	1.34659	1.34679	1152	0	10
2025.10.01	08:15:00	1.34680	1.34764	1.34669	1.34714	1089	0	10
2025.10.01	08:30:00	1.34713	1.34799	1.34693	1.34747	963	0	10
2025.10.01	08:45:00	1.34749	1.34763	1.34662	1.34670	760	0	10
2025.10.01	09:00:00	1.34668	1.34734	1.34662	1.34709	685	0	10
2025.10.01	09:15:00	1.34710	1.34718	1.34654	1.34702	656	0	10
2025.10.01	09:30:00	1.34702	1.34748	1.34659	1.34723	821	0	10
2025.10.01	09:45:00	1.34721	1.34745	1.34619	1.34643	852	0	10
2025.10.01	10:00:00	1.34639	1.34677	1.34612	1.34671	885	0	10
2025.10.01	10:15:00	1.34667	1.34685	1.34589	1.34597	915	0	10
2025.10.01	10:30:00	1.34599	1.34723	1.34572	1.34703	748	0	10
2025.10.01	10:45:00	1.34705	1.34759	1.34680	1.34709	699	0	10
2025.10.01	11:00:00	1.34708	1.34807	1.34700	1.34780	827	0	10
2025.10.01	11:15:00	1.34780	1.34851	1.34780	1.34841	672	0	10
2025.10.01	11:30:00	1.34839	1.34865	1.34808	1.34851	654	0	10
2025.10.01	11:45:00	1.34852	1.34881	1.34797	1.34819	632	0	10
2025.10.01	12:00:00	1.34815	1.34836	1.34690	1.34742	974	0	10
2025.10.01	12:15:00	1.34743	1.35189	1.34718	1.35008	3590	0	10
2025.10.01	12:30:00	1.35007	1.35178	1.35000	1.35175	2672	0	10
2025.10.01	12:45:00	1.35174	1.35214	1.35066	1.35120	1803	0	10
2025.10.01	13:00:00	1.35122	1.35199	1.35071	1.35135	1444	0	10
2025.10.01	13:15:00	1.35134	1.35177	1.35060	1.35162	1256	0	10
2025.10.01	13:30:00	1.35161	1.35272	1.35156	1.35250	1238	0	10
2025.10.01	13:45:00	1.35247	1.35262	1.35107	1.35167	1180	0	10
2025.10.01	14:00:00	1.35164	1.35240	1.34974	1.34974	1832	0	10
2025.10.01	14:15:00	1.34973	1.35052	1.34923	1.35018	1270	0	10
2025.10.01	14:30:00	1.35018	1.35139	1.35014	1.35119	1128	0	10
2025.10.01	14:45:00	1.35119	1.35187	1.34932	1.35063	3884	0	10
2025.10.01	15:00:00	1.35060	1.35077	1.34825	1.34845	1789	0	10
2025.10.01	15:15:00	1.34847	1.34854	1.34719	1.34753	1345	0	10
2025.10.01	15:30:00	1.34756	1.34833	1.34724	1.34791	1105	0	10
2025.10.01	15:45:00	1.34794	1.34819	1.34702	1.34716	795	0	10
2025.10.01	16:00:00	1.34711	1.34766	1.34649	1.34700	913	0	10
2025.10.01	16:15:00	1.34699	1.34757	1.34674	1.34742	609	0	10
2025.10.01	16:30:00	1.34743	1.34745	1.34650	1.34660	639	0	10
2025.10.01	16:45:00	1.34660	1.34753	1.34659	1.34737	653	0	10
2025.10.01	17:00:00	1.34737	1.34778	1.34717	1.34767	556	0	10
2025.10.01	17:15:00	1.34766	1.34786	1.34757	1.34762	395	0	10
2025.10.01	17:30:00	1.34762	1.34765	1.34709	1.34725	433	0	10
2025.10.01	17:45:00	1.34729	1.34750	1.34710	1.34722	469	0	10
2025.10.01	18:00:00	1.34722	1.34776	1.34678	1.34772	513	0	10
2025.10.01	18:15:00	1.34772	1.34830	1.34768	1.34824	457	0	10
2025.10.01	18:30:00	1.34824	1.34861	1.34820	1.34842	591	0	10
2025.10.01	18:45:00	1.34841	1.34892	1.34830	1.34853	603	0	10
2025.10.01	19:00:00	1.34855	1.34877	1.34800	1.34817	362	0	10
2025.10.01	19:15:00	1.34817	1.34821	1.34789	1.34813	311	0	10
2025.10.01	19:30:00	1.34814	1.34856	1.34806	1.34821	322	0	10
2025.10.01	19:45:00	1.34821	1.34836	1.34778	1.34793	355	0	10
2025.10.01	20:00:00	1.34794	1.34798	1.34741	1.34751	255	0	10
2025.10.01	20:15:00	1.34751	1.34758	1.34717	1.34725	241	0	10
2025.10.01	20:30:00	1.34725	1.34748	1.34724	1.34736	171	0	10
2025.10.01	20:45:00	1.34738	1.34767	1.34712	1.34748	1112	0	10
2025.10.01	21:00:00	1.34744	1.34759	1.34735	1.34740	58	0	20
2025.10.01	21:15:00	1.34739	1.34755	1.34733	1.34753	129	0	28
2025.10.01	21:30:00	1.34753	1.34761	1.34737	1.34755	230	0	17
2025.10.01	21:45:00	1.34756	1.34773	1.34696	1.34696	194	0	28
2025.10.01	22:00:00	1.34801	1.34809	1.34754	1.34779	233	0	10
2025.10.01	22:15:00	1.34779	1.34814	1.34778	1.34804	162	0	10
2025.10.01	22:30:00	1.34804	1.34813	1.34786	1.34801	147	0	10
2025.10.01	22:45:00	1.34800	1.34801	1.34786	1.34789	101	0	10
2025.10.01	23:00:00	1.34789	1.34820	1.34785	1.34808	141	0	10
2025.10.01	23:15:00	1.34808	1.34828	1.34797	1.34827	125	0	10
2025.10.01	23:30:00	1.34827	1.34827	1.34807	1.34817	145	0	10
2025.10.01	23:45:00	1.34817	1.34817	1.34774	1.34779	264	0	10
2025.10.02	00:00:00	1.34777	1.34783	1.34703	1.34709	523	0	10
2025.10.02	00:15:00	1.34709	1.34739	1.34692	1.34707	398	0	10
2025.10.02	00:30:00	1.34706	1.34720	1.34688	1.34710	377	0	10
2025.10.02	00:45:00	1.34710	1.34740	1.34687	1.34689	540	0	10
2025.10.02	01:00:00	1.34692	1.34747	1.34667	1.34736	563	0	10
2025.10.02	01:15:00	1.34736	1.34814	1.34730	1.34793	425	0	10
2025.10.02	01:30:00	1.34793	1.34835	1.34789	1.34800	432	0	10
2025.10.02	01:45:00	1.34800	1.34838	1.34800	1.34836	332	0	10
2025.10.02	02:00:00	1.34837	1.34874	1.34814	1.34849	348	0	10
2025.10.02	02:15:00	1.34849	1.34849	1.34798	1.34825	298	0	10
2025.10.02	02:30:00	1.34824	1.34837	1.34802	1.34803	252	0	10
2025.10.02	02:45:00	1.34803	1.34829	1.34788	1.34805	267	0	10
2025.10.02	03:00:00	1.34807	1.34808	1.34754	1.34805	281	0	10
2025.10.02	03:15:00	1.34805	1.34809	1.34784	1.34787	234	0	10
2025.10.02	03:30:00	1.34787	1.34789	1.34758	1.34762	281	0	10
2025.10.02	03:45:00	1.34761	1.34789	1.34761	1.34777	232	0	10
2025.10.02	04:00:00	1.34777	1.34786	1.34748	1.34753	235	0	10
2025.10.02	04:15:00	1.34753	1.34775	1.34753	1.34768	216	0	10
2025.10.02	04:30:00	1.34768	1.34773	1.34736	1.34743	265	0	10
2025.10.02	04:45:00	1.34743	1.34769	1.34737	1.34750	240	0	10
2025.10.02	05:00:00	1.34750	1.34785	1.34683	1.34692	549	0	10
2025.10.02	05:15:00	1.34691	1.34737	1.34691	1.34728	292	0	10
2025.10.02	05:30:00	1.34731	1.34777	1.34717	1.34769	337	0	10
2025.10.02	05:45:00	1.34769	1.34781	1.34735	1.34745	322	0	10
2025.10.02	06:00:00	1.34746	1.34819	1.34746	1.34778	646	0	10
2025.10.02	06:15:00	1.34779	1.34797	1.34760	1.34775	428	0	10
2025.10.02	06:30:00	1.34777	1.34857	1.34735	1.34757	924	0	10
2025.10.02	06:45:00	1.34754	1.34892	1.34726	1.34892	1072	0	10
2025.10.02	07:00:00	1.34890	1.35000	1.34867	1.34968	1024	0	10
2025.10.02	07:15:00	1.34967	1.34987	1.34887	1.34888	801	0	10
2025.10.02	07:30:00	1.34888	1.34960	1.34883	1.34959	700	0	10
2025.10.02	07:45:00	1.34960	1.35005	1.34915	1.34940	787	0	10
2025.10.02	08:00:00	1.34942	1.34998	1.34914	1.34976	747	0	10
2025.10.02	08:15:00	1.34974	1.35010	1.34931	1.34952	677	0	10
2025.10.02	08:30:00	1.34954	1.34986	1.34910	1.34965	665	0	10
2025.10.02	08:45:00	1.34964	1.35099	1.34947	1.35039	731	0	10
2025.10.02	09:00:00	1.35036	1.35075	1.34973	1.35034	728	0	10
2025.10.02	09:15:00	1.35034	1.35058	1.34985	1.35011	709	0	10
2025.10.02	09:30:00	1.35010	1.35062	1.34965	1.34995	603	0	10
2025.10.02	09:45:00	1.34996	1.35020	1.34971	1.34985	647	0	10
2025.10.02	10:00:00	1.34985	1.34985	1.34906	1.34916	736	0	10
2025.10.02	10:15:00	1.34917	1.34925	1.34845	1.34867	509	0	10
2025.10.02	10:30:00	1.34869	1.34897	1.34802	1.34818	561	0	10
2025.10.02	10:45:00	1.34817	1.34855	1.34795	1.34797	551	0	10
2025.10.02	11:00:00	1.34798	1.34829	1.34710	1.34768	724	0	10
2025.10.02	11:15:00	1.34768	1.34775	1.34728	1.34736	608	0	10
2025.10.02	11:30:00	1.34736	1.34794	1.34704	1.34778	771	0	10
2025.10.02	11:45:00	1.34778	1.34787	1.34702	1.34759	863	0	10
2025.10.02	12:00:00	1.34760	1.34807	1.34742	1.34796	820	0	10
2025.10.02	12:15:00	1.34800	1.34828	1.34778	1.34809	621	0	10
2025.10.02	12:30:00	1.34808	1.34812	1.34691	1.34719	815	0	10
2025.10.02	12:45:00	1.34721	1.34731	1.34633	1.34657	932	0	10
2025.10.02	13:00:00	1.34658	1.34685	1.34561	1.34561	1024	0	10
2025.10.02	13:15:00	1.34560	1.34596	1.34514	1.34574	941	0	10
2025.10.02	13:30:00	1.34576	1.34605	1.34354	1.34365	1246	0	10
2025.10.02	13:45:00	1.34363	1.34414	1.34259	1.34302	1277	0	10
2025.10.02	14:00:00	1.34301	1.34304	1.34154	1.34215	1476	0	10
2025.10.02	14:15:00	1.34218	1.34235	1.34145	1.34225	1173	0	10
2025.10.02	14:30:00	1.34224	1.34240	1.34164	1.34167	1067	0	10
2025.10.02	14:45:00	1.34169	1.34242	1.34111	1.34204	1411	0	10
2025.10.02	15:00:00	1.34202	1.34268	1.34176	1.34179	1088	0	10
2025.10.02	15:15:00	1.34176	1.34181	1.34102	1.34133	1012	0	10
2025.10.02	15:30:00	1.34133	1.34135	1.34003	1.34069	978	0	10
2025.10.02	15:45:00	1.34069	1.34211	1.34029	1.34206	867	0	10
2025.10.02	16:00:00	1.34203	1.34328	1.34196	1.34296	906	0	10
2025.10.02	16:15:00	1.34296	1.34345	1.34274	1.34318	667	0	10
2025.10.02	16:30:00	1.34315	1.34374	1.34301	1.34366	636	0	10
2025.10.02	16:45:00	1.34367	1.34391	1.34321	1.34386	493	0	10
2025.10.02	17:00:00	1.34384	1.34453	1.34363	1.34392	566	0	10
2025.10.02	17:15:00	1.34394	1.34426	1.34384	1.34394	472	0	10
2025.10.02	17:30:00	1.34393	1.34401	1.34351	1.34371	505	0	10
2025.10.02	17:45:00	1.34371	1.34407	1.34358	1.34371	423	0	10
2025.10.02	18:00:00	1.34369	1.34435	1.34356	1.34417	484	0	10
2025.10.02	18:15:00	1.34417	1.34448	1.34410	1.34443	388	0	10
2025.10.02	18:30:00	1.34443	1.34474	1.34432	1.34436	426	0	10
2025.10.02	18:45:00	1.34435	1.34476	1.34435	1.34460	370	0	10
2025.10.02	19:00:00	1.34460	1.34516	1.34460	1.34488	369	0	10
2025.10.02	19:15:00	1.34488	1.34493	1.34466	1.34466	246	0	10
2025.10.02	19:30:00	1.34465	1.34468	1.34432	1.34436	268	0	10
2025.10.02	19:45:00	1.34436	1.34455	1.34424	1.34426	308	0	10
2025.10.02	20:00:00	1.34426	1.34496	1.34412	1.34441	307	0	10
2025.10.02	20:15:00	1.34442	1.34442	1.34412	1.34424	239	0	10
2025.10.02	20:30:00	1.34424	1.34446	1.34408	1.34408	181	0	10
2025.10.02	20:45:00	1.34409	1.34417	1.34358	1.34360	679	0	10
2025.10.02	21:00:00	1.34360	1.34377	1.34326	1.34341	147	0	47
2025.10.02	21:15:00	1.34339	1.34359	1.34268	1.34274	319	0	93
2025.10.02	21:30:00	1.34274	1.34379	1.34274	1.34370	233	0	64
2025.10.02	21:45:00	1.34370	1.34387	1.34344	1.34344	179	0	47
2025.10.02	22:00:00	1.34391	1.34532	1.34380	1.34445	321	0	10
2025.10.02	22:15:00	1.34445	1.34448	1.34411	1.34421	222	0	10
2025.10.02	22:30:00	1.34422	1.34424	1.34387	1.34409	113	0	10
2025.10.02	22:45:00	1.34408	1.34415	1.34396	1.34405	101	0	10
2025.10.02	23:00:00	1.34405	1.34422	1.34400	1.34405	97	0	10
2025.10.02	23:15:00	1.34405	1.34438	1.34405	1.34427	113	0	10
2025.10.02	23:30:00	1.34427	1.34450	1.34426	1.34438	118	0	10
2025.10.02	23:45:00	1.34438	1.34463	1.34437	1.34460	130	0	10
2025.10.03	00:00:00	1.34461	1.34461	1.34386	1.34429	457	0	10
2025.10.03	00:15:00	1.34430	1.34440	1.34413	1.34426	311	0	10
2025.10.03	00:30:00	1.34426	1.34443	1.34403	1.34433	254	0	10
2025.10.03	00:45:00	1.34433	1.34459	1.34429	1.34446	358	0	10
2025.10.03	01:00:00	1.34444	1.34503	1.34393	1.34399	791	0	10
2025.10.03	01:15:00	1.34398	1.34406	1.34326	1.34348	547	0	10
2025.10.03	01:30:00	1.34350	1.34394	1.34330	1.34386	478	0	10
2025.10.03	01:45:00	1.34386	1.34467	1.34384	1.34448	400	0	10
2025.10.03	02:00:00	1.34451	1.34457	1.34392	1.34413	304	0	10
2025.10.03	02:15:00	1.34410	1.34419	1.34380	1.34383	233	0	10
2025.10.03	02:30:00	1.34384	1.34407	1.34355	1.34406	350	0	10
2025.10.03	02:45:00	1.34406	1.34408	1.34375	1.34392	300	0	10
2025.10.03	03:00:00	1.34388	1.34411	1.34355	1.34363	301	0	10
2025.10.03	03:15:00	1.34362	1.34375	1.34350	1.34351	275	0	10
2025.10.03	03:30:00	1.34351	1.34397	1.34351	1.34390	242	0	10
2025.10.03	03:45:00	1.34390	1.34448	1.34381	1.34441	289	0	10
2025.10.03	04:00:00	1.34441	1.34458	1.34420	1.34424	277	0	10
2025.10.03	04:15:00	1.34424	1.34424	1.34404	1.34416	111	0	10
2025.10.03	04:30:00	1.34416	1.34416	1.34366	1.34395	302	0	10
2025.10.03	04:45:00	1.34395	1.34398	1.34345	1.34346	288	0	10
2025.10.03	05:00:00	1.34346	1.34360	1.34310	1.34342	449	0	10
2025.10.03	05:15:00	1.34342	1.34364	1.34312	1.34339	503	0	10
2025.10.03	05:30:00	1.34336	1.34349	1.34320	1.34332	319	0	10
2025.10.03	05:45:00	1.34332	1.34367	1.34302	1.34318	425	0	10
2025.10.03	06:00:00	1.34320	1.34385	1.34284	1.34374	586	0	10
2025.10.03	06:15:00	1.34373	1.34411	1.34342	1.34356	517	0	10
2025.10.03	06:30:00	1.34356	1.34436	1.34356	1.34413	615	0	10
2025.10.03	06:45:00	1.34414	1.34425	1.34320	1.34336	578	0	10
2025.10.03	07:00:00	1.34335	1.34412	1.34335	1.34396	710	0	10
2025.10.03	07:15:00	1.34396	1.34458	1.34378	1.34448	579	0	10
2025.10.03	07:30:00	1.34448	1.34609	1.34447	1.34552	690	0	10
2025.10.03	07:45:00	1.34554	1.34603	1.34508	1.34599	650	0	10
2025.10.03	08:00:00	1.34599	1.34678	1.34589	1.34633	861	0	10
2025.10.03	08:15:00	1.34633	1.34641	1.34578	1.34606	639	0	10
2025.10.03	08:30:00	1.34602	1.34610	1.34521	1.34607	841	0	10
2025.10.03	08:45:00	1.34606	1.34641	1.34561	1.34573	792	0	10
2025.10.03	09:00:00	1.34573	1.34577	1.34460	1.34480	737	0	10
2025.10.03	09:15:00	1.34484	1.34494	1.34414	1.34468	612	0	10
2025.10.03	09:30:00	1.34468	1.34519	1.34467	1.34509	485	0	10
2025.10.03	09:45:00	1.34508	1.34540	1.34490	1.34536	517	0	10
2025.10.03	10:00:00	1.34538	1.34549	1.34476	1.34533	509	0	10
2025.10.03	10:15:00	1.34534	1.34540	1.34479	1.34496	364	0	10
2025.10.03	10:30:00	1.34496	1.34558	1.34490	1.34556	436	0	10
2025.10.03	10:45:00	1.34557	1.34559	1.34508	1.34522	483	0	10
2025.10.03	11:00:00	1.34523	1.34524	1.34448	1.34485	514	0	10
2025.10.03	11:15:00	1.34484	1.34517	1.34440	1.34486	569	0	10
2025.10.03	11:30:00	1.34483	1.34552	1.34475	1.34513	691	0	10
2025.10.03	11:45:00	1.34514	1.34523	1.34455	1.34489	783	0	10
2025.10.03	12:00:00	1.34490	1.34516	1.34438	1.34450	684	0	10
2025.10.03	12:15:00	1.34449	1.34525	1.34434	1.34474	638	0	10
2025.10.03	12:30:00	1.34476	1.34523	1.34365	1.34449	1169	0	10
2025.10.03	12:45:00	1.34453	1.34594	1.34428	1.34576	890	0	10
2025.10.03	13:00:00	1.34580	1.34604	1.34500	1.34535	841	0	10
2025.10.03	13:15:00	1.34534	1.34625	1.34530	1.34615	950	0	10
2025.10.03	13:30:00	1.34613	1.34687	1.34600	1.34642	998	0	10
2025.10.03	13:45:00	1.34639	1.34668	1.34607	1.34629	1361	0	10
2025.10.03	14:00:00	1.34637	1.34775	1.34566	1.34603	2173	0	10
2025.10.03	14:15:00	1.34601	1.34663	1.34576	1.34603	1636	0	10
2025.10.03	14:30:00	1.34603	1.34644	1.34564	1.34611	1278	0	10
2025.10.03	14:45:00	1.34611	1.34727	1.34582	1.34715	1118	0	10
2025.10.03	15:00:00	1.34713	1.34716	1.34650	1.34697	887	0	10
2025.10.03	15:15:00	1.34699	1.34784	1.34676	1.34753	835	0	10
2025.10.03	15:30:00	1.34753	1.34782	1.34717	1.34771	834	0	10
2025.10.03	15:45:00	1.34771	1.34849	1.34769	1.34787	762	0	10
2025.10.03	16:00:00	1.34785	1.34841	1.34759	1.34794	633	0	10
2025.10.03	16:15:00	1.34792	1.34799	1.34725	1.34756	498	0	10
2025.10.03	16:30:00	1.34754	1.34782	1.34748	1.34765	374	0	10
2025.10.03	16:45:00	1.34765	1.34791	1.34754	1.34771	401	0	10
2025.10.03	17:00:00	1.34770	1.34796	1.34742	1.34785	492	0	10
2025.10.03	17:15:00	1.34785	1.34799	1.34763	1.34794	439	0	10
2025.10.03	17:30:00	1.34794	1.34822	1.34780	1.34801	423	0	10
2025.10.03	17:45:00	1.34800	1.34802	1.34666	1.34705	623	0	10
2025.10.03	18:00:00	1.34707	1.34716	1.34623	1.34694	712	0	10
2025.10.03	18:15:00	1.34697	1.34715	1.34680	1.34703	482	0	10
2025.10.03	18:30:00	1.34706	1.34763	1.34700	1.34762	327	0	10
2025.10.03	18:45:00	1.34762	1.34803	1.34739	1.34795	386	0	10
2025.10.03	19:00:00	1.34796	1.34818	1.34762	1.34794	453	0	10
2025.10.03	19:15:00	1.34794	1.34834	1.34793	1.34815	317	0	10
2025.10.03	19:30:00	1.34814	1.34835	1.34806	1.34834	266	0	10
2025.10.03	19:45:00	1.34834	1.34837	1.34789	1.34828	332	0	10
2025.10.03	20:00:00	1.34826	1.34867	1.34811	1.34813	276	0	10
2025.10.03	20:15:00	1.34813	1.34825	1.34794	1.34813	230	0	10
2025.10.03	20:30:00	1.34811	1.34811	1.34773	1.34785	227	0	10
2025.10.03	20:45:00	1.34784	1.34806	1.34762	1.34781	1019	0	10
2025.10.05	21:00:00	1.34560	1.34560	1.34324	1.34341	143	0	47
2025.10.05	21:15:00	1.34341	1.34442	1.34337	1.34380	311	0	202
2025.10.05	21:30:00	1.34339	1.34448	1.34324	1.34418	241	0	148
2025.10.05	21:45:00	1.34418	1.34431	1.34290	1.34364	323	0	140
2025.10.05	22:00:00	1.34430	1.34450	1.34215	1.34266	573	0	28
2025.10.05	22:15:00	1.34265	1.34330	1.34255	1.34312	503	0	28
2025.10.05	22:30:00	1.34312	1.34365	1.34304	1.34362	442	0	17
2025.10.05	22:45:00	1.34362	1.34363	1.34328	1.34343	305	0	17
2025.10.05	23:00:00	1.34345	1.34355	1.34279	1.34345	716	0	10
2025.10.05	23:15:00	1.34345	1.34387	1.34312	1.34340	873	0	10
2025.10.05	23:30:00	1.34344	1.34344	1.34259	1.34299	978	0	10
2025.10.05	23:45:00	1.34302	1.34336	1.34285	1.34315	1006	0	10
2025.10.06	00:00:00	1.34317	1.34385	1.34270	1.34284	1130	0	10
2025.10.06	00:15:00	1.34284	1.34357	1.34281	1.34326	638	0	10
2025.10.06	00:30:00	1.34326	1.34366	1.34321	1.34328	587	0	10
2025.10.06	00:45:00	1.34330	1.34399	1.34330	1.34397	528	0	10
2025.10.06	01:00:00	1.34397	1.34425	1.34359	1.34407	481	0	10
2025.10.06	01:15:00	1.34408	1.34424	1.34352	1.34367	489	0	10
2025.10.06	01:30:00	1.34366	1.34466	1.34364	1.34443	588	0	10
2025.10.06	01:45:00	1.34445	1.34503	1.34440	1.34496	554	0	10
2025.10.06	02:00:00	1.34494	1.34555	1.34485	1.34534	466	0	10
2025.10.06	02:15:00	1.34533	1.34556	1.34530	1.34544	313	0	10
2025.10.06	02:30:00	1.34543	1.34564	1.34519	1.34531	293	0	10
2025.10.06	02:45:00	1.34532	1.34572	1.34522	1.34543	285	0	10
2025.10.06	03:00:00	1.34543	1.34574	1.34534	1.34547	350	0	10
2025.10.06	03:15:00	1.34547	1.34573	1.34542	1.34568	288	0	10
2025.10.06	03:30:00	1.34568	1.34578	1.34550	1.34564	307	0	10
2025.10.06	03:45:00	1.34563	1.34579	1.34509	1.34513	385	0	10
2025.10.06	04:00:00	1.34512	1.34548	1.34479	1.34483	493	0	10
2025.10.06	04:15:00	1.34483	1.34516	1.34452	1.34492	441	0	10
2025.10.06	04:30:00	1.34489	1.34508	1.34458	1.34483	449	0	10
2025.10.06	04:45:00	1.34483	1.34497	1.34460	1.34464	437	0	10
2025.10.06	05:00:00	1.34464	1.34526	1.34414	1.34414	469	0	10
2025.10.06	05:15:00	1.34413	1.34461	1.34394	1.34439	423	0	10
2025.10.06	05:30:00	1.34438	1.34447	1.34401	1.34425	435	0	10
2025.10.06	05:45:00	1.34425	1.34442	1.34411	1.34433	394	0	10
2025.10.06	06:00:00	1.34435	1.34483	1.34299	1.34333	1009	0	10
2025.10.06	06:15:00	1.34334	1.34418	1.34329	1.34414	818	0	10
2025.10.06	06:30:00	1.34417	1.34444	1.34372	1.34388	907	0	10
2025.10.06	06:45:00	1.34388	1.34425	1.34322	1.34409	1010	0	10
2025.10.06	07:00:00	1.34412	1.34571	1.34362	1.34524	1160	0	10
2025.10.06	07:15:00	1.34521	1.34575	1.34467	1.34574	939	0	10
2025.10.06	07:30:00	1.34574	1.34638	1.34364	1.34364	2226	0	10
2025.10.06	07:45:00	1.34367	1.34466	1.34356	1.34430	1940	0	10
2025.10.06	08:00:00	1.34426	1.34447	1.34230	1.34266	1657	0	10
2025.10.06	08:15:00	1.34268	1.34276	1.34177	1.34264	1027	0	10
2025.10.06	08:30:00	1.34265	1.34364	1.34261	1.34347	930	0	10
2025.10.06	08:45:00	1.34350	1.34395	1.34340	1.34354	850	0	10
2025.10.06	09:00:00	1.34351	1.34351	1.34242	1.34299	792	0	10
2025.10.06	09:15:00	1.34300	1.34310	1.34240	1.34293	725	0	10
2025.10.06	09:30:00	1.34295	1.34371	1.34240	1.34242	780	0	10
2025.10.06	09:45:00	1.34242	1.34387	1.34235	1.34364	751	0	10
2025.10.06	10:00:00	1.34364	1.34366	1.34243	1.34287	774	0	10
2025.10.06	10:15:00	1.34289	1.34319	1.34247	1.34317	624	0	10
2025.10.06	10:30:00	1.34317	1.34374	1.34310	1.34355	539	0	10
2025.10.06	10:45:00	1.34355	1.34357	1.34216	1.34216	1113	0	10
2025.10.06	11:00:00	1.34217	1.34245	1.34157	1.34235	883	0	10
2025.10.06	11:15:00	1.34235	1.34304	1.34217	1.34272	662	0	10
2025.10.06	11:30:00	1.34272	1.34314	1.34250	1.34262	696	0	10
2025.10.06	11:45:00	1.34263	1.34296	1.34218	1.34245	813	0	10
2025.10.06	12:00:00	1.34245	1.34356	1.34228	1.34324	1510	0	10
2025.10.06	12:15:00	1.34323	1.34369	1.34291	1.34339	1041	0	10
2025.10.06	12:30:00	1.34341	1.34371	1.34311	1.34347	843	0	10
2025.10.06	12:45:00	1.34347	1.34402	1.34347	1.34370	768	0	10
2025.10.06	13:00:00	1.34372	1.34444	1.34369	1.34394	797	0	10
2025.10.06	13:15:00	1.34393	1.34425	1.34380	1.34400	685	0	10
2025.10.06	13:30:00	1.34400	1.34577	1.34377	1.34553	1121	0	10
2025.10.06	13:45:00	1.34554	1.34645	1.34542	1.34607	1256	0	10
2025.10.06	14:00:00	1.34609	1.34695	1.34581	1.34659	1214	0	10
2025.10.06	14:15:00	1.34661	1.34743	1.34644	1.34728	828	0	10
2025.10.06	14:30:00	1.34730	1.34774	1.34679	1.34764	887	0	10
2025.10.06	14:45:00	1.34764	1.34838	1.34750	1.34795	1029	0	10
2025.10.06	15:00:00	1.34797	1.34837	1.34760	1.34798	1020	0	10
2025.10.06	15:15:00	1.34800	1.34806	1.34729	1.34731	792	0	10
2025.10.06	15:30:00	1.34731	1.34742	1.34686	1.34722	707	0	10
2025.10.06	15:45:00	1.34722	1.34755	1.34677	1.34745	688	0	10
2025.10.06	16:00:00	1.34746	1.34765	1.34680	1.34682	652	0	10
2025.10.06	16:15:00	1.34682	1.34714	1.34670	1.34673	511	0	10
2025.10.06	16:30:00	1.34673	1.34700	1.34654	1.34696	415	0	10
2025.10.06	16:45:00	1.34696	1.34753	1.34693	1.34749	410	0	10
2025.10.06	17:00:00	1.34751	1.34816	1.34746	1.34792	410	0	10
2025.10.06	17:15:00	1.34791	1.34814	1.34778	1.34803	385	0	10
2025.10.06	17:30:00	1.34804	1.34822	1.34781	1.34788	331	0	10
2025.10.06	17:45:00	1.34785	1.34837	1.34763	1.34835	441	0	10
2025.10.06	18:00:00	1.34832	1.34865	1.34800	1.34804	332	0	10
2025.10.06	18:15:00	1.34803	1.34858	1.34800	1.34841	320	0	10
2025.10.06	18:30:00	1.34841	1.34853	1.34820	1.34835	272	0	10
2025.10.06	18:45:00	1.34835	1.34852	1.34792	1.34820	353	0	10
2025.10.06	19:00:00	1.34820	1.34854	1.34812	1.34842	403	0	10
2025.10.06	19:15:00	1.34843	1.34849	1.34821	1.34841	297	0	10
2025.10.06	19:30:00	1.34841	1.34897	1.34835	1.34894	348	0	10
2025.10.06	19:45:00	1.34894	1.34894	1.34800	1.34812	401	0	10
2025.10.06	20:00:00	1.34809	1.34838	1.34799	1.34834	246	0	10
2025.10.06	20:15:00	1.34834	1.34866	1.34822	1.34842	201	0	10
2025.10.06	20:30:00	1.34842	1.34864	1.34838	1.34856	153	0	10
2025.10.06	20:45:00	1.34855	1.34856	1.34817	1.34836	548	0	10
2025.10.06	21:00:00	1.34834	1.34840	1.34815	1.34815	109	0	17
2025.10.06	21:15:00	1.34819	1.34834	1.34783	1.34796	180	0	28
2025.10.06	21:30:00	1.34793	1.34803	1.34775	1.34787	302	0	47
2025.10.06	21:45:00	1.34789	1.34809	1.34787	1.34793	226	0	17
2025.10.06	22:00:00	1.34801	1.34840	1.34793	1.34834	558	0	10
2025.10.06	22:15:00	1.34835	1.34863	1.34812	1.34851	412	0	10
2025.10.06	22:30:00	1.34851	1.34851	1.34810	1.34820	302	0	10
2025.10.06	22:45:00	1.34823	1.34826	1.34811	1.34812	152	0	10
2025.10.06	23:00:00	1.34812	1.34820	1.34795	1.34804	152	0	10
2025.10.06	23:15:00	1.34804	1.34818	1.34803	1.34812	120	0	10
2025.10.06	23:30:00	1.34812	1.34867	1.34810	1.34854	196	0	10
2025.10.06	23:45:00	1.34853	1.34865	1.34832	1.34835	333	0	10
2025.10.07	00:00:00	1.34835	1.34841	1.34782	1.34794	531	0	10
2025.10.07	00:15:00	1.34794	1.34843	1.34794	1.34826	392	0	10
2025.10.07	00:30:00	1.34826	1.34829	1.34770	1.34775	305	0	10
2025.10.07	00:45:00	1.34775	1.34824	1.34774	1.34821	381	0	10
2025.10.07	01:00:00	1.34820	1.34820	1.34726	1.34768	456	0	10
2025.10.07	01:15:00	1.34768	1.34809	1.34764	1.34784	369	0	10
2025.10.07	01:30:00	1.34783	1.34783	1.34721	1.34735	355	0	10
2025.10.07	01:45:00	1.34735	1.34755	1.34729	1.34736	415	0	10
2025.10.07	02:00:00	1.34738	1.34775	1.34722	1.34766	344	0	10
2025.10.07	02:15:00	1.34766	1.34779	1.34749	1.34777	235	0	10
2025.10.07	02:30:00	1.34777	1.34795	1.34740	1.34747	268	0	10
2025.10.07	02:45:00	1.34747	1.34778	1.34746	1.34756	229	0	10
2025.10.07	03:00:00	1.34755	1.34793	1.34740	1.34791	273	0	10
2025.10.07	03:15:00	1.34790	1.34806	1.34771	1.34771	262	0	10
2025.10.07	03:30:00	1.34771	1.34776	1.34740	1.34774	241	0	10
2025.10.07	03:45:00	1.34775	1.34778	1.34745	1.34755	228	0	10
2025.10.07	04:00:00	1.34755	1.34785	1.34731	1.34783	287	0	10
2025.10.07	04:15:00	1.34783	1.34802	1.34769	1.34777	212	0	10
2025.10.07	04:30:00	1.34777	1.34796	1.34726	1.34728	269	0	10
2025.10.07	04:45:00	1.34730	1.34731	1.34673	1.34695	414	0	10
2025.10.07	05:00:00	1.34695	1.34706	1.34617	1.34624	449	0	10
2025.10.07	05:15:00	1.34624	1.34641	1.34579	1.34583	360	0	10
2025.10.07	05:30:00	1.34585	1.34588	1.34541	1.34577	390	0	10
2025.10.07	05:45:00	1.34577	1.34606	1.34558	1.34596	503	0	10
2025.10.07	06:00:00	1.34596	1.34598	1.34444	1.34459	967	0	10
2025.10.07	06:15:00	1.34459	1.34504	1.34444	1.34504	741	0	10
2025.10.07	06:30:00	1.34500	1.34560	1.34478	1.34557	683	0	10
2025.10.07	06:45:00	1.34556	1.34560	1.34494	1.34525	579	0	10
2025.10.07	07:00:00	1.34523	1.34534	1.34285	1.34345	956	0	10
2025.10.07	07:15:00	1.34345	1.34415	1.34312	1.34369	895	0	10
2025.10.07	07:30:00	1.34371	1.34417	1.34345	1.34346	811	0	10
2025.10.07	07:45:00	1.34349	1.34384	1.34321	1.34366	789	0	10
2025.10.07	08:00:00	1.34367	1.34438	1.34353	1.34433	745	0	10
2025.10.07	08:15:00	1.34433	1.34448	1.34343	1.34348	578	0	10
2025.10.07	08:30:00	1.34348	1.34388	1.34321	1.34368	649	0	10
2025.10.07	08:45:00	1.34368	1.34407	1.34341	1.34365	669	0	10
2025.10.07	09:00:00	1.34364	1.34404	1.34343	1.34386	687	0	10
2025.10.07	09:15:00	1.34384	1.34384	1.34325	1.34348	568	0	10
2025.10.07	09:30:00	1.34348	1.34369	1.34320	1.34364	588	0	10
2025.10.07	09:45:00	1.34365	1.34438	1.34352	1.34433	540	0	10
2025.10.07	10:00:00	1.34436	1.34439	1.34394	1.34401	578	0	10
2025.10.07	10:15:00	1.34401	1.34423	1.34395	1.34404	423	0	10
2025.10.07	10:30:00	1.34403	1.34430	1.34394	1.34397	373	0	10
2025.10.07	10:45:00	1.34396	1.34408	1.34237	1.34255	1004	0	10
2025.10.07	11:00:00	1.34255	1.34280	1.34173	1.34186	942	0	10
2025.10.07	11:15:00	1.34189	1.34197	1.34035	1.34048	683	0	10
2025.10.07	11:30:00	1.34049	1.34064	1.34015	1.34045	627	0	10
2025.10.07	11:45:00	1.34046	1.34053	1.33917	1.34010	981	0	10
2025.10.07	12:00:00	1.34008	1.34060	1.33966	1.33968	922	0	10
2025.10.07	12:15:00	1.33969	1.34048	1.33932	1.34048	940	0	10
2025.10.07	12:30:00	1.34048	1.34096	1.33991	1.34089	930	0	10
2025.10.07	12:45:00	1.34088	1.34148	1.34035	1.34138	820	0	10
2025.10.07	13:00:00	1.34140	1.34193	1.34091	1.34113	989	0	10
2025.10.07	13:15:00	1.34115	1.34249	1.34112	1.34217	957	0	10
2025.10.07	13:30:00	1.34216	1.34276	1.34203	1.34222	1072	0	10
2025.10.07	13:45:00	1.34225	1.34241	1.34147	1.34175	963	0	10
2025.10.07	14:00:00	1.34172	1.34221	1.34136	1.34176	1032	0	10
2025.10.07	14:15:00	1.34178	1.34261	1.34178	1.34216	813	0	10
2025.10.07	14:30:00	1.34216	1.34276	1.34203	1.34206	941	0	10
2025.10.07	14:45:00	1.34206	1.34336	1.34206	1.34306	943	0	10
2025.10.07	15:00:00	1.34305	1.34407	1.34305	1.34374	1046	0	10
2025.10.07	15:15:00	1.34374	1.34465	1.34374	1.34441	805	0	10
2025.10.07	15:30:00	1.34442	1.34455	1.34362	1.34452	886	0	10
2025.10.07	15:45:00	1.34453	1.34541	1.34394	1.34397	1090	0	10
2025.10.07	16:00:00	1.34400	1.34498	1.34395	1.34468	903	0	10
2025.10.07	16:15:00	1.34470	1.34480	1.34416	1.34436	742	0	10
2025.10.07	16:30:00	1.34433	1.34458	1.34384	1.34404	790	0	10
2025.10.07	16:45:00	1.34405	1.34446	1.34387	1.34419	582	0	10
2025.10.07	17:00:00	1.34420	1.34518	1.34416	1.34485	684	0	10
2025.10.07	17:15:00	1.34485	1.34486	1.34422	1.34465	486	0	10
2025.10.07	17:30:00	1.34465	1.34477	1.34421	1.34474	632	0	10
2025.10.07	17:45:00	1.34471	1.34476	1.34393	1.34401	495	0	10
2025.10.07	18:00:00	1.34402	1.34410	1.34343	1.34376	641	0	10
2025.10.07	18:15:00	1.34376	1.34390	1.34340	1.34386	567	0	10
2025.10.07	18:30:00	1.34385	1.34385	1.34296	1.34313	650	0	10
2025.10.07	18:45:00	1.34316	1.34339	1.34284	1.34299	494	0	10
2025.10.07	19:00:00	1.34297	1.34307	1.34246	1.34248	470	0	10
2025.10.07	19:15:00	1.34249	1.34252	1.34208	1.34225	443	0	10
2025.10.07	19:30:00	1.34224	1.34239	1.34154	1.34175	523	0	10
2025.10.07	19:45:00	1.34177	1.34212	1.34165	1.34210	455	0	10
2025.10.07	20:00:00	1.34209	1.34236	1.34182	1.34203	359	0	10
2025.10.07	20:15:00	1.34200	1.34230	1.34184	1.34229	237	0	10
2025.10.07	20:30:00	1.34229	1.34258	1.34215	1.34256	166	0	10
2025.10.07	20:45:00	1.34259	1.34259	1.34212	1.34214	525	0	10
2025.10.07	21:00:00	1.34211	1.34231	1.34189	1.34192	201	0	28
2025.10.07	21:15:00	1.34194	1.34229	1.34188	1.34222	247	0	70
2025.10.07	21:30:00	1.34223	1.34249	1.34210	1.34242	251	0	51
2025.10.07	21:45:00	1.34244	1.34273	1.34219	1.34250	235	0	20
2025.10.07	22:00:00	1.34283	1.34299	1.34252	1.34265	285	0	10
2025.10.07	22:15:00	1.34265	1.34273	1.34249	1.34268	155	0	10
2025.10.07	22:30:00	1.34264	1.34271	1.34253	1.34265	126	0	10
2025.10.07	22:45:00	1.34265	1.34269	1.34246	1.34251	105	0	10
2025.10.07	23:00:00	1.34250	1.34258	1.34221	1.34235	202	0	10
2025.10.07	23:15:00	1.34235	1.34241	1.34211	1.34237	252	0	10
2025.10.07	23:30:00	1.34238	1.34250	1.34220	1.34241	185	0	10
2025.10.07	23:45:00	1.34245	1.34261	1.34191	1.34197	392	0	10
2025.10.08	00:00:00	1.34197	1.34213	1.34123	1.34136	643	0	10
2025.10.08	00:15:00	1.34136	1.34151	1.34113	1.34137	370	0	10
2025.10.08	00:30:00	1.34138	1.34158	1.34116	1.34146	375	0	10
2025.10.08	00:45:00	1.34146	1.34195	1.34140	1.34151	397	0	10
2025.10.08	01:00:00	1.34153	1.34153	1.34064	1.34128	1802	0	10
2025.10.08	01:15:00	1.34128	1.34144	1.34019	1.34046	807	0	10
2025.10.08	01:30:00	1.34042	1.34066	1.33997	1.34009	721	0	10
2025.10.08	01:45:00	1.34008	1.34011	1.33960	1.33970	526	0	10
2025.10.08	02:00:00	1.33972	1.33979	1.33913	1.33948	632	0	10
2025.10.08	02:15:00	1.33951	1.34023	1.33925	1.34011	600	0	10
2025.10.08	02:30:00	1.34011	1.34020	1.33975	1.34001	394	0	10
2025.10.08	02:45:00	1.34004	1.34027	1.33954	1.33968	386	0	10
2025.10.08	03:00:00	1.33968	1.33972	1.33906	1.33917	346	0	10
2025.10.08	03:15:00	1.33917	1.33943	1.33898	1.33920	344	0	10
2025.10.08	03:30:00	1.33921	1.33940	1.33915	1.33934	313	0	10
2025.10.08	03:45:00	1.33934	1.33997	1.33931	1.33989	403	0	10
2025.10.08	04:00:00	1.33989	1.34003	1.33925	1.33935	387	0	10
2025.10.08	04:15:00	1.33934	1.33942	1.33910	1.33926	296	0	10
2025.10.08	04:30:00	1.33926	1.33931	1.33899	1.33901	333	0	10
2025.10.08	04:45:00	1.33897	1.33937	1.33897	1.33931	210	0	10
2025.10.08	05:00:00	1.33931	1.33931	1.33870	1.33873	342	0	10
2025.10.08	05:15:00	1.33877	1.33902	1.33871	1.33879	273	0	10
2025.10.08	05:30:00	1.33879	1.33912	1.33843	1.33846	327	0	10
2025.10.08	05:45:00	1.33848	1.33913	1.33845	1.33913	495	0	10
2025.10.08	06:00:00	1.33915	1.33939	1.33833	1.33844	797	0	10
2025.10.08	06:15:00	1.33846	1.33963	1.33835	1.33901	881	0	10
2025.10.08	06:30:00	1.33902	1.33960	1.33847	1.33899	970	0	10
2025.10.08	06:45:00	1.33896	1.33971	1.33882	1.33963	791	0	10
2025.10.08	07:00:00	1.33965	1.34032	1.33939	1.33999	1083	0	10
2025.10.08	07:15:00	1.33998	1.34071	1.33950	1.34038	822	0	10
2025.10.08	07:30:00	1.34038	1.34149	1.34021	1.34104	1091	0	10
2025.10.08	07:45:00	1.34104	1.34174	1.34098	1.34168	853	0	10
2025.10.08	08:00:00	1.34167	1.34253	1.34156	1.34228	782	0	10
2025.10.08	08:15:00	1.34228	1.34258	1.34146	1.34180	824	0	10
2025.10.08	08:30:00	1.34180	1.34223	1.34145	1.34157	623	0	10
2025.10.08	08:45:00	1.34158	1.34172	1.34052	1.34080	823	0	10
2025.10.08	09:00:00	1.34081	1.34124	1.34043	1.34115	856	0	10
2025.10.08	09:15:00	1.34116	1.34129	1.34081	1.34125	585	0	10
2025.10.08	09:30:00	1.34124	1.34134	1.34036	1.34036	761	0	10
2025.10.08	09:45:00	1.34038	1.34082	1.33999	1.34028	866	0	10
2025.10.08	10:00:00	1.34028	1.34127	1.34009	1.34123	648	0	10
2025.10.08	10:15:00	1.34123	1.34206	1.34100	1.34203	659	0	10
2025.10.08	10:30:00	1.34203	1.34263	1.34193	1.34249	571	0	10
2025.10.08	10:45:00	1.34250	1.34271	1.34105	1.34121	878	0	10
2025.10.08	11:00:00	1.34119	1.34161	1.34063	1.34116	1132	0	10
2025.10.08	11:15:00	1.34115	1.34125	1.34019	1.34038	742	0	10
2025.10.08	11:30:00	1.34039	1.34063	1.34004	1.34038	478	0	10
2025.10.08	11:45:00	1.34040	1.34100	1.34025	1.34068	553	0	10
2025.10.08	12:00:00	1.34069	1.34171	1.34068	1.34149	919	0	10
2025.10.08	12:15:00	1.34154	1.34166	1.34105	1.34131	789	0	10
2025.10.08	12:30:00	1.34131	1.34167	1.34083	1.34141	741	0	10
2025.10.08	12:45:00	1.34142	1.34210	1.34114	1.34186	750	0	10
2025.10.08	13:00:00	1.34188	1.34241	1.34164	1.34228	695	0	10
2025.10.08	13:15:00	1.34228	1.34304	1.34199	1.34200	889	0	10
2025.10.08	13:30:00	1.34203	1.34295	1.34189	1.34276	942	0	10
2025.10.08	13:45:00	1.34274	1.34280	1.34201	1.34237	972	0	10
2025.10.08	14:00:00	1.34236	1.34354	1.34211	1.34326	1109	0	10
2025.10.08	14:15:00	1.34327	1.34364	1.34308	1.34360	821	0	10
2025.10.08	14:30:00	1.34360	1.34381	1.34334	1.34349	683	0	10
2025.10.08	14:45:00	1.34349	1.34371	1.34183	1.34205	930	0	10
2025.10.08	15:00:00	1.34204	1.34229	1.34095	1.34113	861	0	10
2025.10.08	15:15:00	1.34110	1.34121	1.34039	1.34082	773	0	10
2025.10.08	15:30:00	1.34086	1.34094	1.34008	1.34031	750	0	10
2025.10.08	15:45:00	1.34029	1.34033	1.33865	1.33882	933	0	10
2025.10.08	16:00:00	1.33886	1.33904	1.33798	1.33798	806	0	10
2025.10.08	16:15:00	1.33798	1.33811	1.33770	1.33787	581	0	10
2025.10.08	16:30:00	1.33790	1.33831	1.33715	1.33820	680	0	10
2025.10.08	16:45:00	1.33820	1.33880	1.33793	1.33869	538	0	10
2025.10.08	17:00:00	1.33873	1.33873	1.33796	1.33830	624	0	10
2025.10.08	17:15:00	1.33826	1.33848	1.33817	1.33829	450	0	10
2025.10.08	17:30:00	1.33829	1.33842	1.33795	1.33822	424	0	10
2025.10.08	17:45:00	1.33824	1.33846	1.33784	1.33802	355	0	10
2025.10.08	18:00:00	1.33802	1.33812	1.33704	1.33742	761	0	10
2025.10.08	18:15:00	1.33742	1.33844	1.33729	1.33832	1367	0	10
2025.10.08	18:30:00	1.33832	1.33890	1.33811	1.33850	673	0	10
2025.10.08	18:45:00	1.33850	1.33894	1.33848	1.33891	544	0	10
2025.10.08	19:00:00	1.33893	1.33954	1.33892	1.33918	643	0	10
2025.10.08	19:15:00	1.33917	1.33948	1.33908	1.33942	350	0	10
2025.10.08	19:30:00	1.33939	1.33965	1.33930	1.33944	376	0	10
2025.10.08	19:45:00	1.33944	1.34002	1.33942	1.33991	383	0	10
2025.10.08	20:00:00	1.33990	1.34030	1.33990	1.34010	271	0	10
2025.10.08	20:15:00	1.34010	1.34031	1.33971	1.33979	218	0	10
2025.10.08	20:30:00	1.33977	1.34029	1.33957	1.34020	231	0	10
2025.10.08	20:45:00	1.34023	1.34060	1.34012	1.34013	697	0	10
2025.10.08	21:00:00	1.34012	1.34029	1.33951	1.34003	322	0	22
2025.10.08	21:15:00	1.34001	1.34013	1.33982	1.34000	329	0	59
2025.10.08	21:30:00	1.33998	1.34015	1.33992	1.34008	285	0	33
2025.10.08	21:45:00	1.34010	1.34024	1.34009	1.34011	156	0	15
2025.10.08	22:00:00	1.34029	1.34043	1.34013	1.34039	313	0	10
2025.10.08	22:15:00	1.34039	1.34044	1.34014	1.34024	217	0	10
2025.10.08	22:30:00	1.34023	1.34033	1.34011	1.34021	211	0	10
2025.10.08	22:45:00	1.34021	1.34073	1.34017	1.34059	231	0	10
2025.10.08	23:00:00	1.34061	1.34062	1.34022	1.34041	239	0	10
2025.10.08	23:15:00	1.34041	1.34044	1.33991	1.34003	267	0	10
2025.10.08	23:30:00	1.34006	1.34031	1.34005	1.34011	218	0	10
2025.10.08	23:45:00	1.34010	1.34012	1.33985	1.33994	372	0	10
2025.10.09	00:00:00	1.33994	1.34056	1.33985	1.34042	507	0	10
2025.10.09	00:15:00	1.34042	1.34091	1.34025	1.34073	420	0	10
2025.10.09	00:30:00	1.34074	1.34124	1.34071	1.34122	297	0	10
2025.10.09	00:45:00	1.34122	1.34125	1.34088	1.34093	431	0	10
2025.10.09	01:00:00	1.34093	1.34186	1.34090	1.34151	812	0	10
2025.10.09	01:15:00	1.34151	1.34182	1.34138	1.34166	666	0	10
2025.10.09	01:30:00	1.34165	1.34172	1.34092	1.34106	488	0	10
2025.10.09	01:45:00	1.34106	1.34115	1.34073	1.34094	432	0	10
2025.10.09	02:00:00	1.34092	1.34109	1.34058	1.34104	407	0	10
2025.10.09	02:15:00	1.34105	1.34118	1.34080	1.34116	304	0	10
2025.10.09	02:30:00	1.34118	1.34166	1.34111	1.34164	321	0	10
2025.10.09	02:45:00	1.34164	1.34188	1.34147	1.34155	297	0	10
2025.10.09	03:00:00	1.34158	1.34178	1.34091	1.34095	380	0	10
2025.10.09	03:15:00	1.34094	1.34131	1.34079	1.34124	339	0	10
2025.10.09	03:30:00	1.34124	1.34155	1.34114	1.34152	220	0	10
2025.10.09	03:45:00	1.34152	1.34162	1.34133	1.34143	181	0	10
2025.10.09	04:00:00	1.34143	1.34154	1.34124	1.34134	234	0	10
2025.10.09	04:15:00	1.34133	1.34152	1.34113	1.34116	221	0	10
2025.10.09	04:30:00	1.34115	1.34116	1.34080	1.34097	240	0	10
2025.10.09	04:45:00	1.34096	1.34136	1.34096	1.34121	225	0	10
2025.10.09	05:00:00	1.34121	1.34164	1.34118	1.34162	233	0	10
2025.10.09	05:15:00	1.34162	1.34163	1.34102	1.34115	316	0	10
2025.10.09	05:30:00	1.34114	1.34135	1.34076	1.34104	319	0	10
2025.10.09	05:45:00	1.34103	1.34105	1.34045	1.34050	397	0	10
2025.10.09	06:00:00	1.34050	1.34067	1.33885	1.33922	800	0	10
2025.10.09	06:15:00	1.33923	1.33946	1.33731	1.33745	1017	0	10
2025.10.09	06:30:00	1.33744	1.33766	1.33660	1.33672	1360	0	10
2025.10.09	06:45:00	1.33671	1.33696	1.33572	1.33639	1135	0	10
2025.10.09	07:00:00	1.33639	1.33721	1.33603	1.33675	1354	0	10
2025.10.09	07:15:00	1.33679	1.33682	1.33535	1.33564	977	0	10
2025.10.09	07:30:00	1.33568	1.33626	1.33490	1.33544	1026	0	10
2025.10.09	07:45:00	1.33544	1.33573	1.33504	1.33523	878	0	10
2025.10.09	08:00:00	1.33523	1.33541	1.33467	1.33515	795	0	10
2025.10.09	08:15:00	1.33514	1.33583	1.33509	1.33521	786	0	10
2025.10.09	08:30:00	1.33519	1.33634	1.33423	1.33614	994	0	10
2025.10.09	08:45:00	1.33614	1.33639	1.33540	1.33615	854	0	10
2025.10.09	09:00:00	1.33614	1.33732	1.33581	1.33676	1668	0	10
2025.10.09	09:15:00	1.33672	1.33776	1.33641	1.33776	892	0	10
2025.10.09	09:30:00	1.33776	1.33867	1.33732	1.33824	921	0	10
2025.10.09	09:45:00	1.33826	1.33884	1.33776	1.33864	725	0	10
2025.10.09	10:00:00	1.33868	1.33898	1.33850	1.33866	693	0	10
2025.10.09	10:15:00	1.33866	1.33866	1.33789	1.33836	698	0	10
2025.10.09	10:30:00	1.33836	1.33839	1.33752	1.33770	525	0	10
2025.10.09	10:45:00	1.33770	1.33822	1.33685	1.33691	1212	0	10
2025.10.09	11:00:00	1.33692	1.33718	1.33582	1.33658	1132	0	10
2025.10.09	11:15:00	1.33658	1.33732	1.33650	1.33731	495	0	10
2025.10.09	11:30:00	1.33732	1.33793	1.33718	1.33774	547	0	10
2025.10.09	11:45:00	1.33778	1.33816	1.33715	1.33745	618	0	10
2025.10.09	12:00:00	1.33745	1.33777	1.33686	1.33693	927	0	10
2025.10.09	12:15:00	1.33694	1.33790	1.33679	1.33744	758	0	10
2025.10.09	12:30:00	1.33740	1.33882	1.33734	1.33830	1054	0	10
2025.10.09	12:45:00	1.33825	1.33850	1.33790	1.33843	1073	0	10
2025.10.09	13:00:00	1.33845	1.33953	1.33790	1.33867	2569	0	10
2025.10.09	13:15:00	1.33863	1.33900	1.33680	1.33742	1314	0	10
2025.10.09	13:30:00	1.33741	1.33756	1.33555	1.33576	1488	0	10
2025.10.09	13:45:00	1.33574	1.33700	1.33553	1.33684	1405	0	10
2025.10.09	14:00:00	1.33680	1.33681	1.33481	1.33516	1690	0	10
2025.10.09	14:15:00	1.33518	1.33547	1.33362	1.33375	1543	0	10
2025.10.09	14:30:00	1.33373	1.33377	1.33291	1.33313	1442	0	10
2025.10.09	14:45:00	1.33313	1.33360	1.33258	1.33320	1533	0	10
2025.10.09	15:00:00	1.33320	1.33341	1.33116	1.33174	1363	0	10
2025.10.09	15:15:00	1.33173	1.33296	1.32985	1.32985	1659	0	10
2025.10.09	15:30:00	1.32985	1.33015	1.32905	1.32967	1464	0	10
2025.10.09	15:45:00	1.32963	1.33120	1.32960	1.33088	1173	0	10
2025.10.09	16:00:00	1.33089	1.33146	1.32978	1.32988	824	0	10
2025.10.09	16:15:00	1.32988	1.32999	1.32936	1.32989	899	0	10
2025.10.09	16:30:00	1.32987	1.33000	1.32914	1.32966	924	0	10
2025.10.09	16:45:00	1.32965	1.32999	1.32904	1.32937	1085	0	10
2025.10.09	17:00:00	1.32935	1.32996	1.32878	1.32974	1107	0	10
2025.10.09	17:15:00	1.32974	1.33008	1.32927	1.32994	869	0	10
2025.10.09	17:30:00	1.32995	1.33031	1.32954	1.32979	811	0	10
2025.10.09	17:45:00	1.32980	1.32998	1.32916	1.32978	733	0	10
2025.10.09	18:00:00	1.32978	1.32982	1.32931	1.32947	617	0	10
2025.10.09	18:15:00	1.32947	1.32979	1.32915	1.32925	503	0	10
2025.10.09	18:30:00	1.32924	1.32941	1.32873	1.32888	518	0	10
2025.10.09	18:45:00	1.32888	1.32888	1.32792	1.32811	720	0	10
2025.10.09	19:00:00	1.32813	1.32854	1.32808	1.32845	526	0	10
2025.10.09	19:15:00	1.32845	1.32908	1.32828	1.32893	470	0	10
2025.10.09	19:30:00	1.32892	1.32975	1.32882	1.32939	521	0	10
2025.10.09	19:45:00	1.32938	1.32978	1.32923	1.32960	525	0	10
2025.10.09	20:00:00	1.32960	1.33027	1.32950	1.33018	385	0	10
2025.10.09	20:15:00	1.33018	1.33036	1.32976	1.33010	280	0	10
2025.10.09	20:30:00	1.33010	1.33055	1.32992	1.33031	267	0	10
2025.10.09	20:45:00	1.33031	1.33055	1.33011	1.33016	590	0	7
2025.10.09	21:00:00	1.33019	1.33024	1.32980	1.32980	53	0	24
2025.10.09	21:15:00	1.32979	1.32998	1.32946	1.32993	168	0	68
2025.10.09	21:30:00	1.32993	1.33028	1.32975	1.32982	272	0	46
2025.10.09	21:45:00	1.32982	1.33042	1.32976	1.33036	268	0	46
2025.10.09	22:00:00	1.33056	1.33073	1.32974	1.33002	417	0	10
2025.10.09	22:15:00	1.33001	1.33010	1.32982	1.32989	161	0	10
2025.10.09	22:30:00	1.32989	1.33002	1.32985	1.32999	117	0	10
2025.10.09	22:45:00	1.32999	1.33007	1.32984	1.32998	166	0	10
2025.10.09	23:00:00	1.32998	1.32998	1.32925	1.32941	305	0	10
2025.10.09	23:15:00	1.32941	1.32999	1.32938	1.32997	276	0	10
2025.10.09	23:30:00	1.32997	1.33018	1.32978	1.33004	314	0	10
2025.10.09	23:45:00	1.33004	1.33037	1.32997	1.33022	269	0	10
2025.10.10	00:00:00	1.33020	1.33037	1.32955	1.32968	577	0	10
2025.10.10	00:15:00	1.32971	1.33009	1.32971	1.32987	291	0	10
2025.10.10	00:30:00	1.32987	1.33017	1.32982	1.33006	348	0	10
2025.10.10	00:45:00	1.33006	1.33055	1.32995	1.33039	523	0	10
2025.10.10	01:00:00	1.33043	1.33082	1.33021	1.33037	571	0	10
2025.10.10	01:15:00	1.33038	1.33063	1.33025	1.33053	514	0	10
2025.10.10	01:30:00	1.33056	1.33059	1.32993	1.33017	446	0	10
2025.10.10	01:45:00	1.33017	1.33045	1.33003	1.33018	410	0	10
2025.10.10	02:00:00	1.33017	1.33105	1.33002	1.33082	504	0	10
2025.10.10	02:15:00	1.33083	1.33106	1.33070	1.33088	344	0	10
2025.10.10	02:30:00	1.33086	1.33105	1.33070	1.33075	311	0	10
2025.10.10	02:45:00	1.33075	1.33086	1.33041	1.33080	331	0	10
2025.10.10	03:00:00	1.33078	1.33109	1.33073	1.33075	324	0	10
2025.10.10	03:15:00	1.33075	1.33112	1.33059	1.33111	324	0	10
2025.10.10	03:30:00	1.33115	1.33134	1.33101	1.33118	365	0	10
2025.10.10	03:45:00	1.33117	1.33126	1.33101	1.33113	291	0	10
2025.10.10	04:00:00	1.33113	1.33128	1.33053	1.33058	374	0	10
2025.10.10	04:15:00	1.33057	1.33097	1.33045	1.33087	316	0	10
2025.10.10	04:30:00	1.33085	1.33097	1.33059	1.33087	261	0	10
2025.10.10	04:45:00	1.33088	1.33098	1.33067	1.33084	232	0	10
2025.10.10	05:00:00	1.33085	1.33125	1.33071	1.33095	393	0	10
2025.10.10	05:15:00	1.33096	1.33140	1.33093	1.33112	284	0	10
2025.10.10	05:30:00	1.33112	1.33119	1.33069	1.33116	390	0	10
2025.10.10	05:45:00	1.33113	1.33127	1.33061	1.33061	415	0	10
2025.10.10	06:00:00	1.33059	1.33059	1.33004	1.33037	714	0	10
2025.10.10	06:15:00	1.33038	1.33088	1.33024	1.33026	639	0	10
2025.10.10	06:30:00	1.33025	1.33109	1.32975	1.32985	1378	0	10
2025.10.10	06:45:00	1.32990	1.32996	1.32875	1.32960	1115	0	10
2025.10.10	07:00:00	1.32955	1.33009	1.32863	1.32893	1551	0	10
2025.10.10	07:15:00	1.32894	1.32912	1.32786	1.32877	1182	0	10
2025.10.10	07:30:00	1.32880	1.32929	1.32860	1.32907	841	0	10
2025.10.10	07:45:00	1.32910	1.33059	1.32903	1.33026	783	0	10
2025.10.10	08:00:00	1.33025	1.33108	1.32972	1.33093	971	0	10
2025.10.10	08:15:00	1.33093	1.33105	1.33017	1.33024	744	0	10
2025.10.10	08:30:00	1.33024	1.33100	1.32984	1.33095	780	0	10
2025.10.10	08:45:00	1.33095	1.33126	1.33050	1.33076	785	0	10
2025.10.10	09:00:00	1.33073	1.33087	1.33011	1.33015	652	0	10
2025.10.10	09:15:00	1.33015	1.33015	1.32914	1.32942	747	0	10
2025.10.10	09:30:00	1.32942	1.32968	1.32903	1.32918	631	0	10
2025.10.10	09:45:00	1.32917	1.32926	1.32866	1.32907	768	0	10
2025.10.10	10:00:00	1.32908	1.32942	1.32851	1.32937	769	0	10
2025.10.10	10:15:00	1.32939	1.32985	1.32862	1.32884	700	0	10
2025.10.10	10:30:00	1.32883	1.32908	1.32804	1.32810	675	0	10
2025.10.10	10:45:00	1.32807	1.32818	1.32607	1.32611	1486	0	10
2025.10.10	11:00:00	1.32613	1.32744	1.32613	1.32736	1256	0	10
2025.10.10	11:15:00	1.32739	1.32753	1.32706	1.32735	616	0	10
2025.10.10	11:30:00	1.32737	1.32776	1.32698	1.32754	868	0	10
2025.10.10	11:45:00	1.32754	1.32763	1.32681	1.32716	768	0	10
2025.10.10	12:00:00	1.32718	1.32859	1.32718	1.32840	1005	0	10
2025.10.10	12:15:00	1.32841	1.32875	1.32789	1.32825	723	0	10
2025.10.10	12:30:00	1.32821	1.32844	1.32752	1.32765	784	0	10
2025.10.10	12:45:00	1.32765	1.32816	1.32713	1.32789	727	0	10
2025.10.10	13:00:00	1.32785	1.32799	1.32678	1.32725	715	0	10
2025.10.10	13:15:00	1.32725	1.32815	1.32705	1.32725	683	0	10
2025.10.10	13:30:00	1.32725	1.32775	1.32678	1.32748	1111	0	10
2025.10.10	13:45:00	1.32748	1.32785	1.32711	1.32768	973	0	10
2025.10.10	14:00:00	1.32766	1.32866	1.32717	1.32827	1186	0	10
2025.10.10	14:15:00	1.32827	1.32899	1.32771	1.32833	1129	0	10
2025.10.10	14:30:00	1.32834	1.32942	1.32822	1.32939	1004	0	10
2025.10.10	14:45:00	1.32938	1.33089	1.32921	1.33022	1601	0	10
2025.10.10	15:00:00	1.33020	1.33704	1.33007	1.33462	4600	0	10
2025.10.10	15:15:00	1.33463	1.33592	1.33405	1.33565	2856	0	10
2025.10.10	15:30:00	1.33566	1.33595	1.33340	1.33349	3405	0	10
2025.10.10	15:45:00	1.33353	1.33456	1.33333	1.33423	3749	0	10
2025.10.10	16:00:00	1.33419	1.33569	1.33396	1.33501	1979	0	10
2025.10.10	16:15:00	1.33497	1.33539	1.33377	1.33501	1495	0	10
2025.10.10	16:30:00	1.33504	1.33539	1.33416	1.33453	1249	0	10
2025.10.10	16:45:00	1.33453	1.33512	1.33384	1.33445	1081	0	10
2025.10.10	17:00:00	1.33444	1.33467	1.33311	1.33388	1257	0	10
2025.10.10	17:15:00	1.33388	1.33453	1.33375	1.33408	829	0	10
2025.10.10	17:30:00	1.33408	1.33468	1.33385	1.33438	668	0	10
2025.10.10	17:45:00	1.33437	1.33469	1.33413	1.33442	620	0	10
2025.10.10	18:00:00	1.33446	1.33457	1.33424	1.33446	645	0	10
2025.10.10	18:15:00	1.33447	1.33516	1.33437	1.33492	600	0	10
2025.10.10	18:30:00	1.33492	1.33531	1.33454	1.33458	591	0	10
2025.10.10	18:45:00	1.33461	1.33534	1.33453	1.33460	730	0	10
2025.10.10	19:00:00	1.33456	1.33476	1.33416	1.33470	577	0	10
2025.10.10	19:15:00	1.33473	1.33510	1.33463	1.33497	459	0	10
2025.10.10	19:30:00	1.33499	1.33547	1.33494	1.33535	499	0	10
2025.10.10	19:45:00	1.33534	1.33544	1.33483	1.33495	687	0	10
2025.10.10	20:00:00	1.33492	1.33519	1.33471	1.33501	1128	0	10
2025.10.10	20:15:00	1.33500	1.33510	1.33449	1.33488	547	0	10
2025.10.10	20:30:00	1.33488	1.33510	1.33426	1.33443	774	0	10
2025.10.10	20:45:00	1.33443	1.33621	1.33346	1.33578	3140	0	10
2025.10.12	21:00:00	1.33462	1.33469	1.33304	1.33351	151	0	30
2025.10.12	21:15:00	1.33355	1.33355	1.33189	1.33202	227	0	207
2025.10.12	21:30:00	1.33209	1.33334	1.33209	1.33327	303	0	104
2025.10.12	21:45:00	1.33319	1.33400	1.33221	1.33279	250	0	72
2025.10.12	22:00:00	1.33351	1.33533	1.33351	1.33413	927	0	17
2025.10.12	22:15:00	1.33414	1.33421	1.33359	1.33396	756	0	10
2025.10.12	22:30:00	1.33396	1.33437	1.33374	1.33420	606	0	10
2025.10.12	22:45:00	1.33421	1.33429	1.33387	1.33414	362	0	10
2025.10.12	23:00:00	1.33414	1.33477	1.33399	1.33401	632	0	10
2025.10.12	23:15:00	1.33401	1.33449	1.33364	1.33440	466	0	10
2025.10.12	23:30:00	1.33442	1.33455	1.33355	1.33372	471	0	10
2025.10.12	23:45:00	1.33372	1.33413	1.33343	1.33349	593	0	10
2025.10.13	00:00:00	1.33348	1.33445	1.33345	1.33417	860	0	10
2025.10.13	00:15:00	1.33417	1.33428	1.33371	1.33383	599	0	10
2025.10.13	00:30:00	1.33384	1.33486	1.33356	1.33473	711	0	10
2025.10.13	00:45:00	1.33472	1.33504	1.33454	1.33502	615	0	10
2025.10.13	01:00:00	1.33505	1.33545	1.33462	1.33472	834	0	10
2025.10.13	01:15:00	1.33472	1.33507	1.33449	1.33453	615	0	10
2025.10.13	01:30:00	1.33455	1.33571	1.33443	1.33554	645	0	10
2025.10.13	01:45:00	1.33556	1.33567	1.33513	1.33544	603	0	10
2025.10.13	02:00:00	1.33544	1.33627	1.33531	1.33624	598	0	10
2025.10.13	02:15:00	1.33624	1.33624	1.33526	1.33528	446	0	10
2025.10.13	02:30:00	1.33528	1.33551	1.33518	1.33526	427	0	10
2025.10.13	02:45:00	1.33523	1.33534	1.33496	1.33515	398	0	10
2025.10.13	03:00:00	1.33515	1.33547	1.33510	1.33521	337	0	10
2025.10.13	03:15:00	1.33521	1.33529	1.33485	1.33486	317	0	10
2025.10.13	03:30:00	1.33487	1.33534	1.33479	1.33524	412	0	10
2025.10.13	03:45:00	1.33524	1.33544	1.33496	1.33528	411	0	10
2025.10.13	04:00:00	1.33529	1.33561	1.33517	1.33557	316	0	10
2025.10.13	04:15:00	1.33557	1.33597	1.33557	1.33582	316	0	10
2025.10.13	04:30:00	1.33582	1.33592	1.33545	1.33551	262	0	10
2025.10.13	04:45:00	1.33551	1.33562	1.33534	1.33562	241	0	10
2025.10.13	05:00:00	1.33563	1.33576	1.33515	1.33556	463	0	10
2025.10.13	05:15:00	1.33557	1.33611	1.33547	1.33550	476	0	10
2025.10.13	05:30:00	1.33546	1.33572	1.33536	1.33541	450	0	10
2025.10.13	05:45:00	1.33541	1.33548	1.33465	1.33478	565	0	10
2025.10.13	06:00:00	1.33477	1.33546	1.33455	1.33532	743	0	10
2025.10.13	06:15:00	1.33532	1.33660	1.33532	1.33637	829	0	10
2025.10.13	06:30:00	1.33636	1.33650	1.33590	1.33639	731	0	10
2025.10.13	06:45:00	1.33635	1.33638	1.33474	1.33482	1008	0	10
2025.10.13	07:00:00	1.33485	1.33499	1.33294	1.33314	1455	0	10
2025.10.13	07:15:00	1.33311	1.33435	1.33296	1.33400	1151	0	10
2025.10.13	07:30:00	1.33404	1.33422	1.33326	1.33383	1161	0	10
2025.10.13	07:45:00	1.33378	1.33407	1.33321	1.33348	878	0	10
2025.10.13	08:00:00	1.33346	1.33389	1.33311	1.33328	914	0	10
2025.10.13	08:15:00	1.33328	1.33329	1.33191	1.33204	876	0	10
2025.10.13	08:30:00	1.33204	1.33220	1.33146	1.33177	880	0	10
2025.10.13	08:45:00	1.33176	1.33270	1.33176	1.33257	903	0	10
2025.10.13	09:00:00	1.33257	1.33362	1.33238	1.33347	825	0	10
2025.10.13	09:15:00	1.33347	1.33362	1.33319	1.33331	514	0	10
2025.10.13	09:30:00	1.33331	1.33387	1.33308	1.33384	544	0	10
2025.10.13	09:45:00	1.33384	1.33431	1.33353	1.33367	695	0	10
2025.10.13	10:00:00	1.33369	1.33383	1.33327	1.33335	596	0	10
2025.10.13	10:15:00	1.33336	1.33367	1.33279	1.33349	611	0	10
2025.10.13	10:30:00	1.33347	1.33425	1.33344	1.33370	693	0	10
2025.10.13	10:45:00	1.33370	1.33386	1.33325	1.33361	699	0	10
2025.10.13	11:00:00	1.33361	1.33523	1.33359	1.33466	1513	0	10
2025.10.13	11:15:00	1.33468	1.33515	1.33388	1.33418	843	0	10
2025.10.13	11:30:00	1.33418	1.33428	1.33322	1.33348	870	0	10
2025.10.13	11:45:00	1.33345	1.33387	1.33268	1.33307	1146	0	10
2025.10.13	12:00:00	1.33306	1.33390	1.33287	1.33365	935	0	10
2025.10.13	12:15:00	1.33367	1.33397	1.33324	1.33326	873	0	10
2025.10.13	12:30:00	1.33324	1.33347	1.33263	1.33332	857	0	10
2025.10.13	12:45:00	1.33334	1.33347	1.33241	1.33335	855	0	10
2025.10.13	13:00:00	1.33334	1.33378	1.33278	1.33367	1076	0	10
2025.10.13	13:15:00	1.33368	1.33383	1.33335	1.33346	851	0	10
2025.10.13	13:30:00	1.33347	1.33349	1.33247	1.33285	1122	0	10
2025.10.13	13:45:00	1.33287	1.33350	1.33282	1.33322	1138	0	10
2025.10.13	14:00:00	1.33325	1.33328	1.33213	1.33233	1121	0	10
2025.10.13	14:15:00	1.33232	1.33279	1.33195	1.33202	1037	0	10
2025.10.13	14:30:00	1.33205	1.33260	1.33199	1.33248	957	0	10
2025.10.13	14:45:00	1.33252	1.33279	1.33185	1.33262	1027	0	10
2025.10.13	15:00:00	1.33265	1.33310	1.33232	1.33307	875	0	10
2025.10.13	15:15:00	1.33309	1.33342	1.33274	1.33287	740	0	10
2025.10.13	15:30:00	1.33285	1.33351	1.33270	1.33337	673	0	10
2025.10.13	15:45:00	1.33337	1.33346	1.33276	1.33279	563	0	10
2025.10.13	16:00:00	1.33278	1.33369	1.33278	1.33339	612	0	10
2025.10.13	16:15:00	1.33339	1.33351	1.33265	1.33319	748	0	10
2025.10.13	16:30:00	1.33318	1.33325	1.33252	1.33306	562	0	10
2025.10.13	16:45:00	1.33306	1.33338	1.33272	1.33298	514	0	10
2025.10.13	17:00:00	1.33297	1.33309	1.33256	1.33285	443	0	10
2025.10.13	17:15:00	1.33285	1.33340	1.33275	1.33326	504	0	10
2025.10.13	17:30:00	1.33329	1.33333	1.33286	1.33291	356	0	10
2025.10.13	17:45:00	1.33291	1.33333	1.33288	1.33315	447	0	10
2025.10.13	18:00:00	1.33314	1.33364	1.33314	1.33357	361	0	10
2025.10.13	18:15:00	1.33356	1.33390	1.33356	1.33376	335	0	10
2025.10.13	18:30:00	1.33376	1.33402	1.33354	1.33375	410	0	10
2025.10.13	18:45:00	1.33379	1.33383	1.33305	1.33339	437	0	10
2025.10.13	19:00:00	1.33340	1.33370	1.33336	1.33356	481	0	10
2025.10.13	19:15:00	1.33356	1.33388	1.33354	1.33355	273	0	10
2025.10.13	19:30:00	1.33355	1.33365	1.33319	1.33334	271	0	10
2025.10.13	19:45:00	1.33334	1.33351	1.33296	1.33302	324	0	10
2025.10.13	20:00:00	1.33302	1.33331	1.33296	1.33329	230	0	10
2025.10.13	20:15:00	1.33329	1.33339	1.33309	1.33316	192	0	10
2025.10.13	20:30:00	1.33317	1.33319	1.33297	1.33309	177	0	10
2025.10.13	20:45:00	1.33309	1.33348	1.33293	1.33307	855	0	10
2025.10.13	21:00:00	1.33318	1.33320	1.33249	1.33257	175	0	28
2025.10.13	21:15:00	1.33253	1.33299	1.33247	1.33287	85	0	109
2025.10.13	21:30:00	1.33287	1.33341	1.33285	1.33335	205	0	48
2025.10.13	21:45:00	1.33337	1.33354	1.33312	1.33313	199	0	17
2025.10.13	22:00:00	1.33340	1.33365	1.33290	1.33357	337	0	10
2025.10.13	22:15:00	1.33357	1.33372	1.33341	1.33351	163	0	10
2025.10.13	22:30:00	1.33351	1.33353	1.33310	1.33320	161	0	10
2025.10.13	22:45:00	1.33321	1.33338	1.33304	1.33309	145	0	10
2025.10.13	23:00:00	1.33309	1.33318	1.33263	1.33273	251	0	10
2025.10.13	23:15:00	1.33273	1.33309	1.33272	1.33283	157	0	10
2025.10.13	23:30:00	1.33283	1.33326	1.33283	1.33304	243	0	10
2025.10.13	23:45:00	1.33303	1.33348	1.33294	1.33317	447	0	10
2025.10.14	00:00:00	1.33317	1.33336	1.33250	1.33301	782	0	10
2025.10.14	00:15:00	1.33301	1.33337	1.33289	1.33297	490	0	10
2025.10.14	00:30:00	1.33297	1.33349	1.33288	1.33328	597	0	10
2025.10.14	00:45:00	1.33328	1.33380	1.33319	1.33358	516	0	10
2025.10.14	01:00:00	1.33357	1.33442	1.33347	1.33435	742	0	10
2025.10.14	01:15:00	1.33436	1.33470	1.33397	1.33444	594	0	10
2025.10.14	01:30:00	1.33445	1.33462	1.33414	1.33434	502	0	10
2025.10.14	01:45:00	1.33434	1.33450	1.33414	1.33431	419	0	10
2025.10.14	02:00:00	1.33433	1.33447	1.33417	1.33428	352	0	10
2025.10.14	02:15:00	1.33428	1.33438	1.33391	1.33399	319	0	10
2025.10.14	02:30:00	1.33399	1.33440	1.33392	1.33413	337	0	10
2025.10.14	02:45:00	1.33413	1.33457	1.33395	1.33433	309	0	10
2025.10.14	03:00:00	1.33430	1.33454	1.33393	1.33419	412	0	10
2025.10.14	03:15:00	1.33418	1.33452	1.33412	1.33443	404	0	10
2025.10.14	03:30:00	1.33443	1.33466	1.33425	1.33466	393	0	10
2025.10.14	03:45:00	1.33466	1.33498	1.33445	1.33446	388	0	10
2025.10.14	04:00:00	1.33445	1.33486	1.33430	1.33467	680	0	10
2025.10.14	04:15:00	1.33467	1.33508	1.33456	1.33495	736	0	10
2025.10.14	04:30:00	1.33495	1.33497	1.33460	1.33465	478	0	10
2025.10.14	04:45:00	1.33464	1.33521	1.33461	1.33516	438	0	10
2025.10.14	05:00:00	1.33517	1.33518	1.33441	1.33464	488	0	10
2025.10.14	05:15:00	1.33464	1.33469	1.33432	1.33456	454	0	10
2025.10.14	05:30:00	1.33456	1.33505	1.33428	1.33469	694	0	10
2025.10.14	05:45:00	1.33469	1.33469	1.33395	1.33398	876	0	10
2025.10.14	06:00:00	1.33397	1.33403	1.33035	1.33066	1854	0	10
2025.10.14	06:15:00	1.33069	1.33095	1.32922	1.32957	1635	0	10
2025.10.14	06:30:00	1.32958	1.32970	1.32754	1.32804	1546	0	10
2025.10.14	06:45:00	1.32803	1.32833	1.32744	1.32798	1128	0	10
2025.10.14	07:00:00	1.32800	1.32830	1.32689	1.32749	1561	0	10
2025.10.14	07:15:00	1.32747	1.32769	1.32573	1.32591	1329	0	10
2025.10.14	07:30:00	1.32588	1.32633	1.32540	1.32549	1757	0	10
2025.10.14	07:45:00	1.32548	1.32612	1.32519	1.32566	1157	0	10
2025.10.14	08:00:00	1.32564	1.32690	1.32530	1.32689	1164	0	10
2025.10.14	08:15:00	1.32688	1.32709	1.32649	1.32707	874	0	10
2025.10.14	08:30:00	1.32705	1.32770	1.32668	1.32740	866	0	10
2025.10.14	08:45:00	1.32741	1.32837	1.32725	1.32835	997	0	10
2025.10.14	09:00:00	1.32831	1.32831	1.32745	1.32766	865	0	10
2025.10.14	09:15:00	1.32765	1.32837	1.32742	1.32818	772	0	10
2025.10.14	09:30:00	1.32815	1.32831	1.32751	1.32767	827	0	10
2025.10.14	09:45:00	1.32767	1.32767	1.32636	1.32676	1046	0	10
2025.10.14	10:00:00	1.32673	1.32715	1.32643	1.32687	882	0	10
2025.10.14	10:15:00	1.32683	1.32683	1.32583	1.32613	906	0	10
2025.10.14	10:30:00	1.32616	1.32646	1.32585	1.32628	895	0	10
2025.10.14	10:45:00	1.32628	1.32672	1.32578	1.32642	981	0	10
2025.10.14	11:00:00	1.32644	1.32712	1.32607	1.32659	981	0	10
2025.10.14	11:15:00	1.32659	1.32756	1.32652	1.32708	851	0	10
2025.10.14	11:30:00	1.32710	1.32740	1.32631	1.32648	803	0	10
2025.10.14	11:45:00	1.32647	1.32698	1.32632	1.32684	840	0	10
2025.10.14	12:00:00	1.32685	1.32695	1.32551	1.32656	1116	0	10
2025.10.14	12:15:00	1.32654	1.32725	1.32649	1.32670	1139	0	10
2025.10.14	12:30:00	1.32673	1.32680	1.32504	1.32526	1279	0	10
2025.10.14	12:45:00	1.32525	1.32627	1.32479	1.32608	1015	0	10
2025.10.14	13:00:00	1.32607	1.32836	1.32601	1.32825	1143	0	10
2025.10.14	13:15:00	1.32826	1.32920	1.32758	1.32877	1549	0	10
2025.10.14	13:30:00	1.32878	1.32954	1.32811	1.32840	1860	0	10
2025.10.14	13:45:00	1.32838	1.32876	1.32809	1.32814	1483	0	10
2025.10.14	14:00:00	1.32815	1.32922	1.32790	1.32903	1489	0	10
2025.10.14	14:15:00	1.32901	1.32973	1.32840	1.32912	1204	0	10
2025.10.14	14:30:00	1.32916	1.33030	1.32889	1.32963	1208	0	10
2025.10.14	14:45:00	1.32963	1.33003	1.32899	1.32961	1499	0	10
2025.10.14	15:00:00	1.32960	1.32976	1.32878	1.32940	1092	0	10
2025.10.14	15:15:00	1.32942	1.32983	1.32888	1.32914	983	0	10
2025.10.14	15:30:00	1.32914	1.33017	1.32914	1.32961	1298	0	10
2025.10.14	15:45:00	1.32962	1.33185	1.32962	1.33172	1328	0	10
2025.10.14	16:00:00	1.33175	1.33214	1.33064	1.33092	1041	0	10
2025.10.14	16:15:00	1.33092	1.33230	1.33088	1.33164	1464	0	10
2025.10.14	16:30:00	1.33165	1.33237	1.33069	1.33229	1094	0	10
2025.10.14	16:45:00	1.33228	1.33290	1.33150	1.33173	1122	0	10
2025.10.14	17:00:00	1.33170	1.33238	1.33116	1.33161	1093	0	10
2025.10.14	17:15:00	1.33163	1.33222	1.33122	1.33212	734	0	10
2025.10.14	17:30:00	1.33210	1.33230	1.33186	1.33212	586	0	10
2025.10.14	17:45:00	1.33213	1.33293	1.33201	1.33271	715	0	10
2025.10.14	18:00:00	1.33270	1.33290	1.33218	1.33250	726	0	10
2025.10.14	18:15:00	1.33251	1.33275	1.33195	1.33247	600	0	10
2025.10.14	18:30:00	1.33247	1.33312	1.33246	1.33291	590	0	10
2025.10.14	18:45:00	1.33291	1.33312	1.33265	1.33269	563	0	10
2025.10.14	19:00:00	1.33269	1.33317	1.33267	1.33280	508	0	10
2025.10.14	19:15:00	1.33282	1.33311	1.33257	1.33266	448	0	10
2025.10.14	19:30:00	1.33265	1.33312	1.33218	1.33261	1256	0	10
2025.10.14	19:45:00	1.33261	1.33271	1.33222	1.33253	776	0	10
2025.10.14	20:00:00	1.33249	1.33267	1.33198	1.33201	433	0	10
2025.10.14	20:15:00	1.33201	1.33206	1.33137	1.33143	302	0	10
2025.10.14	20:30:00	1.33144	1.33188	1.33140	1.33172	154	0	10
2025.10.14	20:45:00	1.33172	1.33204	1.33168	1.33173	355	0	10
2025.10.14	21:00:00	1.33171	1.33190	1.33159	1.33172	152	0	13
2025.10.14	21:15:00	1.33171	1.33195	1.33171	1.33195	234	0	22
2025.10.14	21:30:00	1.33195	1.33195	1.33163	1.33180	210	0	18
2025.10.14	21:45:00	1.33178	1.33184	1.33163	1.33163	144	0	13
2025.10.14	22:00:00	1.33182	1.33216	1.33171	1.33212	346	0	10
2025.10.14	22:15:00	1.33211	1.33223	1.33199	1.33208	215	0	10
2025.10.14	22:30:00	1.33207	1.33223	1.33192	1.33196	211	0	10
2025.10.14	22:45:00	1.33196	1.33207	1.33183	1.33187	182	0	10
2025.10.14	23:00:00	1.33188	1.33199	1.33164	1.33195	186	0	10
2025.10.14	23:15:00	1.33195	1.33227	1.33187	1.33223	217	0	10
2025.10.14	23:30:00	1.33223	1.33244	1.33213	1.33243	204	0	10
2025.10.14	23:45:00	1.33243	1.33243	1.33195	1.33214	285	0	10
2025.10.15	00:00:00	1.33214	1.33268	1.33194	1.33235	614	0	10
2025.10.15	00:15:00	1.33236	1.33273	1.33220	1.33257	521	0	10
2025.10.15	00:30:00	1.33258	1.33278	1.33239	1.33270	437	0	10
2025.10.15	00:45:00	1.33270	1.33305	1.33264	1.33283	518	0	10
2025.10.15	01:00:00	1.33283	1.33306	1.33250	1.33297	515	0	10
2025.10.15	01:15:00	1.33297	1.33391	1.33294	1.33375	752	0	10
2025.10.15	01:30:00	1.33375	1.33391	1.33342	1.33354	523	0	10
2025.10.15	01:45:00	1.33354	1.33403	1.33354	1.33396	456	0	10
2025.10.15	02:00:00	1.33400	1.33482	1.33392	1.33470	585	0	10
2025.10.15	02:15:00	1.33470	1.33495	1.33460	1.33479	422	0	10
2025.10.15	02:30:00	1.33479	1.33506	1.33455	1.33481	398	0	10
2025.10.15	02:45:00	1.33481	1.33506	1.33467	1.33488	497	0	10
2025.10.15	03:00:00	1.33488	1.33523	1.33473	1.33497	440	0	10
2025.10.15	03:15:00	1.33497	1.33515	1.33480	1.33504	328	0	10
2025.10.15	03:30:00	1.33505	1.33537	1.33490	1.33509	367	0	10
2025.10.15	03:45:00	1.33507	1.33525	1.33488	1.33506	303	0	10
2025.10.15	04:00:00	1.33509	1.33536	1.33507	1.33513	365	0	10
2025.10.15	04:15:00	1.33513	1.33521	1.33473	1.33477	301	0	10
2025.10.15	04:30:00	1.33480	1.33488	1.33438	1.33456	445	0	10
2025.10.15	04:45:00	1.33456	1.33495	1.33450	1.33483	304	0	10
2025.10.15	05:00:00	1.33485	1.33497	1.33459	1.33478	384	0	10
2025.10.15	05:15:00	1.33478	1.33535	1.33472	1.33532	386	0	10
2025.10.15	05:30:00	1.33532	1.33585	1.33518	1.33570	462	0	10
2025.10.15	05:45:00	1.33570	1.33572	1.33519	1.33520	471	0	10
2025.10.15	06:00:00	1.33517	1.33680	1.33497	1.33672	877	0	10
2025.10.15	06:15:00	1.33671	1.33733	1.33612	1.33645	1122	0	10
2025.10.15	06:30:00	1.33645	1.33675	1.33596	1.33644	759	0	10
2025.10.15	06:45:00	1.33643	1.33671	1.33607	1.33621	955	0	10
2025.10.15	07:00:00	1.33624	1.33634	1.33512	1.33565	1059	0	10
2025.10.15	07:15:00	1.33565	1.33574	1.33426	1.33444	1018	0	10
2025.10.15	07:30:00	1.33442	1.33567	1.33412	1.33563	1023	0	10
2025.10.15	07:45:00	1.33564	1.33608	1.33495	1.33495	1036	0	10
2025.10.15	08:00:00	1.33495	1.33553	1.33480	1.33519	927	0	10
2025.10.15	08:15:00	1.33514	1.33536	1.33468	1.33520	913	0	10
2025.10.15	08:30:00	1.33520	1.33536	1.33480	1.33503	682	0	10
2025.10.15	08:45:00	1.33506	1.33550	1.33409	1.33450	1028	0	10
2025.10.15	09:00:00	1.33450	1.33459	1.33357	1.33415	883	0	10
2025.10.15	09:15:00	1.33417	1.33449	1.33399	1.33438	764	0	10
2025.10.15	09:30:00	1.33441	1.33572	1.33441	1.33505	859	0	10
2025.10.15	09:45:00	1.33502	1.33542	1.33462	1.33505	743	0	10
2025.10.15	10:00:00	1.33504	1.33565	1.33459	1.33545	731	0	10
2025.10.15	10:15:00	1.33544	1.33548	1.33474	1.33493	681	0	10
2025.10.15	10:30:00	1.33489	1.33558	1.33467	1.33548	550	0	10
2025.10.15	10:45:00	1.33548	1.33654	1.33534	1.33640	602	0	10
2025.10.15	11:00:00	1.33643	1.33661	1.33594	1.33632	621	0	10
2025.10.15	11:15:00	1.33632	1.33663	1.33565	1.33591	718	0	10
2025.10.15	11:30:00	1.33592	1.33592	1.33530	1.33551	594	0	10
2025.10.15	11:45:00	1.33551	1.33558	1.33493	1.33513	700	0	10
2025.10.15	12:00:00	1.33517	1.33561	1.33480	1.33535	821	0	10
2025.10.15	12:15:00	1.33538	1.33538	1.33485	1.33528	890	0	10
2025.10.15	12:30:00	1.33524	1.33551	1.33444	1.33477	1120	0	10
2025.10.15	12:45:00	1.33476	1.33508	1.33408	1.33454	1210	0	10
2025.10.15	13:00:00	1.33452	1.33485	1.33373	1.33434	1131	0	10
2025.10.15	13:15:00	1.33432	1.33448	1.33339	1.33349	1056	0	10
2025.10.15	13:30:00	1.33352	1.33493	1.33350	1.33474	1626	0	10
2025.10.15	13:45:00	1.33475	1.33524	1.33392	1.33491	1585	0	10
2025.10.15	14:00:00	1.33494	1.33605	1.33457	1.33603	1060	0	10
2025.10.15	14:15:00	1.33601	1.33634	1.33580	1.33590	856	0	10
2025.10.15	14:30:00	1.33587	1.33612	1.33540	1.33567	858	0	10
2025.10.15	14:45:00	1.33569	1.33666	1.33562	1.33648	1087	0	10
2025.10.15	15:00:00	1.33647	1.33750	1.33613	1.33738	927	0	10
2025.10.15	15:15:00	1.33741	1.33968	1.33728	1.33952	1094	0	10
2025.10.15	15:30:00	1.33947	1.34003	1.33924	1.33993	1160	0	10
2025.10.15	15:45:00	1.33992	1.34031	1.33879	1.33933	1331	0	10
2025.10.15	16:00:00	1.33935	1.33941	1.33849	1.33889	1107	0	10
2025.10.15	16:15:00	1.33885	1.33932	1.33875	1.33930	849	0	10
2025.10.15	16:30:00	1.33929	1.33932	1.33841	1.33864	773	0	10
2025.10.15	16:45:00	1.33864	1.33927	1.33849	1.33904	750	0	10
2025.10.15	17:00:00	1.33904	1.33904	1.33793	1.33797	1156	0	10
2025.10.15	17:15:00	1.33798	1.33804	1.33746	1.33766	1172	0	10
2025.10.15	17:30:00	1.33765	1.33773	1.33710	1.33735	803	0	10
2025.10.15	17:45:00	1.33734	1.33768	1.33722	1.33766	612	0	10
2025.10.15	18:00:00	1.33769	1.33780	1.33697	1.33755	664	0	10
2025.10.15	18:15:00	1.33754	1.33864	1.33740	1.33835	659	0	10
2025.10.15	18:30:00	1.33835	1.33864	1.33813	1.33830	453	0	10
2025.10.15	18:45:00	1.33830	1.33833	1.33800	1.33825	425	0	10
2025.10.15	19:00:00	1.33826	1.33854	1.33824	1.33841	451	0	10
2025.10.15	19:15:00	1.33841	1.33878	1.33829	1.33865	372	0	10
2025.10.15	19:30:00	1.33865	1.33896	1.33852	1.33864	413	0	10
2025.10.15	19:45:00	1.33864	1.33935	1.33835	1.33930	439	0	10
2025.10.15	20:00:00	1.33929	1.34077	1.33913	1.33991	806	0	10
2025.10.15	20:15:00	1.33992	1.34017	1.33960	1.33981	321	0	10
2025.10.15	20:30:00	1.33982	1.33996	1.33964	1.33976	264	0	10
2025.10.15	20:45:00	1.33975	1.34030	1.33953	1.34008	428	0	9
2025.10.15	21:00:00	1.34010	1.34010	1.33969	1.33973	178	0	29
2025.10.15	21:15:00	1.33974	1.33992	1.33967	1.33987	188	0	62
2025.10.15	21:30:00	1.33989	1.33995	1.33971	1.33973	258	0	18
2025.10.15	21:45:00	1.33971	1.33977	1.33879	1.33879	293	0	22
2025.10.15	22:00:00	1.33929	1.34016	1.33929	1.33990	415	0	10
2025.10.15	22:15:00	1.33993	1.34043	1.33989	1.34035	243	0	10
2025.10.15	22:30:00	1.34035	1.34064	1.34027	1.34062	207	0	10
2025.10.15	22:45:00	1.34062	1.34076	1.34019	1.34032	307	0	10
2025.10.15	23:00:00	1.34033	1.34037	1.34003	1.34011	284	0	10
2025.10.15	23:15:00	1.34011	1.34015	1.33997	1.34003	200	0	10
2025.10.15	23:30:00	1.34003	1.34037	1.34002	1.34034	251	0	10
2025.10.15	23:45:00	1.34035	1.34045	1.34016	1.34029	313	0	10
2025.10.16	00:00:00	1.34027	1.34068	1.33991	1.34056	622	0	10
2025.10.16	00:15:00	1.34057	1.34164	1.34048	1.34162	544	0	10
2025.10.16	00:30:00	1.34159	1.34262	1.34132	1.34244	1004	0	10
2025.10.16	00:45:00	1.34247	1.34280	1.34193	1.34213	762	0	10
2025.10.16	01:00:00	1.34213	1.34271	1.34212	1.34236	670	0	10
2025.10.16	01:15:00	1.34234	1.34307	1.34233	1.34263	825	0	10
2025.10.16	01:30:00	1.34263	1.34358	1.34256	1.34335	752	0	10
2025.10.16	01:45:00	1.34335	1.34417	1.34331	1.34359	664	0	10
2025.10.16	02:00:00	1.34359	1.34396	1.34334	1.34359	637	0	10
2025.10.16	02:15:00	1.34359	1.34361	1.34305	1.34312	494	0	10
2025.10.16	02:30:00	1.34313	1.34317	1.34282	1.34287	437	0	10
2025.10.16	02:45:00	1.34286	1.34328	1.34286	1.34305	405	0	10
2025.10.16	03:00:00	1.34305	1.34307	1.34264	1.34277	440	0	10
2025.10.16	03:15:00	1.34277	1.34318	1.34254	1.34268	387	0	10
2025.10.16	03:30:00	1.34267	1.34268	1.34225	1.34235	317	0	10
2025.10.16	03:45:00	1.34235	1.34246	1.34214	1.34217	254	0	10
2025.10.16	04:00:00	1.34216	1.34228	1.34186	1.34224	273	0	10
2025.10.16	04:15:00	1.34224	1.34224	1.34162	1.34164	266	0	10
2025.10.16	04:30:00	1.34165	1.34171	1.34133	1.34144	291	0	10
2025.10.16	04:45:00	1.34144	1.34149	1.34121	1.34138	324	0	10
2025.10.16	05:00:00	1.34140	1.34158	1.34124	1.34132	383	0	10
2025.10.16	05:15:00	1.34136	1.34157	1.34123	1.34157	380	0	10
2025.10.16	05:30:00	1.34155	1.34194	1.34112	1.34174	571	0	10
2025.10.16	05:45:00	1.34175	1.34208	1.34155	1.34164	550	0	10
2025.10.16	06:00:00	1.34164	1.34215	1.34090	1.34208	1091	0	10
2025.10.16	06:15:00	1.34208	1.34226	1.34130	1.34163	937	0	10
2025.10.16	06:30:00	1.34162	1.34169	1.34075	1.34106	878	0	10
2025.10.16	06:45:00	1.34103	1.34126	1.34036	1.34105	916	0	10
2025.10.16	07:00:00	1.34102	1.34153	1.34082	1.34135	1267	0	10
2025.10.16	07:15:00	1.34136	1.34197	1.34114	1.34161	962	0	10
2025.10.16	07:30:00	1.34161	1.34246	1.34075	1.34235	947	0	10
2025.10.16	07:45:00	1.34234	1.34277	1.34141	1.34259	1552	0	10
2025.10.16	08:00:00	1.34262	1.34387	1.34230	1.34314	1321	0	10
2025.10.16	08:15:00	1.34313	1.34427	1.34294	1.34369	874	0	10
2025.10.16	08:30:00	1.34369	1.34393	1.34328	1.34372	685	0	10
2025.10.16	08:45:00	1.34369	1.34383	1.34319	1.34375	729	0	10
2025.10.16	09:00:00	1.34377	1.34409	1.34356	1.34391	600	0	10
2025.10.16	09:15:00	1.34391	1.34400	1.34324	1.34324	609	0	10
2025.10.16	09:30:00	1.34327	1.34405	1.34320	1.34376	664	0	10
2025.10.16	09:45:00	1.34375	1.34402	1.34333	1.34358	583	0	10
2025.10.16	10:00:00	1.34358	1.34413	1.34332	1.34402	762	0	10
2025.10.16	10:15:00	1.34402	1.34478	1.34400	1.34451	577	0	10
2025.10.16	10:30:00	1.34451	1.34463	1.34308	1.34350	751	0	10
2025.10.16	10:45:00	1.34351	1.34376	1.34293	1.34336	633	0	10
2025.10.16	11:00:00	1.34339	1.34343	1.34260	1.34272	797	0	10
2025.10.16	11:15:00	1.34271	1.34288	1.34220	1.34220	644	0	10
2025.10.16	11:30:00	1.34222	1.34356	1.34211	1.34284	867	0	10
2025.10.16	11:45:00	1.34284	1.34451	1.34284	1.34401	1060	0	10
2025.10.16	12:00:00	1.34397	1.34411	1.34252	1.34281	1062	0	10
2025.10.16	12:15:00	1.34281	1.34335	1.34241	1.34243	877	0	10
2025.10.16	12:30:00	1.34247	1.34346	1.34241	1.34304	1251	0	10
2025.10.16	12:45:00	1.34304	1.34486	1.34288	1.34470	989	0	10
2025.10.16	13:00:00	1.34468	1.34474	1.34332	1.34442	1228	0	10
2025.10.16	13:15:00	1.34442	1.34543	1.34331	1.34347	1197	0	10
2025.10.16	13:30:00	1.34344	1.34407	1.34222	1.34359	1490	0	10
2025.10.16	13:45:00	1.34359	1.34399	1.34199	1.34206	1388	0	10
2025.10.16	14:00:00	1.34204	1.34235	1.34112	1.34222	1564	0	10
2025.10.16	14:15:00	1.34219	1.34347	1.34219	1.34321	1293	0	10
2025.10.16	14:30:00	1.34322	1.34351	1.34250	1.34283	1241	0	10
2025.10.16	14:45:00	1.34283	1.34358	1.34261	1.34331	1276	0	10
2025.10.16	15:00:00	1.34335	1.34359	1.34280	1.34312	1081	0	10
2025.10.16	15:15:00	1.34312	1.34317	1.34247	1.34292	913	0	10
2025.10.16	15:30:00	1.34292	1.34297	1.34221	1.34286	1274	0	10
2025.10.16	15:45:00	1.34289	1.34292	1.34170	1.34224	962	0	10
2025.10.16	16:00:00	1.34221	1.34324	1.34215	1.34315	790	0	10
2025.10.16	16:15:00	1.34315	1.34329	1.34192	1.34203	955	0	10
2025.10.16	16:30:00	1.34205	1.34230	1.34141	1.34179	1885	0	10
2025.10.16	16:45:00	1.34179	1.34293	1.34156	1.34262	1344	0	10
2025.10.16	17:00:00	1.34259	1.34444	1.34249	1.34436	1172	0	10
2025.10.16	17:15:00	1.34437	1.34475	1.34391	1.34442	1000	0	10
2025.10.16	17:30:00	1.34440	1.34449	1.34381	1.34428	755	0	10
2025.10.16	17:45:00	1.34428	1.34441	1.34352	1.34379	722	0	10
2025.10.16	18:00:00	1.34378	1.34380	1.34329	1.34334	791	0	10
2025.10.16	18:15:00	1.34334	1.34334	1.34194	1.34239	946	0	10
2025.10.16	18:30:00	1.34242	1.34323	1.34205	1.34295	645	0	10
2025.10.16	18:45:00	1.34295	1.34375	1.34284	1.34342	726	0	10
2025.10.16	19:00:00	1.34345	1.34359	1.34292	1.34313	626	0	10
2025.10.16	19:15:00	1.34313	1.34382	1.34311	1.34346	572	0	10
2025.10.16	19:30:00	1.34346	1.34376	1.34310	1.34350	757	0	10
2025.10.16	19:45:00	1.34351	1.34364	1.34322	1.34335	598	0	10
2025.10.16	20:00:00	1.34333	1.34365	1.34317	1.34345	438	0	10
2025.10.16	20:15:00	1.34345	1.34367	1.34335	1.34335	244	0	10
2025.10.16	20:30:00	1.34334	1.34355	1.34305	1.34353	249	0	10
2025.10.16	20:45:00	1.34352	1.34366	1.34322	1.34324	427	0	10
2025.10.16	21:00:00	1.34322	1.34334	1.34270	1.34271	169	0	29
2025.10.16	21:15:00	1.34269	1.34288	1.34249	1.34288	167	0	125
2025.10.16	21:30:00	1.34285	1.34318	1.34278	1.34312	233	0	55
2025.10.16	21:45:00	1.34315	1.34337	1.34290	1.34326	230	0	20
2025.10.16	22:00:00	1.34328	1.34405	1.34328	1.34389	294	0	10
2025.10.16	22:15:00	1.34390	1.34449	1.34388	1.34415	373	0	10
2025.10.16	22:30:00	1.34417	1.34419	1.34385	1.34398	240	0	10
2025.10.16	22:45:00	1.34398	1.34420	1.34359	1.34368	286	0	10
2025.10.16	23:00:00	1.34368	1.34415	1.34355	1.34387	303	0	10
2025.10.16	23:15:00	1.34388	1.34417	1.34382	1.34406	191	0	10
2025.10.16	23:30:00	1.34405	1.34447	1.34399	1.34436	291	0	10
2025.10.16	23:45:00	1.34436	1.34452	1.34404	1.34434	345	0	10
2025.10.17	00:00:00	1.34436	1.34444	1.34395	1.34423	536	0	10
2025.10.17	00:15:00	1.34423	1.34476	1.34415	1.34464	493	0	10
2025.10.17	00:30:00	1.34466	1.34507	1.34455	1.34485	496	0	10
2025.10.17	00:45:00	1.34485	1.34519	1.34455	1.34465	764	0	10
2025.10.17	01:00:00	1.34463	1.34510	1.34444	1.34446	777	0	10
2025.10.17	01:15:00	1.34446	1.34462	1.34391	1.34419	616	0	10
2025.10.17	01:30:00	1.34420	1.34459	1.34398	1.34416	754	0	10
2025.10.17	01:45:00	1.34416	1.34460	1.34376	1.34384	732	0	10
2025.10.17	02:00:00	1.34381	1.34397	1.34305	1.34375	652	0	10
2025.10.17	02:15:00	1.34375	1.34435	1.34370	1.34435	438	0	10
2025.10.17	02:30:00	1.34435	1.34486	1.34435	1.34464	452	0	10
2025.10.17	02:45:00	1.34465	1.34478	1.34410	1.34438	495	0	10
2025.10.17	03:00:00	1.34437	1.34472	1.34432	1.34462	386	0	10
2025.10.17	03:15:00	1.34461	1.34507	1.34461	1.34476	341	0	10
2025.10.17	03:30:00	1.34475	1.34500	1.34445	1.34472	461	0	10
2025.10.17	03:45:00	1.34471	1.34504	1.34465	1.34479	440	0	10
2025.10.17	04:00:00	1.34482	1.34499	1.34473	1.34481	369	0	10
2025.10.17	04:15:00	1.34481	1.34486	1.34452	1.34477	317	0	10
2025.10.17	04:30:00	1.34477	1.34527	1.34474	1.34474	375	0	10
2025.10.17	04:45:00	1.34476	1.34535	1.34474	1.34519	380	0	10
2025.10.17	05:00:00	1.34520	1.34580	1.34513	1.34578	420	0	10
2025.10.17	05:15:00	1.34577	1.34597	1.34546	1.34561	465	0	10
2025.10.17	05:30:00	1.34563	1.34626	1.34562	1.34623	456	0	10
2025.10.17	05:45:00	1.34623	1.34707	1.34592	1.34683	623	0	10
2025.10.17	06:00:00	1.34685	1.34696	1.34605	1.34660	903	0	10
2025.10.17	06:15:00	1.34661	1.34712	1.34611	1.34626	915	0	10
2025.10.17	06:30:00	1.34627	1.34630	1.34497	1.34547	1157	0	10
2025.10.17	06:45:00	1.34547	1.34592	1.34505	1.34552	993	0	10
2025.10.17	07:00:00	1.34549	1.34578	1.34370	1.34441	1795	0	10
2025.10.17	07:15:00	1.34442	1.34519	1.34239	1.34337	1957	0	10
2025.10.17	07:30:00	1.34335	1.34374	1.34299	1.34343	1526	0	10
2025.10.17	07:45:00	1.34342	1.34400	1.34294	1.34319	1235	0	10
2025.10.17	08:00:00	1.34323	1.34369	1.34172	1.34177	1201	0	10
2025.10.17	08:15:00	1.34176	1.34220	1.34127	1.34194	1067	0	10
2025.10.17	08:30:00	1.34194	1.34280	1.34104	1.34248	935	0	10
2025.10.17	08:45:00	1.34246	1.34296	1.34202	1.34238	986	0	10
2025.10.17	09:00:00	1.34237	1.34356	1.34230	1.34335	758	0	10
2025.10.17	09:15:00	1.34335	1.34391	1.34295	1.34317	784	0	10
2025.10.17	09:30:00	1.34317	1.34363	1.34276	1.34353	832	0	10
2025.10.17	09:45:00	1.34353	1.34377	1.34281	1.34350	773	0	10
2025.10.17	10:00:00	1.34350	1.34350	1.34270	1.34325	624	0	10
2025.10.17	10:15:00	1.34325	1.34364	1.34292	1.34328	809	0	10
2025.10.17	10:30:00	1.34329	1.34350	1.34299	1.34340	869	0	10
2025.10.17	10:45:00	1.34340	1.34413	1.34294	1.34335	956	0	10
2025.10.17	11:00:00	1.34340	1.34431	1.34295	1.34384	1736	0	10
2025.10.17	11:15:00	1.34384	1.34401	1.34310	1.34337	1311	0	10
2025.10.17	11:30:00	1.34341	1.34398	1.34329	1.34337	974	0	10
2025.10.17	11:45:00	1.34339	1.34382	1.34307	1.34342	857	0	10
2025.10.17	12:00:00	1.34342	1.34353	1.34252	1.34295	1182	0	10
2025.10.17	12:15:00	1.34298	1.34312	1.34178	1.34199	1137	0	10
2025.10.17	12:30:00	1.34194	1.34208	1.34080	1.34095	1102	0	10
2025.10.17	12:45:00	1.34095	1.34130	1.34079	1.34117	1037	0	10
2025.10.17	13:00:00	1.34116	1.34135	1.34061	1.34120	959	0	10
2025.10.17	13:15:00	1.34118	1.34206	1.34117	1.34186	769	0	10
2025.10.17	13:30:00	1.34187	1.34224	1.34078	1.34117	1616	0	10
2025.10.17	13:45:00	1.34117	1.34157	1.34010	1.34034	1258	0	10
2025.10.17	14:00:00	1.34030	1.34088	1.33979	1.34026	1453	0	10
2025.10.17	14:15:00	1.34029	1.34054	1.33974	1.34029	1215	0	10
2025.10.17	14:30:00	1.34030	1.34070	1.33971	1.34024	1133	0	10
2025.10.17	14:45:00	1.34023	1.34063	1.33908	1.33916	1343	0	10
2025.10.17	15:00:00	1.33916	1.33982	1.33904	1.33953	1086	0	10
2025.10.17	15:15:00	1.33956	1.34013	1.33931	1.33938	1026	0	10
2025.10.17	15:30:00	1.33939	1.34108	1.33939	1.34092	1041	0	10
2025.10.17	15:45:00	1.34092	1.34215	1.34092	1.34215	941	0	10
2025.10.17	16:00:00	1.34219	1.34229	1.34123	1.34224	908	0	10
2025.10.17	16:15:00	1.34221	1.34305	1.34217	1.34255	819	0	10
2025.10.17	16:30:00	1.34254	1.34292	1.34191	1.34201	774	0	10
2025.10.17	16:45:00	1.34204	1.34243	1.34161	1.34169	705	0	10
2025.10.17	17:00:00	1.34166	1.34176	1.34102	1.34153	804	0	10
2025.10.17	17:15:00	1.34153	1.34216	1.34152	1.34210	464	0	10
2025.10.17	17:30:00	1.34212	1.34245	1.34200	1.34211	613	0	10
2025.10.17	17:45:00	1.34212	1.34246	1.34150	1.34162	761	0	10
2025.10.17	18:00:00	1.34163	1.34230	1.34133	1.34215	688	0	10
2025.10.17	18:15:00	1.34214	1.34368	1.34199	1.34319	719	0	10
2025.10.17	18:30:00	1.34322	1.34384	1.34300	1.34359	561	0	10
2025.10.17	18:45:00	1.34359	1.34382	1.34304	1.34334	544	0	10
2025.10.17	19:00:00	1.34334	1.34374	1.34323	1.34336	473	0	10
2025.10.17	19:15:00	1.34336	1.34347	1.34312	1.34317	405	0	10
2025.10.17	19:30:00	1.34319	1.34324	1.34288	1.34296	404	0	10
2025.10.17	19:45:00	1.34296	1.34373	1.34282	1.34371	520	0	10
2025.10.17	20:00:00	1.34372	1.34376	1.34262	1.34296	495	0	10
2025.10.17	20:15:00	1.34297	1.34308	1.34259	1.34268	425	0	10
2025.10.17	20:30:00	1.34268	1.34290	1.34204	1.34273	466	0	10
2025.10.17	20:45:00	1.34273	1.34278	1.34219	1.34250	1594	0	10
2025.10.19	21:00:00	1.34303	1.34303	1.34217	1.34256	87	0	30
2025.10.19	21:15:00	1.34259	1.34273	1.34254	1.34260	115	0	65
2025.10.19	21:30:00	1.34260	1.34270	1.34206	1.34240	116	0	58
2025.10.19	21:45:00	1.34237	1.34252	1.34157	1.34226	240	0	53
2025.10.19	22:00:00	1.34246	1.34290	1.34235	1.34284	306	0	10
2025.10.19	22:15:00	1.34284	1.34288	1.34239	1.34255	320	0	10
2025.10.19	22:30:00	1.34256	1.34294	1.34243	1.34285	308	0	10
2025.10.19	22:45:00	1.34285	1.34290	1.34258	1.34277	227	0	10
2025.10.19	23:00:00	1.34278	1.34278	1.34242	1.34258	240	0	10
2025.10.19	23:15:00	1.34258	1.34293	1.34250	1.34283	261	0	10
2025.10.19	23:30:00	1.34284	1.34306	1.34272	1.34289	254	0	10
2025.10.19	23:45:00	1.34286	1.34286	1.34242	1.34244	327	0	10
2025.10.20	00:00:00	1.34244	1.34276	1.34222	1.34224	650	0	10
2025.10.20	00:15:00	1.34226	1.34287	1.34210	1.34250	490	0	10
2025.10.20	00:30:00	1.34250	1.34296	1.34239	1.34289	414	0	10
2025.10.20	00:45:00	1.34289	1.34346	1.34274	1.34339	515	0	10
2025.10.20	01:00:00	1.34337	1.34370	1.34320	1.34358	561	0	10
2025.10.20	01:15:00	1.34358	1.34366	1.34302	1.34302	513	0	10
2025.10.20	01:30:00	1.34303	1.34310	1.34265	1.34306	537	0	10
2025.10.20	01:45:00	1.34306	1.34354	1.34298	1.34321	392	0	10
2025.10.20	02:00:00	1.34323	1.34377	1.34321	1.34376	433	0	10
2025.10.20	02:15:00	1.34376	1.34418	1.34366	1.34415	300	0	10
2025.10.20	02:30:00	1.34415	1.34426	1.34383	1.34386	309	0	10
2025.10.20	02:45:00	1.34386	1.34387	1.34344	1.34354	317	0	10
2025.10.20	03:00:00	1.34351	1.34369	1.34336	1.34365	212	0	10
2025.10.20	03:15:00	1.34365	1.34388	1.34363	1.34382	194	0	10
2025.10.20	03:30:00	1.34382	1.34386	1.34360	1.34361	208	0	10
2025.10.20	03:45:00	1.34361	1.34407	1.34359	1.34398	327	0	10
2025.10.20	04:00:00	1.34399	1.34407	1.34363	1.34364	282	0	10
2025.10.20	04:15:00	1.34364	1.34395	1.34363	1.34374	246	0	10
2025.10.20	04:30:00	1.34374	1.34395	1.34365	1.34387	277	0	10
2025.10.20	04:45:00	1.34387	1.34426	1.34350	1.34352	354	0	10
2025.10.20	05:00:00	1.34350	1.34385	1.34321	1.34374	360	0	10
2025.10.20	05:15:00	1.34374	1.34392	1.34354	1.34388	254	0	10
2025.10.20	05:30:00	1.34388	1.34408	1.34369	1.34382	339	0	10
2025.10.20	05:45:00	1.34381	1.34404	1.34369	1.34398	386	0	10
2025.10.20	06:00:00	1.34402	1.34402	1.34286	1.34289	803	0	10
2025.10.20	06:15:00	1.34288	1.34315	1.34200	1.34227	753	0	10
2025.10.20	06:30:00	1.34229	1.34276	1.34213	1.34259	641	0	10
2025.10.20	06:45:00	1.34259	1.34259	1.34150	1.34160	672	0	10
2025.10.20	07:00:00	1.34163	1.34165	1.34052	1.34130	1115	0	10
2025.10.20	07:15:00	1.34132	1.34217	1.34117	1.34215	809	0	10
2025.10.20	07:30:00	1.34215	1.34277	1.34194	1.34235	847	0	10
2025.10.20	07:45:00	1.34235	1.34245	1.34126	1.34153	923	0	10
2025.10.20	08:00:00	1.34154	1.34225	1.34110	1.34205	822	0	10
2025.10.20	08:15:00	1.34204	1.34235	1.34180	1.34225	625	0	10
2025.10.20	08:30:00	1.34223	1.34270	1.34202	1.34220	665	0	10
2025.10.20	08:45:00	1.34221	1.34281	1.34217	1.34274	819	0	10
2025.10.20	09:00:00	1.34276	1.34347	1.34242	1.34303	1017	0	10
2025.10.20	09:15:00	1.34302	1.34386	1.34296	1.34362	719	0	10
2025.10.20	09:30:00	1.34361	1.34375	1.34330	1.34354	711	0	10
2025.10.20	09:45:00	1.34356	1.34356	1.34248	1.34276	852	0	10
2025.10.20	10:00:00	1.34275	1.34318	1.34145	1.34180	716	0	10
2025.10.20	10:15:00	1.34179	1.34188	1.34117	1.34148	655	0	10
2025.10.20	10:30:00	1.34147	1.34180	1.34133	1.34156	587	0	10
2025.10.20	10:45:00	1.34156	1.34169	1.34094	1.34100	659	0	10
2025.10.20	11:00:00	1.34098	1.34131	1.34049	1.34078	739	0	10
2025.10.20	11:15:00	1.34078	1.34126	1.34063	1.34111	573	0	10
2025.10.20	11:30:00	1.34112	1.34112	1.33993	1.34025	859	0	10
2025.10.20	11:45:00	1.34025	1.34117	1.34016	1.34116	653	0	10
2025.10.20	12:00:00	1.34116	1.34144	1.34090	1.34138	773	0	10
2025.10.20	12:15:00	1.34135	1.34159	1.34103	1.34133	830	0	10
2025.10.20	12:30:00	1.34135	1.34239	1.34124	1.34220	930	0	10
2025.10.20	12:45:00	1.34220	1.34296	1.34210	1.34251	998	0	10
2025.10.20	13:00:00	1.34252	1.34264	1.34210	1.34237	1027	0	10
2025.10.20	13:15:00	1.34236	1.34241	1.34165	1.34196	767	0	10
2025.10.20	13:30:00	1.34196	1.34197	1.34084	1.34095	981	0	10
2025.10.20	13:45:00	1.34096	1.34116	1.34017	1.34039	1051	0	10
2025.10.20	14:00:00	1.34040	1.34170	1.34016	1.34162	963	0	10
2025.10.20	14:15:00	1.34163	1.34218	1.34143	1.34213	704	0	10
2025.10.20	14:30:00	1.34213	1.34249	1.34169	1.34178	898	0	10
2025.10.20	14:45:00	1.34179	1.34204	1.34105	1.34159	982	0	10
2025.10.20	15:00:00	1.34158	1.34185	1.34104	1.34174	834	0	10
2025.10.20	15:15:00	1.34178	1.34267	1.34165	1.34242	820	0	10
2025.10.20	15:30:00	1.34242	1.34251	1.34198	1.34199	776	0	10
2025.10.20	15:45:00	1.34198	1.34275	1.34181	1.34192	906	0	10
2025.10.20	16:00:00	1.34192	1.34233	1.34132	1.34138	728	0	10
2025.10.20	16:15:00	1.34141	1.34183	1.34112	1.34158	760	0	10
2025.10.20	16:30:00	1.34157	1.34185	1.34140	1.34162	495	0	10
2025.10.20	16:45:00	1.34162	1.34174	1.34132	1.34152	363	0	10
2025.10.20	17:00:00	1.34149	1.34160	1.34119	1.34135	504	0	10
2025.10.20	17:15:00	1.34133	1.34133	1.34065	1.34103	441	0	10
2025.10.20	17:30:00	1.34103	1.34109	1.34048	1.34072	438	0	10
2025.10.20	17:45:00	1.34072	1.34077	1.34016	1.34019	437	0	10
2025.10.20	18:00:00	1.34018	1.34036	1.33995	1.34016	358	0	10
2025.10.20	18:15:00	1.34016	1.34048	1.34003	1.34044	351	0	10
2025.10.20	18:30:00	1.34046	1.34069	1.34023	1.34034	395	0	10
2025.10.20	18:45:00	1.34035	1.34109	1.34034	1.34087	478	0	10
2025.10.20	19:00:00	1.34088	1.34126	1.34079	1.34101	426	0	10
2025.10.20	19:15:00	1.34102	1.34103	1.34077	1.34083	256	0	10
2025.10.20	19:30:00	1.34083	1.34085	1.34047	1.34064	339	0	10
2025.10.20	19:45:00	1.34064	1.34064	1.34045	1.34058	310	0	10
2025.10.20	20:00:00	1.34058	1.34107	1.34052	1.34075	307	0	10
2025.10.20	20:15:00	1.34075	1.34088	1.34054	1.34065	222	0	10
2025.10.20	20:30:00	1.34065	1.34069	1.34048	1.34064	170	0	10
2025.10.20	20:45:00	1.34064	1.34068	1.34021	1.34027	227	0	7
2025.10.20	21:00:00	1.34028	1.34038	1.33994	1.33994	214	0	22
2025.10.20	21:15:00	1.33995	1.34025	1.33995	1.34010	261	0	79
2025.10.20	21:30:00	1.34008	1.34034	1.34005	1.34016	190	0	90
2025.10.20	21:45:00	1.34016	1.34075	1.34016	1.34048	196	0	13
2025.10.20	22:00:00	1.34067	1.34082	1.34051	1.34074	226	0	10
2025.10.20	22:15:00	1.34074	1.34085	1.34036	1.34039	165	0	10
2025.10.20	22:30:00	1.34039	1.34056	1.34032	1.34043	159	0	10
2025.10.20	22:45:00	1.34043	1.34065	1.34032	1.34034	189	0	10
2025.10.20	23:00:00	1.34035	1.34044	1.34024	1.34036	178	0	10
2025.10.20	23:15:00	1.34036	1.34045	1.34027	1.34037	151	0	10
2025.10.20	23:30:00	1.34035	1.34044	1.34028	1.34037	109	0	10
2025.10.20	23:45:00	1.34036	1.34049	1.34029	1.34038	220	0	10
2025.10.21	00:00:00	1.34038	1.34104	1.34023	1.34086	636	0	10
2025.10.21	00:15:00	1.34087	1.34103	1.34070	1.34089	401	0	10
2025.10.21	00:30:00	1.34089	1.34136	1.34086	1.34132	285	0	10
2025.10.21	00:45:00	1.34132	1.34157	1.34121	1.34139	364	0	10
2025.10.21	01:00:00	1.34137	1.34137	1.34084	1.34088	440	0	10
2025.10.21	01:15:00	1.34088	1.34100	1.34041	1.34044	379	0	10
2025.10.21	01:30:00	1.34044	1.34060	1.33985	1.34001	437	0	10
2025.10.21	01:45:00	1.34001	1.34043	1.33989	1.33998	503	0	10
2025.10.21	02:00:00	1.34001	1.34003	1.33933	1.33986	514	0	10
2025.10.21	02:15:00	1.33986	1.33996	1.33962	1.33986	403	0	10
2025.10.21	02:30:00	1.33986	1.33994	1.33914	1.33924	526	0	10
2025.10.21	02:45:00	1.33920	1.33931	1.33899	1.33926	363	0	10
2025.10.21	03:00:00	1.33926	1.33937	1.33905	1.33925	290	0	10
2025.10.21	03:15:00	1.33925	1.33928	1.33897	1.33911	284	0	10
2025.10.21	03:30:00	1.33910	1.33931	1.33891	1.33919	250	0	10
2025.10.21	03:45:00	1.33922	1.33930	1.33903	1.33926	287	0	10
2025.10.21	04:00:00	1.33927	1.33927	1.33886	1.33918	256	0	10
2025.10.21	04:15:00	1.33916	1.33928	1.33897	1.33901	213	0	10
2025.10.21	04:30:00	1.33901	1.33934	1.33880	1.33916	323	0	10
2025.10.21	04:45:00	1.33916	1.33937	1.33869	1.33919	661	0	10
2025.10.21	05:00:00	1.33922	1.33939	1.33871	1.33902	610	0	10
2025.10.21	05:15:00	1.33898	1.33901	1.33812	1.33815	517	0	10
2025.10.21	05:30:00	1.33814	1.33850	1.33747	1.33749	473	0	10
2025.10.21	05:45:00	1.33749	1.33779	1.33735	1.33749	568	0	10
2025.10.21	06:00:00	1.33746	1.33828	1.33715	1.33770	859	0	10
2025.10.21	06:15:00	1.33770	1.33803	1.33726	1.33756	711	0	10
2025.10.21	06:30:00	1.33754	1.33902	1.33745	1.33844	820	0	10
2025.10.21	06:45:00	1.33843	1.33920	1.33838	1.33893	969	0	10
2025.10.21	07:00:00	1.33892	1.33968	1.33819	1.33828	1181	0	10
2025.10.21	07:15:00	1.33829	1.33918	1.33802	1.33890	961	0	10
2025.10.21	07:30:00	1.33889	1.33899	1.33790	1.33880	1079	0	10
2025.10.21	07:45:00	1.33878	1.33951	1.33843	1.33923	1160	0	10
2025.10.21	08:00:00	1.33926	1.33926	1.33786	1.33799	1379	0	10
2025.10.21	08:15:00	1.33800	1.33849	1.33777	1.33817	1051	0	10
2025.10.21	08:30:00	1.33817	1.33874	1.33802	1.33835	824	0	10
2025.10.21	08:45:00	1.33833	1.33848	1.33730	1.33792	1187	0	10
2025.10.21	09:00:00	1.33795	1.33827	1.33747	1.33779	932	0	10
2025.10.21	09:15:00	1.33778	1.33871	1.33763	1.33852	707	0	10
2025.10.21	09:30:00	1.33850	1.33913	1.33836	1.33848	670	0	10
2025.10.21	09:45:00	1.33848	1.33879	1.33806	1.33839	770	0	10
2025.10.21	10:00:00	1.33842	1.33873	1.33794	1.33819	672	0	10
2025.10.21	10:15:00	1.33819	1.33828	1.33657	1.33728	936	0	10
2025.10.21	10:30:00	1.33728	1.33756	1.33701	1.33725	820	0	10
2025.10.21	10:45:00	1.33725	1.33840	1.33706	1.33821	835	0	10
2025.10.21	11:00:00	1.33822	1.33890	1.33805	1.33876	622	0	10
2025.10.21	11:15:00	1.33878	1.33942	1.33874	1.33889	797	0	10
2025.10.21	11:30:00	1.33890	1.33904	1.33775	1.33777	855	0	10
2025.10.21	11:45:00	1.33778	1.33845	1.33718	1.33840	1015	0	10
2025.10.21	12:00:00	1.33843	1.33887	1.33708	1.33749	1312	0	10
2025.10.21	12:15:00	1.33750	1.33826	1.33721	1.33741	988	0	10
2025.10.21	12:30:00	1.33745	1.33763	1.33687	1.33709	1212	0	10
2025.10.21	12:45:00	1.33708	1.33870	1.33688	1.33859	1194	0	10
2025.10.21	13:00:00	1.33857	1.33873	1.33787	1.33833	1260	0	10
2025.10.21	13:15:00	1.33831	1.33872	1.33816	1.33838	1235	0	10
2025.10.21	13:30:00	1.33841	1.33878	1.33696	1.33710	1201	0	10
2025.10.21	13:45:00	1.33710	1.33778	1.33606	1.33760	1581	0	10
2025.10.21	14:00:00	1.33761	1.33831	1.33705	1.33819	1591	0	10
2025.10.21	14:15:00	1.33818	1.33863	1.33782	1.33808	1152	0	10
2025.10.21	14:30:00	1.33808	1.33821	1.33669	1.33672	1346	0	10
2025.10.21	14:45:00	1.33676	1.33767	1.33637	1.33722	1443	0	10
2025.10.21	15:00:00	1.33724	1.33902	1.33724	1.33868	1211	0	10
2025.10.21	15:15:00	1.33868	1.33935	1.33852	1.33930	961	0	10
2025.10.21	15:30:00	1.33933	1.33936	1.33766	1.33834	923	0	10
2025.10.21	15:45:00	1.33833	1.33921	1.33820	1.33883	942	0	10
2025.10.21	16:00:00	1.33885	1.33981	1.33842	1.33854	1328	0	10
2025.10.21	16:15:00	1.33854	1.33855	1.33795	1.33817	825	0	10
2025.10.21	16:30:00	1.33817	1.33849	1.33752	1.33788	848	0	10
2025.10.21	16:45:00	1.33787	1.33798	1.33711	1.33728	1065	0	10
2025.10.21	17:00:00	1.33729	1.33730	1.33672	1.33695	905	0	10
2025.10.21	17:15:00	1.33695	1.33709	1.33649	1.33668	672	0	10
2025.10.21	17:30:00	1.33670	1.33692	1.33648	1.33676	566	0	10
2025.10.21	17:45:00	1.33676	1.33730	1.33666	1.33717	597	0	10
2025.10.21	18:00:00	1.33716	1.33764	1.33716	1.33747	553	0	10
2025.10.21	18:15:00	1.33746	1.33751	1.33709	1.33723	430	0	10
2025.10.21	18:30:00	1.33726	1.33754	1.33718	1.33724	397	0	10
2025.10.21	18:45:00	1.33721	1.33754	1.33706	1.33718	468	0	10
2025.10.21	19:00:00	1.33719	1.33751	1.33715	1.33726	502	0	10
2025.10.21	19:15:00	1.33730	1.33739	1.33693	1.33699	358	0	10
2025.10.21	19:30:00	1.33699	1.33728	1.33686	1.33726	306	0	10
2025.10.21	19:45:00	1.33725	1.33743	1.33700	1.33716	383	0	10
2025.10.21	20:00:00	1.33714	1.33718	1.33667	1.33670	306	0	10
2025.10.21	20:15:00	1.33670	1.33678	1.33656	1.33667	172	0	10
2025.10.21	20:30:00	1.33667	1.33684	1.33655	1.33667	165	0	10
2025.10.21	20:45:00	1.33667	1.33701	1.33657	1.33692	345	0	4
2025.10.21	21:00:00	1.33689	1.33696	1.33667	1.33674	114	0	11
2025.10.21	21:15:00	1.33672	1.33680	1.33657	1.33678	172	0	51
2025.10.21	21:30:00	1.33678	1.33700	1.33651	1.33654	237	0	37
2025.10.21	21:45:00	1.33653	1.33692	1.33651	1.33687	187	0	24
2025.10.21	22:00:00	1.33697	1.33714	1.33659	1.33670	292	0	10
2025.10.21	22:15:00	1.33670	1.33705	1.33670	1.33702	154	0	10
2025.10.21	22:30:00	1.33701	1.33709	1.33686	1.33700	120	0	10
2025.10.21	22:45:00	1.33700	1.33701	1.33679	1.33683	137	0	10
2025.10.21	23:00:00	1.33683	1.33697	1.33667	1.33682	206	0	10
2025.10.21	23:15:00	1.33682	1.33690	1.33665	1.33670	173	0	10
2025.10.21	23:30:00	1.33669	1.33688	1.33669	1.33680	105	0	10
2025.10.21	23:45:00	1.33680	1.33680	1.33635	1.33645	306	0	10
2025.10.22	00:00:00	1.33645	1.33700	1.33631	1.33693	814	0	10
2025.10.22	00:15:00	1.33690	1.33730	1.33679	1.33718	519	0	10
2025.10.22	00:30:00	1.33720	1.33741	1.33697	1.33717	425	0	10
2025.10.22	00:45:00	1.33717	1.33738	1.33700	1.33709	465	0	10
2025.10.22	01:00:00	1.33710	1.33769	1.33708	1.33739	590	0	10
2025.10.22	01:15:00	1.33741	1.33750	1.33695	1.33697	397	0	10
2025.10.22	01:30:00	1.33695	1.33724	1.33670	1.33697	448	0	10
2025.10.22	01:45:00	1.33697	1.33725	1.33686	1.33706	384	0	10
2025.10.22	02:00:00	1.33709	1.33800	1.33705	1.33785	343	0	10
2025.10.22	02:15:00	1.33785	1.33798	1.33736	1.33740	358	0	10
2025.10.22	02:30:00	1.33739	1.33774	1.33723	1.33767	290	0	10
2025.10.22	02:45:00	1.33768	1.33778	1.33746	1.33760	264	0	10
2025.10.22	03:00:00	1.33760	1.33766	1.33733	1.33736	247	0	10
2025.10.22	03:15:00	1.33735	1.33741	1.33704	1.33718	272	0	10
2025.10.22	03:30:00	1.33718	1.33759	1.33718	1.33750	242	0	10
2025.10.22	03:45:00	1.33749	1.33760	1.33727	1.33740	264	0	10
2025.10.22	04:00:00	1.33739	1.33770	1.33735	1.33755	304	0	10
2025.10.22	04:15:00	1.33755	1.33779	1.33735	1.33751	243	0	10
2025.10.22	04:30:00	1.33751	1.33788	1.33746	1.33778	176	0	10
2025.10.22	04:45:00	1.33777	1.33796	1.33774	1.33786	249	0	10
2025.10.22	05:00:00	1.33786	1.33847	1.33784	1.33837	321	0	10
2025.10.22	05:15:00	1.33837	1.33847	1.33825	1.33844	238	0	10
2025.10.22	05:30:00	1.33844	1.33854	1.33829	1.33835	276	0	10
2025.10.22	05:45:00	1.33835	1.33868	1.33793	1.33831	404	0	10
2025.10.22	06:00:00	1.33828	1.33841	1.33370	1.33439	2191	0	10
2025.10.22	06:15:00	1.33438	1.33503	1.33322	1.33413	1589	0	10
2025.10.22	06:30:00	1.33412	1.33424	1.33288	1.33312	1633	0	10
2025.10.22	06:45:00	1.33310	1.33402	1.33289	1.33340	1163	0	10
2025.10.22	07:00:00	1.33343	1.33351	1.33220	1.33244	1453	0	10
2025.10.22	07:15:00	1.33244	1.33275	1.33188	1.33232	1192	0	10
2025.10.22	07:30:00	1.33233	1.33375	1.33220	1.33339	1278	0	10
2025.10.22	07:45:00	1.33337	1.33365	1.33214	1.33217	1007	0	10
2025.10.22	08:00:00	1.33214	1.33256	1.33141	1.33149	1340	0	10
2025.10.22	08:15:00	1.33147	1.33245	1.33144	1.33237	1337	0	10
2025.10.22	08:30:00	1.33236	1.33237	1.33120	1.33130	1093	0	10
2025.10.22	08:45:00	1.33129	1.33257	1.33126	1.33203	1099	0	10
2025.10.22	09:00:00	1.33203	1.33270	1.33183	1.33224	902	0	10
2025.10.22	09:15:00	1.33224	1.33234	1.33162	1.33225	854	0	10
2025.10.22	09:30:00	1.33225	1.33255	1.33202	1.33203	738	0	10
2025.10.22	09:45:00	1.33204	1.33232	1.33181	1.33186	531	0	10
2025.10.22	10:00:00	1.33183	1.33226	1.33142	1.33174	628	0	10
2025.10.22	10:15:00	1.33174	1.33189	1.33064	1.33082	653	0	10
2025.10.22	10:30:00	1.33081	1.33126	1.33052	1.33103	694	0	10
2025.10.22	10:45:00	1.33101	1.33154	1.33087	1.33123	814	0	10
2025.10.22	11:00:00	1.33120	1.33161	1.33109	1.33155	819	0	10
2025.10.22	11:15:00	1.33154	1.33163	1.33107	1.33131	721	0	10
2025.10.22	11:30:00	1.33129	1.33230	1.33126	1.33225	804	0	10
2025.10.22	11:45:00	1.33223	1.33327	1.33186	1.33271	937	0	10
2025.10.22	12:00:00	1.33270	1.33399	1.33264	1.33362	1162	0	10
2025.10.22	12:15:00	1.33362	1.33377	1.33283	1.33312	925	0	10
2025.10.22	12:30:00	1.33315	1.33333	1.33132	1.33135	873	0	10
2025.10.22	12:45:00	1.33136	1.33339	1.33095	1.33232	1482	0	10
2025.10.22	13:00:00	1.33236	1.33268	1.33156	1.33232	1208	0	10
2025.10.22	13:15:00	1.33235	1.33320	1.33199	1.33314	1014	0	10
2025.10.22	13:30:00	1.33313	1.33425	1.33310	1.33373	1311	0	10
2025.10.22	13:45:00	1.33371	1.33433	1.33302	1.33413	1198	0	10
2025.10.22	14:00:00	1.33412	1.33544	1.33410	1.33491	1343	0	10
2025.10.22	14:15:00	1.33494	1.33524	1.33449	1.33518	1052	0	10
2025.10.22	14:30:00	1.33519	1.33553	1.33450	1.33520	1055	0	10
2025.10.22	14:45:00	1.33521	1.33570	1.33429	1.33542	1300	0	10
2025.10.22	15:00:00	1.33544	1.33687	1.33536	1.33598	1324	0	10
2025.10.22	15:15:00	1.33597	1.33695	1.33571	1.33673	1156	0	10
2025.10.22	15:30:00	1.33671	1.33725	1.33627	1.33698	1142	0	10
2025.10.22	15:45:00	1.33695	1.33740	1.33657	1.33699	997	0	10
2025.10.22	16:00:00	1.33700	1.33720	1.33649	1.33672	702	0	10
2025.10.22	16:15:00	1.33672	1.33704	1.33637	1.33656	521	0	10
2025.10.22	16:30:00	1.33658	1.33760	1.33649	1.33739	1783	0	10
2025.10.22	16:45:00	1.33741	1.33748	1.33685	1.33709	796	0	10
2025.10.22	17:00:00	1.33705	1.33722	1.33637	1.33659	750	0	10
2025.10.22	17:15:00	1.33659	1.33671	1.33611	1.33645	724	0	10
2025.10.22	17:30:00	1.33644	1.33696	1.33600	1.33620	735	0	10
2025.10.22	17:45:00	1.33620	1.33637	1.33574	1.33601	633	0	10
2025.10.22	18:00:00	1.33602	1.33615	1.33579	1.33595	534	0	10
2025.10.22	18:15:00	1.33593	1.33607	1.33569	1.33582	491	0	10
2025.10.22	18:30:00	1.33581	1.33603	1.33548	1.33548	541	0	10
2025.10.22	18:45:00	1.33549	1.33573	1.33533	1.33554	448	0	10
2025.10.22	19:00:00	1.33553	1.33588	1.33521	1.33585	559	0	10
2025.10.22	19:15:00	1.33585	1.33606	1.33571	1.33576	446	0	10
2025.10.22	19:30:00	1.33576	1.33586	1.33561	1.33577	403	0	10
2025.10.22	19:45:00	1.33577	1.33577	1.33544	1.33563	377	0	10
2025.10.22	20:00:00	1.33563	1.33617	1.33551	1.33603	275	0	10
2025.10.22	20:15:00	1.33603	1.33606	1.33575	1.33600	163	0	10
2025.10.22	20:30:00	1.33600	1.33606	1.33572	1.33595	153	0	10
2025.10.22	20:45:00	1.33594	1.33596	1.33549	1.33553	284	0	9
2025.10.22	21:00:00	1.33554	1.33554	1.33518	1.33533	216	0	18
2025.10.22	21:15:00	1.33535	1.33546	1.33525	1.33526	236	0	44
2025.10.22	21:30:00	1.33529	1.33548	1.33523	1.33548	148	0	22
2025.10.22	21:45:00	1.33548	1.33551	1.33528	1.33528	122	0	13
2025.10.22	22:00:00	1.33544	1.33591	1.33542	1.33586	224	0	10
2025.10.22	22:15:00	1.33586	1.33596	1.33567	1.33577	179	0	10
2025.10.22	22:30:00	1.33578	1.33582	1.33561	1.33570	138	0	10
2025.10.22	22:45:00	1.33570	1.33572	1.33551	1.33552	206	0	10
2025.10.22	23:00:00	1.33553	1.33557	1.33530	1.33532	205	0	10
2025.10.22	23:15:00	1.33532	1.33545	1.33529	1.33530	155	0	10
2025.10.22	23:30:00	1.33531	1.33540	1.33517	1.33518	209	0	10
2025.10.22	23:45:00	1.33518	1.33525	1.33490	1.33501	336	0	10
2025.10.23	00:00:00	1.33501	1.33502	1.33440	1.33444	461	0	10
2025.10.23	00:15:00	1.33443	1.33444	1.33390	1.33410	434	0	10
2025.10.23	00:30:00	1.33407	1.33445	1.33407	1.33428	312	0	10
2025.10.23	00:45:00	1.33428	1.33465	1.33425	1.33449	405	0	10
2025.10.23	01:00:00	1.33452	1.33469	1.33419	1.33431	379	0	10
2025.10.23	01:15:00	1.33430	1.33451	1.33388	1.33392	398	0	10
2025.10.23	01:30:00	1.33393	1.33435	1.33392	1.33421	399	0	10
2025.10.23	01:45:00	1.33420	1.33435	1.33381	1.33389	401	0	10
2025.10.23	02:00:00	1.33389	1.33390	1.33356	1.33382	367	0	10
2025.10.23	02:15:00	1.33382	1.33395	1.33364	1.33369	289	0	10
2025.10.23	02:30:00	1.33369	1.33375	1.33341	1.33354	282	0	10
2025.10.23	02:45:00	1.33354	1.33383	1.33352	1.33365	302	0	10
2025.10.23	03:00:00	1.33366	1.33395	1.33362	1.33391	286	0	10
2025.10.23	03:15:00	1.33391	1.33397	1.33361	1.33365	214	0	10
2025.10.23	03:30:00	1.33364	1.33378	1.33342	1.33356	298	0	10
2025.10.23	03:45:00	1.33358	1.33360	1.33322	1.33326	205	0	10
2025.10.23	04:00:00	1.33326	1.33327	1.33291	1.33321	291	0	10
2025.10.23	04:15:00	1.33321	1.33348	1.33321	1.33345	179	0	10
2025.10.23	04:30:00	1.33346	1.33356	1.33333	1.33351	178	0	10
2025.10.23	04:45:00	1.33352	1.33392	1.33345	1.33384	193	0	10
2025.10.23	05:00:00	1.33384	1.33409	1.33375	1.33384	165	0	10
2025.10.23	05:15:00	1.33384	1.33414	1.33379	1.33402	193	0	10
2025.10.23	05:30:00	1.33402	1.33418	1.33390	1.33404	228	0	10
2025.10.23	05:45:00	1.33404	1.33505	1.33398	1.33472	434	0	10
2025.10.23	06:00:00	1.33467	1.33526	1.33444	1.33516	642	0	10
2025.10.23	06:15:00	1.33516	1.33566	1.33498	1.33515	536	0	10
2025.10.23	06:30:00	1.33512	1.33560	1.33442	1.33474	750	0	10
2025.10.23	06:45:00	1.33474	1.33498	1.33455	1.33489	678	0	10
2025.10.23	07:00:00	1.33489	1.33550	1.33472	1.33527	765	0	10
2025.10.23	07:15:00	1.33528	1.33557	1.33470	1.33474	711	0	10
2025.10.23	07:30:00	1.33474	1.33510	1.33439	1.33505	696	0	10
2025.10.23	07:45:00	1.33505	1.33540	1.33466	1.33502	651	0	10
2025.10.23	08:00:00	1.33505	1.33551	1.33483	1.33538	694	0	10
2025.10.23	08:15:00	1.33541	1.33547	1.33487	1.33538	618	0	10
2025.10.23	08:30:00	1.33537	1.33550	1.33452	1.33476	575	0	10
2025.10.23	08:45:00	1.33476	1.33493	1.33433	1.33492	602	0	10
2025.10.23	09:00:00	1.33491	1.33525	1.33472	1.33495	522	0	10
2025.10.23	09:15:00	1.33496	1.33527	1.33488	1.33517	456	0	10
2025.10.23	09:30:00	1.33516	1.33545	1.33497	1.33505	391	0	10
2025.10.23	09:45:00	1.33505	1.33521	1.33477	1.33485	500	0	10
2025.10.23	10:00:00	1.33483	1.33508	1.33454	1.33502	401	0	10
2025.10.23	10:15:00	1.33502	1.33518	1.33471	1.33486	447	0	10
2025.10.23	10:30:00	1.33486	1.33505	1.33429	1.33431	406	0	10
2025.10.23	10:45:00	1.33429	1.33433	1.33344	1.33369	668	0	10
2025.10.23	11:00:00	1.33366	1.33391	1.33331	1.33369	631	0	10
2025.10.23	11:15:00	1.33369	1.33390	1.33361	1.33375	394	0	10
2025.10.23	11:30:00	1.33378	1.33419	1.33360	1.33389	435	0	10
2025.10.23	11:45:00	1.33387	1.33400	1.33346	1.33359	567	0	10
2025.10.23	12:00:00	1.33360	1.33400	1.33350	1.33375	704	0	10
2025.10.23	12:15:00	1.33375	1.33377	1.33259	1.33335	729	0	10
2025.10.23	12:30:00	1.33332	1.33439	1.33328	1.33426	733	0	10
2025.10.23	12:45:00	1.33426	1.33500	1.33414	1.33427	744	0	10
2025.10.23	13:00:00	1.33431	1.33471	1.33423	1.33452	824	0	10
2025.10.23	13:15:00	1.33452	1.33469	1.33406	1.33465	732	0	10
2025.10.23	13:30:00	1.33465	1.33477	1.33357	1.33362	1281	0	10
2025.10.23	13:45:00	1.33361	1.33365	1.33239	1.33268	1174	0	10
2025.10.23	14:00:00	1.33268	1.33364	1.33259	1.33285	1210	0	10
2025.10.23	14:15:00	1.33282	1.33320	1.33247	1.33295	885	0	10
2025.10.23	14:30:00	1.33296	1.33368	1.33274	1.33304	849	0	10
2025.10.23	14:45:00	1.33305	1.33305	1.33196	1.33216	1154	0	10
2025.10.23	15:00:00	1.33218	1.33242	1.33105	1.33117	945	0	10
2025.10.23	15:15:00	1.33116	1.33230	1.33106	1.33212	866	0	10
2025.10.23	15:30:00	1.33215	1.33254	1.33153	1.33203	902	0	10
2025.10.23	15:45:00	1.33204	1.33238	1.33175	1.33204	728	0	10
2025.10.23	16:00:00	1.33206	1.33259	1.33199	1.33240	620	0	10
2025.10.23	16:15:00	1.33240	1.33240	1.33172	1.33186	598	0	10
2025.10.23	16:30:00	1.33186	1.33220	1.33172	1.33180	465	0	10
2025.10.23	16:45:00	1.33183	1.33189	1.33115	1.33122	530	0	10
2025.10.23	17:00:00	1.33124	1.33161	1.33073	1.33097	720	0	10
2025.10.23	17:15:00	1.33099	1.33133	1.33077	1.33121	542	0	10
2025.10.23	17:30:00	1.33121	1.33199	1.33120	1.33188	479	0	10
2025.10.23	17:45:00	1.33188	1.33210	1.33164	1.33164	429	0	10
2025.10.23	18:00:00	1.33167	1.33201	1.33154	1.33198	415	0	10
2025.10.23	18:15:00	1.33201	1.33210	1.33172	1.33182	347	0	10
2025.10.23	18:30:00	1.33182	1.33237	1.33176	1.33234	298	0	10
2025.10.23	18:45:00	1.33235	1.33239	1.33221	1.33226	291	0	10
2025.10.23	19:00:00	1.33225	1.33262	1.33225	1.33245	409	0	10
2025.10.23	19:15:00	1.33245	1.33247	1.33229	1.33234	197	0	10
2025.10.23	19:30:00	1.33234	1.33247	1.33223	1.33235	256	0	10
2025.10.23	19:45:00	1.33234	1.33246	1.33222	1.33235	363	0	10
2025.10.23	20:00:00	1.33234	1.33237	1.33203	1.33225	247	0	10
2025.10.23	20:15:00	1.33225	1.33227	1.33203	1.33213	163	0	10
2025.10.23	20:30:00	1.33214	1.33247	1.33206	1.33235	146	0	10
2025.10.23	20:45:00	1.33236	1.33278	1.33235	1.33245	293	0	7
2025.10.23	21:00:00	1.33240	1.33249	1.33231	1.33239	133	0	11
2025.10.23	21:15:00	1.33242	1.33251	1.33228	1.33238	450	0	9
2025.10.23	21:30:00	1.33239	1.33251	1.33219	1.33238	263	0	13
2025.10.23	21:45:00	1.33236	1.33246	1.33228	1.33238	164	0	15
2025.10.23	22:00:00	1.33254	1.33291	1.33254	1.33290	229	0	10
2025.10.23	22:15:00	1.33290	1.33291	1.33271	1.33286	140	0	10
2025.10.23	22:30:00	1.33287	1.33296	1.33265	1.33267	158	0	10
2025.10.23	22:45:00	1.33267	1.33280	1.33260	1.33261	200	0	10
2025.10.23	23:00:00	1.33261	1.33270	1.33254	1.33260	148	0	10
2025.10.23	23:15:00	1.33260	1.33271	1.33249	1.33250	99	0	10
2025.10.23	23:30:00	1.33251	1.33266	1.33235	1.33264	193	0	10
2025.10.23	23:45:00	1.33264	1.33279	1.33258	1.33264	232	0	10
2025.10.24	00:00:00	1.33265	1.33312	1.33249	1.33280	545	0	10
2025.10.24	00:15:00	1.33280	1.33294	1.33269	1.33289	364	0	10
2025.10.24	00:30:00	1.33290	1.33316	1.33284	1.33314	293	0	10
2025.10.24	00:45:00	1.33314	1.33319	1.33289	1.33295	333	0	10
2025.10.24	01:00:00	1.33296	1.33307	1.33258	1.33282	376	0	10
2025.10.24	01:15:00	1.33282	1.33287	1.33219	1.33236	365	0	10
2025.10.24	01:30:00	1.33236	1.33250	1.33204	1.33250	459	0	10
2025.10.24	01:45:00	1.33245	1.33250	1.33204	1.33207	379	0	10
2025.10.24	02:00:00	1.33209	1.33258	1.33204	1.33252	290	0	10
2025.10.24	02:15:00	1.33252	1.33259	1.33218	1.33220	343	0	10
2025.10.24	02:30:00	1.33219	1.33239	1.33190	1.33190	491	0	10
2025.10.24	02:45:00	1.33194	1.33208	1.33173	1.33183	323	0	10
2025.10.24	03:00:00	1.33183	1.33203	1.33183	1.33187	225	0	10
2025.10.24	03:15:00	1.33189	1.33237	1.33182	1.33230	278	0	10
2025.10.24	03:30:00	1.33231	1.33249	1.33226	1.33246	241	0	10
2025.10.24	03:45:00	1.33245	1.33278	1.33245	1.33247	224	0	10
2025.10.24	04:00:00	1.33250	1.33252	1.33215	1.33232	200	0	10
2025.10.24	04:15:00	1.33233	1.33236	1.33201	1.33209	205	0	10
2025.10.24	04:30:00	1.33210	1.33218	1.33203	1.33207	192	0	10
2025.10.24	04:45:00	1.33207	1.33213	1.33185	1.33208	215	0	10
2025.10.24	05:00:00	1.33208	1.33210	1.33183	1.33188	192	0	10
2025.10.24	05:15:00	1.33187	1.33209	1.33119	1.33127	271	0	10
2025.10.24	05:30:00	1.33123	1.33160	1.33110	1.33146	327	0	10
2025.10.24	05:45:00	1.33146	1.33205	1.33144	1.33180	341	0	10
2025.10.24	06:00:00	1.33176	1.33310	1.33115	1.33121	1077	0	10
2025.10.24	06:15:00	1.33119	1.33297	1.33117	1.33280	908	0	10
2025.10.24	06:30:00	1.33278	1.33333	1.33231	1.33289	1079	0	10
2025.10.24	06:45:00	1.33289	1.33320	1.33253	1.33320	752	0	10
2025.10.24	07:00:00	1.33317	1.33329	1.33243	1.33257	1218	0	10
2025.10.24	07:15:00	1.33260	1.33275	1.33201	1.33235	1020	0	10
2025.10.24	07:30:00	1.33241	1.33316	1.33237	1.33237	1196	0	10
2025.10.24	07:45:00	1.33238	1.33258	1.33136	1.33151	853	0	10
2025.10.24	08:00:00	1.33150	1.33165	1.33088	1.33097	880	0	10
2025.10.24	08:15:00	1.33097	1.33114	1.33000	1.33007	883	0	10
2025.10.24	08:30:00	1.33011	1.33210	1.33008	1.33184	1153	0	10
2025.10.24	08:45:00	1.33185	1.33264	1.33155	1.33202	901	0	10
2025.10.24	09:00:00	1.33203	1.33203	1.33127	1.33151	751	0	10
2025.10.24	09:15:00	1.33154	1.33224	1.33135	1.33176	720	0	10
2025.10.24	09:30:00	1.33177	1.33206	1.33171	1.33192	509	0	10
2025.10.24	09:45:00	1.33192	1.33248	1.33186	1.33212	678	0	10
2025.10.24	10:00:00	1.33212	1.33252	1.33188	1.33191	683	0	10
2025.10.24	10:15:00	1.33195	1.33209	1.33155	1.33177	460	0	10
2025.10.24	10:30:00	1.33179	1.33220	1.33163	1.33195	466	0	10
2025.10.24	10:45:00	1.33195	1.33204	1.33133	1.33172	477	0	10
2025.10.24	11:00:00	1.33170	1.33175	1.33091	1.33130	692	0	10
2025.10.24	11:15:00	1.33131	1.33195	1.33107	1.33108	667	0	10
2025.10.24	11:30:00	1.33106	1.33106	1.33038	1.33041	591	0	10
2025.10.24	11:45:00	1.33041	1.33065	1.32993	1.33058	694	0	10
2025.10.24	12:00:00	1.33060	1.33124	1.33054	1.33090	768	0	10
2025.10.24	12:15:00	1.33084	1.33133	1.33039	1.33101	851	0	10
2025.10.24	12:30:00	1.33106	1.33722	1.33103	1.33488	3611	0	10
2025.10.24	12:45:00	1.33488	1.33510	1.33346	1.33450	2225	0	10
2025.10.24	13:00:00	1.33452	1.33586	1.33416	1.33505	1712	0	10
2025.10.24	13:15:00	1.33504	1.33523	1.33431	1.33466	1504	0	10
2025.10.24	13:30:00	1.33470	1.33506	1.33378	1.33455	1489	0	10
2025.10.24	13:45:00	1.33442	1.33447	1.33284	1.33379	1377	0	10
2025.10.24	14:00:00	1.33380	1.33392	1.33238	1.33319	1612	0	10
2025.10.24	14:15:00	1.33318	1.33333	1.33170	1.33179	1272	0	10
2025.10.24	14:30:00	1.33177	1.33177	1.33082	1.33089	1169	0	10
2025.10.24	14:45:00	1.33088	1.33111	1.32931	1.32998	1432	0	10
2025.10.24	15:00:00	1.32999	1.33075	1.32947	1.33047	1218	0	10
2025.10.24	15:15:00	1.33047	1.33055	1.32993	1.33041	851	0	10
2025.10.24	15:30:00	1.33041	1.33061	1.32926	1.33004	840	0	10
2025.10.24	15:45:00	1.33007	1.33010	1.32904	1.32958	1166	0	10
2025.10.24	16:00:00	1.32959	1.32984	1.32936	1.32982	657	0	10
2025.10.24	16:15:00	1.32982	1.32990	1.32915	1.32945	472	0	10
2025.10.24	16:30:00	1.32943	1.32954	1.32868	1.32906	671	0	10
2025.10.24	16:45:00	1.32907	1.32966	1.32906	1.32949	514	0	10
2025.10.24	17:00:00	1.32948	1.33062	1.32948	1.33029	469	0	10
2025.10.24	17:15:00	1.33029	1.33048	1.32998	1.33039	463	0	10
2025.10.24	17:30:00	1.33037	1.33057	1.33008	1.33039	340	0	10
2025.10.24	17:45:00	1.33039	1.33045	1.33000	1.33021	472	0	10
2025.10.24	18:00:00	1.33021	1.33062	1.33001	1.33047	454	0	10
2025.10.24	18:15:00	1.33047	1.33057	1.33035	1.33040	345	0	10
2025.10.24	18:30:00	1.33040	1.33047	1.33020	1.33029	333	0	10
2025.10.24	18:45:00	1.33029	1.33047	1.33020	1.33039	324	0	10
2025.10.24	19:00:00	1.33040	1.33058	1.33024	1.33028	313	0	10
2025.10.24	19:15:00	1.33030	1.33053	1.33024	1.33032	292	0	10
2025.10.24	19:30:00	1.33030	1.33064	1.33019	1.33053	266	0	10
2025.10.24	19:45:00	1.33053	1.33122	1.33036	1.33111	390	0	10
2025.10.24	20:00:00	1.33113	1.33169	1.33112	1.33159	334	0	10
2025.10.24	20:15:00	1.33162	1.33172	1.33133	1.33137	231	0	10
2025.10.24	20:30:00	1.33137	1.33138	1.33062	1.33088	355	0	10
2025.10.24	20:45:00	1.33088	1.33157	1.33083	1.33107	2282	0	10
2025.10.26	21:00:00	1.33217	1.33220	1.33117	1.33162	104	0	30
2025.10.26	21:15:00	1.33165	1.33209	1.33144	1.33193	113	0	77
2025.10.26	21:30:00	1.33195	1.33216	1.33166	1.33177	147	0	65
2025.10.26	21:45:00	1.33180	1.33213	1.33161	1.33209	192	0	51
2025.10.26	22:00:00	1.33235	1.33266	1.33168	1.33188	522	0	10
2025.10.26	22:15:00	1.33185	1.33243	1.33176	1.33200	469	0	10
2025.10.26	22:30:00	1.33200	1.33271	1.33180	1.33241	537	0	10
2025.10.26	22:45:00	1.33241	1.33259	1.33218	1.33226	382	0	10
2025.10.26	23:00:00	1.33225	1.33237	1.33179	1.33196	454	0	10
2025.10.26	23:15:00	1.33196	1.33226	1.33188	1.33222	315	0	10
2025.10.26	23:30:00	1.33222	1.33248	1.33213	1.33215	371	0	10
2025.10.26	23:45:00	1.33217	1.33227	1.33185	1.33211	326	0	10
2025.10.27	00:00:00	1.33212	1.33248	1.33172	1.33174	581	0	10
2025.10.27	00:15:00	1.33174	1.33221	1.33174	1.33213	357	0	10
2025.10.27	00:30:00	1.33212	1.33264	1.33212	1.33241	476	0	10
2025.10.27	00:45:00	1.33240	1.33280	1.33224	1.33236	566	0	10
2025.10.27	01:00:00	1.33238	1.33337	1.33210	1.33302	594	0	10
2025.10.27	01:15:00	1.33304	1.33355	1.33300	1.33344	514	0	10
2025.10.27	01:30:00	1.33344	1.33345	1.33280	1.33303	466	0	10
2025.10.27	01:45:00	1.33305	1.33310	1.33256	1.33275	401	0	10
2025.10.27	02:00:00	1.33275	1.33279	1.33207	1.33214	356	0	10
2025.10.27	02:15:00	1.33214	1.33233	1.33214	1.33223	253	0	10
2025.10.27	02:30:00	1.33223	1.33229	1.33206	1.33211	271	0	10
2025.10.27	02:45:00	1.33211	1.33235	1.33207	1.33227	212	0	10
2025.10.27	03:00:00	1.33225	1.33257	1.33220	1.33252	307	0	10
2025.10.27	03:15:00	1.33253	1.33263	1.33236	1.33244	290	0	10
2025.10.27	03:30:00	1.33244	1.33251	1.33218	1.33219	188	0	10
2025.10.27	03:45:00	1.33219	1.33234	1.33193	1.33211	254	0	10
2025.10.27	04:00:00	1.33211	1.33221	1.33148	1.33156	369	0	10
2025.10.27	04:15:00	1.33156	1.33169	1.33143	1.33153	226	0	10
2025.10.27	04:30:00	1.33152	1.33163	1.33126	1.33150	197	0	10
2025.10.27	04:45:00	1.33150	1.33160	1.33133	1.33157	208	0	10
2025.10.27	05:00:00	1.33157	1.33172	1.33127	1.33136	299	0	10
2025.10.27	05:15:00	1.33136	1.33171	1.33120	1.33168	258	0	10
2025.10.27	05:30:00	1.33169	1.33219	1.33168	1.33183	277	0	10
2025.10.27	05:45:00	1.33183	1.33204	1.33174	1.33201	277	0	10
2025.10.27	06:00:00	1.33201	1.33289	1.33201	1.33258	588	0	10
2025.10.27	06:15:00	1.33257	1.33293	1.33237	1.33271	537	0	10
2025.10.27	06:30:00	1.33272	1.33342	1.33250	1.33280	478	0	10
2025.10.27	06:45:00	1.33281	1.33294	1.33207	1.33234	415	0	10
2025.10.27	07:00:00	1.33234	1.33256	1.33154	1.33172	748	0	10
2025.10.27	07:15:00	1.33174	1.33174	1.33098	1.33113	618	0	10
2025.10.27	07:30:00	1.33113	1.33192	1.33108	1.33169	588	0	10
2025.10.27	07:45:00	1.33173	1.33191	1.33144	1.33149	579	0	10
2025.10.27	08:00:00	1.33147	1.33159	1.33103	1.33159	748	0	10
2025.10.27	08:15:00	1.33160	1.33219	1.33149	1.33196	802	0	10
2025.10.27	08:30:00	1.33195	1.33328	1.33187	1.33298	812	0	10
2025.10.27	08:45:00	1.33297	1.33339	1.33235	1.33260	842	0	10
2025.10.27	09:00:00	1.33264	1.33299	1.33223	1.33282	850	0	10
2025.10.27	09:15:00	1.33282	1.33376	1.33261	1.33310	751	0	10
2025.10.27	09:30:00	1.33308	1.33417	1.33305	1.33412	671	0	10
2025.10.27	09:45:00	1.33408	1.33463	1.33388	1.33445	741	0	10
2025.10.27	10:00:00	1.33445	1.33479	1.33414	1.33478	503	0	10
2025.10.27	10:15:00	1.33478	1.33507	1.33428	1.33436	610	0	10
2025.10.27	10:30:00	1.33433	1.33462	1.33412	1.33437	506	0	10
2025.10.27	10:45:00	1.33440	1.33474	1.33424	1.33441	534	0	10
2025.10.27	11:00:00	1.33441	1.33463	1.33414	1.33426	490	0	10
2025.10.27	11:15:00	1.33427	1.33457	1.33373	1.33406	585	0	10
2025.10.27	11:30:00	1.33406	1.33451	1.33367	1.33425	717	0	10
2025.10.27	11:45:00	1.33422	1.33528	1.33391	1.33473	702	0	10
2025.10.27	12:00:00	1.33471	1.33516	1.33449	1.33475	878	0	10
2025.10.27	12:15:00	1.33473	1.33502	1.33421	1.33421	641	0	10
2025.10.27	12:30:00	1.33420	1.33463	1.33400	1.33450	733	0	10
2025.10.27	12:45:00	1.33450	1.33476	1.33429	1.33475	568	0	10
2025.10.27	13:00:00	1.33475	1.33514	1.33444	1.33460	589	0	10
2025.10.27	13:15:00	1.33460	1.33467	1.33402	1.33411	653	0	10
2025.10.27	13:30:00	1.33409	1.33423	1.33263	1.33312	1041	0	10
2025.10.27	13:45:00	1.33310	1.33364	1.33248	1.33344	1071	0	10
2025.10.27	14:00:00	1.33341	1.33356	1.33290	1.33324	840	0	10
2025.10.27	14:15:00	1.33323	1.33340	1.33256	1.33322	792	0	10
2025.10.27	14:30:00	1.33320	1.33325	1.33277	1.33309	708	0	10
2025.10.27	14:45:00	1.33305	1.33365	1.33267	1.33305	742	0	10
2025.10.27	15:00:00	1.33305	1.33308	1.33172	1.33211	866	0	10
2025.10.27	15:15:00	1.33210	1.33271	1.33190	1.33252	652	0	10
2025.10.27	15:30:00	1.33255	1.33313	1.33246	1.33308	726	0	10
2025.10.27	15:45:00	1.33307	1.33322	1.33224	1.33284	812	0	10
2025.10.27	16:00:00	1.33285	1.33307	1.33227	1.33272	718	0	10
2025.10.27	16:15:00	1.33272	1.33307	1.33249	1.33304	475	0	10
2025.10.27	16:30:00	1.33304	1.33337	1.33299	1.33310	498	0	10
2025.10.27	16:45:00	1.33311	1.33349	1.33293	1.33345	419	0	10
2025.10.27	17:00:00	1.33349	1.33385	1.33341	1.33362	487	0	10
2025.10.27	17:15:00	1.33362	1.33364	1.33320	1.33345	484	0	10
2025.10.27	17:30:00	1.33344	1.33369	1.33342	1.33348	265	0	10
2025.10.27	17:45:00	1.33348	1.33353	1.33322	1.33330	253	0	10
2025.10.27	18:00:00	1.33330	1.33341	1.33299	1.33320	308	0	10
2025.10.27	18:15:00	1.33320	1.33329	1.33241	1.33252	373	0	10
2025.10.27	18:30:00	1.33253	1.33335	1.33250	1.33320	428	0	10
2025.10.27	18:45:00	1.33320	1.33385	1.33309	1.33374	654	0	10
2025.10.27	19:00:00	1.33374	1.33381	1.33330	1.33343	397	0	10
2025.10.27	19:15:00	1.33340	1.33345	1.33282	1.33291	322	0	10
2025.10.27	19:30:00	1.33293	1.33327	1.33284	1.33303	350	0	10
2025.10.27	19:45:00	1.33303	1.33372	1.33295	1.33345	380	0	10
2025.10.27	20:00:00	1.33345	1.33372	1.33318	1.33339	344	0	10
2025.10.27	20:15:00	1.33339	1.33372	1.33335	1.33372	124	0	10
2025.10.27	20:30:00	1.33372	1.33377	1.33349	1.33372	130	0	10
2025.10.27	20:45:00	1.33372	1.33385	1.33337	1.33337	265	0	7
2025.10.27	21:00:00	1.33336	1.33340	1.33317	1.33325	88	0	24
2025.10.27	21:15:00	1.33327	1.33334	1.33319	1.33323	129	0	55
2025.10.27	21:30:00	1.33324	1.33371	1.33324	1.33366	215	0	15
2025.10.27	21:45:00	1.33365	1.33371	1.33310	1.33353	204	0	13
2025.10.27	22:00:00	1.33373	1.33385	1.33353	1.33355	359	0	10
2025.10.27	22:15:00	1.33354	1.33376	1.33350	1.33364	180	0	10
2025.10.27	22:30:00	1.33364	1.33375	1.33359	1.33365	178	0	10
2025.10.27	22:45:00	1.33364	1.33397	1.33363	1.33391	166	0	10
2025.10.27	23:00:00	1.33391	1.33402	1.33379	1.33383	224	0	10
2025.10.27	23:15:00	1.33382	1.33423	1.33381	1.33415	205	0	10
2025.10.27	23:30:00	1.33415	1.33428	1.33402	1.33424	190	0	10
2025.10.27	23:45:00	1.33423	1.33442	1.33391	1.33401	261	0	10
2025.10.28	00:00:00	1.33400	1.33441	1.33362	1.33439	380	0	10
2025.10.28	00:15:00	1.33441	1.33493	1.33430	1.33473	303	0	10
2025.10.28	00:30:00	1.33471	1.33535	1.33471	1.33511	415	0	10
2025.10.28	00:45:00	1.33511	1.33526	1.33488	1.33493	368	0	10
2025.10.28	01:00:00	1.33491	1.33562	1.33480	1.33559	452	0	10
2025.10.28	01:15:00	1.33557	1.33579	1.33472	1.33478	537	0	10
2025.10.28	01:30:00	1.33478	1.33524	1.33470	1.33514	420	0	10
2025.10.28	01:45:00	1.33515	1.33530	1.33489	1.33515	387	0	10
2025.10.28	02:00:00	1.33515	1.33580	1.33515	1.33566	428	0	10
2025.10.28	02:15:00	1.33565	1.33576	1.33531	1.33554	364	0	10
2025.10.28	02:30:00	1.33554	1.33554	1.33504	1.33531	360	0	10
2025.10.28	02:45:00	1.33530	1.33532	1.33481	1.33485	368	0	10
2025.10.28	03:00:00	1.33485	1.33531	1.33481	1.33505	299	0	10
2025.10.28	03:15:00	1.33505	1.33530	1.33489	1.33523	300	0	10
2025.10.28	03:30:00	1.33527	1.33530	1.33487	1.33511	264	0	10
2025.10.28	03:45:00	1.33511	1.33574	1.33511	1.33555	369	0	10
2025.10.28	04:00:00	1.33555	1.33639	1.33544	1.33633	401	0	10
2025.10.28	04:15:00	1.33635	1.33665	1.33605	1.33612	510	0	10
2025.10.28	04:30:00	1.33612	1.33650	1.33591	1.33626	376	0	10
2025.10.28	04:45:00	1.33627	1.33663	1.33626	1.33657	454	0	10
2025.10.28	05:00:00	1.33660	1.33693	1.33645	1.33670	418	0	10
2025.10.28	05:15:00	1.33670	1.33692	1.33602	1.33662	435	0	10
2025.10.28	05:30:00	1.33663	1.33669	1.33609	1.33629	399	0	10
2025.10.28	05:45:00	1.33629	1.33651	1.33603	1.33616	379	0	10
2025.10.28	06:00:00	1.33619	1.33644	1.33596	1.33598	471	0	10
2025.10.28	06:15:00	1.33598	1.33668	1.33594	1.33648	466	0	10
2025.10.28	06:30:00	1.33644	1.33662	1.33549	1.33573	531	0	10
2025.10.28	06:45:00	1.33574	1.33592	1.33520	1.33520	506	0	10
2025.10.28	07:00:00	1.33518	1.33526	1.33437	1.33519	844	0	10
2025.10.28	07:15:00	1.33518	1.33522	1.33483	1.33494	544	0	10
2025.10.28	07:30:00	1.33494	1.33498	1.33419	1.33456	585	0	10
2025.10.28	07:45:00	1.33456	1.33457	1.33309	1.33359	742	0	10
2025.10.28	08:00:00	1.33356	1.33380	1.33242	1.33265	996	0	10
2025.10.28	08:15:00	1.33265	1.33327	1.33202	1.33210	916	0	10
2025.10.28	08:30:00	1.33205	1.33294	1.33045	1.33063	1563	0	10
2025.10.28	08:45:00	1.33066	1.33103	1.33004	1.33070	1078	0	10
2025.10.28	09:00:00	1.33068	1.33088	1.33020	1.33044	932	0	10
2025.10.28	09:15:00	1.33044	1.33094	1.33000	1.33043	729	0	10
2025.10.28	09:30:00	1.33044	1.33181	1.33041	1.33178	621	0	10
2025.10.28	09:45:00	1.33180	1.33221	1.33123	1.33171	684	0	10
2025.10.28	10:00:00	1.33169	1.33202	1.33111	1.33183	759	0	10
2025.10.28	10:15:00	1.33183	1.33254	1.33169	1.33206	595	0	10
2025.10.28	10:30:00	1.33206	1.33252	1.33153	1.33241	746	0	10
2025.10.28	10:45:00	1.33241	1.33282	1.33196	1.33247	704	0	10
2025.10.28	11:00:00	1.33249	1.33256	1.33129	1.33136	656	0	10
2025.10.28	11:15:00	1.33136	1.33198	1.33069	1.33073	837	0	10
2025.10.28	11:30:00	1.33075	1.33112	1.33052	1.33056	644	0	10
2025.10.28	11:45:00	1.33055	1.33088	1.33036	1.33075	569	0	10
2025.10.28	12:00:00	1.33079	1.33135	1.32988	1.33003	975	0	10
2025.10.28	12:15:00	1.33000	1.33054	1.32949	1.32999	874	0	10
2025.10.28	12:30:00	1.32996	1.33030	1.32911	1.32959	1010	0	10
2025.10.28	12:45:00	1.32958	1.32979	1.32790	1.32840	1341	0	10
2025.10.28	13:00:00	1.32841	1.32851	1.32689	1.32697	1073	0	10
2025.10.28	13:15:00	1.32698	1.32711	1.32610	1.32664	912	0	10
2025.10.28	13:30:00	1.32662	1.32662	1.32541	1.32571	1384	0	10
2025.10.28	13:45:00	1.32571	1.32596	1.32469	1.32557	1511	0	10
2025.10.28	14:00:00	1.32556	1.32671	1.32537	1.32598	1075	0	10
2025.10.28	14:15:00	1.32598	1.32760	1.32587	1.32632	1111	0	10
2025.10.28	14:30:00	1.32634	1.32735	1.32592	1.32691	1016	0	10
2025.10.28	14:45:00	1.32694	1.32785	1.32647	1.32757	901	0	10
2025.10.28	15:00:00	1.32761	1.32804	1.32711	1.32719	891	0	10
2025.10.28	15:15:00	1.32720	1.32778	1.32709	1.32776	704	0	10
2025.10.28	15:30:00	1.32778	1.32828	1.32776	1.32819	737	0	10
2025.10.28	15:45:00	1.32819	1.32819	1.32668	1.32766	923	0	10
2025.10.28	16:00:00	1.32766	1.32806	1.32736	1.32768	754	0	10
2025.10.28	16:15:00	1.32771	1.32831	1.32738	1.32826	554	0	10
2025.10.28	16:30:00	1.32825	1.32860	1.32742	1.32789	1128	0	10
2025.10.28	16:45:00	1.32786	1.32909	1.32770	1.32896	928	0	10
2025.10.28	17:00:00	1.32898	1.32898	1.32760	1.32790	807	0	10
2025.10.28	17:15:00	1.32790	1.32830	1.32763	1.32770	542	0	10
2025.10.28	17:30:00	1.32770	1.32809	1.32753	1.32776	429	0	10
2025.10.28	17:45:00	1.32775	1.32789	1.32751	1.32764	416	0	10
2025.10.28	18:00:00	1.32764	1.32772	1.32733	1.32761	392	0	10
2025.10.28	18:15:00	1.32762	1.32771	1.32724	1.32728	328	0	10
2025.10.28	18:30:00	1.32726	1.32744	1.32693	1.32731	439	0	10
2025.10.28	18:45:00	1.32732	1.32825	1.32720	1.32792	465	0	10
2025.10.28	19:00:00	1.32791	1.32831	1.32791	1.32814	364	0	10
2025.10.28	19:15:00	1.32813	1.32834	1.32802	1.32803	343	0	10
2025.10.28	19:30:00	1.32803	1.32817	1.32786	1.32788	352	0	10
2025.10.28	19:45:00	1.32789	1.32792	1.32721	1.32729	448	0	10
2025.10.28	20:00:00	1.32728	1.32774	1.32715	1.32771	280	0	10
2025.10.28	20:15:00	1.32771	1.32786	1.32720	1.32733	171	0	10
2025.10.28	20:30:00	1.32734	1.32774	1.32731	1.32773	200	0	10
2025.10.28	20:45:00	1.32773	1.32782	1.32696	1.32697	266	0	9
2025.10.28	21:00:00	1.32695	1.32704	1.32677	1.32681	80	0	31
2025.10.28	21:15:00	1.32676	1.32688	1.32659	1.32676	138	0	77
2025.10.28	21:30:00	1.32676	1.32707	1.32673	1.32694	105	0	75
2025.10.28	21:45:00	1.32697	1.32746	1.32697	1.32732	112	0	24
2025.10.28	22:00:00	1.32752	1.32753	1.32703	1.32728	473	0	10
2025.10.28	22:15:00	1.32730	1.32745	1.32708	1.32733	313	0	10
2025.10.28	22:30:00	1.32733	1.32741	1.32700	1.32714	157	0	10
2025.10.28	22:45:00	1.32714	1.32724	1.32699	1.32714	165	0	10
2025.10.28	23:00:00	1.32714	1.32724	1.32700	1.32721	182	0	10
2025.10.28	23:15:00	1.32721	1.32734	1.32702	1.32703	118	0	10
2025.10.28	23:30:00	1.32704	1.32720	1.32701	1.32720	138	0	10
2025.10.28	23:45:00	1.32721	1.32782	1.32689	1.32782	306	0	10
2025.10.29	00:00:00	1.32779	1.32803	1.32758	1.32763	610	0	10
2025.10.29	00:15:00	1.32765	1.32789	1.32742	1.32782	476	0	10
2025.10.29	00:30:00	1.32783	1.32802	1.32739	1.32760	882	0	10
2025.10.29	00:45:00	1.32765	1.32791	1.32675	1.32717	769	0	10
2025.10.29	01:00:00	1.32714	1.32741	1.32701	1.32722	555	0	10
2025.10.29	01:15:00	1.32722	1.32730	1.32647	1.32669	503	0	10
2025.10.29	01:30:00	1.32669	1.32688	1.32632	1.32653	586	0	10
2025.10.29	01:45:00	1.32654	1.32674	1.32634	1.32639	502	0	10
2025.10.29	02:00:00	1.32636	1.32680	1.32627	1.32664	473	0	10
2025.10.29	02:15:00	1.32664	1.32664	1.32604	1.32607	362	0	10
2025.10.29	02:30:00	1.32607	1.32607	1.32564	1.32578	376	0	10
2025.10.29	02:45:00	1.32578	1.32637	1.32578	1.32637	297	0	10
2025.10.29	03:00:00	1.32638	1.32639	1.32576	1.32577	321	0	10
2025.10.29	03:15:00	1.32577	1.32590	1.32556	1.32560	235	0	10
2025.10.29	03:30:00	1.32559	1.32565	1.32503	1.32516	295	0	10
2025.10.29	03:45:00	1.32516	1.32532	1.32503	1.32521	283	0	10
2025.10.29	04:00:00	1.32521	1.32544	1.32509	1.32530	333	0	10
2025.10.29	04:15:00	1.32530	1.32545	1.32513	1.32540	305	0	10
2025.10.29	04:30:00	1.32539	1.32542	1.32506	1.32519	263	0	10
2025.10.29	04:45:00	1.32520	1.32528	1.32487	1.32510	275	0	10
2025.10.29	05:00:00	1.32510	1.32511	1.32395	1.32418	414	0	10
2025.10.29	05:15:00	1.32418	1.32424	1.32359	1.32366	532	0	10
2025.10.29	05:30:00	1.32366	1.32413	1.32352	1.32375	542	0	10
2025.10.29	05:45:00	1.32375	1.32402	1.32328	1.32350	422	0	10
2025.10.29	06:00:00	1.32350	1.32373	1.32287	1.32362	636	0	10
2025.10.29	06:15:00	1.32363	1.32388	1.32330	1.32352	362	0	10
2025.10.29	06:30:00	1.32352	1.32406	1.32352	1.32364	478	0	10
2025.10.29	06:45:00	1.32364	1.32365	1.32246	1.32267	490	0	10
2025.10.29	07:00:00	1.32263	1.32340	1.32217	1.32318	953	0	10
2025.10.29	07:15:00	1.32322	1.32340	1.32198	1.32243	784	0	10
2025.10.29	07:30:00	1.32247	1.32295	1.32207	1.32288	697	0	10
2025.10.29	07:45:00	1.32284	1.32293	1.32237	1.32280	694	0	10
2025.10.29	08:00:00	1.32278	1.32291	1.32117	1.32124	890	0	10
2025.10.29	08:15:00	1.32122	1.32206	1.32116	1.32169	677	0	10
2025.10.29	08:30:00	1.32169	1.32193	1.32088	1.32140	693	0	10
2025.10.29	08:45:00	1.32140	1.32160	1.32079	1.32083	665	0	10
2025.10.29	09:00:00	1.32080	1.32085	1.31971	1.32011	822	0	10
2025.10.29	09:15:00	1.32011	1.32096	1.31993	1.32088	652	0	10
2025.10.29	09:30:00	1.32089	1.32196	1.32075	1.32172	672	0	10
2025.10.29	09:45:00	1.32173	1.32280	1.32168	1.32196	847	0	10
2025.10.29	10:00:00	1.32192	1.32216	1.32167	1.32192	633	0	10
2025.10.29	10:15:00	1.32194	1.32227	1.32177	1.32203	585	0	10
2025.10.29	10:30:00	1.32202	1.32223	1.32155	1.32179	611	0	10
2025.10.29	10:45:00	1.32179	1.32202	1.32136	1.32181	504	0	10
2025.10.29	11:00:00	1.32181	1.32238	1.32161	1.32209	595	0	10
2025.10.29	11:15:00	1.32209	1.32213	1.32136	1.32174	678	0	10
2025.10.29	11:30:00	1.32173	1.32243	1.32146	1.32219	799	0	10
2025.10.29	11:45:00	1.32220	1.32247	1.32169	1.32172	690	0	10
2025.10.29	12:00:00	1.32175	1.32211	1.32160	1.32175	640	0	10
2025.10.29	12:15:00	1.32173	1.32193	1.32010	1.32043	879	0	10
2025.10.29	12:30:00	1.32046	1.32079	1.32007	1.32034	860	0	10
2025.10.29	12:45:00	1.32034	1.32054	1.31963	1.32035	875	0	10
2025.10.29	13:00:00	1.32034	1.32154	1.31985	1.32142	1112	0	10
2025.10.29	13:15:00	1.32141	1.32237	1.32134	1.32154	1250	0	10
2025.10.29	13:30:00	1.32156	1.32213	1.32075	1.32079	985	0	10
2025.10.29	13:45:00	1.32079	1.32095	1.31939	1.32061	1283	0	10
2025.10.29	14:00:00	1.32061	1.32122	1.32015	1.32110	1114	0	10
2025.10.29	14:15:00	1.32110	1.32220	1.32082	1.32167	1047	0	10
2025.10.29	14:30:00	1.32170	1.32204	1.32118	1.32133	878	0	10
2025.10.29	14:45:00	1.32137	1.32269	1.32132	1.32269	808	0	10
2025.10.29	15:00:00	1.32271	1.32335	1.32258	1.32270	1128	0	10
2025.10.29	15:15:00	1.32273	1.32340	1.32248	1.32298	853	0	10
2025.10.29	15:30:00	1.32300	1.32395	1.32294	1.32384	768	0	10
2025.10.29	15:45:00	1.32384	1.32469	1.32354	1.32412	1486	0	10
2025.10.29	16:00:00	1.32411	1.32440	1.32371	1.32410	1067	0	10
2025.10.29	16:15:00	1.32411	1.32412	1.32344	1.32377	731	0	10
2025.10.29	16:30:00	1.32373	1.32373	1.32302	1.32314	656	0	10
2025.10.29	16:45:00	1.32314	1.32333	1.32262	1.32273	633	0	10
2025.10.29	17:00:00	1.32273	1.32314	1.32253	1.32266	542	0	10
2025.10.29	17:15:00	1.32268	1.32315	1.32224	1.32235	490	0	10
2025.10.29	17:30:00	1.32232	1.32232	1.32161	1.32205	635	0	10
2025.10.29	17:45:00	1.32202	1.32287	1.32186	1.32248	658	0	10
2025.10.29	18:00:00	1.32256	1.32276	1.32090	1.32098	2412	0	10
2025.10.29	18:15:00	1.32094	1.32168	1.32065	1.32113	1317	0	10
2025.10.29	18:30:00	1.32112	1.32207	1.31394	1.31599	7995	0	10
2025.10.29	18:45:00	1.31602	1.31776	1.31482	1.31606	5612	0	10
2025.10.29	19:00:00	1.31607	1.31700	1.31451	1.31539	3873	0	10
2025.10.29	19:15:00	1.31540	1.31662	1.31492	1.31550	3204	0	10
2025.10.29	19:30:00	1.31548	1.31784	1.31512	1.31776	1986	0	10
2025.10.29	19:45:00	1.31775	1.31946	1.31775	1.31936	1662	0	10
2025.10.29	20:00:00	1.31934	1.31949	1.31802	1.31838	773	0	10
2025.10.29	20:15:00	1.31838	1.31919	1.31835	1.31904	560	0	10
2025.10.29	20:30:00	1.31907	1.32005	1.31882	1.31956	1163	0	10
2025.10.29	20:45:00	1.31951	1.31964	1.31913	1.31931	1267	0	10
2025.10.29	21:00:00	1.31930	1.31936	1.31864	1.31894	185	0	24
2025.10.29	21:15:00	1.31896	1.31922	1.31895	1.31922	178	0	57
2025.10.29	21:30:00	1.31923	1.31941	1.31828	1.31865	333	0	26
2025.10.29	21:45:00	1.31862	1.31931	1.31851	1.31923	231	0	33
2025.10.29	22:00:00	1.31944	1.31964	1.31944	1.31961	316	0	10
2025.10.29	22:15:00	1.31961	1.31962	1.31940	1.31945	230	0	10
2025.10.29	22:30:00	1.31945	1.31966	1.31944	1.31962	159	0	10
2025.10.29	22:45:00	1.31962	1.31975	1.31918	1.31931	195	0	10
2025.10.29	23:00:00	1.31930	1.31950	1.31923	1.31936	247	0	10
2025.10.29	23:15:00	1.31936	1.31967	1.31936	1.31962	196	0	10
2025.10.29	23:30:00	1.31963	1.31982	1.31954	1.31966	198	0	10
2025.10.29	23:45:00	1.31967	1.31967	1.31913	1.31943	308	0	10
2025.10.30	00:00:00	1.31943	1.31953	1.31870	1.31934	660	0	10
2025.10.30	00:15:00	1.31937	1.32051	1.31937	1.32039	594	0	10
2025.10.30	00:30:00	1.32040	1.32052	1.32018	1.32038	446	0	10
2025.10.30	00:45:00	1.32038	1.32070	1.32022	1.32032	481	0	10
2025.10.30	01:00:00	1.32029	1.32071	1.32002	1.32022	642	0	10
2025.10.30	01:15:00	1.32022	1.32027	1.31960	1.31970	593	0	10
2025.10.30	01:30:00	1.31971	1.32060	1.31961	1.32054	537	0	10
2025.10.30	01:45:00	1.32054	1.32072	1.32043	1.32058	418	0	10
2025.10.30	02:00:00	1.32058	1.32090	1.32028	1.32089	556	0	10
2025.10.30	02:15:00	1.32089	1.32101	1.32029	1.32046	466	0	10
2025.10.30	02:30:00	1.32045	1.32075	1.32028	1.32062	400	0	10
2025.10.30	02:45:00	1.32062	1.32064	1.32020	1.32038	388	0	10
2025.10.30	03:00:00	1.32038	1.32091	1.32034	1.32088	456	0	10
2025.10.30	03:15:00	1.32088	1.32088	1.31980	1.32007	820	0	10
2025.10.30	03:30:00	1.32005	1.32012	1.31961	1.31990	544	0	10
2025.10.30	03:45:00	1.31990	1.32023	1.31968	1.32022	401	0	10
2025.10.30	04:00:00	1.32025	1.32061	1.31999	1.32054	637	0	10
2025.10.30	04:15:00	1.32053	1.32176	1.32039	1.32150	865	0	10
2025.10.30	04:30:00	1.32150	1.32162	1.32092	1.32137	1030	0	10
2025.10.30	04:45:00	1.32136	1.32173	1.32108	1.32161	674	0	10
2025.10.30	05:00:00	1.32158	1.32183	1.32108	1.32116	609	0	10
2025.10.30	05:15:00	1.32118	1.32123	1.32079	1.32093	511	0	10
2025.10.30	05:30:00	1.32093	1.32136	1.32079	1.32135	457	0	10
2025.10.30	05:45:00	1.32133	1.32152	1.32088	1.32099	472	0	10
2025.10.30	06:00:00	1.32096	1.32139	1.32073	1.32132	562	0	10
2025.10.30	06:15:00	1.32133	1.32135	1.32049	1.32050	525	0	10
2025.10.30	06:30:00	1.32054	1.32079	1.31961	1.31988	919	0	10
2025.10.30	06:45:00	1.31987	1.32088	1.31961	1.32019	776	0	10
2025.10.30	07:00:00	1.32019	1.32019	1.31920	1.31930	1078	0	10
2025.10.30	07:15:00	1.31929	1.32028	1.31917	1.31991	1039	0	10
2025.10.30	07:30:00	1.31996	1.32116	1.31981	1.32032	924	0	10
2025.10.30	07:45:00	1.32031	1.32031	1.31916	1.31974	749	0	10
2025.10.30	08:00:00	1.31973	1.32022	1.31847	1.31922	1300	0	10
2025.10.30	08:15:00	1.31922	1.31969	1.31861	1.31941	1284	0	10
2025.10.30	08:30:00	1.31936	1.32041	1.31879	1.32026	1007	0	10
2025.10.30	08:45:00	1.32026	1.32110	1.32010	1.32073	847	0	10
2025.10.30	09:00:00	1.32072	1.32089	1.31949	1.31977	968	0	10
2025.10.30	09:15:00	1.31979	1.32000	1.31928	1.31957	723	0	10
2025.10.30	09:30:00	1.31958	1.31993	1.31845	1.31851	793	0	10
2025.10.30	09:45:00	1.31853	1.31902	1.31836	1.31882	749	0	10
2025.10.30	10:00:00	1.31886	1.31892	1.31824	1.31850	743	0	10
2025.10.30	10:15:00	1.31850	1.31892	1.31819	1.31831	777	0	10
2025.10.30	10:30:00	1.31831	1.31844	1.31770	1.31781	589	0	10
2025.10.30	10:45:00	1.31785	1.31799	1.31739	1.31760	521	0	10
2025.10.30	11:00:00	1.31760	1.31851	1.31739	1.31815	635	0	10
2025.10.30	11:15:00	1.31817	1.31851	1.31784	1.31840	760	0	10
2025.10.30	11:30:00	1.31839	1.31904	1.31779	1.31797	786	0	10
2025.10.30	11:45:00	1.31797	1.31805	1.31749	1.31782	667	0	10
2025.10.30	12:00:00	1.31782	1.31851	1.31720	1.31729	825	0	10
2025.10.30	12:15:00	1.31729	1.31732	1.31578	1.31611	742	0	10
2025.10.30	12:30:00	1.31614	1.31676	1.31467	1.31501	1191	0	10
2025.10.30	12:45:00	1.31501	1.31505	1.31345	1.31373	1250	0	10
2025.10.30	13:00:00	1.31374	1.31385	1.31160	1.31251	1631	0	10
2025.10.30	13:15:00	1.31249	1.31398	1.31229	1.31377	1452	0	10
2025.10.30	13:30:00	1.31374	1.31495	1.31348	1.31490	1414	0	10
2025.10.30	13:45:00	1.31486	1.31640	1.31416	1.31562	1836	0	10
2025.10.30	14:00:00	1.31564	1.31738	1.31515	1.31676	1855	0	10
2025.10.30	14:15:00	1.31678	1.31783	1.31620	1.31739	1514	0	10
2025.10.30	14:30:00	1.31740	1.31806	1.31581	1.31619	1410	0	10
2025.10.30	14:45:00	1.31619	1.31642	1.31524	1.31570	1136	0	10
2025.10.30	15:00:00	1.31571	1.31640	1.31530	1.31620	944	0	10
2025.10.30	15:15:00	1.31624	1.31690	1.31600	1.31610	623	0	10
2025.10.30	15:30:00	1.31607	1.31608	1.31445	1.31517	737	0	10
2025.10.30	15:45:00	1.31517	1.31538	1.31443	1.31458	862	0	10
2025.10.30	16:00:00	1.31456	1.31488	1.31394	1.31404	787	0	10
2025.10.30	16:15:00	1.31406	1.31490	1.31343	1.31456	795	0	10
2025.10.30	16:30:00	1.31455	1.31586	1.31437	1.31586	876	0	10
2025.10.30	16:45:00	1.31587	1.31599	1.31535	1.31549	603	0	10
2025.10.30	17:00:00	1.31552	1.31554	1.31457	1.31477	580	0	10
2025.10.30	17:15:00	1.31479	1.31579	1.31456	1.31568	565	0	10
2025.10.30	17:30:00	1.31565	1.31574	1.31512	1.31514	617	0	10
2025.10.30	17:45:00	1.31514	1.31591	1.31514	1.31524	624	0	10
2025.10.30	18:00:00	1.31527	1.31575	1.31493	1.31495	637	0	10
2025.10.30	18:15:00	1.31495	1.31527	1.31474	1.31526	430	0	10
2025.10.30	18:30:00	1.31526	1.31560	1.31499	1.31506	436	0	10
2025.10.30	18:45:00	1.31507	1.31518	1.31451	1.31467	512	0	10
2025.10.30	19:00:00	1.31468	1.31499	1.31440	1.31475	588	0	10
2025.10.30	19:15:00	1.31475	1.31482	1.31387	1.31408	567	0	10
2025.10.30	19:30:00	1.31409	1.31446	1.31407	1.31438	388	0	10
2025.10.30	19:45:00	1.31438	1.31451	1.31428	1.31441	435	0	10
2025.10.30	20:00:00	1.31440	1.31489	1.31427	1.31486	295	0	10
2025.10.30	20:15:00	1.31487	1.31520	1.31476	1.31491	208	0	10
2025.10.30	20:30:00	1.31488	1.31525	1.31488	1.31507	188	0	10
2025.10.30	20:45:00	1.31507	1.31554	1.31490	1.31504	401	0	9
2025.10.30	21:00:00	1.31500	1.31501	1.31484	1.31490	110	0	15
2025.10.30	21:15:00	1.31488	1.31503	1.31488	1.31497	191	0	18
2025.10.30	21:30:00	1.31498	1.31504	1.31493	1.31497	203	0	20
2025.10.30	21:45:00	1.31497	1.31519	1.31493	1.31493	202	0	13
2025.10.30	22:00:00	1.31520	1.31540	1.31495	1.31515	270	0	10
2025.10.30	22:15:00	1.31515	1.31529	1.31510	1.31527	131	0	10
2025.10.30	22:30:00	1.31527	1.31532	1.31503	1.31516	112	0	10
2025.10.30	22:45:00	1.31515	1.31541	1.31515	1.31528	168	0	10
2025.10.30	23:00:00	1.31528	1.31543	1.31525	1.31534	163	0	10
2025.10.30	23:15:00	1.31534	1.31536	1.31504	1.31504	161	0	10
2025.10.30	23:30:00	1.31503	1.31544	1.31503	1.31538	167	0	10
2025.10.30	23:45:00	1.31538	1.31598	1.31532	1.31580	320	0	10
2025.10.31	00:00:00	1.31581	1.31607	1.31550	1.31576	443	0	10
2025.10.31	00:15:00	1.31576	1.31577	1.31544	1.31560	328	0	10
2025.10.31	00:30:00	1.31558	1.31606	1.31557	1.31589	344	0	10
2025.10.31	00:45:00	1.31588	1.31610	1.31576	1.31588	557	0	10
2025.10.31	01:00:00	1.31588	1.31620	1.31566	1.31569	502	0	10
2025.10.31	01:15:00	1.31571	1.31644	1.31569	1.31635	399	0	10
2025.10.31	01:30:00	1.31638	1.31638	1.31593	1.31605	432	0	10
2025.10.31	01:45:00	1.31603	1.31605	1.31524	1.31529	458	0	10
2025.10.31	02:00:00	1.31529	1.31566	1.31511	1.31554	475	0	10
2025.10.31	02:15:00	1.31558	1.31579	1.31538	1.31557	321	0	10
2025.10.31	02:30:00	1.31557	1.31564	1.31495	1.31502	406	0	10
2025.10.31	02:45:00	1.31503	1.31542	1.31502	1.31524	314	0	10
2025.10.31	03:00:00	1.31523	1.31550	1.31515	1.31520	289	0	10
2025.10.31	03:15:00	1.31520	1.31527	1.31502	1.31516	283	0	10
2025.10.31	03:30:00	1.31516	1.31539	1.31504	1.31528	222	0	10
2025.10.31	03:45:00	1.31528	1.31534	1.31495	1.31513	263	0	10
2025.10.31	04:00:00	1.31511	1.31557	1.31505	1.31552	258	0	10
2025.10.31	04:15:00	1.31554	1.31558	1.31530	1.31544	189	0	10
2025.10.31	04:30:00	1.31544	1.31567	1.31518	1.31563	213	0	10
2025.10.31	04:45:00	1.31563	1.31571	1.31540	1.31564	246	0	10
2025.10.31	05:00:00	1.31564	1.31569	1.31514	1.31520	328	0	10
2025.10.31	05:15:00	1.31520	1.31522	1.31473	1.31492	237	0	10
2025.10.31	05:30:00	1.31491	1.31535	1.31484	1.31512	299	0	10
2025.10.31	05:45:00	1.31513	1.31540	1.31485	1.31493	320	0	10
2025.10.31	06:00:00	1.31494	1.31525	1.31464	1.31504	548	0	10
2025.10.31	06:15:00	1.31504	1.31534	1.31504	1.31511	440	0	10
2025.10.31	06:30:00	1.31511	1.31568	1.31486	1.31495	457	0	10
2025.10.31	06:45:00	1.31495	1.31497	1.31363	1.31400	502	0	10
2025.10.31	07:00:00	1.31396	1.31415	1.31247	1.31289	788	0	10
2025.10.31	07:15:00	1.31289	1.31360	1.31277	1.31359	690	0	10
2025.10.31	07:30:00	1.31357	1.31420	1.31354	1.31390	757	0	10
2025.10.31	07:45:00	1.31394	1.31503	1.31354	1.31449	843	0	10
2025.10.31	08:00:00	1.31449	1.31458	1.31383	1.31435	876	0	10
2025.10.31	08:15:00	1.31437	1.31449	1.31400	1.31424	740	0	10
2025.10.31	08:30:00	1.31425	1.31465	1.31392	1.31426	628	0	10
2025.10.31	08:45:00	1.31427	1.31446	1.31378	1.31404	505	0	10
2025.10.31	09:00:00	1.31405	1.31480	1.31389	1.31466	539	0	10
2025.10.31	09:15:00	1.31465	1.31469	1.31348	1.31350	749	0	10
2025.10.31	09:30:00	1.31352	1.31387	1.31324	1.31355	430	0	10
2025.10.31	09:45:00	1.31353	1.31454	1.31343	1.31428	602	0	10
2025.10.31	10:00:00	1.31432	1.31475	1.31406	1.31465	564	0	10
2025.10.31	10:15:00	1.31465	1.31468	1.31350	1.31407	619	0	10
2025.10.31	10:30:00	1.31407	1.31407	1.31318	1.31336	540	0	10
2025.10.31	10:45:00	1.31336	1.31348	1.31293	1.31300	472	0	10
2025.10.31	11:00:00	1.31300	1.31385	1.31278	1.31353	738	0	10
2025.10.31	11:15:00	1.31355	1.31395	1.31326	1.31361	526	0	10
2025.10.31	11:30:00	1.31361	1.31372	1.31144	1.31214	870	0	10
2025.10.31	11:45:00	1.31214	1.31327	1.31202	1.31279	785	0	10
2025.10.31	12:00:00	1.31279	1.31285	1.31102	1.31108	981	0	10
2025.10.31	12:15:00	1.31109	1.31188	1.31090	1.31153	808	0	10
2025.10.31	12:30:00	1.31150	1.31207	1.31099	1.31114	1072	0	10
2025.10.31	12:45:00	1.31117	1.31142	1.31040	1.31060	838	0	10
2025.10.31	13:00:00	1.31058	1.31111	1.31020	1.31105	1179	0	10
2025.10.31	13:15:00	1.31104	1.31116	1.31030	1.31061	774	0	10
2025.10.31	13:30:00	1.31064	1.31103	1.30983	1.31002	1104	0	10
2025.10.31	13:45:00	1.31005	1.31161	1.30964	1.31133	1021	0	10
2025.10.31	14:00:00	1.31130	1.31173	1.31111	1.31124	1036	0	10
2025.10.31	14:15:00	1.31124	1.31166	1.31054	1.31058	979	0	10
2025.10.31	14:30:00	1.31057	1.31264	1.31033	1.31250	886	0	10
2025.10.31	14:45:00	1.31247	1.31265	1.31190	1.31239	794	0	10
2025.10.31	15:00:00	1.31239	1.31249	1.31157	1.31243	916	0	10
2025.10.31	15:15:00	1.31241	1.31274	1.31190	1.31238	808	0	10
2025.10.31	15:30:00	1.31236	1.31282	1.31212	1.31227	1037	0	10
2025.10.31	15:45:00	1.31229	1.31389	1.31199	1.31378	1748	0	10
2025.10.31	16:00:00	1.31381	1.31426	1.31309	1.31323	1171	0	10
2025.10.31	16:15:00	1.31320	1.31345	1.31274	1.31336	860	0	10
2025.10.31	16:30:00	1.31336	1.31403	1.31313	1.31336	737	0	10
2025.10.31	16:45:00	1.31335	1.31343	1.31256	1.31280	619	0	10
2025.10.31	17:00:00	1.31277	1.31291	1.31244	1.31271	628	0	10
2025.10.31	17:15:00	1.31268	1.31309	1.31224	1.31303	580	0	10
2025.10.31	17:30:00	1.31303	1.31335	1.31269	1.31303	501	0	10
2025.10.31	17:45:00	1.31303	1.31373	1.31301	1.31308	581	0	10
2025.10.31	18:00:00	1.31308	1.31344	1.31290	1.31331	585	0	10
2025.10.31	18:15:00	1.31332	1.31363	1.31308	1.31361	427	0	10
2025.10.31	18:30:00	1.31361	1.31367	1.31308	1.31339	351	0	10
2025.10.31	18:45:00	1.31341	1.31422	1.31334	1.31389	541	0	10
2025.10.31	19:00:00	1.31392	1.31411	1.31365	1.31393	393	0	10
2025.10.31	19:15:00	1.31394	1.31421	1.31381	1.31419	349	0	10
2025.10.31	19:30:00	1.31419	1.31434	1.31410	1.31423	266	0	10
2025.10.31	19:45:00	1.31423	1.31433	1.31353	1.31362	442	0	10
2025.10.31	20:00:00	1.31359	1.31428	1.31355	1.31411	334	0	10
2025.10.31	20:15:00	1.31411	1.31440	1.31380	1.31420	427	0	10
2025.10.31	20:30:00	1.31420	1.31433	1.31387	1.31423	258	0	10
2025.10.31	20:45:00	1.31422	1.31503	1.31422	1.31494	1892	0	10
