<DATE>	<TIME>	<OPEN>	<HIGH>	<LOW>	<CLOSE>	<TICKVOL>	<VOL>	<SPREAD>
2026.01.01	22:00:00	1.34562	1.34589	1.34542	1.34588	125	0	197
2026.01.01	22:15:00	1.34590	1.34636	1.34558	1.34620	209	0	107
2026.01.01	22:30:00	1.34602	1.34648	1.34589	1.34616	300	0	82
2026.01.01	22:45:00	1.34613	1.34654	1.34605	1.34622	265	0	56
2026.01.01	23:00:00	1.34620	1.34760	1.34620	1.34702	200	0	17
2026.01.01	23:15:00	1.34702	1.34736	1.34698	1.34711	295	0	10
2026.01.01	23:30:00	1.34714	1.34737	1.34707	1.34734	162	0	10
2026.01.01	23:45:00	1.34734	1.34739	1.34713	1.34737	191	0	10
2026.01.02	00:00:00	1.34737	1.34762	1.34724	1.34746	299	0	10
2026.01.02	00:15:00	1.34747	1.34750	1.34711	1.34733	191	0	10
2026.01.02	00:30:00	1.34732	1.34770	1.34732	1.34765	225	0	10
2026.01.02	00:45:00	1.34766	1.34826	1.34756	1.34812	298	0	10
2026.01.02	01:00:00	1.34813	1.34849	1.34804	1.34812	457	0	10
2026.01.02	01:15:00	1.34815	1.34838	1.34800	1.34832	298	0	10
2026.01.02	01:30:00	1.34832	1.34848	1.34821	1.34832	298	0	10
2026.01.02	01:45:00	1.34835	1.34873	1.34827	1.34869	306	0	10
2026.01.02	02:00:00	1.34869	1.34907	1.34862	1.34899	305	0	10
2026.01.02	02:15:00	1.34900	1.34906	1.34872	1.34883	345	0	10
2026.01.02	02:30:00	1.34882	1.34882	1.34860	1.34873	335	0	10
2026.01.02	02:45:00	1.34870	1.34885	1.34863	1.34879	269	0	10
2026.01.02	03:00:00	1.34879	1.34898	1.34869	1.34883	273	0	10
2026.01.02	03:15:00	1.34882	1.34885	1.34844	1.34875	233	0	10
2026.01.02	03:30:00	1.34875	1.34879	1.34836	1.34857	231	0	10
2026.01.02	03:45:00	1.34854	1.34886	1.34846	1.34863	233	0	10
2026.01.02	04:00:00	1.34863	1.34874	1.34834	1.34841	261	0	10
2026.01.02	04:15:00	1.34841	1.34847	1.34799	1.34803	295	0	10
2026.01.02	04:30:00	1.34803	1.34806	1.34777	1.34789	276	0	10
2026.01.02	04:45:00	1.34789	1.34799	1.34774	1.34782	167	0	10
2026.01.02	05:00:00	1.34782	1.34785	1.34762	1.34777	219	0	10
2026.01.02	05:15:00	1.34777	1.34807	1.34777	1.34795	263	0	10
2026.01.02	05:30:00	1.34796	1.34800	1.34770	1.34773	158	0	10
2026.01.02	05:45:00	1.34773	1.34784	1.34694	1.34709	330	0	10
2026.01.02	06:00:00	1.34707	1.34714	1.34634	1.34654	346	0	10
2026.01.02	06:15:00	1.34654	1.34660	1.34630	1.34645	379	0	10
2026.01.02	06:30:00	1.34644	1.34668	1.34629	1.34658	266	0	10
2026.01.02	06:45:00	1.34658	1.34691	1.34644	1.34677	326	0	10
2026.01.02	07:00:00	1.34674	1.34704	1.34648	1.34675	557	0	10
2026.01.02	07:15:00	1.34673	1.34686	1.34639	1.34646	530	0	10
2026.01.02	07:30:00	1.34646	1.34646	1.34572	1.34604	618	0	10
2026.01.02	07:45:00	1.34603	1.34657	1.34574	1.34637	665	0	10
2026.01.02	08:00:00	1.34634	1.34684	1.34566	1.34641	1145	0	10
2026.01.02	08:15:00	1.34641	1.34641	1.34512	1.34553	915	0	10
2026.01.02	08:30:00	1.34549	1.34574	1.34519	1.34522	883	0	10
2026.01.02	08:45:00	1.34519	1.34553	1.34488	1.34531	857	0	10
2026.01.02	09:00:00	1.34529	1.34614	1.34500	1.34583	918	0	10
2026.01.02	09:15:00	1.34583	1.34641	1.34546	1.34612	745	0	10
2026.01.02	09:30:00	1.34614	1.34617	1.34546	1.34612	752	0	10
2026.01.02	09:45:00	1.34612	1.34617	1.34536	1.34547	624	0	10
2026.01.02	10:00:00	1.34548	1.34583	1.34495	1.34502	674	0	10
2026.01.02	10:15:00	1.34502	1.34546	1.34447	1.34447	709	0	10
2026.01.02	10:30:00	1.34448	1.34495	1.34437	1.34481	669	0	10
2026.01.02	10:45:00	1.34482	1.34524	1.34448	1.34494	688	0	10
2026.01.02	11:00:00	1.34493	1.34524	1.34401	1.34413	535	0	10
2026.01.02	11:15:00	1.34413	1.34452	1.34339	1.34364	610	0	10
2026.01.02	11:30:00	1.34364	1.34417	1.34339	1.34394	666	0	10
2026.01.02	11:45:00	1.34398	1.34435	1.34350	1.34402	775	0	10
2026.01.02	12:00:00	1.34399	1.34490	1.34390	1.34477	767	0	10
2026.01.02	12:15:00	1.34474	1.34488	1.34426	1.34427	589	0	10
2026.01.02	12:30:00	1.34427	1.34432	1.34356	1.34426	623	0	10
2026.01.02	12:45:00	1.34426	1.34462	1.34407	1.34452	579	0	10
2026.01.02	13:00:00	1.34456	1.34493	1.34416	1.34471	727	0	10
2026.01.02	13:15:00	1.34471	1.34579	1.34467	1.34511	893	0	10
2026.01.02	13:30:00	1.34509	1.34551	1.34461	1.34539	830	0	10
2026.01.02	13:45:00	1.34539	1.34591	1.34526	1.34569	808	0	10
2026.01.02	14:00:00	1.34567	1.34591	1.34547	1.34569	788	0	10
2026.01.02	14:15:00	1.34569	1.34661	1.34526	1.34642	707	0	10
2026.01.02	14:30:00	1.34640	1.34650	1.34538	1.34599	1064	0	10
2026.01.02	14:45:00	1.34595	1.34677	1.34589	1.34641	1086	0	10
2026.01.02	15:00:00	1.34639	1.34771	1.34637	1.34748	1040	0	10
2026.01.02	15:15:00	1.34747	1.34779	1.34699	1.34759	981	0	10
2026.01.02	15:30:00	1.34760	1.34889	1.34746	1.34884	1147	0	10
2026.01.02	15:45:00	1.34882	1.35016	1.34877	1.34963	1318	0	10
2026.01.02	16:00:00	1.34963	1.34982	1.34880	1.34907	1012	0	10
2026.01.02	16:15:00	1.34907	1.34935	1.34876	1.34898	913	0	10
2026.01.02	16:30:00	1.34896	1.34923	1.34809	1.34822	874	0	10
2026.01.02	16:45:00	1.34823	1.34823	1.34727	1.34773	754	0	10
2026.01.02	17:00:00	1.34774	1.34777	1.34707	1.34747	641	0	10
2026.01.02	17:15:00	1.34747	1.34776	1.34718	1.34755	581	0	10
2026.01.02	17:30:00	1.34753	1.34766	1.34670	1.34673	630	0	10
2026.01.02	17:45:00	1.34675	1.34685	1.34609	1.34623	651	0	10
2026.01.02	18:00:00	1.34623	1.34635	1.34557	1.34559	542	0	10
2026.01.02	18:15:00	1.34562	1.34603	1.34541	1.34561	554	0	10
2026.01.02	18:30:00	1.34562	1.34563	1.34478	1.34518	659	0	10
2026.01.02	18:45:00	1.34517	1.34523	1.34459	1.34512	586	0	10
2026.01.02	19:00:00	1.34512	1.34523	1.34470	1.34512	602	0	10
2026.01.02	19:15:00	1.34517	1.34531	1.34481	1.34514	541	0	10
2026.01.02	19:30:00	1.34513	1.34526	1.34483	1.34515	494	0	10
2026.01.02	19:45:00	1.34517	1.34573	1.34504	1.34545	593	0	10
2026.01.02	20:00:00	1.34546	1.34568	1.34491	1.34525	684	0	10
2026.01.02	20:15:00	1.34524	1.34563	1.34522	1.34553	448	0	10
2026.01.02	20:30:00	1.34553	1.34565	1.34528	1.34533	476	0	10
2026.01.02	20:45:00	1.34534	1.34571	1.34523	1.34564	510	0	10
2026.01.02	21:00:00	1.34561	1.34614	1.34555	1.34602	345	0	10
2026.01.02	21:15:00	1.34604	1.34620	1.34594	1.34612	190	0	10
2026.01.02	21:30:00	1.34612	1.34664	1.34591	1.34593	325	0	10
2026.01.02	21:45:00	1.34591	1.34618	1.34564	1.34593	692	0	10
2026.01.04	22:00:00	1.34485	1.34485	1.34407	1.34453	72	0	47
2026.01.04	22:15:00	1.34453	1.34509	1.34441	1.34496	129	0	122
2026.01.04	22:30:00	1.34503	1.34535	1.34488	1.34522	256	0	54
2026.01.04	22:45:00	1.34521	1.34540	1.34483	1.34501	224	0	47
2026.01.04	23:00:00	1.34522	1.34560	1.34427	1.34549	350	0	10
2026.01.04	23:15:00	1.34549	1.34564	1.34500	1.34507	416	0	10
2026.01.04	23:30:00	1.34507	1.34507	1.34354	1.34403	491	0	10
2026.01.04	23:45:00	1.34403	1.34446	1.34366	1.34378	556	0	10
2026.01.05	00:00:00	1.34375	1.34476	1.34368	1.34423	804	0	10
2026.01.05	00:15:00	1.34423	1.34473	1.34402	1.34441	542	0	10
2026.01.05	00:30:00	1.34444	1.34453	1.34388	1.34413	520	0	10
2026.01.05	00:45:00	1.34413	1.34442	1.34381	1.34427	621	0	10
2026.01.05	01:00:00	1.34427	1.34446	1.34380	1.34414	940	0	10
2026.01.05	01:15:00	1.34414	1.34485	1.34400	1.34418	820	0	10
2026.01.05	01:30:00	1.34415	1.34456	1.34381	1.34451	729	0	10
2026.01.05	01:45:00	1.34451	1.34471	1.34382	1.34399	712	0	10
2026.01.05	02:00:00	1.34398	1.34424	1.34344	1.34379	660	0	10
2026.01.05	02:15:00	1.34378	1.34385	1.34306	1.34333	590	0	10
2026.01.05	02:30:00	1.34330	1.34345	1.34254	1.34270	672	0	10
2026.01.05	02:45:00	1.34271	1.34324	1.34252	1.34307	602	0	10
2026.01.05	03:00:00	1.34309	1.34356	1.34276	1.34280	567	0	10
2026.01.05	03:15:00	1.34282	1.34285	1.34158	1.34174	674	0	10
2026.01.05	03:30:00	1.34171	1.34185	1.34133	1.34174	597	0	10
2026.01.05	03:45:00	1.34173	1.34203	1.34152	1.34154	413	0	10
2026.01.05	04:00:00	1.34151	1.34184	1.34137	1.34169	529	0	10
2026.01.05	04:15:00	1.34172	1.34207	1.34162	1.34179	375	0	10
2026.01.05	04:30:00	1.34179	1.34241	1.34165	1.34235	477	0	10
2026.01.05	04:45:00	1.34235	1.34276	1.34235	1.34252	478	0	10
2026.01.05	05:00:00	1.34252	1.34259	1.34224	1.34246	392	0	10
2026.01.05	05:15:00	1.34247	1.34289	1.34235	1.34289	351	0	10
2026.01.05	05:30:00	1.34288	1.34305	1.34272	1.34299	362	0	10
2026.01.05	05:45:00	1.34297	1.34316	1.34259	1.34277	500	0	10
2026.01.05	06:00:00	1.34280	1.34305	1.34203	1.34258	573	0	10
2026.01.05	06:15:00	1.34258	1.34306	1.34244	1.34295	483	0	10
2026.01.05	06:30:00	1.34294	1.34358	1.34281	1.34346	576	0	10
2026.01.05	06:45:00	1.34346	1.34368	1.34332	1.34353	477	0	10
2026.01.05	07:00:00	1.34352	1.34365	1.34271	1.34295	843	0	10
2026.01.05	07:15:00	1.34295	1.34347	1.34274	1.34295	597	0	10
2026.01.05	07:30:00	1.34295	1.34316	1.34223	1.34254	782	0	10
2026.01.05	07:45:00	1.34254	1.34285	1.34199	1.34223	826	0	10
2026.01.05	08:00:00	1.34226	1.34276	1.34169	1.34257	1238	0	10
2026.01.05	08:15:00	1.34256	1.34386	1.34252	1.34363	956	0	10
2026.01.05	08:30:00	1.34364	1.34376	1.34232	1.34244	882	0	10
2026.01.05	08:45:00	1.34244	1.34283	1.34230	1.34252	824	0	10
2026.01.05	09:00:00	1.34253	1.34298	1.34215	1.34247	815	0	10
2026.01.05	09:15:00	1.34247	1.34346	1.34246	1.34312	637	0	10
2026.01.05	09:30:00	1.34311	1.34331	1.34258	1.34283	750	0	10
2026.01.05	09:45:00	1.34288	1.34431	1.34279	1.34421	827	0	10
2026.01.05	10:00:00	1.34420	1.34501	1.34400	1.34475	938	0	10
2026.01.05	10:15:00	1.34473	1.34578	1.34469	1.34512	815	0	10
2026.01.05	10:30:00	1.34512	1.34562	1.34492	1.34545	737	0	10
2026.01.05	10:45:00	1.34546	1.34641	1.34541	1.34629	1035	0	10
2026.01.05	11:00:00	1.34624	1.34655	1.34585	1.34604	845	0	10
2026.01.05	11:15:00	1.34603	1.34708	1.34602	1.34626	796	0	10
2026.01.05	11:30:00	1.34626	1.34689	1.34614	1.34683	680	0	10
2026.01.05	11:45:00	1.34683	1.34687	1.34574	1.34588	690	0	10
2026.01.05	12:00:00	1.34590	1.34629	1.34557	1.34618	760	0	10
2026.01.05	12:15:00	1.34620	1.34697	1.34617	1.34696	691	0	10
2026.01.05	12:30:00	1.34694	1.34738	1.34632	1.34648	700	0	10
2026.01.05	12:45:00	1.34648	1.34669	1.34525	1.34553	907	0	10
2026.01.05	13:00:00	1.34556	1.34570	1.34410	1.34426	1183	0	10
2026.01.05	13:15:00	1.34422	1.34425	1.34303	1.34310	975	0	10
2026.01.05	13:30:00	1.34307	1.34337	1.34246	1.34296	1020	0	10
2026.01.05	13:45:00	1.34299	1.34550	1.34284	1.34525	1055	0	10
2026.01.05	14:00:00	1.34527	1.34648	1.34501	1.34602	1245	0	10
2026.01.05	14:15:00	1.34600	1.34639	1.34542	1.34602	1073	0	10
2026.01.05	14:30:00	1.34602	1.34663	1.34558	1.34629	1489	0	10
2026.01.05	14:45:00	1.34628	1.34763	1.34611	1.34718	1337	0	10
2026.01.05	15:00:00	1.34724	1.34825	1.34724	1.34812	1414	0	10
2026.01.05	15:15:00	1.34809	1.34911	1.34792	1.34887	1217	0	10
2026.01.05	15:30:00	1.34884	1.34968	1.34863	1.34931	1255	0	10
2026.01.05	15:45:00	1.34934	1.35039	1.34890	1.35020	1089	0	10
2026.01.05	16:00:00	1.35022	1.35104	1.35022	1.35070	1059	0	10
2026.01.05	16:15:00	1.35067	1.35158	1.35061	1.35135	1029	0	10
2026.01.05	16:30:00	1.35135	1.35195	1.35121	1.35190	1062	0	10
2026.01.05	16:45:00	1.35189	1.35248	1.35170	1.35247	867	0	10
2026.01.05	17:00:00	1.35245	1.35326	1.35237	1.35254	1016	0	10
2026.01.05	17:15:00	1.35254	1.35391	1.35253	1.35347	1018	0	10
2026.01.05	17:30:00	1.35348	1.35360	1.35298	1.35309	788	0	10
2026.01.05	17:45:00	1.35306	1.35343	1.35298	1.35320	594	0	10
2026.01.05	18:00:00	1.35320	1.35359	1.35301	1.35344	590	0	10
2026.01.05	18:15:00	1.35344	1.35393	1.35283	1.35293	614	0	10
2026.01.05	18:30:00	1.35293	1.35355	1.35288	1.35350	432	0	10
2026.01.05	18:45:00	1.35350	1.35390	1.35340	1.35390	531	0	10
2026.01.05	19:00:00	1.35392	1.35413	1.35349	1.35385	675	0	10
2026.01.05	19:15:00	1.35384	1.35446	1.35374	1.35425	575	0	10
2026.01.05	19:30:00	1.35422	1.35454	1.35413	1.35423	581	0	10
2026.01.05	19:45:00	1.35422	1.35453	1.35401	1.35426	485	0	10
2026.01.05	20:00:00	1.35424	1.35455	1.35421	1.35445	435	0	10
2026.01.05	20:15:00	1.35445	1.35447	1.35430	1.35436	332	0	10
2026.01.05	20:30:00	1.35436	1.35458	1.35433	1.35443	329	0	10
2026.01.05	20:45:00	1.35443	1.35445	1.35412	1.35426	394	0	10
2026.01.05	21:00:00	1.35423	1.35449	1.35404	1.35446	285	0	10
2026.01.05	21:15:00	1.35446	1.35478	1.35416	1.35427	300	0	10
2026.01.05	21:30:00	1.35427	1.35435	1.35401	1.35402	281	0	10
2026.01.05	21:45:00	1.35402	1.35431	1.35393	1.35412	281	0	4
2026.01.05	22:00:00	1.35410	1.35416	1.35387	1.35389	54	0	20
2026.01.05	22:15:00	1.35391	1.35405	1.35382	1.35404	177	0	26
2026.01.05	22:30:00	1.35406	1.35412	1.35383	1.35389	249	0	11
2026.01.05	22:45:00	1.35387	1.35415	1.35386	1.35387	198	0	15
2026.01.05	23:00:00	1.35386	1.35410	1.35357	1.35375	209	0	10
2026.01.05	23:15:00	1.35376	1.35377	1.35354	1.35355	213	0	10
2026.01.05	23:30:00	1.35353	1.35362	1.35340	1.35344	131	0	10
2026.01.05	23:45:00	1.35345	1.35346	1.35312	1.35322	239	0	10
2026.01.06	00:00:00	1.35321	1.35349	1.35313	1.35334	297	0	10
2026.01.06	00:15:00	1.35331	1.35347	1.35303	1.35309	312	0	10
2026.01.06	00:30:00	1.35308	1.35318	1.35273	1.35298	383	0	10
2026.01.06	00:45:00	1.35301	1.35356	1.35281	1.35354	453	0	10
2026.01.06	01:00:00	1.35353	1.35403	1.35314	1.35323	756	0	10
2026.01.06	01:15:00	1.35324	1.35389	1.35312	1.35372	568	0	10
2026.01.06	01:30:00	1.35371	1.35445	1.35365	1.35432	556	0	10
2026.01.06	01:45:00	1.35436	1.35461	1.35415	1.35458	545	0	10
2026.01.06	02:00:00	1.35460	1.35486	1.35411	1.35443	577	0	10
2026.01.06	02:15:00	1.35443	1.35465	1.35434	1.35454	351	0	10
2026.01.06	02:30:00	1.35454	1.35479	1.35422	1.35474	473	0	10
2026.01.06	02:45:00	1.35475	1.35573	1.35465	1.35563	577	0	10
2026.01.06	03:00:00	1.35560	1.35569	1.35503	1.35516	452	0	10
2026.01.06	03:15:00	1.35516	1.35564	1.35511	1.35542	417	0	10
2026.01.06	03:30:00	1.35542	1.35619	1.35531	1.35608	390	0	10
2026.01.06	03:45:00	1.35608	1.35616	1.35572	1.35586	313	0	10
2026.01.06	04:00:00	1.35585	1.35603	1.35571	1.35584	367	0	10
2026.01.06	04:15:00	1.35584	1.35614	1.35573	1.35586	271	0	10
2026.01.06	04:30:00	1.35586	1.35612	1.35544	1.35561	326	0	10
2026.01.06	04:45:00	1.35561	1.35570	1.35535	1.35553	324	0	10
2026.01.06	05:00:00	1.35554	1.35577	1.35543	1.35569	313	0	10
2026.01.06	05:15:00	1.35567	1.35567	1.35540	1.35550	287	0	10
2026.01.06	05:30:00	1.35547	1.35555	1.35502	1.35505	426	0	10
2026.01.06	05:45:00	1.35505	1.35515	1.35455	1.35491	461	0	10
2026.01.06	06:00:00	1.35494	1.35518	1.35481	1.35506	537	0	10
2026.01.06	06:15:00	1.35507	1.35551	1.35489	1.35545	492	0	10
2026.01.06	06:30:00	1.35545	1.35570	1.35538	1.35544	463	0	10
2026.01.06	06:45:00	1.35544	1.35577	1.35524	1.35547	473	0	10
2026.01.06	07:00:00	1.35549	1.35673	1.35547	1.35550	721	0	10
2026.01.06	07:15:00	1.35550	1.35571	1.35481	1.35526	622	0	10
2026.01.06	07:30:00	1.35523	1.35578	1.35503	1.35535	597	0	10
2026.01.06	07:45:00	1.35532	1.35553	1.35462	1.35505	819	0	10
2026.01.06	08:00:00	1.35500	1.35665	1.35468	1.35604	1250	0	10
2026.01.06	08:15:00	1.35607	1.35664	1.35512	1.35532	1050	0	10
2026.01.06	08:30:00	1.35536	1.35549	1.35494	1.35515	902	0	10
2026.01.06	08:45:00	1.35515	1.35583	1.35508	1.35534	879	0	10
2026.01.06	09:00:00	1.35536	1.35546	1.35454	1.35458	1130	0	10
2026.01.06	09:15:00	1.35459	1.35514	1.35439	1.35459	885	0	10
2026.01.06	09:30:00	1.35463	1.35463	1.35361	1.35410	893	0	10
2026.01.06	09:45:00	1.35410	1.35452	1.35353	1.35353	1030	0	10
2026.01.06	10:00:00	1.35354	1.35388	1.35296	1.35335	891	0	10
2026.01.06	10:15:00	1.35336	1.35384	1.35295	1.35346	694	0	10
2026.01.06	10:30:00	1.35345	1.35397	1.35313	1.35355	685	0	10
2026.01.06	10:45:00	1.35355	1.35377	1.35319	1.35327	666	0	10
2026.01.06	11:00:00	1.35328	1.35347	1.35223	1.35255	604	0	10
2026.01.06	11:15:00	1.35254	1.35259	1.35200	1.35231	682	0	10
2026.01.06	11:30:00	1.35233	1.35290	1.35233	1.35244	587	0	10
2026.01.06	11:45:00	1.35244	1.35251	1.35168	1.35204	599	0	10
2026.01.06	12:00:00	1.35204	1.35289	1.35203	1.35284	626	0	10
2026.01.06	12:15:00	1.35284	1.35288	1.35206	1.35213	678	0	10
2026.01.06	12:30:00	1.35211	1.35226	1.35131	1.35153	753	0	10
2026.01.06	12:45:00	1.35152	1.35172	1.35078	1.35114	682	0	10
2026.01.06	13:00:00	1.35115	1.35168	1.35061	1.35133	1153	0	10
2026.01.06	13:15:00	1.35136	1.35189	1.35101	1.35141	989	0	10
2026.01.06	13:30:00	1.35141	1.35232	1.35136	1.35181	924	0	10
2026.01.06	13:45:00	1.35180	1.35237	1.35127	1.35235	849	0	10
2026.01.06	14:00:00	1.35233	1.35342	1.35226	1.35282	899	0	10
2026.01.06	14:15:00	1.35282	1.35294	1.35151	1.35183	951	0	10
2026.01.06	14:30:00	1.35186	1.35271	1.35162	1.35249	1196	0	10
2026.01.06	14:45:00	1.35252	1.35322	1.35244	1.35248	1232	0	10
2026.01.06	15:00:00	1.35245	1.35270	1.35083	1.35106	1408	0	10
2026.01.06	15:15:00	1.35103	1.35117	1.34973	1.34997	1374	0	10
2026.01.06	15:30:00	1.35001	1.35028	1.34936	1.35020	1145	0	10
2026.01.06	15:45:00	1.35021	1.35073	1.34959	1.35071	1130	0	10
2026.01.06	16:00:00	1.35068	1.35093	1.34913	1.34973	1036	0	10
2026.01.06	16:15:00	1.34974	1.35014	1.34951	1.34974	888	0	10
2026.01.06	16:30:00	1.34973	1.35005	1.34926	1.34958	943	0	10
2026.01.06	16:45:00	1.34957	1.34993	1.34916	1.34946	806	0	10
2026.01.06	17:00:00	1.34942	1.35001	1.34921	1.34994	730	0	10
2026.01.06	17:15:00	1.34993	1.35060	1.34983	1.35026	772	0	10
2026.01.06	17:30:00	1.35029	1.35075	1.35016	1.35073	621	0	10
2026.01.06	17:45:00	1.35073	1.35108	1.35039	1.35100	573	0	10
2026.01.06	18:00:00	1.35099	1.35118	1.35053	1.35081	580	0	10
2026.01.06	18:15:00	1.35083	1.35109	1.35030	1.35046	543	0	10
2026.01.06	18:30:00	1.35045	1.35046	1.34986	1.35026	538	0	10
2026.01.06	18:45:00	1.35026	1.35037	1.34975	1.34982	598	0	10
2026.01.06	19:00:00	1.34981	1.35005	1.34920	1.34940	528	0	10
2026.01.06	19:15:00	1.34940	1.34965	1.34922	1.34936	453	0	10
2026.01.06	19:30:00	1.34937	1.34968	1.34920	1.34952	466	0	10
2026.01.06	19:45:00	1.34953	1.35007	1.34945	1.35001	482	0	10
2026.01.06	20:00:00	1.35000	1.35036	1.34993	1.35013	471	0	10
2026.01.06	20:15:00	1.35015	1.35036	1.35005	1.35014	306	0	10
2026.01.06	20:30:00	1.35014	1.35058	1.35010	1.35035	396	0	10
2026.01.06	20:45:00	1.35035	1.35053	1.34977	1.34978	521	0	10
2026.01.06	21:00:00	1.34980	1.34995	1.34969	1.34983	287	0	10
2026.01.06	21:15:00	1.34983	1.35006	1.34980	1.34988	205	0	10
2026.01.06	21:30:00	1.34988	1.35007	1.34978	1.35003	172	0	10
2026.01.06	21:45:00	1.35003	1.35024	1.34994	1.35005	309	0	4
2026.01.06	22:00:00	1.34998	1.35012	1.34984	1.34984	151	0	15
2026.01.06	22:15:00	1.34987	1.34987	1.34905	1.34944	261	0	46
2026.01.06	22:30:00	1.34945	1.34976	1.34940	1.34965	251	0	75
2026.01.06	22:45:00	1.34966	1.34998	1.34957	1.34988	132	0	22
2026.01.06	23:00:00	1.35010	1.35024	1.35000	1.35015	140	0	10
2026.01.06	23:15:00	1.35015	1.35032	1.35004	1.35024	102	0	10
2026.01.06	23:30:00	1.35024	1.35025	1.34995	1.35016	150	0	10
2026.01.06	23:45:00	1.35015	1.35024	1.34988	1.34990	114	0	10
2026.01.07	00:00:00	1.34990	1.35024	1.34970	1.35003	268	0	10
2026.01.07	00:15:00	1.35004	1.35027	1.34993	1.35006	301	0	10
2026.01.07	00:30:00	1.35002	1.35046	1.34981	1.35025	642	0	10
2026.01.07	00:45:00	1.35022	1.35048	1.35003	1.35024	531	0	10
2026.01.07	01:00:00	1.35026	1.35043	1.35011	1.35012	543	0	10
2026.01.07	01:15:00	1.35013	1.35023	1.34999	1.35020	425	0	10
2026.01.07	01:30:00	1.35023	1.35092	1.35012	1.35084	574	0	10
2026.01.07	01:45:00	1.35084	1.35098	1.35041	1.35055	520	0	10
2026.01.07	02:00:00	1.35053	1.35133	1.35049	1.35107	556	0	10
2026.01.07	02:15:00	1.35108	1.35115	1.35075	1.35078	333	0	10
2026.01.07	02:30:00	1.35079	1.35121	1.35072	1.35112	413	0	10
2026.01.07	02:45:00	1.35112	1.35116	1.35078	1.35096	431	0	10
2026.01.07	03:00:00	1.35095	1.35125	1.35092	1.35112	414	0	10
2026.01.07	03:15:00	1.35112	1.35144	1.35106	1.35129	351	0	10
2026.01.07	03:30:00	1.35130	1.35163	1.35129	1.35142	353	0	10
2026.01.07	03:45:00	1.35142	1.35165	1.35130	1.35139	348	0	10
2026.01.07	04:00:00	1.35137	1.35158	1.35100	1.35111	480	0	10
2026.01.07	04:15:00	1.35107	1.35122	1.35064	1.35071	667	0	10
2026.01.07	04:30:00	1.35070	1.35086	1.35055	1.35082	237	0	10
2026.01.07	04:45:00	1.35082	1.35085	1.35038	1.35045	488	0	10
2026.01.07	05:00:00	1.35045	1.35095	1.35040	1.35061	404	0	10
2026.01.07	05:15:00	1.35059	1.35080	1.35041	1.35042	279	0	10
2026.01.07	05:30:00	1.35042	1.35077	1.35023	1.35051	467	0	10
2026.01.07	05:45:00	1.35050	1.35088	1.35050	1.35080	368	0	10
2026.01.07	06:00:00	1.35080	1.35097	1.35052	1.35065	434	0	10
2026.01.07	06:15:00	1.35066	1.35094	1.35051	1.35092	414	0	10
2026.01.07	06:30:00	1.35092	1.35103	1.35060	1.35072	451	0	10
2026.01.07	06:45:00	1.35072	1.35168	1.35040	1.35130	634	0	10
2026.01.07	07:00:00	1.35133	1.35161	1.35108	1.35112	593	0	10
2026.01.07	07:15:00	1.35110	1.35112	1.35014	1.35018	609	0	10
2026.01.07	07:30:00	1.35017	1.35027	1.34932	1.35000	816	0	10
2026.01.07	07:45:00	1.34997	1.35004	1.34911	1.34923	742	0	10
2026.01.07	08:00:00	1.34920	1.34924	1.34852	1.34868	1009	0	10
2026.01.07	08:15:00	1.34870	1.34903	1.34845	1.34852	668	0	10
2026.01.07	08:30:00	1.34855	1.34964	1.34849	1.34878	669	0	10
2026.01.07	08:45:00	1.34882	1.34961	1.34874	1.34960	617	0	10
2026.01.07	09:00:00	1.34962	1.34977	1.34880	1.34892	748	0	10
2026.01.07	09:15:00	1.34892	1.34944	1.34860	1.34938	582	0	10
2026.01.07	09:30:00	1.34941	1.34946	1.34889	1.34920	620	0	10
2026.01.07	09:45:00	1.34920	1.34945	1.34881	1.34941	599	0	10
2026.01.07	10:00:00	1.34940	1.34989	1.34928	1.34978	646	0	10
2026.01.07	10:15:00	1.34980	1.35009	1.34947	1.34991	641	0	10
2026.01.07	10:30:00	1.34993	1.35026	1.34962	1.35009	633	0	10
2026.01.07	10:45:00	1.35009	1.35041	1.34960	1.34973	628	0	10
2026.01.07	11:00:00	1.34973	1.34994	1.34941	1.34982	556	0	10
2026.01.07	11:15:00	1.34982	1.35055	1.34969	1.35000	524	0	10
2026.01.07	11:30:00	1.35002	1.35023	1.34952	1.34981	509	0	10
2026.01.07	11:45:00	1.34980	1.35023	1.34977	1.34998	562	0	10
2026.01.07	12:00:00	1.35000	1.35025	1.34926	1.34943	697	0	10
2026.01.07	12:15:00	1.34942	1.34958	1.34857	1.34875	742	0	10
2026.01.07	12:30:00	1.34878	1.34933	1.34868	1.34882	671	0	10
2026.01.07	12:45:00	1.34880	1.34933	1.34880	1.34914	608	0	10
2026.01.07	13:00:00	1.34913	1.34913	1.34807	1.34832	802	0	10
2026.01.07	13:15:00	1.34834	1.34935	1.34834	1.34912	1040	0	10
2026.01.07	13:30:00	1.34912	1.35000	1.34884	1.34972	1031	0	10
2026.01.07	13:45:00	1.34971	1.34976	1.34924	1.34943	988	0	10
2026.01.07	14:00:00	1.34944	1.34965	1.34870	1.34882	1010	0	10
2026.01.07	14:15:00	1.34882	1.34894	1.34832	1.34871	813	0	10
2026.01.07	14:30:00	1.34872	1.34984	1.34843	1.34958	1093	0	10
2026.01.07	14:45:00	1.34960	1.35014	1.34929	1.35014	1173	0	10
2026.01.07	15:00:00	1.35007	1.35010	1.34815	1.34825	2014	0	10
2026.01.07	15:15:00	1.34826	1.34873	1.34737	1.34868	1300	0	10
2026.01.07	15:30:00	1.34869	1.34969	1.34847	1.34908	1250	0	10
2026.01.07	15:45:00	1.34904	1.34911	1.34722	1.34807	1444	0	10
2026.01.07	16:00:00	1.34806	1.34855	1.34689	1.34700	995	0	10
2026.01.07	16:15:00	1.34700	1.34756	1.34690	1.34738	787	0	10
2026.01.07	16:30:00	1.34739	1.34754	1.34696	1.34737	847	0	10
2026.01.07	16:45:00	1.34734	1.34742	1.34677	1.34713	755	0	10
2026.01.07	17:00:00	1.34714	1.34792	1.34700	1.34711	662	0	10
2026.01.07	17:15:00	1.34709	1.34728	1.34689	1.34711	602	0	10
2026.01.07	17:30:00	1.34710	1.34737	1.34687	1.34737	501	0	10
2026.01.07	17:45:00	1.34736	1.34771	1.34706	1.34730	563	0	10
2026.01.07	18:00:00	1.34729	1.34732	1.34678	1.34709	596	0	10
2026.01.07	18:15:00	1.34709	1.34719	1.34680	1.34685	514	0	10
2026.01.07	18:30:00	1.34683	1.34723	1.34676	1.34711	405	0	10
2026.01.07	18:45:00	1.34712	1.34731	1.34687	1.34688	523	0	10
2026.01.07	19:00:00	1.34690	1.34702	1.34624	1.34653	645	0	10
2026.01.07	19:15:00	1.34653	1.34658	1.34617	1.34628	464	0	10
2026.01.07	19:30:00	1.34628	1.34663	1.34622	1.34648	437	0	10
2026.01.07	19:45:00	1.34648	1.34663	1.34637	1.34640	441	0	10
2026.01.07	20:00:00	1.34639	1.34676	1.34619	1.34639	440	0	10
2026.01.07	20:15:00	1.34638	1.34659	1.34620	1.34630	441	0	10
2026.01.07	20:30:00	1.34631	1.34651	1.34620	1.34639	397	0	10
2026.01.07	20:45:00	1.34638	1.34642	1.34607	1.34621	450	0	10
2026.01.07	21:00:00	1.34619	1.34625	1.34601	1.34622	255	0	10
2026.01.07	21:15:00	1.34622	1.34625	1.34591	1.34599	180	0	10
2026.01.07	21:30:00	1.34598	1.34601	1.34565	1.34590	271	0	10
2026.01.07	21:45:00	1.34590	1.34595	1.34558	1.34567	302	0	10
2026.01.07	22:00:00	1.34569	1.34571	1.34550	1.34553	47	0	13
2026.01.07	22:15:00	1.34551	1.34563	1.34536	1.34558	195	0	68
2026.01.07	22:30:00	1.34558	1.34598	1.34557	1.34594	176	0	37
2026.01.07	22:45:00	1.34594	1.34610	1.34568	1.34582	161	0	22
2026.01.07	23:00:00	1.34595	1.34595	1.34559	1.34576	187	0	10
2026.01.07	23:15:00	1.34576	1.34587	1.34569	1.34576	125	0	10
2026.01.07	23:30:00	1.34577	1.34581	1.34561	1.34571	147	0	10
2026.01.07	23:45:00	1.34571	1.34582	1.34566	1.34581	79	0	10
2026.01.08	00:00:00	1.34581	1.34602	1.34576	1.34583	166	0	10
2026.01.08	00:15:00	1.34583	1.34591	1.34556	1.34572	208	0	10
2026.01.08	00:30:00	1.34572	1.34591	1.34570	1.34571	225	0	10
2026.01.08	00:45:00	1.34570	1.34595	1.34559	1.34579	308	0	10
2026.01.08	01:00:00	1.34580	1.34605	1.34569	1.34579	326	0	10
2026.01.08	01:15:00	1.34579	1.34604	1.34558	1.34560	354	0	10
2026.01.08	01:30:00	1.34560	1.34574	1.34525	1.34543	427	0	10
2026.01.08	01:45:00	1.34542	1.34564	1.34533	1.34555	342	0	10
2026.01.08	02:00:00	1.34558	1.34563	1.34523	1.34529	373	0	10
2026.01.08	02:15:00	1.34529	1.34532	1.34501	1.34522	319	0	10
2026.01.08	02:30:00	1.34522	1.34581	1.34519	1.34577	444	0	10
2026.01.08	02:45:00	1.34575	1.34592	1.34549	1.34561	369	0	10
2026.01.08	03:00:00	1.34562	1.34610	1.34557	1.34591	425	0	10
2026.01.08	03:15:00	1.34591	1.34628	1.34589	1.34626	383	0	10
2026.01.08	03:30:00	1.34623	1.34649	1.34610	1.34623	370	0	10
2026.01.08	03:45:00	1.34622	1.34640	1.34608	1.34628	311	0	10
2026.01.08	04:00:00	1.34628	1.34629	1.34592	1.34612	316	0	10
2026.01.08	04:15:00	1.34612	1.34632	1.34601	1.34602	235	0	10
2026.01.08	04:30:00	1.34602	1.34613	1.34580	1.34610	269	0	10
2026.01.08	04:45:00	1.34610	1.34614	1.34581	1.34600	283	0	10
2026.01.08	05:00:00	1.34600	1.34606	1.34549	1.34551	380	0	10
2026.01.08	05:15:00	1.34551	1.34553	1.34527	1.34543	299	0	10
2026.01.08	05:30:00	1.34542	1.34584	1.34517	1.34560	383	0	10
2026.01.08	05:45:00	1.34561	1.34600	1.34547	1.34579	407	0	10
2026.01.08	06:00:00	1.34578	1.34581	1.34531	1.34563	476	0	10
2026.01.08	06:15:00	1.34563	1.34579	1.34517	1.34541	557	0	10
2026.01.08	06:30:00	1.34541	1.34585	1.34533	1.34574	486	0	10
2026.01.08	06:45:00	1.34575	1.34615	1.34553	1.34597	476	0	10
2026.01.08	07:00:00	1.34592	1.34606	1.34510	1.34521	639	0	10
2026.01.08	07:15:00	1.34521	1.34541	1.34501	1.34503	538	0	10
2026.01.08	07:30:00	1.34501	1.34575	1.34483	1.34521	573	0	10
2026.01.08	07:45:00	1.34520	1.34542	1.34446	1.34451	766	0	10
2026.01.08	08:00:00	1.34454	1.34465	1.34374	1.34412	929	0	10
2026.01.08	08:15:00	1.34412	1.34453	1.34362	1.34409	697	0	10
2026.01.08	08:30:00	1.34405	1.34429	1.34359	1.34402	868	0	10
2026.01.08	08:45:00	1.34401	1.34404	1.34348	1.34380	691	0	10
2026.01.08	09:00:00	1.34383	1.34458	1.34364	1.34409	628	0	10
2026.01.08	09:15:00	1.34409	1.34444	1.34382	1.34383	592	0	10
2026.01.08	09:30:00	1.34382	1.34401	1.34340	1.34360	597	0	10
2026.01.08	09:45:00	1.34359	1.34382	1.34317	1.34376	558	0	10
2026.01.08	10:00:00	1.34380	1.34443	1.34366	1.34429	678	0	10
2026.01.08	10:15:00	1.34429	1.34440	1.34350	1.34405	769	0	10
2026.01.08	10:30:00	1.34405	1.34447	1.34389	1.34425	557	0	10
2026.01.08	10:45:00	1.34425	1.34474	1.34407	1.34465	536	0	10
2026.01.08	11:00:00	1.34464	1.34500	1.34455	1.34464	485	0	10
2026.01.08	11:15:00	1.34464	1.34492	1.34440	1.34448	532	0	10
2026.01.08	11:30:00	1.34446	1.34472	1.34433	1.34469	503	0	10
2026.01.08	11:45:00	1.34469	1.34503	1.34436	1.34438	560	0	10
2026.01.08	12:00:00	1.34435	1.34469	1.34409	1.34413	581	0	10
2026.01.08	12:15:00	1.34412	1.34440	1.34405	1.34438	507	0	10
2026.01.08	12:30:00	1.34442	1.34446	1.34375	1.34397	547	0	10
2026.01.08	12:45:00	1.34397	1.34434	1.34368	1.34380	583	0	10
2026.01.08	13:00:00	1.34384	1.34420	1.34358	1.34395	763	0	10
2026.01.08	13:15:00	1.34396	1.34473	1.34371	1.34429	595	0	10
2026.01.08	13:30:00	1.34427	1.34437	1.34303	1.34304	852	0	10
2026.01.08	13:45:00	1.34304	1.34305	1.34154	1.34229	1145	0	10
2026.01.08	14:00:00	1.34228	1.34259	1.34184	1.34194	1007	0	10
2026.01.08	14:15:00	1.34191	1.34229	1.34168	1.34228	869	0	10
2026.01.08	14:30:00	1.34229	1.34335	1.34214	1.34303	1158	0	10
2026.01.08	14:45:00	1.34300	1.34354	1.34234	1.34346	996	0	10
2026.01.08	15:00:00	1.34344	1.34350	1.34256	1.34322	925	0	10
2026.01.08	15:15:00	1.34323	1.34450	1.34303	1.34395	1032	0	10
2026.01.08	15:30:00	1.34394	1.34465	1.34364	1.34395	906	0	10
2026.01.08	15:45:00	1.34396	1.34424	1.34348	1.34406	1133	0	10
2026.01.08	16:00:00	1.34405	1.34442	1.34345	1.34348	846	0	10
2026.01.08	16:15:00	1.34349	1.34386	1.34276	1.34319	889	0	10
2026.01.08	16:30:00	1.34318	1.34378	1.34290	1.34336	778	0	10
2026.01.08	16:45:00	1.34337	1.34371	1.34293	1.34293	717	0	10
2026.01.08	17:00:00	1.34290	1.34350	1.34287	1.34335	701	0	10
2026.01.08	17:15:00	1.34334	1.34349	1.34288	1.34299	631	0	10
2026.01.08	17:30:00	1.34299	1.34311	1.34253	1.34286	616	0	10
2026.01.08	17:45:00	1.34286	1.34369	1.34283	1.34357	536	0	10
2026.01.08	18:00:00	1.34357	1.34376	1.34287	1.34324	608	0	10
2026.01.08	18:15:00	1.34322	1.34335	1.34301	1.34304	538	0	10
2026.01.08	18:30:00	1.34304	1.34323	1.34274	1.34296	443	0	10
2026.01.08	18:45:00	1.34296	1.34309	1.34215	1.34225	440	0	10
2026.01.08	19:00:00	1.34225	1.34238	1.34192	1.34232	472	0	10
2026.01.08	19:15:00	1.34232	1.34258	1.34218	1.34228	408	0	10
2026.01.08	19:30:00	1.34233	1.34273	1.34228	1.34247	403	0	10
2026.01.08	19:45:00	1.34246	1.34308	1.34244	1.34305	419	0	10
2026.01.08	20:00:00	1.34305	1.34340	1.34292	1.34324	472	0	10
2026.01.08	20:15:00	1.34324	1.34343	1.34312	1.34336	384	0	10
2026.01.08	20:30:00	1.34338	1.34365	1.34330	1.34344	363	0	10
2026.01.08	20:45:00	1.34344	1.34377	1.34333	1.34357	441	0	10
2026.01.08	21:00:00	1.34357	1.34379	1.34345	1.34373	327	0	10
2026.01.08	21:15:00	1.34375	1.34391	1.34359	1.34388	248	0	10
2026.01.08	21:30:00	1.34389	1.34443	1.34361	1.34433	374	0	10
2026.01.08	21:45:00	1.34431	1.34449	1.34387	1.34394	614	0	4
2026.01.08	22:00:00	1.34393	1.34393	1.34303	1.34303	61	0	18
2026.01.08	22:15:00	1.34301	1.34362	1.34299	1.34344	268	0	75
2026.01.08	22:30:00	1.34346	1.34371	1.34323	1.34368	117	0	35
2026.01.08	22:45:00	1.34366	1.34374	1.34336	1.34337	110	0	18
2026.01.08	23:00:00	1.34329	1.34402	1.34329	1.34378	217	0	10
2026.01.08	23:15:00	1.34383	1.34383	1.34360	1.34379	151	0	10
2026.01.08	23:30:00	1.34379	1.34385	1.34344	1.34346	186	0	10
2026.01.08	23:45:00	1.34346	1.34358	1.34337	1.34358	150	0	10
2026.01.09	00:00:00	1.34357	1.34363	1.34319	1.34323	317	0	10
2026.01.09	00:15:00	1.34323	1.34366	1.34313	1.34336	271	0	10
2026.01.09	00:30:00	1.34336	1.34347	1.34315	1.34335	291	0	10
2026.01.09	00:45:00	1.34336	1.34343	1.34311	1.34316	393	0	10
2026.01.09	01:00:00	1.34316	1.34336	1.34293	1.34323	514	0	10
2026.01.09	01:15:00	1.34321	1.34358	1.34283	1.34301	477	0	10
2026.01.09	01:30:00	1.34302	1.34320	1.34266	1.34268	492	0	10
2026.01.09	01:45:00	1.34268	1.34305	1.34264	1.34276	492	0	10
2026.01.09	02:00:00	1.34279	1.34293	1.34241	1.34243	467	0	10
2026.01.09	02:15:00	1.34246	1.34297	1.34242	1.34287	444	0	10
2026.01.09	02:30:00	1.34289	1.34327	1.34284	1.34310	463	0	10
2026.01.09	02:45:00	1.34310	1.34334	1.34306	1.34320	463	0	10
2026.01.09	03:00:00	1.34320	1.34362	1.34305	1.34354	403	0	10
2026.01.09	03:15:00	1.34354	1.34366	1.34324	1.34341	393	0	10
2026.01.09	03:30:00	1.34341	1.34369	1.34325	1.34361	368	0	10
2026.01.09	03:45:00	1.34361	1.34374	1.34340	1.34363	338	0	10
2026.01.09	04:00:00	1.34362	1.34376	1.34326	1.34328	359	0	10
2026.01.09	04:15:00	1.34328	1.34344	1.34307	1.34336	261	0	10
2026.01.09	04:30:00	1.34336	1.34356	1.34332	1.34336	279	0	10
2026.01.09	04:45:00	1.34336	1.34367	1.34334	1.34354	318	0	10
2026.01.09	05:00:00	1.34354	1.34378	1.34349	1.34356	306	0	10
2026.01.09	05:15:00	1.34355	1.34360	1.34323	1.34334	296	0	10
2026.01.09	05:30:00	1.34335	1.34344	1.34281	1.34294	405	0	10
2026.01.09	05:45:00	1.34294	1.34307	1.34271	1.34298	388	0	10
2026.01.09	06:00:00	1.34298	1.34309	1.34242	1.34255	559	0	10
2026.01.09	06:15:00	1.34255	1.34277	1.34246	1.34270	354	0	10
2026.01.09	06:30:00	1.34270	1.34310	1.34266	1.34304	319	0	10
2026.01.09	06:45:00	1.34305	1.34322	1.34272	1.34275	466	0	10
2026.01.09	07:00:00	1.34278	1.34282	1.34186	1.34196	544	0	10
2026.01.09	07:15:00	1.34193	1.34222	1.34146	1.34166	647	0	10
2026.01.09	07:30:00	1.34166	1.34191	1.34142	1.34191	501	0	10
2026.01.09	07:45:00	1.34191	1.34289	1.34184	1.34284	861	0	10
2026.01.09	08:00:00	1.34287	1.34339	1.34237	1.34251	1072	0	10
2026.01.09	08:15:00	1.34249	1.34277	1.34196	1.34199	825	0	10
2026.01.09	08:30:00	1.34200	1.34209	1.34136	1.34140	835	0	10
2026.01.09	08:45:00	1.34141	1.34181	1.34113	1.34149	751	0	10
2026.01.09	09:00:00	1.34151	1.34205	1.34151	1.34179	689	0	10
2026.01.09	09:15:00	1.34175	1.34189	1.34107	1.34124	589	0	10
2026.01.09	09:30:00	1.34126	1.34140	1.34076	1.34088	619	0	10
2026.01.09	09:45:00	1.34090	1.34101	1.34045	1.34098	534	0	10
2026.01.09	10:00:00	1.34097	1.34122	1.34063	1.34096	511	0	10
2026.01.09	10:15:00	1.34096	1.34109	1.34049	1.34075	617	0	10
2026.01.09	10:30:00	1.34076	1.34095	1.34035	1.34048	534	0	10
2026.01.09	10:45:00	1.34048	1.34099	1.34038	1.34083	495	0	10
2026.01.09	11:00:00	1.34085	1.34099	1.34041	1.34067	633	0	10
2026.01.09	11:15:00	1.34067	1.34118	1.34052	1.34113	516	0	10
2026.01.09	11:30:00	1.34113	1.34139	1.34069	1.34107	560	0	10
2026.01.09	11:45:00	1.34108	1.34134	1.34066	1.34125	525	0	10
2026.01.09	12:00:00	1.34125	1.34133	1.34096	1.34113	688	0	10
2026.01.09	12:15:00	1.34113	1.34138	1.34091	1.34124	623	0	10
2026.01.09	12:30:00	1.34125	1.34149	1.34098	1.34139	623	0	10
2026.01.09	12:45:00	1.34141	1.34190	1.34137	1.34187	738	0	10
2026.01.09	13:00:00	1.34191	1.34247	1.34159	1.34247	913	0	10
2026.01.09	13:15:00	1.34244	1.34276	1.34204	1.34210	1246	0	10
2026.01.09	13:30:00	1.34214	1.34507	1.33869	1.34443	3920	0	10
2026.01.09	13:45:00	1.34444	1.34465	1.34293	1.34349	2225	0	10
2026.01.09	14:00:00	1.34350	1.34431	1.34192	1.34224	2238	0	10
2026.01.09	14:15:00	1.34225	1.34277	1.34127	1.34136	2063	0	10
2026.01.09	14:30:00	1.34140	1.34250	1.34103	1.34113	1756	0	10
2026.01.09	14:45:00	1.34112	1.34134	1.34057	1.34126	1547	0	10
2026.01.09	15:00:00	1.34118	1.34187	1.33939	1.33977	1987	0	10
2026.01.09	15:15:00	1.33978	1.34101	1.33919	1.34060	1631	0	10
2026.01.09	15:30:00	1.34057	1.34182	1.34052	1.34090	1366	0	10
2026.01.09	15:45:00	1.34092	1.34181	1.34092	1.34174	1346	0	10
2026.01.09	16:00:00	1.34173	1.34224	1.34113	1.34133	1139	0	10
2026.01.09	16:15:00	1.34135	1.34160	1.34054	1.34054	896	0	10
2026.01.09	16:30:00	1.34053	1.34137	1.34042	1.34131	1009	0	10
2026.01.09	16:45:00	1.34131	1.34142	1.34084	1.34102	822	0	10
2026.01.09	17:00:00	1.34103	1.34111	1.34036	1.34048	731	0	10
2026.01.09	17:15:00	1.34048	1.34048	1.33974	1.34014	853	0	10
2026.01.09	17:30:00	1.34014	1.34040	1.33993	1.34014	654	0	10
2026.01.09	17:45:00	1.34014	1.34042	1.34012	1.34024	569	0	10
2026.01.09	18:00:00	1.34024	1.34044	1.34001	1.34012	653	0	10
2026.01.09	18:15:00	1.34011	1.34073	1.33992	1.34054	585	0	10
2026.01.09	18:30:00	1.34054	1.34142	1.34048	1.34093	605	0	10
2026.01.09	18:45:00	1.34094	1.34104	1.34034	1.34054	599	0	10
2026.01.09	19:00:00	1.34055	1.34087	1.34029	1.34064	589	0	10
2026.01.09	19:15:00	1.34064	1.34111	1.34061	1.34096	432	0	10
2026.01.09	19:30:00	1.34093	1.34096	1.34046	1.34062	403	0	10
2026.01.09	19:45:00	1.34062	1.34097	1.34057	1.34062	442	0	10
2026.01.09	20:00:00	1.34062	1.34093	1.34062	1.34079	365	0	10
2026.01.09	20:15:00	1.34079	1.34096	1.34064	1.34076	339	0	10
2026.01.09	20:30:00	1.34075	1.34089	1.34044	1.34070	392	0	10
2026.01.09	20:45:00	1.34070	1.34082	1.34043	1.34060	415	0	10
2026.01.09	21:00:00	1.34060	1.34086	1.34058	1.34071	448	0	10
2026.01.09	21:15:00	1.34071	1.34077	1.34042	1.34053	275	0	10
2026.01.09	21:30:00	1.34050	1.34053	1.33990	1.34001	234	0	10
2026.01.09	21:45:00	1.34002	1.34038	1.33966	1.34021	557	0	10
2026.01.11	22:00:00	1.33910	1.33967	1.33907	1.33942	76	0	110
2026.01.11	22:15:00	1.33943	1.33977	1.33881	1.33948	185	0	72
2026.01.11	22:30:00	1.33955	1.34001	1.33955	1.33986	144	0	54
2026.01.11	22:45:00	1.33987	1.33997	1.33882	1.33887	204	0	47
2026.01.11	23:00:00	1.33947	1.33994	1.33947	1.33965	289	0	10
2026.01.11	23:15:00	1.33965	1.33980	1.33924	1.33933	269	0	10
2026.01.11	23:30:00	1.33933	1.33954	1.33925	1.33932	205	0	10
2026.01.11	23:45:00	1.33931	1.33941	1.33918	1.33935	151	0	10
2026.01.12	00:00:00	1.33935	1.34124	1.33903	1.34123	717	0	10
2026.01.12	00:15:00	1.34123	1.34164	1.34100	1.34136	656	0	10
2026.01.12	00:30:00	1.34136	1.34320	1.34124	1.34311	1119	0	10
2026.01.12	00:45:00	1.34312	1.34350	1.34282	1.34341	685	0	10
2026.01.12	01:00:00	1.34341	1.34372	1.34288	1.34349	1065	0	10
2026.01.12	01:15:00	1.34349	1.34405	1.34338	1.34356	890	0	10
2026.01.12	01:30:00	1.34356	1.34358	1.34271	1.34273	668	0	10
2026.01.12	01:45:00	1.34271	1.34291	1.34261	1.34270	478	0	10
2026.01.12	02:00:00	1.34273	1.34335	1.34256	1.34292	573	0	10
2026.01.12	02:15:00	1.34291	1.34299	1.34248	1.34249	465	0	10
2026.01.12	02:30:00	1.34246	1.34314	1.34232	1.34311	672	0	10
2026.01.12	02:45:00	1.34312	1.34313	1.34211	1.34228	485	0	10
2026.01.12	03:00:00	1.34227	1.34280	1.34222	1.34269	459	0	10
2026.01.12	03:15:00	1.34269	1.34273	1.34246	1.34254	351	0	10
2026.01.12	03:30:00	1.34257	1.34264	1.34209	1.34218	327	0	10
2026.01.12	03:45:00	1.34218	1.34241	1.34196	1.34196	405	0	10
2026.01.12	04:00:00	1.34199	1.34226	1.34180	1.34224	291	0	10
2026.01.12	04:15:00	1.34224	1.34237	1.34188	1.34199	285	0	10
2026.01.12	04:30:00	1.34199	1.34199	1.34159	1.34173	277	0	10
2026.01.12	04:45:00	1.34173	1.34223	1.34173	1.34220	237	0	10
2026.01.12	05:00:00	1.34224	1.34259	1.34209	1.34250	351	0	10
2026.01.12	05:15:00	1.34250	1.34318	1.34249	1.34310	368	0	10
2026.01.12	05:30:00	1.34310	1.34352	1.34307	1.34343	407	0	10
2026.01.12	05:45:00	1.34343	1.34358	1.34327	1.34330	472	0	10
2026.01.12	06:00:00	1.34330	1.34332	1.34288	1.34300	430	0	10
2026.01.12	06:15:00	1.34300	1.34353	1.34291	1.34321	443	0	10
2026.01.12	06:30:00	1.34320	1.34373	1.34300	1.34350	506	0	10
2026.01.12	06:45:00	1.34352	1.34408	1.34330	1.34381	456	0	10
2026.01.12	07:00:00	1.34381	1.34454	1.34334	1.34420	781	0	10
2026.01.12	07:15:00	1.34420	1.34465	1.34406	1.34443	888	0	10
2026.01.12	07:30:00	1.34442	1.34444	1.34387	1.34402	734	0	10
2026.01.12	07:45:00	1.34404	1.34451	1.34360	1.34436	660	0	10
2026.01.12	08:00:00	1.34433	1.34580	1.34420	1.34483	1140	0	10
2026.01.12	08:15:00	1.34483	1.34531	1.34447	1.34470	891	0	10
2026.01.12	08:30:00	1.34471	1.34559	1.34470	1.34530	853	0	10
2026.01.12	08:45:00	1.34528	1.34610	1.34517	1.34567	829	0	10
2026.01.12	09:00:00	1.34567	1.34613	1.34524	1.34589	854	0	10
2026.01.12	09:15:00	1.34589	1.34689	1.34588	1.34680	814	0	10
2026.01.12	09:30:00	1.34680	1.34683	1.34560	1.34570	682	0	10
2026.01.12	09:45:00	1.34570	1.34572	1.34497	1.34532	706	0	10
2026.01.12	10:00:00	1.34535	1.34577	1.34511	1.34572	634	0	10
2026.01.12	10:15:00	1.34571	1.34585	1.34475	1.34579	738	0	10
2026.01.12	10:30:00	1.34581	1.34626	1.34545	1.34607	651	0	10
2026.01.12	10:45:00	1.34607	1.34707	1.34599	1.34707	669	0	10
2026.01.12	11:00:00	1.34703	1.34745	1.34660	1.34715	659	0	10
2026.01.12	11:15:00	1.34714	1.34742	1.34688	1.34691	592	0	10
2026.01.12	11:30:00	1.34693	1.34698	1.34583	1.34634	528	0	10
2026.01.12	11:45:00	1.34635	1.34635	1.34542	1.34594	635	0	10
2026.01.12	12:00:00	1.34591	1.34716	1.34570	1.34683	868	0	10
2026.01.12	12:15:00	1.34682	1.34704	1.34636	1.34663	656	0	10
2026.01.12	12:30:00	1.34666	1.34733	1.34658	1.34714	720	0	10
2026.01.12	12:45:00	1.34716	1.34733	1.34626	1.34649	879	0	10
2026.01.12	13:00:00	1.34652	1.34803	1.34608	1.34770	976	0	10
2026.01.12	13:15:00	1.34772	1.34801	1.34734	1.34745	841	0	10
2026.01.12	13:30:00	1.34744	1.34804	1.34731	1.34780	783	0	10
2026.01.12	13:45:00	1.34778	1.34853	1.34771	1.34812	986	0	10
2026.01.12	14:00:00	1.34810	1.34828	1.34695	1.34709	1054	0	10
2026.01.12	14:15:00	1.34706	1.34720	1.34636	1.34647	1017	0	10
2026.01.12	14:30:00	1.34646	1.34722	1.34628	1.34664	1201	0	10
2026.01.12	14:45:00	1.34666	1.34737	1.34653	1.34727	1106	0	10
2026.01.12	15:00:00	1.34730	1.34764	1.34675	1.34712	970	0	10
2026.01.12	15:15:00	1.34712	1.34750	1.34695	1.34702	824	0	10
2026.01.12	15:30:00	1.34702	1.34800	1.34702	1.34774	901	0	10
2026.01.12	15:45:00	1.34772	1.34794	1.34737	1.34749	864	0	10
2026.01.12	16:00:00	1.34751	1.34770	1.34653	1.34673	800	0	10
2026.01.12	16:15:00	1.34672	1.34704	1.34649	1.34687	706	0	10
2026.01.12	16:30:00	1.34687	1.34715	1.34669	1.34690	658	0	10
2026.01.12	16:45:00	1.34691	1.34704	1.34631	1.34639	684	0	10
2026.01.12	17:00:00	1.34636	1.34715	1.34606	1.34682	798	0	10
2026.01.12	17:15:00	1.34679	1.34682	1.34548	1.34603	932	0	10
2026.01.12	17:30:00	1.34603	1.34662	1.34567	1.34640	730	0	10
2026.01.12	17:45:00	1.34641	1.34653	1.34601	1.34636	494	0	10
2026.01.12	18:00:00	1.34636	1.34636	1.34569	1.34591	613	0	10
2026.01.12	18:15:00	1.34591	1.34616	1.34583	1.34590	354	0	10
2026.01.12	18:30:00	1.34593	1.34616	1.34581	1.34591	334	0	10
2026.01.12	18:45:00	1.34591	1.34609	1.34572	1.34590	374	0	10
2026.01.12	19:00:00	1.34590	1.34621	1.34568	1.34621	358	0	10
2026.01.12	19:15:00	1.34620	1.34645	1.34597	1.34629	326	0	10
2026.01.12	19:30:00	1.34631	1.34655	1.34606	1.34608	364	0	10
2026.01.12	19:45:00	1.34608	1.34664	1.34605	1.34655	315	0	10
2026.01.12	20:00:00	1.34656	1.34671	1.34636	1.34662	301	0	10
2026.01.12	20:15:00	1.34662	1.34667	1.34648	1.34665	231	0	10
2026.01.12	20:30:00	1.34665	1.34686	1.34628	1.34630	382	0	10
2026.01.12	20:45:00	1.34631	1.34647	1.34614	1.34632	412	0	10
2026.01.12	21:00:00	1.34629	1.34667	1.34611	1.34650	309	0	10
2026.01.12	21:15:00	1.34650	1.34674	1.34649	1.34661	117	0	10
2026.01.12	21:30:00	1.34661	1.34685	1.34650	1.34677	151	0	10
2026.01.12	21:45:00	1.34676	1.34700	1.34634	1.34644	474	0	7
2026.01.12	22:00:00	1.34646	1.34646	1.34606	1.34624	132	0	24
2026.01.12	22:15:00	1.34625	1.34638	1.34614	1.34636	180	0	31
2026.01.12	22:30:00	1.34635	1.34646	1.34632	1.34638	184	0	24
2026.01.12	22:45:00	1.34638	1.34657	1.34602	1.34602	191	0	18
2026.01.12	23:00:00	1.34625	1.34663	1.34620	1.34633	287	0	10
2026.01.12	23:15:00	1.34633	1.34687	1.34623	1.34659	351	0	10
2026.01.12	23:30:00	1.34659	1.34668	1.34644	1.34664	192	0	10
2026.01.12	23:45:00	1.34664	1.34676	1.34633	1.34656	216	0	10
2026.01.13	00:00:00	1.34656	1.34666	1.34626	1.34653	258	0	10
2026.01.13	00:15:00	1.34653	1.34656	1.34620	1.34632	195	0	10
2026.01.13	00:30:00	1.34632	1.34668	1.34629	1.34656	388	0	10
2026.01.13	00:45:00	1.34655	1.34765	1.34654	1.34754	542	0	10
2026.01.13	01:00:00	1.34755	1.34768	1.34708	1.34720	522	0	10
2026.01.13	01:15:00	1.34717	1.34734	1.34702	1.34718	493	0	10
2026.01.13	01:30:00	1.34715	1.34752	1.34662	1.34699	530	0	10
2026.01.13	01:45:00	1.34699	1.34725	1.34690	1.34699	494	0	10
2026.01.13	02:00:00	1.34695	1.34761	1.34692	1.34740	485	0	10
2026.01.13	02:15:00	1.34741	1.34745	1.34711	1.34711	429	0	10
2026.01.13	02:30:00	1.34710	1.34759	1.34701	1.34727	383	0	10
2026.01.13	02:45:00	1.34727	1.34741	1.34712	1.34723	398	0	10
2026.01.13	03:00:00	1.34723	1.34756	1.34709	1.34747	362	0	10
2026.01.13	03:15:00	1.34747	1.34785	1.34744	1.34769	398	0	10
2026.01.13	03:30:00	1.34770	1.34776	1.34720	1.34723	347	0	10
2026.01.13	03:45:00	1.34723	1.34736	1.34689	1.34701	356	0	10
2026.01.13	04:00:00	1.34700	1.34724	1.34695	1.34712	264	0	10
2026.01.13	04:15:00	1.34713	1.34766	1.34698	1.34752	484	0	10
2026.01.13	04:30:00	1.34751	1.34756	1.34710	1.34724	275	0	10
2026.01.13	04:45:00	1.34724	1.34768	1.34711	1.34734	381	0	10
2026.01.13	05:00:00	1.34734	1.34755	1.34713	1.34739	430	0	10
2026.01.13	05:15:00	1.34739	1.34765	1.34724	1.34761	294	0	10
2026.01.13	05:30:00	1.34761	1.34765	1.34714	1.34721	380	0	10
2026.01.13	05:45:00	1.34721	1.34738	1.34701	1.34717	398	0	10
2026.01.13	06:00:00	1.34716	1.34722	1.34658	1.34690	552	0	10
2026.01.13	06:15:00	1.34686	1.34693	1.34622	1.34678	582	0	10
2026.01.13	06:30:00	1.34676	1.34686	1.34639	1.34672	472	0	10
2026.01.13	06:45:00	1.34672	1.34724	1.34643	1.34723	542	0	10
2026.01.13	07:00:00	1.34724	1.34733	1.34661	1.34666	612	0	10
2026.01.13	07:15:00	1.34669	1.34682	1.34618	1.34673	552	0	10
2026.01.13	07:30:00	1.34673	1.34718	1.34671	1.34679	487	0	10
2026.01.13	07:45:00	1.34679	1.34688	1.34640	1.34665	471	0	10
2026.01.13	08:00:00	1.34662	1.34743	1.34637	1.34708	878	0	10
2026.01.13	08:15:00	1.34706	1.34714	1.34638	1.34643	727	0	10
2026.01.13	08:30:00	1.34643	1.34693	1.34626	1.34686	620	0	10
2026.01.13	08:45:00	1.34686	1.34776	1.34679	1.34763	578	0	10
2026.01.13	09:00:00	1.34761	1.34802	1.34731	1.34746	672	0	10
2026.01.13	09:15:00	1.34742	1.34794	1.34735	1.34783	527	0	10
2026.01.13	09:30:00	1.34782	1.34853	1.34769	1.34802	724	0	10
2026.01.13	09:45:00	1.34799	1.34814	1.34765	1.34801	564	0	10
2026.01.13	10:00:00	1.34801	1.34829	1.34764	1.34789	589	0	10
2026.01.13	10:15:00	1.34789	1.34793	1.34718	1.34731	526	0	10
2026.01.13	10:30:00	1.34732	1.34756	1.34700	1.34712	609	0	10
2026.01.13	10:45:00	1.34711	1.34737	1.34690	1.34711	491	0	10
2026.01.13	11:00:00	1.34711	1.34712	1.34671	1.34705	439	0	10
2026.01.13	11:15:00	1.34704	1.34717	1.34680	1.34712	336	0	10
2026.01.13	11:30:00	1.34712	1.34736	1.34708	1.34725	427	0	10
2026.01.13	11:45:00	1.34725	1.34734	1.34699	1.34721	363	0	10
2026.01.13	12:00:00	1.34720	1.34730	1.34680	1.34685	464	0	10
2026.01.13	12:15:00	1.34686	1.34716	1.34683	1.34692	379	0	10
2026.01.13	12:30:00	1.34692	1.34704	1.34617	1.34632	465	0	10
2026.01.13	12:45:00	1.34632	1.34646	1.34580	1.34605	781	0	10
2026.01.13	13:00:00	1.34606	1.34645	1.34575	1.34605	872	0	10
2026.01.13	13:15:00	1.34605	1.34609	1.34536	1.34547	1140	0	10
2026.01.13	13:30:00	1.34548	1.34942	1.34548	1.34746	3159	0	10
2026.01.13	13:45:00	1.34744	1.34765	1.34658	1.34748	1631	0	10
2026.01.13	14:00:00	1.34745	1.34771	1.34679	1.34692	1301	0	10
2026.01.13	14:15:00	1.34691	1.34718	1.34649	1.34698	1053	0	10
2026.01.13	14:30:00	1.34701	1.34724	1.34512	1.34574	1493	0	10
2026.01.13	14:45:00	1.34572	1.34615	1.34510	1.34582	1239	0	10
2026.01.13	15:00:00	1.34581	1.34596	1.34482	1.34516	1211	0	10
2026.01.13	15:15:00	1.34515	1.34519	1.34394	1.34408	1105	0	10
2026.01.13	15:30:00	1.34407	1.34411	1.34345	1.34395	1212	0	10
2026.01.13	15:45:00	1.34392	1.34465	1.34346	1.34416	1210	0	10
2026.01.13	16:00:00	1.34413	1.34446	1.34257	1.34273	1108	0	10
2026.01.13	16:15:00	1.34273	1.34323	1.34246	1.34292	1014	0	10
2026.01.13	16:30:00	1.34291	1.34359	1.34282	1.34313	781	0	10
2026.01.13	16:45:00	1.34313	1.34351	1.34298	1.34336	736	0	10
2026.01.13	17:00:00	1.34340	1.34374	1.34282	1.34324	677	0	10
2026.01.13	17:15:00	1.34324	1.34337	1.34268	1.34295	625	0	10
2026.01.13	17:30:00	1.34293	1.34317	1.34274	1.34295	685	0	10
2026.01.13	17:45:00	1.34294	1.34339	1.34269	1.34329	642	0	10
2026.01.13	18:00:00	1.34330	1.34338	1.34234	1.34287	703	0	10
2026.01.13	18:15:00	1.34287	1.34324	1.34276	1.34299	618	0	10
2026.01.13	18:30:00	1.34299	1.34369	1.34289	1.34367	500	0	10
2026.01.13	18:45:00	1.34369	1.34405	1.34362	1.34391	416	0	10
2026.01.13	19:00:00	1.34391	1.34395	1.34302	1.34317	504	0	10
2026.01.13	19:15:00	1.34319	1.34336	1.34274	1.34290	547	0	10
2026.01.13	19:30:00	1.34288	1.34325	1.34270	1.34314	413	0	10
2026.01.13	19:45:00	1.34316	1.34361	1.34291	1.34345	572	0	10
2026.01.13	20:00:00	1.34345	1.34359	1.34311	1.34345	425	0	10
2026.01.13	20:15:00	1.34345	1.34347	1.34300	1.34302	397	0	10
2026.01.13	20:30:00	1.34302	1.34336	1.34286	1.34324	493	0	10
2026.01.13	20:45:00	1.34325	1.34327	1.34293	1.34299	439	0	10
2026.01.13	21:00:00	1.34300	1.34313	1.34264	1.34264	281	0	10
2026.01.13	21:15:00	1.34264	1.34285	1.34259	1.34282	241	0	10
2026.01.13	21:30:00	1.34280	1.34285	1.34261	1.34263	162	0	10
2026.01.13	21:45:00	1.34263	1.34267	1.34202	1.34217	364	0	2
2026.01.13	22:00:00	1.34218	1.34218	1.34162	1.34183	128	0	15
2026.01.13	22:15:00	1.34187	1.34203	1.34183	1.34203	186	0	79
2026.01.13	22:30:00	1.34201	1.34207	1.34185	1.34194	170	0	55
2026.01.13	22:45:00	1.34192	1.34229	1.34188	1.34204	166	0	18
2026.01.13	23:00:00	1.34223	1.34251	1.34217	1.34249	233	0	10
2026.01.13	23:15:00	1.34249	1.34258	1.34248	1.34255	90	0	10
2026.01.13	23:30:00	1.34255	1.34278	1.34254	1.34255	190	0	10
2026.01.13	23:45:00	1.34256	1.34264	1.34244	1.34251	151	0	10
2026.01.14	00:00:00	1.34250	1.34255	1.34201	1.34215	253	0	10
2026.01.14	00:15:00	1.34215	1.34253	1.34214	1.34253	270	0	10
2026.01.14	00:30:00	1.34254	1.34267	1.34240	1.34254	263	0	10
2026.01.14	00:45:00	1.34255	1.34269	1.34231	1.34265	358	0	10
2026.01.14	01:00:00	1.34263	1.34267	1.34196	1.34211	451	0	10
2026.01.14	01:15:00	1.34212	1.34231	1.34191	1.34204	401	0	10
2026.01.14	01:30:00	1.34204	1.34255	1.34195	1.34236	375	0	10
2026.01.14	01:45:00	1.34235	1.34247	1.34214	1.34223	362	0	10
2026.01.14	02:00:00	1.34222	1.34258	1.34207	1.34244	475	0	10
2026.01.14	02:15:00	1.34244	1.34293	1.34237	1.34288	403	0	10
2026.01.14	02:30:00	1.34290	1.34326	1.34290	1.34317	376	0	10
2026.01.14	02:45:00	1.34318	1.34367	1.34315	1.34352	368	0	10
2026.01.14	03:00:00	1.34352	1.34410	1.34352	1.34397	420	0	10
2026.01.14	03:15:00	1.34398	1.34415	1.34391	1.34409	290	0	10
2026.01.14	03:30:00	1.34408	1.34446	1.34406	1.34439	312	0	10
2026.01.14	03:45:00	1.34438	1.34479	1.34421	1.34443	359	0	10
2026.01.14	04:00:00	1.34442	1.34458	1.34431	1.34432	281	0	10
2026.01.14	04:15:00	1.34433	1.34433	1.34409	1.34415	213	0	10
2026.01.14	04:30:00	1.34415	1.34436	1.34402	1.34404	199	0	10
2026.01.14	04:45:00	1.34403	1.34412	1.34384	1.34395	278	0	10
2026.01.14	05:00:00	1.34395	1.34417	1.34384	1.34385	301	0	10
2026.01.14	05:15:00	1.34384	1.34390	1.34369	1.34382	324	0	10
2026.01.14	05:30:00	1.34380	1.34395	1.34363	1.34363	294	0	10
2026.01.14	05:45:00	1.34364	1.34385	1.34350	1.34351	252	0	10
2026.01.14	06:00:00	1.34351	1.34394	1.34340	1.34394	363	0	10
2026.01.14	06:15:00	1.34394	1.34395	1.34340	1.34364	383	0	10
2026.01.14	06:30:00	1.34364	1.34406	1.34350	1.34402	331	0	10
2026.01.14	06:45:00	1.34403	1.34478	1.34385	1.34467	480	0	10
2026.01.14	07:00:00	1.34468	1.34494	1.34441	1.34465	556	0	10
2026.01.14	07:15:00	1.34466	1.34486	1.34448	1.34458	518	0	10
2026.01.14	07:30:00	1.34456	1.34479	1.34440	1.34475	435	0	10
2026.01.14	07:45:00	1.34477	1.34482	1.34368	1.34393	449	0	10
2026.01.14	08:00:00	1.34391	1.34454	1.34379	1.34391	776	0	10
2026.01.14	08:15:00	1.34388	1.34426	1.34365	1.34407	699	0	10
2026.01.14	08:30:00	1.34411	1.34455	1.34387	1.34423	1097	0	10
2026.01.14	08:45:00	1.34419	1.34496	1.34390	1.34492	850	0	10
2026.01.14	09:00:00	1.34492	1.34522	1.34461	1.34509	747	0	10
2026.01.14	09:15:00	1.34510	1.34550	1.34477	1.34511	622	0	10
2026.01.14	09:30:00	1.34508	1.34585	1.34481	1.34503	788	0	10
2026.01.14	09:45:00	1.34503	1.34581	1.34502	1.34561	567	0	10
2026.01.14	10:00:00	1.34560	1.34562	1.34502	1.34533	709	0	10
2026.01.14	10:15:00	1.34533	1.34578	1.34522	1.34572	592	0	10
2026.01.14	10:30:00	1.34572	1.34583	1.34521	1.34526	638	0	10
2026.01.14	10:45:00	1.34528	1.34573	1.34511	1.34534	690	0	10
2026.01.14	11:00:00	1.34532	1.34533	1.34461	1.34471	606	0	10
2026.01.14	11:15:00	1.34470	1.34503	1.34453	1.34468	475	0	10
2026.01.14	11:30:00	1.34468	1.34507	1.34445	1.34469	432	0	10
2026.01.14	11:45:00	1.34469	1.34526	1.34463	1.34489	699	0	10
2026.01.14	12:00:00	1.34491	1.34580	1.34433	1.34466	975	0	10
2026.01.14	12:15:00	1.34467	1.34521	1.34467	1.34488	463	0	10
2026.01.14	12:30:00	1.34488	1.34494	1.34430	1.34454	530	0	10
2026.01.14	12:45:00	1.34454	1.34517	1.34417	1.34516	750	0	10
2026.01.14	13:00:00	1.34516	1.34525	1.34396	1.34405	734	0	10
2026.01.14	13:15:00	1.34406	1.34439	1.34380	1.34434	709	0	10
2026.01.14	13:30:00	1.34439	1.34488	1.34405	1.34481	1026	0	10
2026.01.14	13:45:00	1.34481	1.34510	1.34404	1.34442	794	0	10
2026.01.14	14:00:00	1.34441	1.34567	1.34430	1.34519	1162	0	10
2026.01.14	14:15:00	1.34521	1.34567	1.34501	1.34535	973	0	10
2026.01.14	14:30:00	1.34532	1.34637	1.34501	1.34611	1244	0	10
2026.01.14	14:45:00	1.34612	1.34624	1.34532	1.34559	1058	0	10
2026.01.14	15:00:00	1.34556	1.34612	1.34505	1.34524	3808	0	10
2026.01.14	15:15:00	1.34519	1.34558	1.34490	1.34502	1785	0	10
2026.01.14	15:30:00	1.34502	1.34512	1.34434	1.34483	967	0	10
2026.01.14	15:45:00	1.34484	1.34567	1.34470	1.34556	869	0	10
2026.01.14	16:00:00	1.34555	1.34583	1.34528	1.34545	765	0	10
2026.01.14	16:15:00	1.34545	1.34559	1.34469	1.34497	776	0	10
2026.01.14	16:30:00	1.34497	1.34515	1.34451	1.34472	844	0	10
2026.01.14	16:45:00	1.34472	1.34472	1.34399	1.34434	825	0	10
2026.01.14	17:00:00	1.34432	1.34447	1.34385	1.34410	775	0	10
2026.01.14	17:15:00	1.34407	1.34408	1.34336	1.34358	726	0	10
2026.01.14	17:30:00	1.34361	1.34362	1.34302	1.34325	648	0	10
2026.01.14	17:45:00	1.34326	1.34347	1.34298	1.34313	480	0	10
2026.01.14	18:00:00	1.34312	1.34325	1.34276	1.34283	528	0	10
2026.01.14	18:15:00	1.34283	1.34308	1.34276	1.34295	346	0	10
2026.01.14	18:30:00	1.34296	1.34324	1.34273	1.34284	453	0	10
2026.01.14	18:45:00	1.34284	1.34307	1.34264	1.34268	467	0	10
2026.01.14	19:00:00	1.34266	1.34279	1.34242	1.34266	556	0	10
2026.01.14	19:15:00	1.34269	1.34289	1.34247	1.34252	394	0	10
2026.01.14	19:30:00	1.34252	1.34308	1.34243	1.34297	390	0	10
2026.01.14	19:45:00	1.34297	1.34327	1.34274	1.34306	401	0	10
2026.01.14	20:00:00	1.34307	1.34380	1.34294	1.34363	742	0	10
2026.01.14	20:15:00	1.34364	1.34368	1.34341	1.34353	484	0	10
2026.01.14	20:30:00	1.34355	1.34405	1.34314	1.34317	648	0	10
2026.01.14	20:45:00	1.34316	1.34338	1.34304	1.34323	443	0	10
2026.01.14	21:00:00	1.34324	1.34375	1.34318	1.34351	425	0	10
2026.01.14	21:15:00	1.34351	1.34381	1.34344	1.34352	306	0	10
2026.01.14	21:30:00	1.34354	1.34376	1.34346	1.34374	210	0	10
2026.01.14	21:45:00	1.34375	1.34468	1.34370	1.34416	640	0	10
2026.01.14	22:00:00	1.34418	1.34418	1.34358	1.34379	122	0	68
2026.01.14	22:15:00	1.34378	1.34409	1.34370	1.34402	526	0	79
2026.01.14	22:30:00	1.34400	1.34419	1.34400	1.34412	249	0	77
2026.01.14	22:45:00	1.34415	1.34420	1.34345	1.34345	277	0	42
2026.01.14	23:00:00	1.34391	1.34436	1.34389	1.34403	355	0	10
2026.01.14	23:15:00	1.34402	1.34413	1.34380	1.34389	174	0	10
2026.01.14	23:30:00	1.34389	1.34407	1.34383	1.34406	265	0	10
2026.01.14	23:45:00	1.34406	1.34416	1.34389	1.34396	180	0	10
2026.01.15	00:00:00	1.34396	1.34396	1.34342	1.34353	262	0	10
2026.01.15	00:15:00	1.34353	1.34385	1.34345	1.34347	213	0	10
2026.01.15	00:30:00	1.34347	1.34364	1.34302	1.34337	369	0	10
2026.01.15	00:45:00	1.34337	1.34370	1.34321	1.34370	505	0	10
2026.01.15	01:00:00	1.34368	1.34383	1.34342	1.34346	591	0	10
2026.01.15	01:15:00	1.34343	1.34376	1.34334	1.34353	590	0	10
2026.01.15	01:30:00	1.34352	1.34357	1.34271	1.34343	746	0	10
2026.01.15	01:45:00	1.34342	1.34356	1.34309	1.34349	562	0	10
2026.01.15	02:00:00	1.34348	1.34348	1.34311	1.34341	559	0	10
2026.01.15	02:15:00	1.34342	1.34345	1.34297	1.34298	452	0	10
2026.01.15	02:30:00	1.34299	1.34333	1.34291	1.34313	452	0	10
2026.01.15	02:45:00	1.34313	1.34336	1.34301	1.34326	405	0	10
2026.01.15	03:00:00	1.34329	1.34334	1.34275	1.34276	443	0	10
2026.01.15	03:15:00	1.34276	1.34298	1.34271	1.34293	395	0	10
2026.01.15	03:30:00	1.34294	1.34297	1.34269	1.34296	339	0	10
2026.01.15	03:45:00	1.34296	1.34296	1.34252	1.34270	292	0	10
2026.01.15	04:00:00	1.34273	1.34284	1.34253	1.34255	261	0	10
2026.01.15	04:15:00	1.34255	1.34256	1.34242	1.34249	303	0	10
2026.01.15	04:30:00	1.34246	1.34266	1.34245	1.34256	244	0	10
2026.01.15	04:45:00	1.34257	1.34267	1.34232	1.34237	271	0	10
2026.01.15	05:00:00	1.34234	1.34280	1.34226	1.34272	324	0	10
2026.01.15	05:15:00	1.34272	1.34294	1.34268	1.34288	316	0	10
2026.01.15	05:30:00	1.34290	1.34299	1.34273	1.34296	368	0	10
2026.01.15	05:45:00	1.34295	1.34316	1.34254	1.34267	467	0	10
2026.01.15	06:00:00	1.34267	1.34315	1.34264	1.34278	535	0	10
2026.01.15	06:15:00	1.34278	1.34327	1.34276	1.34313	513	0	10
2026.01.15	06:30:00	1.34313	1.34313	1.34245	1.34249	386	0	10
2026.01.15	06:45:00	1.34246	1.34277	1.34231	1.34274	493	0	10
2026.01.15	07:00:00	1.34276	1.34429	1.34276	1.34347	1009	0	10
2026.01.15	07:15:00	1.34344	1.34354	1.34232	1.34284	766	0	10
2026.01.15	07:30:00	1.34284	1.34364	1.34272	1.34354	650	0	10
2026.01.15	07:45:00	1.34356	1.34356	1.34285	1.34341	686	0	10
2026.01.15	08:00:00	1.34339	1.34355	1.34276	1.34298	826	0	10
2026.01.15	08:15:00	1.34298	1.34380	1.34263	1.34371	674	0	10
2026.01.15	08:30:00	1.34371	1.34436	1.34344	1.34378	763	0	10
2026.01.15	08:45:00	1.34378	1.34423	1.34369	1.34381	643	0	10
2026.01.15	09:00:00	1.34383	1.34432	1.34369	1.34393	675	0	10
2026.01.15	09:15:00	1.34393	1.34433	1.34370	1.34376	845	0	10
2026.01.15	09:30:00	1.34379	1.34450	1.34362	1.34414	665	0	10
2026.01.15	09:45:00	1.34414	1.34446	1.34349	1.34367	620	0	10
2026.01.15	10:00:00	1.34369	1.34385	1.34329	1.34342	635	0	10
2026.01.15	10:15:00	1.34343	1.34343	1.34274	1.34282	602	0	10
2026.01.15	10:30:00	1.34282	1.34320	1.34229	1.34245	622	0	10
2026.01.15	10:45:00	1.34244	1.34246	1.34155	1.34197	592	0	10
2026.01.15	11:00:00	1.34201	1.34274	1.34197	1.34252	536	0	10
2026.01.15	11:15:00	1.34252	1.34261	1.34204	1.34221	541	0	10
2026.01.15	11:30:00	1.34222	1.34252	1.34198	1.34211	492	0	10
2026.01.15	11:45:00	1.34211	1.34216	1.34167	1.34182	589	0	10
2026.01.15	12:00:00	1.34179	1.34204	1.34144	1.34156	640	0	10
2026.01.15	12:15:00	1.34155	1.34171	1.34122	1.34155	484	0	10
2026.01.15	12:30:00	1.34155	1.34168	1.34125	1.34132	336	0	10
2026.01.15	12:45:00	1.34131	1.34131	1.34011	1.34035	712	0	10
2026.01.15	13:00:00	1.34032	1.34035	1.33967	1.33985	752	0	10
2026.01.15	13:15:00	1.33985	1.33993	1.33883	1.33903	937	0	10
2026.01.15	13:30:00	1.33901	1.33901	1.33739	1.33785	1306	0	10
2026.01.15	13:45:00	1.33782	1.33800	1.33683	1.33723	1099	0	10
2026.01.15	14:00:00	1.33726	1.33822	1.33676	1.33786	1034	0	10
2026.01.15	14:15:00	1.33783	1.33867	1.33763	1.33816	972	0	10
2026.01.15	14:30:00	1.33817	1.33835	1.33624	1.33656	1207	0	10
2026.01.15	14:45:00	1.33657	1.33731	1.33634	1.33708	1137	0	10
2026.01.15	15:00:00	1.33707	1.33803	1.33697	1.33757	1135	0	10
2026.01.15	15:15:00	1.33755	1.33789	1.33686	1.33735	967	0	10
2026.01.15	15:30:00	1.33733	1.33813	1.33707	1.33805	918	0	10
2026.01.15	15:45:00	1.33805	1.33880	1.33801	1.33856	995	0	10
2026.01.15	16:00:00	1.33855	1.33865	1.33794	1.33858	835	0	10
2026.01.15	16:15:00	1.33862	1.33922	1.33858	1.33892	734	0	10
2026.01.15	16:30:00	1.33890	1.33936	1.33860	1.33884	767	0	10
2026.01.15	16:45:00	1.33883	1.33907	1.33826	1.33844	726	0	10
2026.01.15	17:00:00	1.33844	1.33888	1.33802	1.33887	731	0	10
2026.01.15	17:15:00	1.33888	1.33907	1.33839	1.33903	623	0	10
2026.01.15	17:30:00	1.33905	1.33925	1.33869	1.33883	569	0	10
2026.01.15	17:45:00	1.33883	1.33935	1.33844	1.33873	555	0	10
2026.01.15	18:00:00	1.33873	1.33936	1.33870	1.33910	575	0	10
2026.01.15	18:15:00	1.33907	1.33916	1.33871	1.33914	528	0	10
2026.01.15	18:30:00	1.33914	1.33931	1.33893	1.33926	487	0	10
2026.01.15	18:45:00	1.33926	1.33932	1.33880	1.33912	427	0	10
2026.01.15	19:00:00	1.33911	1.33911	1.33832	1.33883	624	0	10
2026.01.15	19:15:00	1.33883	1.33915	1.33880	1.33887	494	0	10
2026.01.15	19:30:00	1.33886	1.33893	1.33854	1.33869	566	0	10
2026.01.15	19:45:00	1.33866	1.33874	1.33836	1.33853	536	0	10
2026.01.15	20:00:00	1.33856	1.33858	1.33815	1.33817	407	0	10
2026.01.15	20:15:00	1.33818	1.33821	1.33757	1.33772	506	0	10
2026.01.15	20:30:00	1.33772	1.33777	1.33739	1.33758	467	0	10
2026.01.15	20:45:00	1.33758	1.33779	1.33748	1.33753	462	0	10
2026.01.15	21:00:00	1.33751	1.33788	1.33747	1.33771	295	0	10
2026.01.15	21:15:00	1.33769	1.33797	1.33769	1.33790	240	0	10
2026.01.15	21:30:00	1.33793	1.33824	1.33771	1.33791	256	0	10
2026.01.15	21:45:00	1.33787	1.33841	1.33785	1.33809	370	0	4
2026.01.15	22:00:00	1.33811	1.33811	1.33763	1.33769	74	0	26
2026.01.15	22:15:00	1.33773	1.33799	1.33766	1.33796	142	0	35
2026.01.15	22:30:00	1.33795	1.33803	1.33789	1.33791	192	0	18
2026.01.15	22:45:00	1.33791	1.33801	1.33781	1.33789	152	0	15
2026.01.15	23:00:00	1.33799	1.33812	1.33784	1.33790	815	0	10
2026.01.15	23:15:00	1.33787	1.33805	1.33786	1.33792	433	0	10
2026.01.15	23:30:00	1.33792	1.33806	1.33777	1.33802	165	0	10
2026.01.15	23:45:00	1.33801	1.33824	1.33800	1.33807	134	0	10
2026.01.16	00:00:00	1.33806	1.33822	1.33801	1.33815	276	0	10
2026.01.16	00:15:00	1.33816	1.33817	1.33793	1.33801	177	0	10
2026.01.16	00:30:00	1.33801	1.33808	1.33782	1.33786	271	0	10
2026.01.16	00:45:00	1.33783	1.33786	1.33702	1.33762	563	0	10
2026.01.16	01:00:00	1.33761	1.33797	1.33746	1.33795	483	0	10
2026.01.16	01:15:00	1.33795	1.33816	1.33780	1.33807	437	0	10
2026.01.16	01:30:00	1.33805	1.33837	1.33801	1.33804	387	0	10
2026.01.16	01:45:00	1.33804	1.33817	1.33783	1.33793	445	0	10
2026.01.16	02:00:00	1.33790	1.33836	1.33781	1.33815	419	0	10
2026.01.16	02:15:00	1.33815	1.33860	1.33808	1.33844	450	0	10
2026.01.16	02:30:00	1.33843	1.33880	1.33825	1.33869	633	0	10
2026.01.16	02:45:00	1.33870	1.33875	1.33826	1.33838	452	0	10
2026.01.16	03:00:00	1.33837	1.33862	1.33822	1.33846	327	0	10
2026.01.16	03:15:00	1.33846	1.33853	1.33822	1.33843	329	0	10
2026.01.16	03:30:00	1.33843	1.33874	1.33835	1.33872	299	0	10
2026.01.16	03:45:00	1.33872	1.33904	1.33851	1.33903	296	0	10
2026.01.16	04:00:00	1.33901	1.33908	1.33876	1.33883	241	0	10
2026.01.16	04:15:00	1.33884	1.33902	1.33883	1.33897	184	0	10
2026.01.16	04:30:00	1.33897	1.33908	1.33890	1.33892	191	0	10
2026.01.16	04:45:00	1.33892	1.33903	1.33881	1.33885	217	0	10
2026.01.16	05:00:00	1.33885	1.33893	1.33841	1.33854	203	0	10
2026.01.16	05:15:00	1.33854	1.33886	1.33851	1.33868	269	0	10
2026.01.16	05:30:00	1.33869	1.33878	1.33854	1.33858	235	0	10
2026.01.16	05:45:00	1.33857	1.33863	1.33810	1.33826	347	0	10
2026.01.16	06:00:00	1.33825	1.33836	1.33810	1.33821	274	0	10
2026.01.16	06:15:00	1.33821	1.33829	1.33791	1.33815	279	0	10
2026.01.16	06:30:00	1.33815	1.33819	1.33779	1.33783	346	0	10
2026.01.16	06:45:00	1.33782	1.33806	1.33764	1.33802	369	0	10
2026.01.16	07:00:00	1.33799	1.33851	1.33770	1.33845	482	0	10
2026.01.16	07:15:00	1.33845	1.33857	1.33818	1.33853	476	0	10
2026.01.16	07:30:00	1.33853	1.33899	1.33812	1.33897	667	0	10
2026.01.16	07:45:00	1.33900	1.33917	1.33877	1.33902	671	0	10
2026.01.16	08:00:00	1.33903	1.33956	1.33895	1.33925	693	0	10
2026.01.16	08:15:00	1.33925	1.33964	1.33892	1.33903	515	0	10
2026.01.16	08:30:00	1.33903	1.33957	1.33890	1.33922	541	0	10
2026.01.16	08:45:00	1.33922	1.33978	1.33915	1.33927	535	0	10
2026.01.16	09:00:00	1.33927	1.33968	1.33902	1.33956	630	0	10
2026.01.16	09:15:00	1.33957	1.34003	1.33938	1.33977	441	0	10
2026.01.16	09:30:00	1.33977	1.34047	1.33975	1.34037	461	0	10
2026.01.16	09:45:00	1.34037	1.34048	1.33961	1.33965	517	0	10
2026.01.16	10:00:00	1.33965	1.34028	1.33965	1.34016	553	0	10
2026.01.16	10:15:00	1.34016	1.34072	1.33992	1.34068	583	0	10
2026.01.16	10:30:00	1.34070	1.34126	1.34037	1.34101	625	0	10
2026.01.16	10:45:00	1.34100	1.34111	1.34047	1.34052	462	0	10
2026.01.16	11:00:00	1.34054	1.34093	1.34046	1.34081	456	0	10
2026.01.16	11:15:00	1.34082	1.34107	1.34048	1.34053	503	0	10
2026.01.16	11:30:00	1.34053	1.34101	1.34041	1.34094	518	0	10
2026.01.16	11:45:00	1.34094	1.34117	1.34060	1.34071	457	0	10
2026.01.16	12:00:00	1.34068	1.34097	1.34010	1.34030	713	0	10
2026.01.16	12:15:00	1.34030	1.34074	1.34017	1.34033	665	0	10
2026.01.16	12:30:00	1.34033	1.34045	1.33992	1.34034	620	0	10
2026.01.16	12:45:00	1.34033	1.34056	1.33923	1.33996	800	0	10
2026.01.16	13:00:00	1.33998	1.34039	1.33930	1.33934	881	0	10
2026.01.16	13:15:00	1.33934	1.34027	1.33880	1.34027	862	0	10
2026.01.16	13:30:00	1.34029	1.34051	1.33977	1.34041	858	0	10
2026.01.16	13:45:00	1.34042	1.34076	1.34006	1.34030	695	0	10
2026.01.16	14:00:00	1.34030	1.34047	1.33988	1.34037	648	0	10
2026.01.16	14:15:00	1.34034	1.34046	1.33967	1.33991	703	0	10
2026.01.16	14:30:00	1.33993	1.34005	1.33946	1.33960	941	0	10
2026.01.16	14:45:00	1.33962	1.34033	1.33958	1.33977	906	0	10
2026.01.16	15:00:00	1.33974	1.34037	1.33972	1.34014	927	0	10
2026.01.16	15:15:00	1.34013	1.34029	1.33781	1.33818	2751	0	10
2026.01.16	15:30:00	1.33817	1.33825	1.33657	1.33709	1813	0	10
2026.01.16	15:45:00	1.33711	1.33822	1.33709	1.33777	1522	0	10
2026.01.16	16:00:00	1.33779	1.33898	1.33778	1.33882	1081	0	10
2026.01.16	16:15:00	1.33884	1.33884	1.33797	1.33846	999	0	10
2026.01.16	16:30:00	1.33844	1.33886	1.33804	1.33858	888	0	10
2026.01.16	16:45:00	1.33857	1.33887	1.33771	1.33815	885	0	10
2026.01.16	17:00:00	1.33816	1.33850	1.33798	1.33835	659	0	10
2026.01.16	17:15:00	1.33835	1.33845	1.33798	1.33820	679	0	10
2026.01.16	17:30:00	1.33822	1.33863	1.33780	1.33796	585	0	10
2026.01.16	17:45:00	1.33795	1.33824	1.33759	1.33781	589	0	10
2026.01.16	18:00:00	1.33782	1.33797	1.33732	1.33754	577	0	10
2026.01.16	18:15:00	1.33755	1.33816	1.33743	1.33807	466	0	10
2026.01.16	18:30:00	1.33805	1.33845	1.33794	1.33843	366	0	10
2026.01.16	18:45:00	1.33842	1.33869	1.33792	1.33792	617	0	10
2026.01.16	19:00:00	1.33791	1.33845	1.33765	1.33767	604	0	10
2026.01.16	19:15:00	1.33767	1.33807	1.33754	1.33796	401	0	10
2026.01.16	19:30:00	1.33796	1.33835	1.33774	1.33823	410	0	10
2026.01.16	19:45:00	1.33826	1.33840	1.33801	1.33816	464	0	10
2026.01.16	20:00:00	1.33816	1.33858	1.33808	1.33855	371	0	10
2026.01.16	20:15:00	1.33855	1.33855	1.33816	1.33826	382	0	10
2026.01.16	20:30:00	1.33825	1.33829	1.33784	1.33804	396	0	10
2026.01.16	20:45:00	1.33803	1.33841	1.33793	1.33805	378	0	10
2026.01.16	21:00:00	1.33802	1.33825	1.33792	1.33803	366	0	10
2026.01.16	21:15:00	1.33803	1.33819	1.33775	1.33782	223	0	10
2026.01.16	21:30:00	1.33783	1.33797	1.33743	1.33754	246	0	10
2026.01.16	21:45:00	1.33754	1.33794	1.33742	1.33782	1076	0	10
2026.01.18	22:00:00	1.33418	1.33454	1.33321	1.33349	127	0	168
2026.01.18	22:15:00	1.33352	1.33457	1.33352	1.33445	244	0	110
2026.01.18	22:30:00	1.33446	1.33511	1.33446	1.33502	189	0	94
2026.01.18	22:45:00	1.33503	1.33539	1.33501	1.33529	129	0	52
2026.01.18	23:00:00	1.33563	1.33827	1.33518	1.33750	648	0	10
2026.01.18	23:15:00	1.33750	1.33867	1.33730	1.33839	858	0	10
2026.01.18	23:30:00	1.33839	1.34062	1.33824	1.34003	1086	0	10
2026.01.18	23:45:00	1.34003	1.34036	1.33949	1.34016	841	0	10
2026.01.19	00:00:00	1.34015	1.34035	1.33848	1.33880	1092	0	10
2026.01.19	00:15:00	1.33879	1.33984	1.33821	1.33966	1095	0	10
2026.01.19	00:30:00	1.33966	1.34086	1.33950	1.34079	974	0	10
2026.01.19	00:45:00	1.34077	1.34086	1.34002	1.34004	926	0	10
2026.01.19	01:00:00	1.34002	1.34017	1.33944	1.33959	1023	0	10
2026.01.19	01:15:00	1.33961	1.34026	1.33939	1.33952	867	0	10
2026.01.19	01:30:00	1.33951	1.33973	1.33928	1.33949	690	0	10
2026.01.19	01:45:00	1.33949	1.33971	1.33905	1.33915	652	0	10
2026.01.19	02:00:00	1.33914	1.33930	1.33881	1.33912	805	0	10
2026.01.19	02:15:00	1.33909	1.33913	1.33810	1.33861	615	0	10
2026.01.19	02:30:00	1.33859	1.33887	1.33835	1.33851	673	0	10
2026.01.19	02:45:00	1.33850	1.33866	1.33828	1.33862	527	0	10
2026.01.19	03:00:00	1.33860	1.33890	1.33858	1.33870	483	0	10
2026.01.19	03:15:00	1.33868	1.33897	1.33850	1.33888	604	0	10
2026.01.19	03:30:00	1.33890	1.33907	1.33858	1.33871	599	0	10
2026.01.19	03:45:00	1.33871	1.33914	1.33868	1.33878	463	0	10
2026.01.19	04:00:00	1.33879	1.33917	1.33879	1.33883	472	0	10
2026.01.19	04:15:00	1.33884	1.33930	1.33879	1.33912	436	0	10
2026.01.19	04:30:00	1.33912	1.33929	1.33898	1.33927	351	0	10
2026.01.19	04:45:00	1.33928	1.33961	1.33921	1.33944	535	0	10
2026.01.19	05:00:00	1.33944	1.33984	1.33939	1.33982	483	0	10
2026.01.19	05:15:00	1.33980	1.34054	1.33966	1.34036	525	0	10
2026.01.19	05:30:00	1.34035	1.34043	1.33969	1.33972	504	0	10
2026.01.19	05:45:00	1.33974	1.33982	1.33926	1.33948	572	0	10
2026.01.19	06:00:00	1.33947	1.33977	1.33940	1.33963	442	0	10
2026.01.19	06:15:00	1.33963	1.34002	1.33950	1.33994	407	0	10
2026.01.19	06:30:00	1.33994	1.33994	1.33951	1.33954	434	0	10
2026.01.19	06:45:00	1.33954	1.34008	1.33938	1.33983	459	0	10
2026.01.19	07:00:00	1.33981	1.34094	1.33961	1.34094	1010	0	10
2026.01.19	07:15:00	1.34094	1.34099	1.33993	1.34021	777	0	10
2026.01.19	07:30:00	1.34021	1.34025	1.33849	1.33864	935	0	10
2026.01.19	07:45:00	1.33865	1.33894	1.33839	1.33882	707	0	10
2026.01.19	08:00:00	1.33885	1.33945	1.33865	1.33910	901	0	10
2026.01.19	08:15:00	1.33910	1.33983	1.33900	1.33903	756	0	10
2026.01.19	08:30:00	1.33901	1.34004	1.33895	1.33982	664	0	10
2026.01.19	08:45:00	1.33982	1.34092	1.33972	1.34086	725	0	10
2026.01.19	09:00:00	1.34087	1.34152	1.34028	1.34032	982	0	10
2026.01.19	09:15:00	1.34032	1.34036	1.33901	1.33943	763	0	10
2026.01.19	09:30:00	1.33941	1.34041	1.33917	1.34036	782	0	10
2026.01.19	09:45:00	1.34039	1.34069	1.34018	1.34051	723	0	10
2026.01.19	10:00:00	1.34055	1.34114	1.34050	1.34099	608	0	10
2026.01.19	10:15:00	1.34099	1.34103	1.34046	1.34056	512	0	10
2026.01.19	10:30:00	1.34056	1.34098	1.34049	1.34080	486	0	10
2026.01.19	10:45:00	1.34080	1.34128	1.34067	1.34096	629	0	10
2026.01.19	11:00:00	1.34094	1.34103	1.34034	1.34055	598	0	10
2026.01.19	11:15:00	1.34055	1.34062	1.34028	1.34032	517	0	10
2026.01.19	11:30:00	1.34032	1.34054	1.34014	1.34044	407	0	10
2026.01.19	11:45:00	1.34044	1.34094	1.34038	1.34080	483	0	10
2026.01.19	12:00:00	1.34082	1.34096	1.34041	1.34092	485	0	10
2026.01.19	12:15:00	1.34093	1.34138	1.34086	1.34100	570	0	10
2026.01.19	12:30:00	1.34100	1.34144	1.34070	1.34130	552	0	10
2026.01.19	12:45:00	1.34130	1.34134	1.34047	1.34052	559	0	10
2026.01.19	13:00:00	1.34052	1.34139	1.34051	1.34121	550	0	10
2026.01.19	13:15:00	1.34124	1.34155	1.34104	1.34131	480	0	10
2026.01.19	13:30:00	1.34131	1.34163	1.34117	1.34139	687	0	10
2026.01.19	13:45:00	1.34139	1.34164	1.34116	1.34134	509	0	10
2026.01.19	14:00:00	1.34132	1.34150	1.34115	1.34123	511	0	10
2026.01.19	14:15:00	1.34123	1.34161	1.34099	1.34156	462	0	10
2026.01.19	14:30:00	1.34155	1.34184	1.34128	1.34169	563	0	10
2026.01.19	14:45:00	1.34168	1.34240	1.34161	1.34199	668	0	10
2026.01.19	15:00:00	1.34196	1.34245	1.34180	1.34208	720	0	10
2026.01.19	15:15:00	1.34208	1.34251	1.34200	1.34251	519	0	10
2026.01.19	15:30:00	1.34251	1.34255	1.34217	1.34233	533	0	10
2026.01.19	15:45:00	1.34231	1.34283	1.34201	1.34213	910	0	10
2026.01.19	16:00:00	1.34214	1.34281	1.34200	1.34270	570	0	10
2026.01.19	16:15:00	1.34270	1.34304	1.34241	1.34300	464	0	10
2026.01.19	16:30:00	1.34300	1.34349	1.34275	1.34302	450	0	10
2026.01.19	16:45:00	1.34302	1.34324	1.34263	1.34277	449	0	10
2026.01.19	17:00:00	1.34277	1.34292	1.34258	1.34284	300	0	10
2026.01.19	17:15:00	1.34288	1.34291	1.34267	1.34280	326	0	10
2026.01.19	17:30:00	1.34281	1.34326	1.34281	1.34324	234	0	10
2026.01.19	17:45:00	1.34326	1.34334	1.34263	1.34310	393	0	10
2026.01.19	18:00:00	1.34309	1.34323	1.34303	1.34312	290	0	10
2026.01.19	18:15:00	1.34312	1.34335	1.34310	1.34324	221	0	10
2026.01.19	18:30:00	1.34324	1.34326	1.34293	1.34294	149	0	10
2026.01.19	18:45:00	1.34294	1.34295	1.34259	1.34259	184	0	10
2026.01.19	19:00:00	1.34259	1.34293	1.34259	1.34292	195	0	10
2026.01.19	19:15:00	1.34292	1.34292	1.34269	1.34274	106	0	10
2026.01.19	19:30:00	1.34274	1.34274	1.34251	1.34256	80	0	10
2026.01.19	19:45:00	1.34256	1.34264	1.34249	1.34253	112	0	10
2026.01.19	20:00:00	1.34253	1.34268	1.34243	1.34254	146	0	10
2026.01.19	20:15:00	1.34254	1.34262	1.34242	1.34262	104	0	10
2026.01.19	20:30:00	1.34264	1.34275	1.34258	1.34274	70	0	10
2026.01.19	20:45:00	1.34274	1.34283	1.34263	1.34277	112	0	10
2026.01.19	21:00:00	1.34277	1.34284	1.34255	1.34261	125	0	10
2026.01.19	21:15:00	1.34260	1.34267	1.34232	1.34233	85	0	10
2026.01.19	21:30:00	1.34234	1.34267	1.34220	1.34264	187	0	10
2026.01.19	21:45:00	1.34264	1.34277	1.34243	1.34249	157	0	2
2026.01.19	22:00:00	1.34246	1.34250	1.34235	1.34242	74	0	13
2026.01.19	22:15:00	1.34238	1.34243	1.34231	1.34235	56	0	26
2026.01.19	22:30:00	1.34237	1.34261	1.34237	1.34253	182	0	20
2026.01.19	22:45:00	1.34255	1.34260	1.34228	1.34244	202	0	20
2026.01.19	23:00:00	1.34262	1.34278	1.34198	1.34209	201	0	10
2026.01.19	23:15:00	1.34209	1.34209	1.34183	1.34184	164	0	10
2026.01.19	23:30:00	1.34183	1.34209	1.34172	1.34177	199	0	10
2026.01.19	23:45:00	1.34176	1.34192	1.34162	1.34187	147	0	10
2026.01.20	00:00:00	1.34191	1.34199	1.34145	1.34157	308	0	10
2026.01.20	00:15:00	1.34157	1.34157	1.34133	1.34136	246	0	10
2026.01.20	00:30:00	1.34136	1.34136	1.34095	1.34119	351	0	10
2026.01.20	00:45:00	1.34118	1.34198	1.34118	1.34178	487	0	10
2026.01.20	01:00:00	1.34177	1.34218	1.34175	1.34193	691	0	10
2026.01.20	01:15:00	1.34190	1.34196	1.34158	1.34181	515	0	10
2026.01.20	01:30:00	1.34180	1.34187	1.34155	1.34177	425	0	10
2026.01.20	01:45:00	1.34177	1.34235	1.34163	1.34231	404	0	10
2026.01.20	02:00:00	1.34231	1.34246	1.34202	1.34209	324	0	10
2026.01.20	02:15:00	1.34208	1.34243	1.34193	1.34239	337	0	10
2026.01.20	02:30:00	1.34238	1.34277	1.34230	1.34276	306	0	10
2026.01.20	02:45:00	1.34276	1.34279	1.34233	1.34235	286	0	10
2026.01.20	03:00:00	1.34233	1.34265	1.34226	1.34258	329	0	10
2026.01.20	03:15:00	1.34256	1.34363	1.34255	1.34363	429	0	10
2026.01.20	03:30:00	1.34362	1.34395	1.34337	1.34351	455	0	10
2026.01.20	03:45:00	1.34352	1.34372	1.34328	1.34345	313	0	10
2026.01.20	04:00:00	1.34347	1.34378	1.34345	1.34375	319	0	10
2026.01.20	04:15:00	1.34372	1.34425	1.34363	1.34404	309	0	10
2026.01.20	04:30:00	1.34404	1.34429	1.34375	1.34385	393	0	10
2026.01.20	04:45:00	1.34385	1.34416	1.34362	1.34404	463	0	10
2026.01.20	05:00:00	1.34404	1.34494	1.34400	1.34483	453	0	10
2026.01.20	05:15:00	1.34483	1.34483	1.34439	1.34441	428	0	10
2026.01.20	05:30:00	1.34441	1.34461	1.34429	1.34433	380	0	10
2026.01.20	05:45:00	1.34435	1.34445	1.34404	1.34412	411	0	10
2026.01.20	06:00:00	1.34413	1.34435	1.34391	1.34417	395	0	10
2026.01.20	06:15:00	1.34418	1.34425	1.34332	1.34346	614	0	10
2026.01.20	06:30:00	1.34343	1.34375	1.34322	1.34339	578	0	10
2026.01.20	06:45:00	1.34339	1.34363	1.34311	1.34348	532	0	10
2026.01.20	07:00:00	1.34345	1.34348	1.34254	1.34331	961	0	10
2026.01.20	07:15:00	1.34330	1.34493	1.34323	1.34458	994	0	10
2026.01.20	07:30:00	1.34458	1.34821	1.34453	1.34763	1570	0	10
2026.01.20	07:45:00	1.34759	1.34797	1.34701	1.34745	1354	0	10
2026.01.20	08:00:00	1.34747	1.34911	1.34741	1.34900	1570	0	10
2026.01.20	08:15:00	1.34902	1.34902	1.34740	1.34783	1359	0	10
2026.01.20	08:30:00	1.34784	1.34901	1.34777	1.34792	1665	0	10
2026.01.20	08:45:00	1.34795	1.34891	1.34772	1.34780	1462	0	10
2026.01.20	09:00:00	1.34780	1.34887	1.34740	1.34745	1527	0	10
2026.01.20	09:15:00	1.34745	1.34810	1.34712	1.34809	1263	0	10
2026.01.20	09:30:00	1.34810	1.34854	1.34740	1.34751	1108	0	10
2026.01.20	09:45:00	1.34754	1.34755	1.34697	1.34745	931	0	10
2026.01.20	10:00:00	1.34745	1.34778	1.34668	1.34686	1243	0	10
2026.01.20	10:15:00	1.34688	1.34770	1.34640	1.34768	1186	0	10
2026.01.20	10:30:00	1.34768	1.34849	1.34751	1.34808	835	0	10
2026.01.20	10:45:00	1.34809	1.34843	1.34754	1.34794	868	0	10
2026.01.20	11:00:00	1.34797	1.34825	1.34628	1.34644	1022	0	10
2026.01.20	11:15:00	1.34642	1.34673	1.34607	1.34609	917	0	10
2026.01.20	11:30:00	1.34609	1.34674	1.34587	1.34660	821	0	10
2026.01.20	11:45:00	1.34661	1.34703	1.34611	1.34628	875	0	10
2026.01.20	12:00:00	1.34629	1.34635	1.34547	1.34614	842	0	10
2026.01.20	12:15:00	1.34613	1.34661	1.34560	1.34580	1068	0	10
2026.01.20	12:30:00	1.34581	1.34588	1.34445	1.34502	1142	0	10
2026.01.20	12:45:00	1.34499	1.34508	1.34390	1.34453	871	0	10
2026.01.20	13:00:00	1.34456	1.34491	1.34406	1.34441	1006	0	10
2026.01.20	13:15:00	1.34445	1.34544	1.34417	1.34458	1304	0	10
2026.01.20	13:30:00	1.34454	1.34791	1.34417	1.34479	3704	0	10
2026.01.20	13:45:00	1.34478	1.34569	1.34473	1.34519	1881	0	10
2026.01.20	14:00:00	1.34519	1.34550	1.34398	1.34480	1912	0	10
2026.01.20	14:15:00	1.34481	1.34513	1.34447	1.34477	1296	0	10
2026.01.20	14:30:00	1.34479	1.34590	1.34437	1.34563	1668	0	10
2026.01.20	14:45:00	1.34562	1.34625	1.34526	1.34579	1478	0	10
2026.01.20	15:00:00	1.34574	1.34682	1.34518	1.34606	1499	0	10
2026.01.20	15:15:00	1.34606	1.34660	1.34574	1.34612	1261	0	10
2026.01.20	15:30:00	1.34609	1.34745	1.34604	1.34724	1147	0	10
2026.01.20	15:45:00	1.34723	1.34767	1.34565	1.34565	1310	0	10
2026.01.20	16:00:00	1.34564	1.34639	1.34555	1.34596	1050	0	10
2026.01.20	16:15:00	1.34598	1.34670	1.34564	1.34637	1113	0	10
2026.01.20	16:30:00	1.34637	1.34652	1.34527	1.34595	976	0	10
2026.01.20	16:45:00	1.34598	1.34700	1.34541	1.34685	984	0	10
2026.01.20	17:00:00	1.34685	1.34753	1.34665	1.34719	1062	0	10
2026.01.20	17:15:00	1.34715	1.34721	1.34569	1.34601	972	0	10
2026.01.20	17:30:00	1.34599	1.34650	1.34560	1.34606	820	0	10
2026.01.20	17:45:00	1.34607	1.34616	1.34556	1.34561	748	0	10
2026.01.20	18:00:00	1.34558	1.34574	1.34533	1.34539	620	0	10
2026.01.20	18:15:00	1.34541	1.34561	1.34529	1.34539	569	0	10
2026.01.20	18:30:00	1.34539	1.34553	1.34467	1.34474	483	0	10
2026.01.20	18:45:00	1.34475	1.34491	1.34418	1.34429	582	0	10
2026.01.20	19:00:00	1.34430	1.34451	1.34351	1.34369	746	0	10
2026.01.20	19:15:00	1.34369	1.34401	1.34348	1.34378	537	0	10
2026.01.20	19:30:00	1.34377	1.34389	1.34310	1.34322	644	0	10
2026.01.20	19:45:00	1.34322	1.34343	1.34264	1.34273	631	0	10
2026.01.20	20:00:00	1.34271	1.34338	1.34249	1.34270	625	0	10
2026.01.20	20:15:00	1.34271	1.34336	1.34257	1.34328	761	0	10
2026.01.20	20:30:00	1.34332	1.34352	1.34305	1.34351	704	0	10
2026.01.20	20:45:00	1.34351	1.34353	1.34303	1.34333	511	0	10
2026.01.20	21:00:00	1.34330	1.34362	1.34316	1.34354	424	0	10
2026.01.20	21:15:00	1.34357	1.34376	1.34349	1.34372	487	0	10
2026.01.20	21:30:00	1.34369	1.34385	1.34358	1.34377	602	0	10
2026.01.20	21:45:00	1.34377	1.34434	1.34373	1.34411	709	0	4
2026.01.20	22:00:00	1.34415	1.34415	1.34381	1.34383	136	0	22
2026.01.20	22:15:00	1.34382	1.34382	1.34331	1.34355	312	0	66
2026.01.20	22:30:00	1.34357	1.34385	1.34357	1.34375	285	0	66
2026.01.20	22:45:00	1.34376	1.34399	1.34371	1.34390	294	0	82
2026.01.20	23:00:00	1.34403	1.34434	1.34384	1.34399	324	0	10
2026.01.20	23:15:00	1.34398	1.34416	1.34393	1.34399	199	0	10
2026.01.20	23:30:00	1.34399	1.34406	1.34388	1.34399	150	0	10
2026.01.20	23:45:00	1.34399	1.34423	1.34392	1.34398	247	0	10
2026.01.21	00:00:00	1.34398	1.34398	1.34340	1.34363	370	0	10
2026.01.21	00:15:00	1.34367	1.34368	1.34331	1.34353	292	0	10
2026.01.21	00:30:00	1.34353	1.34381	1.34339	1.34343	261	0	10
2026.01.21	00:45:00	1.34343	1.34422	1.34326	1.34419	478	0	10
2026.01.21	01:00:00	1.34418	1.34443	1.34393	1.34430	623	0	10
2026.01.21	01:15:00	1.34425	1.34523	1.34398	1.34522	643	0	10
2026.01.21	01:30:00	1.34522	1.34563	1.34503	1.34540	613	0	10
2026.01.21	01:45:00	1.34541	1.34552	1.34493	1.34522	616	0	10
2026.01.21	02:00:00	1.34523	1.34544	1.34493	1.34502	489	0	10
2026.01.21	02:15:00	1.34505	1.34508	1.34460	1.34461	401	0	10
2026.01.21	02:30:00	1.34460	1.34495	1.34443	1.34462	433	0	10
2026.01.21	02:45:00	1.34462	1.34466	1.34431	1.34434	382	0	10
2026.01.21	03:00:00	1.34434	1.34460	1.34398	1.34409	436	0	10
2026.01.21	03:15:00	1.34411	1.34414	1.34330	1.34341	775	0	10
2026.01.21	03:30:00	1.34342	1.34371	1.34327	1.34358	520	0	10
2026.01.21	03:45:00	1.34355	1.34400	1.34348	1.34398	398	0	10
2026.01.21	04:00:00	1.34398	1.34398	1.34328	1.34352	422	0	10
2026.01.21	04:15:00	1.34351	1.34366	1.34338	1.34342	341	0	10
2026.01.21	04:30:00	1.34340	1.34366	1.34324	1.34362	297	0	10
2026.01.21	04:45:00	1.34363	1.34392	1.34352	1.34373	421	0	10
2026.01.21	05:00:00	1.34373	1.34401	1.34360	1.34391	389	0	10
2026.01.21	05:15:00	1.34391	1.34392	1.34357	1.34360	420	0	10
2026.01.21	05:30:00	1.34360	1.34385	1.34355	1.34370	326	0	10
2026.01.21	05:45:00	1.34370	1.34383	1.34347	1.34369	365	0	10
2026.01.21	06:00:00	1.34369	1.34375	1.34349	1.34370	396	0	10
2026.01.21	06:15:00	1.34371	1.34385	1.34365	1.34385	365	0	10
2026.01.21	06:30:00	1.34387	1.34423	1.34379	1.34402	427	0	10
2026.01.21	06:45:00	1.34403	1.34412	1.34353	1.34363	469	0	10
2026.01.21	07:00:00	1.34361	1.34405	1.34287	1.34350	998	0	10
2026.01.21	07:15:00	1.34350	1.34487	1.34348	1.34454	867	0	10
2026.01.21	07:30:00	1.34456	1.34461	1.34329	1.34388	866	0	10
2026.01.21	07:45:00	1.34388	1.34449	1.34367	1.34426	752	0	10
2026.01.21	08:00:00	1.34422	1.34439	1.34325	1.34418	972	0	10
2026.01.21	08:15:00	1.34418	1.34474	1.34389	1.34420	963	0	10
2026.01.21	08:30:00	1.34417	1.34431	1.34370	1.34414	762	0	10
2026.01.21	08:45:00	1.34412	1.34443	1.34377	1.34383	587	0	10
2026.01.21	09:00:00	1.34381	1.34384	1.34319	1.34320	699	0	10
2026.01.21	09:15:00	1.34320	1.34357	1.34294	1.34297	656	0	10
2026.01.21	09:30:00	1.34295	1.34295	1.34138	1.34152	813	0	10
2026.01.21	09:45:00	1.34148	1.34153	1.34080	1.34100	726	0	10
2026.01.21	10:00:00	1.34098	1.34146	1.34065	1.34096	827	0	10
2026.01.21	10:15:00	1.34094	1.34130	1.34058	1.34073	711	0	10
2026.01.21	10:30:00	1.34070	1.34105	1.34028	1.34095	689	0	10
2026.01.21	10:45:00	1.34093	1.34100	1.34028	1.34071	652	0	10
2026.01.21	11:00:00	1.34068	1.34079	1.34023	1.34032	712	0	10
2026.01.21	11:15:00	1.34032	1.34146	1.34008	1.34124	772	0	10
2026.01.21	11:30:00	1.34126	1.34162	1.34109	1.34145	682	0	10
2026.01.21	11:45:00	1.34143	1.34213	1.34067	1.34092	925	0	10
2026.01.21	12:00:00	1.34096	1.34188	1.34009	1.34169	1025	0	10
2026.01.21	12:15:00	1.34170	1.34190	1.34118	1.34166	872	0	10
2026.01.21	12:30:00	1.34165	1.34246	1.34157	1.34238	818	0	10
2026.01.21	12:45:00	1.34239	1.34261	1.34157	1.34247	939	0	10
2026.01.21	13:00:00	1.34249	1.34271	1.34195	1.34208	909	0	10
2026.01.21	13:15:00	1.34208	1.34211	1.34117	1.34182	734	0	10
2026.01.21	13:30:00	1.34185	1.34292	1.34173	1.34278	801	0	10
2026.01.21	13:45:00	1.34279	1.34439	1.34256	1.34413	1246	0	10
2026.01.21	14:00:00	1.34416	1.34430	1.34248	1.34361	2947	0	10
2026.01.21	14:15:00	1.34360	1.34375	1.34221	1.34344	1854	0	10
2026.01.21	14:30:00	1.34341	1.34557	1.34341	1.34507	1530	0	10
2026.01.21	14:45:00	1.34507	1.34559	1.34466	1.34505	1257	0	10
2026.01.21	15:00:00	1.34503	1.34589	1.34487	1.34507	1352	0	10
2026.01.21	15:15:00	1.34508	1.34529	1.34285	1.34341	1326	0	10
2026.01.21	15:30:00	1.34340	1.34449	1.34329	1.34433	1180	0	10
2026.01.21	15:45:00	1.34430	1.34442	1.34242	1.34270	1127	0	10
2026.01.21	16:00:00	1.34270	1.34402	1.34259	1.34390	1100	0	10
2026.01.21	16:15:00	1.34392	1.34401	1.34248	1.34341	1141	0	10
2026.01.21	16:30:00	1.34339	1.34385	1.34282	1.34304	1114	0	10
2026.01.21	16:45:00	1.34303	1.34350	1.34233	1.34274	1627	0	10
2026.01.21	17:00:00	1.34278	1.34303	1.34243	1.34281	1134	0	10
2026.01.21	17:15:00	1.34284	1.34377	1.34272	1.34345	924	0	10
2026.01.21	17:30:00	1.34345	1.34345	1.34193	1.34209	961	0	10
2026.01.21	17:45:00	1.34209	1.34290	1.34159	1.34271	907	0	10
2026.01.21	18:00:00	1.34272	1.34272	1.34181	1.34214	780	0	10
2026.01.21	18:15:00	1.34214	1.34263	1.34186	1.34258	683	0	10
2026.01.21	18:30:00	1.34259	1.34275	1.34184	1.34228	659	0	10
2026.01.21	18:45:00	1.34230	1.34263	1.34203	1.34210	533	0	10
2026.01.21	19:00:00	1.34212	1.34224	1.34171	1.34187	604	0	10
2026.01.21	19:15:00	1.34183	1.34303	1.34120	1.34165	1713	0	10
2026.01.21	19:30:00	1.34164	1.34202	1.34091	1.34120	1755	0	10
2026.01.21	19:45:00	1.34119	1.34259	1.34095	1.34246	963	0	10
2026.01.21	20:00:00	1.34249	1.34252	1.34160	1.34170	761	0	10
2026.01.21	20:15:00	1.34171	1.34209	1.34120	1.34163	784	0	10
2026.01.21	20:30:00	1.34161	1.34205	1.34151	1.34192	634	0	10
2026.01.21	20:45:00	1.34192	1.34259	1.34181	1.34244	609	0	10
2026.01.21	21:00:00	1.34246	1.34267	1.34226	1.34252	326	0	10
2026.01.21	21:15:00	1.34252	1.34269	1.34239	1.34250	224	0	10
2026.01.21	21:30:00	1.34250	1.34319	1.34249	1.34306	247	0	10
2026.01.21	21:45:00	1.34302	1.34326	1.34282	1.34282	777	0	2
2026.01.21	22:00:00	1.34281	1.34287	1.34199	1.34215	154	0	46
2026.01.21	22:15:00	1.34214	1.34266	1.34195	1.34259	295	0	79
2026.01.21	22:30:00	1.34260	1.34274	1.34259	1.34271	156	0	62
2026.01.21	22:45:00	1.34271	1.34279	1.34257	1.34265	192	0	51
2026.01.21	23:00:00	1.34279	1.34301	1.34246	1.34248	209	0	10
2026.01.21	23:15:00	1.34249	1.34271	1.34221	1.34237	238	0	10
2026.01.21	23:30:00	1.34237	1.34240	1.34199	1.34207	303	0	10
2026.01.21	23:45:00	1.34207	1.34223	1.34173	1.34177	252	0	10
2026.01.22	00:00:00	1.34176	1.34213	1.34164	1.34207	354	0	10
2026.01.22	00:15:00	1.34204	1.34219	1.34180	1.34180	333	0	10
2026.01.22	00:30:00	1.34184	1.34259	1.34184	1.34242	635	0	10
2026.01.22	00:45:00	1.34240	1.34308	1.34233	1.34288	537	0	10
2026.01.22	01:00:00	1.34286	1.34290	1.34241	1.34281	585	0	10
2026.01.22	01:15:00	1.34281	1.34294	1.34241	1.34292	546	0	10
2026.01.22	01:30:00	1.34289	1.34304	1.34259	1.34282	505	0	10
2026.01.22	01:45:00	1.34281	1.34316	1.34270	1.34300	452	0	10
2026.01.22	02:00:00	1.34300	1.34349	1.34290	1.34321	441	0	10
2026.01.22	02:15:00	1.34321	1.34322	1.34229	1.34244	454	0	10
2026.01.22	02:30:00	1.34243	1.34264	1.34221	1.34253	446	0	10
2026.01.22	02:45:00	1.34253	1.34263	1.34235	1.34251	383	0	10
2026.01.22	03:00:00	1.34250	1.34293	1.34250	1.34290	374	0	10
2026.01.22	03:15:00	1.34289	1.34304	1.34269	1.34288	287	0	10
2026.01.22	03:30:00	1.34286	1.34304	1.34271	1.34290	314	0	10
2026.01.22	03:45:00	1.34290	1.34334	1.34277	1.34318	347	0	10
2026.01.22	04:00:00	1.34318	1.34390	1.34315	1.34380	370	0	10
2026.01.22	04:15:00	1.34380	1.34390	1.34348	1.34359	354	0	10
2026.01.22	04:30:00	1.34359	1.34359	1.34301	1.34301	341	0	10
2026.01.22	04:45:00	1.34302	1.34326	1.34298	1.34311	257	0	10
2026.01.22	05:00:00	1.34311	1.34311	1.34278	1.34298	251	0	10
2026.01.22	05:15:00	1.34298	1.34302	1.34249	1.34266	380	0	10
2026.01.22	05:30:00	1.34266	1.34282	1.34249	1.34250	340	0	10
2026.01.22	05:45:00	1.34250	1.34288	1.34231	1.34281	403	0	10
2026.01.22	06:00:00	1.34284	1.34295	1.34228	1.34241	448	0	10
2026.01.22	06:15:00	1.34241	1.34278	1.34231	1.34251	552	0	10
2026.01.22	06:30:00	1.34251	1.34267	1.34226	1.34232	419	0	10
2026.01.22	06:45:00	1.34231	1.34256	1.34198	1.34255	428	0	10
2026.01.22	07:00:00	1.34259	1.34298	1.34223	1.34239	703	0	10
2026.01.22	07:15:00	1.34241	1.34317	1.34231	1.34294	609	0	10
2026.01.22	07:30:00	1.34294	1.34369	1.34291	1.34331	670	0	10
2026.01.22	07:45:00	1.34331	1.34362	1.34301	1.34311	713	0	10
2026.01.22	08:00:00	1.34309	1.34330	1.34229	1.34229	856	0	10
2026.01.22	08:15:00	1.34228	1.34263	1.34208	1.34208	872	0	10
2026.01.22	08:30:00	1.34208	1.34216	1.34092	1.34134	775	0	10
2026.01.22	08:45:00	1.34134	1.34191	1.34112	1.34174	704	0	10
2026.01.22	09:00:00	1.34177	1.34291	1.34168	1.34277	716	0	10
2026.01.22	09:15:00	1.34281	1.34418	1.34257	1.34380	831	0	10
2026.01.22	09:30:00	1.34379	1.34424	1.34347	1.34412	742	0	10
2026.01.22	09:45:00	1.34412	1.34462	1.34412	1.34432	723	0	10
2026.01.22	10:00:00	1.34436	1.34494	1.34382	1.34397	728	0	10
2026.01.22	10:15:00	1.34398	1.34404	1.34358	1.34382	637	0	10
2026.01.22	10:30:00	1.34383	1.34470	1.34379	1.34451	602	0	10
2026.01.22	10:45:00	1.34451	1.34501	1.34424	1.34471	638	0	10
2026.01.22	11:00:00	1.34469	1.34523	1.34243	1.34243	1082	0	10
2026.01.22	11:15:00	1.34241	1.34261	1.34009	1.34164	3650	0	10
2026.01.22	11:30:00	1.34165	1.34255	1.34153	1.34223	1580	0	10
2026.01.22	11:45:00	1.34223	1.34324	1.34185	1.34201	1392	0	10
2026.01.22	12:00:00	1.34199	1.34316	1.34175	1.34288	1103	0	10
2026.01.22	12:15:00	1.34289	1.34312	1.34256	1.34259	771	0	10
2026.01.22	12:30:00	1.34258	1.34413	1.34240	1.34303	1554	0	10
2026.01.22	12:45:00	1.34303	1.34341	1.34148	1.34249	1081	0	10
2026.01.22	13:00:00	1.34245	1.34271	1.34182	1.34204	917	0	10
2026.01.22	13:15:00	1.34204	1.34268	1.34121	1.34178	983	0	10
2026.01.22	13:30:00	1.34171	1.34379	1.34081	1.34160	2070	0	10
2026.01.22	13:45:00	1.34160	1.34225	1.34116	1.34224	1227	0	10
2026.01.22	14:00:00	1.34224	1.34301	1.34215	1.34267	1015	0	10
2026.01.22	14:15:00	1.34267	1.34342	1.34263	1.34317	970	0	10
2026.01.22	14:30:00	1.34321	1.34436	1.34321	1.34396	1273	0	10
2026.01.22	14:45:00	1.34397	1.34524	1.34365	1.34458	1477	0	10
2026.01.22	15:00:00	1.34463	1.34683	1.34448	1.34670	1333	0	10
2026.01.22	15:15:00	1.34667	1.34754	1.34647	1.34739	1268	0	10
2026.01.22	15:30:00	1.34740	1.34793	1.34705	1.34787	929	0	10
2026.01.22	15:45:00	1.34788	1.34847	1.34742	1.34771	1260	0	10
2026.01.22	16:00:00	1.34773	1.34881	1.34768	1.34869	1032	0	10
2026.01.22	16:15:00	1.34870	1.34985	1.34867	1.34925	1002	0	10
2026.01.22	16:30:00	1.34929	1.34960	1.34879	1.34943	954	0	10
2026.01.22	16:45:00	1.34944	1.34973	1.34887	1.34890	753	0	10
2026.01.22	17:00:00	1.34887	1.34901	1.34729	1.34871	1297	0	10
2026.01.22	17:15:00	1.34871	1.34902	1.34821	1.34898	920	0	10
2026.01.22	17:30:00	1.34898	1.34951	1.34862	1.34931	707	0	10
2026.01.22	17:45:00	1.34931	1.34954	1.34888	1.34920	617	0	10
2026.01.22	18:00:00	1.34918	1.34964	1.34899	1.34958	613	0	10
2026.01.22	18:15:00	1.34959	1.35003	1.34949	1.34988	472	0	10
2026.01.22	18:30:00	1.34988	1.35020	1.34938	1.34943	339	0	10
2026.01.22	18:45:00	1.34943	1.34992	1.34928	1.34982	525	0	10
2026.01.22	19:00:00	1.34981	1.34991	1.34919	1.34940	535	0	10
2026.01.22	19:15:00	1.34940	1.34940	1.34870	1.34881	428	0	10
2026.01.22	19:30:00	1.34881	1.34897	1.34853	1.34883	447	0	10
2026.01.22	19:45:00	1.34883	1.34913	1.34876	1.34904	451	0	10
2026.01.22	20:00:00	1.34901	1.34964	1.34878	1.34964	416	0	10
2026.01.22	20:15:00	1.34964	1.34982	1.34946	1.34952	374	0	10
2026.01.22	20:30:00	1.34952	1.35014	1.34941	1.35013	517	0	10
2026.01.22	20:45:00	1.35013	1.35032	1.34960	1.34969	488	0	10
2026.01.22	21:00:00	1.34966	1.35023	1.34953	1.34992	348	0	10
2026.01.22	21:15:00	1.34992	1.35052	1.34979	1.35047	332	0	10
2026.01.22	21:30:00	1.35051	1.35065	1.35039	1.35042	213	0	10
2026.01.22	21:45:00	1.35045	1.35054	1.34999	1.35008	829	0	10
2026.01.22	22:00:00	1.35003	1.35003	1.34915	1.34960	160	0	26
2026.01.22	22:15:00	1.34959	1.34970	1.34931	1.34931	357	0	66
2026.01.22	22:30:00	1.34929	1.34982	1.34929	1.34972	196	0	51
2026.01.22	22:45:00	1.34972	1.34982	1.34958	1.34979	173	0	55
2026.01.22	23:00:00	1.34978	1.35082	1.34978	1.35048	230	0	10
2026.01.22	23:15:00	1.35041	1.35051	1.35030	1.35031	201	0	10
2026.01.22	23:30:00	1.35031	1.35032	1.34991	1.35002	178	0	10
2026.01.22	23:45:00	1.35001	1.35012	1.34986	1.34990	222	0	10
2026.01.23	00:00:00	1.34990	1.35006	1.34952	1.34971	335	0	10
2026.01.23	00:15:00	1.34971	1.34993	1.34961	1.34982	286	0	10
2026.01.23	00:30:00	1.34985	1.34997	1.34958	1.34962	326	0	10
2026.01.23	00:45:00	1.34963	1.34970	1.34944	1.34957	418	0	10
2026.01.23	01:00:00	1.34959	1.34981	1.34952	1.34970	433	0	10
2026.01.23	01:15:00	1.34970	1.35043	1.34970	1.34999	774	0	10
2026.01.23	01:30:00	1.35000	1.35020	1.34967	1.34969	498	0	10
2026.01.23	01:45:00	1.34969	1.35000	1.34957	1.34973	399	0	10
2026.01.23	02:00:00	1.34971	1.34980	1.34929	1.34951	506	0	10
2026.01.23	02:15:00	1.34948	1.34949	1.34930	1.34932	334	0	10
2026.01.23	02:30:00	1.34931	1.34970	1.34910	1.34921	414	0	10
2026.01.23	02:45:00	1.34921	1.34952	1.34917	1.34923	465	0	10
2026.01.23	03:00:00	1.34922	1.34946	1.34912	1.34921	464	0	10
2026.01.23	03:15:00	1.34921	1.34938	1.34887	1.34890	485	0	10
2026.01.23	03:30:00	1.34891	1.34912	1.34880	1.34911	385	0	10
2026.01.23	03:45:00	1.34911	1.34934	1.34888	1.34899	504	0	10
2026.01.23	04:00:00	1.34899	1.34921	1.34891	1.34912	400	0	10
2026.01.23	04:15:00	1.34913	1.34924	1.34906	1.34913	181	0	10
2026.01.23	04:30:00	1.34913	1.34948	1.34904	1.34946	251	0	10
2026.01.23	04:45:00	1.34949	1.34974	1.34935	1.34968	328	0	10
2026.01.23	05:00:00	1.34967	1.34999	1.34967	1.34977	249	0	10
2026.01.23	05:15:00	1.34977	1.35001	1.34955	1.34957	319	0	10
2026.01.23	05:30:00	1.34957	1.34981	1.34949	1.34976	348	0	10
2026.01.23	05:45:00	1.34976	1.34983	1.34959	1.34980	345	0	10
2026.01.23	06:00:00	1.34976	1.34995	1.34927	1.34937	500	0	10
2026.01.23	06:15:00	1.34940	1.34948	1.34897	1.34897	519	0	10
2026.01.23	06:30:00	1.34898	1.34950	1.34889	1.34899	626	0	10
2026.01.23	06:45:00	1.34896	1.34918	1.34826	1.34838	725	0	10
2026.01.23	07:00:00	1.34839	1.34958	1.34837	1.34893	812	0	10
2026.01.23	07:15:00	1.34893	1.34911	1.34867	1.34892	599	0	10
2026.01.23	07:30:00	1.34893	1.35120	1.34885	1.35006	1393	0	10
2026.01.23	07:45:00	1.35004	1.35075	1.34899	1.34923	2152	0	10
2026.01.23	08:00:00	1.34924	1.34950	1.34846	1.34885	1305	0	10
2026.01.23	08:15:00	1.34888	1.34896	1.34830	1.34868	1161	0	10
2026.01.23	08:30:00	1.34872	1.34974	1.34817	1.34965	1126	0	10
2026.01.23	08:45:00	1.34965	1.35023	1.34928	1.35006	903	0	10
2026.01.23	09:00:00	1.35010	1.35063	1.34980	1.35009	1045	0	10
2026.01.23	09:15:00	1.35009	1.35071	1.34998	1.35045	749	0	10
2026.01.23	09:30:00	1.35048	1.35261	1.35048	1.35261	1310	0	10
2026.01.23	09:45:00	1.35261	1.35344	1.35261	1.35293	1214	0	10
2026.01.23	10:00:00	1.35293	1.35341	1.35238	1.35270	911	0	10
2026.01.23	10:15:00	1.35271	1.35341	1.35248	1.35335	783	0	10
2026.01.23	10:30:00	1.35334	1.35363	1.35274	1.35276	652	0	10
2026.01.23	10:45:00	1.35275	1.35298	1.35220	1.35266	709	0	10
2026.01.23	11:00:00	1.35267	1.35298	1.35218	1.35279	777	0	10
2026.01.23	11:15:00	1.35279	1.35287	1.35146	1.35256	1030	0	10
2026.01.23	11:30:00	1.35255	1.35321	1.35236	1.35253	701	0	10
2026.01.23	11:45:00	1.35254	1.35315	1.35135	1.35174	1287	0	10
2026.01.23	12:00:00	1.35177	1.35238	1.35171	1.35221	755	0	10
2026.01.23	12:15:00	1.35221	1.35266	1.35212	1.35229	553	0	10
2026.01.23	12:30:00	1.35229	1.35301	1.35217	1.35282	616	0	10
2026.01.23	12:45:00	1.35284	1.35317	1.35260	1.35277	703	0	10
2026.01.23	13:00:00	1.35276	1.35318	1.35258	1.35315	760	0	10
2026.01.23	13:15:00	1.35316	1.35343	1.35289	1.35318	784	0	10
2026.01.23	13:30:00	1.35319	1.35344	1.35257	1.35300	742	0	10
2026.01.23	13:45:00	1.35300	1.35310	1.35237	1.35247	726	0	10
2026.01.23	14:00:00	1.35244	1.35296	1.35201	1.35290	782	0	10
2026.01.23	14:15:00	1.35291	1.35296	1.35221	1.35286	704	0	10
2026.01.23	14:30:00	1.35289	1.35292	1.35234	1.35241	918	0	10
2026.01.23	14:45:00	1.35238	1.35379	1.35235	1.35361	787	0	10
2026.01.23	15:00:00	1.35357	1.35445	1.35344	1.35426	968	0	10
2026.01.23	15:15:00	1.35428	1.35509	1.35414	1.35509	735	0	10
2026.01.23	15:30:00	1.35508	1.35551	1.35495	1.35516	737	0	10
2026.01.23	15:45:00	1.35519	1.35670	1.35507	1.35639	936	0	10
2026.01.23	16:00:00	1.35639	1.35682	1.35604	1.35616	912	0	10
2026.01.23	16:15:00	1.35618	1.35739	1.35604	1.35738	1138	0	10
2026.01.23	16:30:00	1.35739	1.35927	1.35738	1.35901	1132	0	10
2026.01.23	16:45:00	1.35901	1.35975	1.35857	1.35879	1326	0	10
2026.01.23	17:00:00	1.35880	1.36008	1.35857	1.35990	1139	0	10
2026.01.23	17:15:00	1.35989	1.36092	1.35940	1.36089	1583	0	10
2026.01.23	17:30:00	1.36089	1.36224	1.36008	1.36019	1986	0	10
2026.01.23	17:45:00	1.36018	1.36107	1.35990	1.36078	1534	0	10
2026.01.23	18:00:00	1.36077	1.36088	1.35937	1.35943	1411	0	10
2026.01.23	18:15:00	1.35940	1.36084	1.35917	1.36058	1276	0	10
2026.01.23	18:30:00	1.36058	1.36069	1.35976	1.36039	996	0	10
2026.01.23	18:45:00	1.36040	1.36069	1.35998	1.36049	808	0	10
2026.01.23	19:00:00	1.36049	1.36161	1.36045	1.36147	784	0	10
2026.01.23	19:15:00	1.36146	1.36166	1.36060	1.36096	883	0	10
2026.01.23	19:30:00	1.36097	1.36121	1.36074	1.36109	730	0	10
2026.01.23	19:45:00	1.36108	1.36290	1.36091	1.36232	1130	0	10
2026.01.23	20:00:00	1.36229	1.36279	1.36210	1.36268	768	0	10
2026.01.23	20:15:00	1.36272	1.36380	1.36267	1.36341	1028	0	10
2026.01.23	20:30:00	1.36338	1.36338	1.36231	1.36292	880	0	10
2026.01.23	20:45:00	1.36293	1.36377	1.36247	1.36361	739	0	10
2026.01.23	21:00:00	1.36362	1.36431	1.36336	1.36412	1377	0	10
2026.01.23	21:15:00	1.36415	1.36454	1.36367	1.36416	1395	0	10
2026.01.23	21:30:00	1.36417	1.36442	1.36321	1.36386	1233	0	10
2026.01.23	21:45:00	1.36389	1.36449	1.36349	1.36440	2201	0	10
2026.01.25	22:00:00	1.36589	1.36604	1.36529	1.36581	136	0	84
2026.01.25	22:15:00	1.36585	1.36614	1.36541	1.36579	177	0	75
2026.01.25	22:30:00	1.36582	1.36627	1.36564	1.36620	124	0	58
2026.01.25	22:45:00	1.36620	1.36680	1.36571	1.36674	212	0	66
2026.01.25	23:00:00	1.36748	1.36798	1.36675	1.36783	853	0	10
2026.01.25	23:15:00	1.36785	1.36797	1.36585	1.36619	832	0	10
2026.01.25	23:30:00	1.36619	1.36661	1.36563	1.36597	899	0	10
2026.01.25	23:45:00	1.36603	1.36642	1.36541	1.36636	926	0	10
2026.01.26	00:00:00	1.36642	1.36642	1.36458	1.36490	1611	0	10
2026.01.26	00:15:00	1.36491	1.36540	1.36429	1.36517	1000	0	10
2026.01.26	00:30:00	1.36520	1.36553	1.36460	1.36534	989	0	10
2026.01.26	00:45:00	1.36532	1.36671	1.36524	1.36668	1090	0	10
2026.01.26	01:00:00	1.36667	1.36740	1.36601	1.36630	1380	0	10
2026.01.26	01:15:00	1.36633	1.36660	1.36581	1.36637	1220	0	10
2026.01.26	01:30:00	1.36636	1.36720	1.36589	1.36671	1132	0	10
2026.01.26	01:45:00	1.36671	1.36714	1.36600	1.36608	932	0	10
2026.01.26	02:00:00	1.36606	1.36791	1.36580	1.36773	1107	0	10
2026.01.26	02:15:00	1.36771	1.36782	1.36682	1.36764	1267	0	10
2026.01.26	02:30:00	1.36767	1.36793	1.36743	1.36764	814	0	10
2026.01.26	02:45:00	1.36764	1.36764	1.36674	1.36690	657	0	10
2026.01.26	03:00:00	1.36690	1.36690	1.36619	1.36626	815	0	10
2026.01.26	03:15:00	1.36627	1.36633	1.36545	1.36601	690	0	10
2026.01.26	03:30:00	1.36601	1.36634	1.36585	1.36631	584	0	10
2026.01.26	03:45:00	1.36631	1.36652	1.36577	1.36596	513	0	10
2026.01.26	04:00:00	1.36600	1.36656	1.36527	1.36656	700	0	10
2026.01.26	04:15:00	1.36650	1.36674	1.36560	1.36585	725	0	10
2026.01.26	04:30:00	1.36584	1.36623	1.36540	1.36622	448	0	10
2026.01.26	04:45:00	1.36619	1.36663	1.36589	1.36595	675	0	10
2026.01.26	05:00:00	1.36595	1.36626	1.36577	1.36606	548	0	10
2026.01.26	05:15:00	1.36606	1.36686	1.36586	1.36663	585	0	10
2026.01.26	05:30:00	1.36662	1.36663	1.36621	1.36647	642	0	10
2026.01.26	05:45:00	1.36646	1.36694	1.36626	1.36663	554	0	10
2026.01.26	06:00:00	1.36662	1.36681	1.36577	1.36589	896	0	10
2026.01.26	06:15:00	1.36589	1.36655	1.36569	1.36629	673	0	10
2026.01.26	06:30:00	1.36629	1.36672	1.36596	1.36650	677	0	10
2026.01.26	06:45:00	1.36649	1.36671	1.36554	1.36561	661	0	10
2026.01.26	07:00:00	1.36563	1.36694	1.36556	1.36618	1105	0	10
2026.01.26	07:15:00	1.36618	1.36758	1.36608	1.36716	1147	0	10
2026.01.26	07:30:00	1.36716	1.36727	1.36507	1.36539	1070	0	10
2026.01.26	07:45:00	1.36539	1.36552	1.36443	1.36464	1135	0	10
2026.01.26	08:00:00	1.36466	1.36558	1.36453	1.36508	1371	0	10
2026.01.26	08:15:00	1.36508	1.36514	1.36424	1.36495	1057	0	10
2026.01.26	08:30:00	1.36496	1.36667	1.36486	1.36586	1540	0	10
2026.01.26	08:45:00	1.36583	1.36677	1.36566	1.36616	1274	0	10
2026.01.26	09:00:00	1.36620	1.36712	1.36601	1.36618	1483	0	10
2026.01.26	09:15:00	1.36616	1.36719	1.36576	1.36700	1020	0	10
2026.01.26	09:30:00	1.36698	1.36755	1.36646	1.36741	1070	0	10
2026.01.26	09:45:00	1.36742	1.36767	1.36656	1.36718	1004	0	10
2026.01.26	10:00:00	1.36720	1.36740	1.36659	1.36669	1007	0	10
2026.01.26	10:15:00	1.36673	1.36752	1.36665	1.36706	771	0	10
2026.01.26	10:30:00	1.36706	1.36732	1.36673	1.36719	902	0	10
2026.01.26	10:45:00	1.36719	1.36729	1.36668	1.36701	854	0	10
2026.01.26	11:00:00	1.36702	1.36730	1.36664	1.36689	850	0	10
2026.01.26	11:15:00	1.36688	1.36721	1.36647	1.36663	682	0	10
2026.01.26	11:30:00	1.36667	1.36730	1.36645	1.36711	675	0	10
2026.01.26	11:45:00	1.36711	1.36731	1.36650	1.36658	895	0	10
2026.01.26	12:00:00	1.36658	1.36722	1.36585	1.36601	1053	0	10
2026.01.26	12:15:00	1.36601	1.36616	1.36515	1.36559	842	0	10
2026.01.26	12:30:00	1.36562	1.36573	1.36513	1.36516	704	0	10
2026.01.26	12:45:00	1.36516	1.36537	1.36475	1.36530	714	0	10
2026.01.26	13:00:00	1.36526	1.36526	1.36428	1.36465	976	0	10
2026.01.26	13:15:00	1.36464	1.36535	1.36449	1.36515	729	0	10
2026.01.26	13:30:00	1.36511	1.36521	1.36463	1.36466	891	0	10
2026.01.26	13:45:00	1.36466	1.36614	1.36452	1.36610	1118	0	10
2026.01.26	14:00:00	1.36609	1.36697	1.36574	1.36679	1047	0	10
2026.01.26	14:15:00	1.36679	1.36782	1.36659	1.36770	899	0	10
2026.01.26	14:30:00	1.36770	1.36886	1.36754	1.36837	1045	0	10
2026.01.26	14:45:00	1.36837	1.36912	1.36806	1.36907	1328	0	10
2026.01.26	15:00:00	1.36907	1.36976	1.36878	1.36945	1352	0	10
2026.01.26	15:15:00	1.36944	1.36988	1.36895	1.36979	1101	0	10
2026.01.26	15:30:00	1.36979	1.37044	1.36945	1.36978	1157	0	10
2026.01.26	15:45:00	1.36978	1.37126	1.36965	1.37071	1365	0	10
2026.01.26	16:00:00	1.37070	1.37129	1.37009	1.37039	1368	0	10
2026.01.26	16:15:00	1.37040	1.37071	1.36980	1.37024	1137	0	10
2026.01.26	16:30:00	1.37026	1.37065	1.36988	1.37011	1096	0	10
2026.01.26	16:45:00	1.37009	1.37065	1.36928	1.36961	1086	0	10
2026.01.26	17:00:00	1.36964	1.37006	1.36936	1.36986	895	0	10
2026.01.26	17:15:00	1.36988	1.37038	1.36889	1.36897	965	0	10
2026.01.26	17:30:00	1.36897	1.36942	1.36886	1.36901	832	0	10
2026.01.26	17:45:00	1.36900	1.36908	1.36852	1.36875	786	0	10
2026.01.26	18:00:00	1.36877	1.36991	1.36846	1.36948	751	0	10
2026.01.26	18:15:00	1.36949	1.37011	1.36943	1.36998	733	0	10
2026.01.26	18:30:00	1.36997	1.37011	1.36908	1.36910	787	0	10
2026.01.26	18:45:00	1.36911	1.36939	1.36879	1.36881	828	0	10
2026.01.26	19:00:00	1.36880	1.36887	1.36798	1.36815	875	0	10
2026.01.26	19:15:00	1.36812	1.36812	1.36750	1.36771	706	0	10
2026.01.26	19:30:00	1.36768	1.36800	1.36753	1.36796	666	0	10
2026.01.26	19:45:00	1.36795	1.36832	1.36757	1.36821	813	0	10
2026.01.26	20:00:00	1.36821	1.36858	1.36790	1.36850	873	0	10
2026.01.26	20:15:00	1.36850	1.36854	1.36788	1.36798	569	0	10
2026.01.26	20:30:00	1.36797	1.36819	1.36788	1.36789	539	0	10
2026.01.26	20:45:00	1.36791	1.36823	1.36785	1.36803	521	0	10
2026.01.26	21:00:00	1.36802	1.36865	1.36791	1.36802	394	0	10
2026.01.26	21:15:00	1.36802	1.36802	1.36768	1.36781	332	0	10
2026.01.26	21:30:00	1.36781	1.36782	1.36740	1.36763	333	0	10
2026.01.26	21:45:00	1.36760	1.36798	1.36754	1.36781	856	0	7
2026.01.26	22:00:00	1.36782	1.36782	1.36746	1.36750	132	0	24
2026.01.26	22:15:00	1.36751	1.36751	1.36730	1.36730	227	0	57
2026.01.26	22:30:00	1.36728	1.36768	1.36728	1.36760	201	0	44
2026.01.26	22:45:00	1.36761	1.36768	1.36702	1.36735	395	0	42
2026.01.26	23:00:00	1.36746	1.36790	1.36746	1.36781	225	0	10
2026.01.26	23:15:00	1.36781	1.36789	1.36761	1.36782	178	0	10
2026.01.26	23:30:00	1.36782	1.36794	1.36761	1.36788	177	0	10
2026.01.26	23:45:00	1.36786	1.36788	1.36734	1.36746	349	0	10
2026.01.27	00:00:00	1.36747	1.36811	1.36736	1.36803	519	0	10
2026.01.27	00:15:00	1.36803	1.36814	1.36749	1.36749	402	0	10
2026.01.27	00:30:00	1.36753	1.36798	1.36744	1.36753	444	0	10
2026.01.27	00:45:00	1.36754	1.36759	1.36721	1.36728	553	0	10
2026.01.27	01:00:00	1.36727	1.36773	1.36696	1.36742	741	0	10
2026.01.27	01:15:00	1.36741	1.36774	1.36720	1.36757	567	0	10
2026.01.27	01:30:00	1.36759	1.36782	1.36738	1.36780	513	0	10
2026.01.27	01:45:00	1.36780	1.36824	1.36766	1.36795	530	0	10
2026.01.27	02:00:00	1.36794	1.36823	1.36764	1.36817	587	0	10
2026.01.27	02:15:00	1.36817	1.36922	1.36813	1.36911	496	0	10
2026.01.27	02:30:00	1.36911	1.37002	1.36906	1.36990	659	0	10
2026.01.27	02:45:00	1.36987	1.36998	1.36947	1.36950	586	0	10
2026.01.27	03:00:00	1.36948	1.36950	1.36888	1.36898	622	0	10
2026.01.27	03:15:00	1.36899	1.36942	1.36890	1.36924	484	0	10
2026.01.27	03:30:00	1.36924	1.36945	1.36863	1.36866	459	0	10
2026.01.27	03:45:00	1.36863	1.36874	1.36820	1.36830	570	0	10
2026.01.27	04:00:00	1.36826	1.36882	1.36803	1.36807	539	0	10
2026.01.27	04:15:00	1.36807	1.36810	1.36747	1.36762	487	0	10
2026.01.27	04:30:00	1.36761	1.36790	1.36719	1.36735	426	0	10
2026.01.27	04:45:00	1.36735	1.36762	1.36723	1.36744	399	0	10
2026.01.27	05:00:00	1.36744	1.36755	1.36726	1.36743	427	0	10
2026.01.27	05:15:00	1.36745	1.36778	1.36709	1.36761	469	0	10
2026.01.27	05:30:00	1.36761	1.36788	1.36754	1.36782	413	0	10
2026.01.27	05:45:00	1.36783	1.36814	1.36777	1.36779	472	0	10
2026.01.27	06:00:00	1.36780	1.36870	1.36768	1.36861	632	0	10
2026.01.27	06:15:00	1.36859	1.36863	1.36828	1.36843	511	0	10
2026.01.27	06:30:00	1.36840	1.36896	1.36824	1.36890	520	0	10
2026.01.27	06:45:00	1.36890	1.36899	1.36806	1.36813	641	0	10
2026.01.27	07:00:00	1.36809	1.36861	1.36799	1.36845	822	0	10
2026.01.27	07:15:00	1.36841	1.36893	1.36826	1.36838	801	0	10
2026.01.27	07:30:00	1.36838	1.36897	1.36806	1.36866	878	0	10
2026.01.27	07:45:00	1.36865	1.36895	1.36695	1.36738	1053	0	10
2026.01.27	08:00:00	1.36742	1.36762	1.36665	1.36698	1114	0	10
2026.01.27	08:15:00	1.36698	1.36770	1.36667	1.36708	939	0	10
2026.01.27	08:30:00	1.36708	1.36730	1.36634	1.36669	908	0	10
2026.01.27	08:45:00	1.36672	1.36748	1.36666	1.36742	821	0	10
2026.01.27	09:00:00	1.36739	1.36752	1.36675	1.36695	851	0	10
2026.01.27	09:15:00	1.36694	1.36791	1.36685	1.36781	717	0	10
2026.01.27	09:30:00	1.36784	1.36821	1.36766	1.36793	594	0	10
2026.01.27	09:45:00	1.36790	1.36996	1.36746	1.36985	2288	0	10
2026.01.27	10:00:00	1.36983	1.36989	1.36828	1.36870	1419	0	10
2026.01.27	10:15:00	1.36868	1.36965	1.36868	1.36959	988	0	10
2026.01.27	10:30:00	1.36962	1.37025	1.36928	1.36986	884	0	10
2026.01.27	10:45:00	1.36983	1.37029	1.36949	1.37024	908	0	10
2026.01.27	11:00:00	1.37027	1.37062	1.37007	1.37050	834	0	10
2026.01.27	11:15:00	1.37049	1.37062	1.37000	1.37062	648	0	10
2026.01.27	11:30:00	1.37065	1.37084	1.37006	1.37041	644	0	10
2026.01.27	11:45:00	1.37039	1.37119	1.37025	1.37102	725	0	10
2026.01.27	12:00:00	1.37102	1.37234	1.37075	1.37197	948	0	10
2026.01.27	12:15:00	1.37200	1.37406	1.37189	1.37320	1699	0	10
2026.01.27	12:30:00	1.37319	1.37348	1.37234	1.37310	1388	0	10
2026.01.27	12:45:00	1.37313	1.37410	1.37291	1.37401	1491	0	10
2026.01.27	13:00:00	1.37401	1.37478	1.37348	1.37379	1509	0	10
2026.01.27	13:15:00	1.37381	1.37410	1.37322	1.37337	1274	0	10
2026.01.27	13:30:00	1.37337	1.37484	1.37320	1.37417	1407	0	10
2026.01.27	13:45:00	1.37417	1.37438	1.37252	1.37347	1756	0	10
2026.01.27	14:00:00	1.37348	1.37434	1.37308	1.37339	1524	0	10
2026.01.27	14:15:00	1.37339	1.37450	1.37332	1.37412	1381	0	10
2026.01.27	14:30:00	1.37416	1.37728	1.37416	1.37667	2301	0	10
2026.01.27	14:45:00	1.37666	1.37760	1.37628	1.37696	1723	0	10
2026.01.27	15:00:00	1.37700	1.37865	1.37700	1.37856	1881	0	10
2026.01.27	15:15:00	1.37859	1.37906	1.37825	1.37839	1612	0	10
2026.01.27	15:30:00	1.37836	1.37858	1.37576	1.37600	1533	0	10
2026.01.27	15:45:00	1.37600	1.37648	1.37471	1.37514	2169	0	10
2026.01.27	16:00:00	1.37511	1.37622	1.37502	1.37602	1444	0	10
2026.01.27	16:15:00	1.37604	1.37681	1.37538	1.37650	1336	0	10
2026.01.27	16:30:00	1.37648	1.37904	1.37645	1.37899	1492	0	10
2026.01.27	16:45:00	1.37899	1.37904	1.37759	1.37795	1105	0	10
2026.01.27	17:00:00	1.37799	1.37821	1.37721	1.37745	1212	0	10
2026.01.27	17:15:00	1.37746	1.37748	1.37606	1.37625	1245	0	10
2026.01.27	17:30:00	1.37629	1.37843	1.37622	1.37837	1250	0	10
2026.01.27	17:45:00	1.37839	1.37877	1.37803	1.37869	1318	0	10
2026.01.27	18:00:00	1.37869	1.37908	1.37754	1.37770	1199	0	10
2026.01.27	18:15:00	1.37769	1.37851	1.37753	1.37797	945	0	10
2026.01.27	18:30:00	1.37801	1.37835	1.37779	1.37790	1030	0	10
2026.01.27	18:45:00	1.37788	1.37848	1.37766	1.37766	875	0	10
2026.01.27	19:00:00	1.37765	1.37812	1.37738	1.37785	742	0	10
2026.01.27	19:15:00	1.37786	1.37828	1.37740	1.37807	761	0	10
2026.01.27	19:30:00	1.37807	1.37833	1.37777	1.37804	718	0	10
2026.01.27	19:45:00	1.37804	1.37840	1.37779	1.37824	758	0	10
2026.01.27	20:00:00	1.37823	1.37890	1.37797	1.37865	708	0	10
2026.01.27	20:15:00	1.37861	1.37930	1.37860	1.37916	800	0	10
2026.01.27	20:30:00	1.37915	1.37919	1.37756	1.37859	1440	0	10
2026.01.27	20:45:00	1.37861	1.38701	1.37855	1.38359	10265	0	10
2026.01.27	21:00:00	1.38357	1.38443	1.38285	1.38383	2704	0	10
2026.01.27	21:15:00	1.38382	1.38448	1.38289	1.38439	1488	0	10
2026.01.27	21:30:00	1.38436	1.38546	1.38366	1.38534	1486	0	10
2026.01.27	21:45:00	1.38535	1.38561	1.38390	1.38465	1941	0	9
2026.01.27	22:00:00	1.38463	1.38463	1.38412	1.38412	15	0	35
2026.01.27	22:15:00	1.38411	1.38411	1.38289	1.38332	199	0	90
2026.01.27	22:30:00	1.38335	1.38402	1.38330	1.38391	224	0	103
2026.01.27	22:45:00	1.38389	1.38406	1.38338	1.38396	332	0	86
2026.01.27	23:00:00	1.38394	1.38469	1.38302	1.38313	369	0	17
2026.01.27	23:15:00	1.38312	1.38369	1.38211	1.38225	571	0	10
2026.01.27	23:30:00	1.38225	1.38294	1.38223	1.38247	534	0	10
2026.01.27	23:45:00	1.38248	1.38297	1.38225	1.38265	573	0	10
2026.01.28	00:00:00	1.38264	1.38266	1.38139	1.38187	838	0	10
2026.01.28	00:15:00	1.38191	1.38241	1.38136	1.38158	656	0	10
2026.01.28	00:30:00	1.38157	1.38308	1.38157	1.38193	1469	0	10
2026.01.28	00:45:00	1.38192	1.38210	1.38135	1.38172	1107	0	10
2026.01.28	01:00:00	1.38170	1.38186	1.38121	1.38148	1116	0	10
2026.01.28	01:15:00	1.38152	1.38178	1.38089	1.38102	885	0	10
2026.01.28	01:30:00	1.38102	1.38135	1.38007	1.38078	965	0	10
2026.01.28	01:45:00	1.38078	1.38115	1.37989	1.37998	878	0	10
2026.01.28	02:00:00	1.38000	1.38039	1.37916	1.37919	935	0	10
2026.01.28	02:15:00	1.37918	1.38000	1.37917	1.37990	789	0	10
2026.01.28	02:30:00	1.37990	1.38024	1.37984	1.37993	695	0	10
2026.01.28	02:45:00	1.37993	1.38071	1.37993	1.38032	655	0	10
2026.01.28	03:00:00	1.38035	1.38091	1.38026	1.38089	583	0	10
2026.01.28	03:15:00	1.38087	1.38101	1.38074	1.38078	539	0	10
2026.01.28	03:30:00	1.38080	1.38080	1.37986	1.37986	644	0	10
2026.01.28	03:45:00	1.37985	1.38019	1.37966	1.37993	519	0	10
2026.01.28	04:00:00	1.37994	1.38007	1.37955	1.37979	533	0	10
2026.01.28	04:15:00	1.37980	1.37988	1.37945	1.37959	424	0	10
2026.01.28	04:30:00	1.37961	1.37968	1.37939	1.37947	398	0	10
2026.01.28	04:45:00	1.37947	1.38029	1.37936	1.38015	498	0	10
2026.01.28	05:00:00	1.38014	1.38030	1.37885	1.37949	1379	0	10
2026.01.28	05:15:00	1.37948	1.38021	1.37948	1.38014	674	0	10
2026.01.28	05:30:00	1.38015	1.38041	1.37953	1.38017	726	0	10
2026.01.28	05:45:00	1.38012	1.38053	1.37973	1.38045	578	0	10
2026.01.28	06:00:00	1.38044	1.38092	1.38033	1.38089	804	0	10
2026.01.28	06:15:00	1.38089	1.38154	1.38042	1.38098	826	0	10
2026.01.28	06:30:00	1.38100	1.38141	1.38042	1.38057	859	0	10
2026.01.28	06:45:00	1.38055	1.38088	1.38032	1.38059	817	0	10
2026.01.28	07:00:00	1.38061	1.38268	1.38041	1.38267	1171	0	10
2026.01.28	07:15:00	1.38264	1.38306	1.38099	1.38111	1484	0	10
2026.01.28	07:30:00	1.38111	1.38111	1.37921	1.37991	1270	0	10
2026.01.28	07:45:00	1.37991	1.38011	1.37938	1.38011	1133	0	10
2026.01.28	08:00:00	1.38012	1.38021	1.37927	1.37991	1532	0	10
2026.01.28	08:15:00	1.37988	1.38111	1.37940	1.38071	1332	0	10
2026.01.28	08:30:00	1.38073	1.38081	1.37966	1.37972	1285	0	10
2026.01.28	08:45:00	1.37970	1.37973	1.37749	1.37865	1849	0	10
2026.01.28	09:00:00	1.37866	1.37904	1.37754	1.37783	1387	0	10
2026.01.28	09:15:00	1.37784	1.37845	1.37775	1.37829	1250	0	10
2026.01.28	09:30:00	1.37826	1.37924	1.37806	1.37830	1044	0	10
2026.01.28	09:45:00	1.37831	1.37923	1.37813	1.37868	970	0	10
2026.01.28	10:00:00	1.37867	1.37890	1.37790	1.37890	992	0	10
2026.01.28	10:15:00	1.37888	1.37894	1.37759	1.37808	1030	0	10
2026.01.28	10:30:00	1.37812	1.37920	1.37787	1.37917	928	0	10
2026.01.28	10:45:00	1.37916	1.37997	1.37904	1.37923	1139	0	10
2026.01.28	11:00:00	1.37925	1.37925	1.37736	1.37765	1153	0	10
2026.01.28	11:15:00	1.37765	1.37785	1.37698	1.37748	1060	0	10
2026.01.28	11:30:00	1.37748	1.37787	1.37687	1.37779	944	0	10
2026.01.28	11:45:00	1.37779	1.37832	1.37673	1.37695	975	0	10
2026.01.28	12:00:00	1.37695	1.37834	1.37681	1.37809	1104	0	10
2026.01.28	12:15:00	1.37809	1.37855	1.37779	1.37837	1040	0	10
2026.01.28	12:30:00	1.37837	1.37891	1.37789	1.37789	1069	0	10
2026.01.28	12:45:00	1.37791	1.37937	1.37773	1.37929	970	0	10
2026.01.28	13:00:00	1.37931	1.37940	1.37803	1.37851	1229	0	10
2026.01.28	13:15:00	1.37852	1.37864	1.37662	1.37718	1168	0	10
2026.01.28	13:30:00	1.37718	1.37821	1.37717	1.37782	1180	0	10
2026.01.28	13:45:00	1.37783	1.37820	1.37643	1.37700	1361	0	10
2026.01.28	14:00:00	1.37701	1.37796	1.37671	1.37789	1360	0	10
2026.01.28	14:15:00	1.37790	1.37876	1.37737	1.37851	1035	0	10
2026.01.28	14:30:00	1.37853	1.37985	1.37795	1.37974	1373	0	10
2026.01.28	14:45:00	1.37971	1.38012	1.37795	1.37860	1585	0	10
2026.01.28	15:00:00	1.37861	1.37990	1.37504	1.37571	7012	0	10
2026.01.28	15:15:00	1.37569	1.37670	1.37492	1.37656	3131	0	10
2026.01.28	15:30:00	1.37659	1.37766	1.37624	1.37739	2007	0	10
2026.01.28	15:45:00	1.37740	1.37903	1.37578	1.37892	3330	0	10
2026.01.28	16:00:00	1.37891	1.37938	1.37778	1.37779	1860	0	10
2026.01.28	16:15:00	1.37779	1.37893	1.37716	1.37728	1683	0	10
2026.01.28	16:30:00	1.37730	1.37792	1.37635	1.37747	1530	0	10
2026.01.28	16:45:00	1.37747	1.37841	1.37736	1.37838	1689	0	10
2026.01.28	17:00:00	1.37836	1.37874	1.37756	1.37769	1141	0	10
2026.01.28	17:15:00	1.37770	1.37840	1.37716	1.37781	950	0	10
2026.01.28	17:30:00	1.37783	1.37850	1.37723	1.37757	965	0	10
2026.01.28	17:45:00	1.37756	1.37905	1.37750	1.37890	819	0	10
2026.01.28	18:00:00	1.37892	1.37922	1.37816	1.37817	876	0	10
2026.01.28	18:15:00	1.37818	1.37872	1.37797	1.37851	799	0	10
2026.01.28	18:30:00	1.37854	1.37866	1.37665	1.37681	1169	0	10
2026.01.28	18:45:00	1.37681	1.37765	1.37631	1.37751	1256	0	10
2026.01.28	19:00:00	1.37755	1.37867	1.37523	1.37683	3310	0	10
2026.01.28	19:15:00	1.37680	1.37751	1.37578	1.37591	1608	0	10
2026.01.28	19:30:00	1.37586	1.37865	1.37570	1.37749	3301	0	10
2026.01.28	19:45:00	1.37750	1.37962	1.37709	1.37931	2739	0	10
2026.01.28	20:00:00	1.37927	1.37999	1.37855	1.37870	1324	0	10
2026.01.28	20:15:00	1.37871	1.37997	1.37868	1.37979	1161	0	10
2026.01.28	20:30:00	1.37979	1.38022	1.37964	1.37971	812	0	10
2026.01.28	20:45:00	1.37971	1.38019	1.37955	1.37986	1050	0	10
2026.01.28	21:00:00	1.37989	1.38078	1.37969	1.38060	709	0	10
2026.01.28	21:15:00	1.38058	1.38070	1.37998	1.37999	633	0	10
2026.01.28	21:30:00	1.37999	1.38073	1.37992	1.38064	790	0	10
2026.01.28	21:45:00	1.38062	1.38111	1.38055	1.38070	600	0	9
2026.01.28	22:00:00	1.38071	1.38071	1.37961	1.37963	139	0	15
2026.01.28	22:15:00	1.37961	1.38004	1.37949	1.37993	487	0	108
2026.01.28	22:30:00	1.37995	1.38037	1.37988	1.38028	357	0	44
2026.01.28	22:45:00	1.38030	1.38037	1.38014	1.38018	517	0	42
2026.01.28	23:00:00	1.38025	1.38093	1.38007	1.38089	322	0	10
2026.01.28	23:15:00	1.38092	1.38215	1.38086	1.38146	512	0	10
2026.01.28	23:30:00	1.38146	1.38296	1.38137	1.38246	774	0	10
2026.01.28	23:45:00	1.38246	1.38286	1.38171	1.38265	731	0	10
2026.01.29	00:00:00	1.38271	1.38271	1.38135	1.38237	1213	0	10
2026.01.29	00:15:00	1.38235	1.38279	1.38203	1.38273	771	0	10
2026.01.29	00:30:00	1.38274	1.38346	1.38216	1.38239	946	0	10
2026.01.29	00:45:00	1.38239	1.38250	1.38188	1.38201	687	0	10
2026.01.29	01:00:00	1.38201	1.38201	1.38058	1.38079	1094	0	10
2026.01.29	01:15:00	1.38079	1.38100	1.37995	1.38037	913	0	10
2026.01.29	01:30:00	1.38038	1.38089	1.38016	1.38044	949	0	10
2026.01.29	01:45:00	1.38047	1.38064	1.38008	1.38028	817	0	10
2026.01.29	02:00:00	1.38027	1.38028	1.37926	1.38010	867	0	10
2026.01.29	02:15:00	1.38009	1.38094	1.37986	1.38091	663	0	10
2026.01.29	02:30:00	1.38092	1.38122	1.38076	1.38117	782	0	10
2026.01.29	02:45:00	1.38116	1.38155	1.38087	1.38123	660	0	10
2026.01.29	03:00:00	1.38120	1.38207	1.38108	1.38206	798	0	10
2026.01.29	03:15:00	1.38205	1.38229	1.38166	1.38203	665	0	10
2026.01.29	03:30:00	1.38206	1.38264	1.38170	1.38248	761	0	10
2026.01.29	03:45:00	1.38248	1.38329	1.38238	1.38320	590	0	10
2026.01.29	04:00:00	1.38324	1.38358	1.38280	1.38298	713	0	10
2026.01.29	04:15:00	1.38298	1.38350	1.38238	1.38309	880	0	10
2026.01.29	04:30:00	1.38309	1.38355	1.38292	1.38305	656	0	10
2026.01.29	04:45:00	1.38305	1.38399	1.38305	1.38390	643	0	10
2026.01.29	05:00:00	1.38388	1.38435	1.38382	1.38396	540	0	10
2026.01.29	05:15:00	1.38396	1.38418	1.38352	1.38387	617	0	10
2026.01.29	05:30:00	1.38389	1.38424	1.38367	1.38400	615	0	10
2026.01.29	05:45:00	1.38400	1.38416	1.38361	1.38373	537	0	10
2026.01.29	06:00:00	1.38371	1.38382	1.38275	1.38308	765	0	10
2026.01.29	06:15:00	1.38307	1.38395	1.38300	1.38366	891	0	10
2026.01.29	06:30:00	1.38363	1.38399	1.38347	1.38380	732	0	10
2026.01.29	06:45:00	1.38379	1.38387	1.38344	1.38372	697	0	10
2026.01.29	07:00:00	1.38370	1.38477	1.38346	1.38385	1055	0	10
2026.01.29	07:15:00	1.38385	1.38435	1.38315	1.38327	1115	0	10
2026.01.29	07:30:00	1.38326	1.38341	1.38233	1.38277	1193	0	10
2026.01.29	07:45:00	1.38276	1.38324	1.38238	1.38311	975	0	10
2026.01.29	08:00:00	1.38309	1.38456	1.38277	1.38449	1418	0	10
2026.01.29	08:15:00	1.38446	1.38463	1.38354	1.38379	1384	0	10
2026.01.29	08:30:00	1.38377	1.38411	1.38210	1.38256	1504	0	10
2026.01.29	08:45:00	1.38258	1.38266	1.38136	1.38207	1417	0	10
2026.01.29	09:00:00	1.38208	1.38242	1.38155	1.38184	1132	0	10
2026.01.29	09:15:00	1.38186	1.38215	1.38114	1.38133	1077	0	10
2026.01.29	09:30:00	1.38132	1.38209	1.38115	1.38177	976	0	10
2026.01.29	09:45:00	1.38176	1.38177	1.37997	1.38033	988	0	10
2026.01.29	10:00:00	1.38031	1.38067	1.37991	1.38022	1040	0	10
2026.01.29	10:15:00	1.38024	1.38055	1.37964	1.38031	845	0	10
2026.01.29	10:30:00	1.38033	1.38050	1.37926	1.37960	967	0	10
2026.01.29	10:45:00	1.37961	1.37961	1.37806	1.37826	1130	0	10
2026.01.29	11:00:00	1.37829	1.37912	1.37801	1.37905	1124	0	10
2026.01.29	11:15:00	1.37905	1.37971	1.37872	1.37927	958	0	10
2026.01.29	11:30:00	1.37924	1.37974	1.37893	1.37945	815	0	10
2026.01.29	11:45:00	1.37947	1.37981	1.37906	1.37938	859	0	10
2026.01.29	12:00:00	1.37938	1.37985	1.37884	1.37969	890	0	10
2026.01.29	12:15:00	1.37969	1.38016	1.37936	1.38010	697	0	10
2026.01.29	12:30:00	1.38009	1.38015	1.37940	1.37963	869	0	10
2026.01.29	12:45:00	1.37963	1.38138	1.37955	1.38125	1226	0	10
2026.01.29	13:00:00	1.38127	1.38172	1.38088	1.38111	1203	0	10
2026.01.29	13:15:00	1.38112	1.38173	1.38084	1.38135	955	0	10
2026.01.29	13:30:00	1.38137	1.38181	1.38071	1.38139	1158	0	10
2026.01.29	13:45:00	1.38138	1.38157	1.37971	1.38056	1983	0	10
2026.01.29	14:00:00	1.38057	1.38260	1.38038	1.38257	1299	0	10
2026.01.29	14:15:00	1.38256	1.38323	1.38206	1.38266	1226	0	10
2026.01.29	14:30:00	1.38269	1.38337	1.38179	1.38317	1853	0	10
2026.01.29	14:45:00	1.38319	1.38320	1.38205	1.38258	1889	0	10
2026.01.29	15:00:00	1.38263	1.38270	1.37826	1.37861	2727	0	10
2026.01.29	15:15:00	1.37861	1.37861	1.37463	1.37512	5738	0	10
2026.01.29	15:30:00	1.37514	1.37727	1.37419	1.37431	5342	0	10
2026.01.29	15:45:00	1.37429	1.37658	1.37419	1.37632	4528	0	10
2026.01.29	16:00:00	1.37629	1.37794	1.37594	1.37731	2763	0	10
2026.01.29	16:15:00	1.37734	1.37800	1.37674	1.37748	2527	0	10
2026.01.29	16:30:00	1.37747	1.37960	1.37746	1.37882	2108	0	10
2026.01.29	16:45:00	1.37884	1.37989	1.37842	1.37919	1966	0	10
2026.01.29	17:00:00	1.37922	1.38034	1.37917	1.37962	1719	0	10
2026.01.29	17:15:00	1.37960	1.38054	1.37926	1.37997	1760	0	10
2026.01.29	17:30:00	1.37997	1.38072	1.37987	1.38058	1469	0	10
2026.01.29	17:45:00	1.38060	1.38060	1.37941	1.37971	1522	0	10
2026.01.29	18:00:00	1.37970	1.38010	1.37923	1.37964	1379	0	10
2026.01.29	18:15:00	1.37963	1.37969	1.37877	1.37924	1293	0	10
2026.01.29	18:30:00	1.37926	1.38046	1.37904	1.37991	1192	0	10
2026.01.29	18:45:00	1.37990	1.38042	1.37971	1.37971	965	0	10
2026.01.29	19:00:00	1.37970	1.38002	1.37917	1.37924	936	0	10
2026.01.29	19:15:00	1.37928	1.38002	1.37926	1.37976	846	0	10
2026.01.29	19:30:00	1.37976	1.37976	1.37915	1.37941	969	0	10
2026.01.29	19:45:00	1.37938	1.37963	1.37923	1.37926	835	0	10
2026.01.29	20:00:00	1.37928	1.37992	1.37878	1.37980	867	0	10
2026.01.29	20:15:00	1.37980	1.38005	1.37968	1.37984	537	0	10
2026.01.29	20:30:00	1.37984	1.38063	1.37979	1.38018	755	0	10
2026.01.29	20:45:00	1.38019	1.38082	1.38016	1.38043	643	0	10
2026.01.29	21:00:00	1.38045	1.38081	1.37988	1.38077	688	0	10
2026.01.29	21:15:00	1.38078	1.38094	1.38053	1.38087	407	0	10
2026.01.29	21:30:00	1.38084	1.38130	1.38078	1.38106	639	0	10
2026.01.29	21:45:00	1.38105	1.38136	1.38080	1.38098	538	0	7
2026.01.29	22:00:00	1.38097	1.38097	1.38001	1.38001	95	0	15
2026.01.29	22:15:00	1.38002	1.38005	1.37949	1.37953	210	0	130
2026.01.29	22:30:00	1.37950	1.38043	1.37950	1.38036	345	0	70
2026.01.29	22:45:00	1.38038	1.38046	1.38019	1.38046	388	0	70
2026.01.29	23:00:00	1.38047	1.38106	1.38047	1.38080	314	0	10
2026.01.29	23:15:00	1.38080	1.38139	1.38071	1.38120	315	0	10
2026.01.29	23:30:00	1.38121	1.38142	1.38101	1.38111	408	0	10
2026.01.29	23:45:00	1.38112	1.38116	1.38045	1.38077	364	0	10
2026.01.30	00:00:00	1.38078	1.38138	1.38063	1.38121	507	0	10
2026.01.30	00:15:00	1.38122	1.38128	1.37885	1.37929	1241	0	10
2026.01.30	00:30:00	1.37930	1.37948	1.37793	1.37798	1260	0	10
2026.01.30	00:45:00	1.37802	1.37829	1.37736	1.37771	1061	0	10
2026.01.30	01:00:00	1.37774	1.37789	1.37614	1.37666	1720	0	10
2026.01.30	01:15:00	1.37666	1.37774	1.37627	1.37702	1644	0	10
2026.01.30	01:30:00	1.37699	1.37798	1.37668	1.37754	1220	0	10
2026.01.30	01:45:00	1.37758	1.37761	1.37580	1.37608	1426	0	10
2026.01.30	02:00:00	1.37611	1.37619	1.37510	1.37565	2052	0	10
2026.01.30	02:15:00	1.37566	1.37666	1.37310	1.37460	2805	0	10
2026.01.30	02:30:00	1.37457	1.37529	1.37414	1.37478	1950	0	10
2026.01.30	02:45:00	1.37478	1.37623	1.37477	1.37617	1414	0	10
2026.01.30	03:00:00	1.37619	1.37626	1.37526	1.37546	1166	0	10
2026.01.30	03:15:00	1.37546	1.37609	1.37527	1.37572	903	0	10
2026.01.30	03:30:00	1.37570	1.37660	1.37484	1.37498	1034	0	10
2026.01.30	03:45:00	1.37498	1.37595	1.37474	1.37525	926	0	10
2026.01.30	04:00:00	1.37523	1.37671	1.37523	1.37632	812	0	10
2026.01.30	04:15:00	1.37631	1.37648	1.37515	1.37544	649	0	10
2026.01.30	04:30:00	1.37542	1.37589	1.37516	1.37517	670	0	10
2026.01.30	04:45:00	1.37518	1.37532	1.37479	1.37522	458	0	10
2026.01.30	05:00:00	1.37526	1.37604	1.37514	1.37602	727	0	10
2026.01.30	05:15:00	1.37601	1.37627	1.37527	1.37530	661	0	10
2026.01.30	05:30:00	1.37527	1.37541	1.37459	1.37469	926	0	10
2026.01.30	05:45:00	1.37472	1.37561	1.37469	1.37554	747	0	10
2026.01.30	06:00:00	1.37554	1.37637	1.37541	1.37591	1153	0	10
2026.01.30	06:15:00	1.37592	1.37624	1.37476	1.37488	1079	0	10
2026.01.30	06:30:00	1.37488	1.37600	1.37468	1.37492	1274	0	10
2026.01.30	06:45:00	1.37491	1.37503	1.37397	1.37503	1331	0	10
2026.01.30	07:00:00	1.37499	1.37601	1.37459	1.37509	1599	0	10
2026.01.30	07:15:00	1.37509	1.37590	1.37493	1.37551	1200	0	10
2026.01.30	07:30:00	1.37550	1.37618	1.37536	1.37618	1166	0	10
2026.01.30	07:45:00	1.37613	1.37827	1.37610	1.37693	1324	0	10
2026.01.30	08:00:00	1.37696	1.37798	1.37678	1.37745	1746	0	10
2026.01.30	08:15:00	1.37743	1.37799	1.37638	1.37651	1346	0	10
2026.01.30	08:30:00	1.37649	1.37689	1.37583	1.37649	1399	0	10
2026.01.30	08:45:00	1.37648	1.37729	1.37592	1.37640	1025	0	10
2026.01.30	09:00:00	1.37638	1.37673	1.37510	1.37519	1838	0	10
2026.01.30	09:15:00	1.37523	1.37539	1.37447	1.37459	1536	0	10
2026.01.30	09:30:00	1.37459	1.37529	1.37387	1.37399	1337	0	10
2026.01.30	09:45:00	1.37403	1.37418	1.37246	1.37332	1676	0	10
2026.01.30	10:00:00	1.37330	1.37481	1.37317	1.37470	1523	0	10
2026.01.30	10:15:00	1.37470	1.37477	1.37404	1.37441	1125	0	10
2026.01.30	10:30:00	1.37438	1.37487	1.37389	1.37402	1122	0	10
2026.01.30	10:45:00	1.37402	1.37506	1.37397	1.37479	1007	0	10
2026.01.30	11:00:00	1.37481	1.37615	1.37442	1.37599	991	0	10
2026.01.30	11:15:00	1.37599	1.37643	1.37550	1.37616	1209	0	10
2026.01.30	11:30:00	1.37616	1.37701	1.37607	1.37651	816	0	10
2026.01.30	11:45:00	1.37650	1.37797	1.37587	1.37785	1462	0	10
2026.01.30	12:00:00	1.37781	1.37874	1.37764	1.37850	1186	0	10
2026.01.30	12:15:00	1.37851	1.37851	1.37773	1.37784	1182	0	10
2026.01.30	12:30:00	1.37782	1.37808	1.37665	1.37665	1094	0	10
2026.01.30	12:45:00	1.37665	1.37677	1.37564	1.37619	1283	0	10
2026.01.30	13:00:00	1.37615	1.37673	1.37579	1.37642	1553	0	10
2026.01.30	13:15:00	1.37637	1.37637	1.37504	1.37549	1252	0	10
2026.01.30	13:30:00	1.37554	1.37559	1.37405	1.37519	2001	0	10
2026.01.30	13:45:00	1.37517	1.37517	1.37347	1.37443	1806	0	10
2026.01.30	14:00:00	1.37445	1.37538	1.37433	1.37478	1857	0	10
2026.01.30	14:15:00	1.37479	1.37574	1.37451	1.37481	1780	0	10
2026.01.30	14:30:00	1.37482	1.37544	1.37445	1.37509	1843	0	10
2026.01.30	14:45:00	1.37511	1.37577	1.37354	1.37390	1755	0	10
2026.01.30	15:00:00	1.37388	1.37434	1.37193	1.37259	2546	0	10
2026.01.30	15:15:00	1.37259	1.37358	1.37259	1.37312	2133	0	10
2026.01.30	15:30:00	1.37310	1.37395	1.37159	1.37354	2318	0	10
2026.01.30	15:45:00	1.37356	1.37362	1.37096	1.37192	3216	0	10
2026.01.30	16:00:00	1.37192	1.37296	1.37157	1.37244	2331	0	10
2026.01.30	16:15:00	1.37248	1.37251	1.37173	1.37190	1842	0	10
2026.01.30	16:30:00	1.37187	1.37247	1.37119	1.37220	1947	0	10
2026.01.30	16:45:00	1.37220	1.37291	1.37142	1.37267	1749	0	10
2026.01.30	17:00:00	1.37267	1.37279	1.37002	1.37029	1923	0	10
2026.01.30	17:15:00	1.37028	1.37161	1.36992	1.37129	1792	0	10
2026.01.30	17:30:00	1.37127	1.37141	1.37064	1.37118	1731	0	10
2026.01.30	17:45:00	1.37118	1.37137	1.37022	1.37089	1651	0	10
2026.01.30	18:00:00	1.37087	1.37101	1.36957	1.36980	1504	0	10
2026.01.30	18:15:00	1.36979	1.36995	1.36852	1.36882	1840	0	10
2026.01.30	18:30:00	1.36877	1.36960	1.36801	1.36953	1953	0	10
2026.01.30	18:45:00	1.36951	1.37157	1.36942	1.37110	1784	0	10
2026.01.30	19:00:00	1.37109	1.37183	1.37093	1.37100	1720	0	10
2026.01.30	19:15:00	1.37103	1.37105	1.37025	1.37027	1150	0	10
2026.01.30	19:30:00	1.37025	1.37081	1.36989	1.37061	1247	0	10
2026.01.30	19:45:00	1.37060	1.37062	1.36896	1.36977	1397	0	10
2026.01.30	20:00:00	1.36975	1.36979	1.36896	1.36908	1295	0	10
2026.01.30	20:15:00	1.36907	1.36911	1.36838	1.36853	1126	0	10
2026.01.30	20:30:00	1.36853	1.36917	1.36833	1.36913	1091	0	10
2026.01.30	20:45:00	1.36909	1.36933	1.36826	1.36826	1125	0	10
2026.01.30	21:00:00	1.36831	1.36861	1.36790	1.36857	1443	0	10
2026.01.30	21:15:00	1.36857	1.36883	1.36794	1.36815	999	0	10
2026.01.30	21:30:00	1.36818	1.36906	1.36796	1.36866	1085	0	10
2026.01.30	21:45:00	1.36865	1.36898	1.36818	1.36845	1618	0	10
2026.02.01	22:00:00	1.36770	1.36791	1.36745	1.36783	54	0	122
2026.02.01	22:15:00	1.36784	1.36833	1.36727	1.36784	152	0	71
2026.02.01	22:30:00	1.36784	1.36850	1.36737	1.36781	361	0	67
2026.02.01	22:45:00	1.36782	1.36818	1.36714	1.36814	324	0	51
2026.02.01	23:00:00	1.36839	1.36859	1.36613	1.36653	871	0	10
2026.02.01	23:15:00	1.36654	1.36742	1.36636	1.36728	1356	0	10
2026.02.01	23:30:00	1.36726	1.36908	1.36713	1.36816	1228	0	10
2026.02.01	23:45:00	1.36816	1.36857	1.36738	1.36756	1203	0	10
2026.02.02	00:00:00	1.36760	1.37054	1.36760	1.37024	1791	0	10
2026.02.02	00:15:00	1.37025	1.37039	1.36984	1.37017	1549	0	10
2026.02.02	00:30:00	1.37017	1.37050	1.36962	1.37005	1332	0	10
2026.02.02	00:45:00	1.37006	1.37011	1.36928	1.36999	1091	0	10
2026.02.02	01:00:00	1.37002	1.37002	1.36762	1.36788	2023	0	10
2026.02.02	01:15:00	1.36787	1.36885	1.36777	1.36873	1970	0	10
2026.02.02	01:30:00	1.36876	1.36938	1.36839	1.36912	1678	0	10
2026.02.02	01:45:00	1.36910	1.36951	1.36876	1.36929	1327	0	10
2026.02.02	02:00:00	1.36929	1.36995	1.36902	1.36909	1473	0	10
2026.02.02	02:15:00	1.36911	1.36967	1.36894	1.36894	1215	0	10
2026.02.02	02:30:00	1.36894	1.36986	1.36884	1.36976	1087	0	10
2026.02.02	02:45:00	1.36976	1.36976	1.36811	1.36820	1173	0	10
2026.02.02	03:00:00	1.36819	1.36882	1.36816	1.36833	1100	0	10
2026.02.02	03:15:00	1.36834	1.36924	1.36814	1.36867	888	0	10
2026.02.02	03:30:00	1.36868	1.36879	1.36783	1.36838	1073	0	10
2026.02.02	03:45:00	1.36838	1.36885	1.36815	1.36841	865	0	10
2026.02.02	04:00:00	1.36842	1.36878	1.36792	1.36833	1286	0	10
2026.02.02	04:15:00	1.36836	1.36864	1.36813	1.36818	782	0	10
2026.02.02	04:30:00	1.36817	1.36850	1.36765	1.36797	799	0	10
2026.02.02	04:45:00	1.36797	1.36832	1.36789	1.36823	642	0	10
2026.02.02	05:00:00	1.36818	1.36830	1.36773	1.36816	785	0	10
2026.02.02	05:15:00	1.36815	1.36826	1.36702	1.36716	790	0	10
2026.02.02	05:30:00	1.36717	1.36746	1.36673	1.36685	925	0	10
2026.02.02	05:45:00	1.36683	1.36720	1.36599	1.36720	1242	0	10
2026.02.02	06:00:00	1.36722	1.36757	1.36656	1.36710	1188	0	10
2026.02.02	06:15:00	1.36709	1.36720	1.36620	1.36653	1671	0	10
2026.02.02	06:30:00	1.36656	1.36716	1.36611	1.36715	1402	0	10
2026.02.02	06:45:00	1.36712	1.36758	1.36686	1.36754	1471	0	10
2026.02.02	07:00:00	1.36757	1.36864	1.36734	1.36789	1602	0	10
2026.02.02	07:15:00	1.36788	1.36850	1.36749	1.36845	1303	0	10
2026.02.02	07:30:00	1.36847	1.36850	1.36729	1.36809	1296	0	10
2026.02.02	07:45:00	1.36811	1.36886	1.36756	1.36791	1251	0	10
2026.02.02	08:00:00	1.36792	1.36905	1.36776	1.36890	1897	0	10
2026.02.02	08:15:00	1.36891	1.36937	1.36847	1.36927	1400	0	10
2026.02.02	08:30:00	1.36925	1.37009	1.36903	1.36930	1241	0	10
2026.02.02	08:45:00	1.36930	1.36947	1.36854	1.36922	1316	0	10
2026.02.02	09:00:00	1.36918	1.36946	1.36815	1.36902	1380	0	10
2026.02.02	09:15:00	1.36899	1.37001	1.36856	1.36970	1220	0	10
2026.02.02	09:30:00	1.36972	1.37026	1.36955	1.36992	1142	0	10
2026.02.02	09:45:00	1.36991	1.37105	1.36975	1.37087	1252	0	10
2026.02.02	10:00:00	1.37084	1.37130	1.37046	1.37128	1206	0	10
2026.02.02	10:15:00	1.37129	1.37148	1.37074	1.37099	1141	0	10
2026.02.02	10:30:00	1.37099	1.37107	1.36977	1.36984	1015	0	10
2026.02.02	10:45:00	1.36983	1.37058	1.36958	1.37015	1070	0	10
2026.02.02	11:00:00	1.37014	1.37036	1.36956	1.37009	1007	0	10
2026.02.02	11:15:00	1.37009	1.37087	1.36986	1.37080	852	0	10
2026.02.02	11:30:00	1.37079	1.37118	1.36976	1.36981	841	0	10
2026.02.02	11:45:00	1.36981	1.37010	1.36945	1.36998	882	0	10
2026.02.02	12:00:00	1.36997	1.37065	1.36928	1.36950	1111	0	10
2026.02.02	12:15:00	1.36947	1.36953	1.36878	1.36935	1019	0	10
2026.02.02	12:30:00	1.36934	1.36958	1.36856	1.36876	987	0	10
2026.02.02	12:45:00	1.36877	1.36928	1.36850	1.36877	1221	0	10
2026.02.02	13:00:00	1.36880	1.36882	1.36686	1.36740	1769	0	10
2026.02.02	13:15:00	1.36742	1.36745	1.36638	1.36658	1428	0	10
2026.02.02	13:30:00	1.36657	1.36671	1.36537	1.36579	1320	0	10
2026.02.02	13:45:00	1.36579	1.36617	1.36489	1.36511	1133	0	10
2026.02.02	14:00:00	1.36509	1.36545	1.36382	1.36392	1371	0	10
2026.02.02	14:15:00	1.36393	1.36401	1.36308	1.36386	1281	0	10
2026.02.02	14:30:00	1.36386	1.36627	1.36365	1.36602	1894	0	10
2026.02.02	14:45:00	1.36599	1.36767	1.36595	1.36677	1597	0	10
2026.02.02	15:00:00	1.36670	1.36670	1.36414	1.36516	2707	0	10
2026.02.02	15:15:00	1.36515	1.36612	1.36391	1.36537	1972	0	10
2026.02.02	15:30:00	1.36540	1.36575	1.36361	1.36370	2153	0	10
2026.02.02	15:45:00	1.36370	1.36385	1.36261	1.36274	2038	0	10
2026.02.02	16:00:00	1.36274	1.36488	1.36225	1.36459	1528	0	10
2026.02.02	16:15:00	1.36461	1.36527	1.36435	1.36512	1588	0	10
2026.02.02	16:30:00	1.36515	1.36566	1.36478	1.36543	1450	0	10
2026.02.02	16:45:00	1.36546	1.36552	1.36441	1.36523	1393	0	10
2026.02.02	17:00:00	1.36526	1.36624	1.36522	1.36617	1075	0	10
2026.02.02	17:15:00	1.36615	1.36625	1.36535	1.36577	983	0	10
2026.02.02	17:30:00	1.36574	1.36599	1.36497	1.36586	1107	0	10
2026.02.02	17:45:00	1.36586	1.36614	1.36536	1.36595	1039	0	10
2026.02.02	18:00:00	1.36595	1.36604	1.36481	1.36488	1065	0	10
2026.02.02	18:15:00	1.36488	1.36587	1.36477	1.36577	1097	0	10
2026.02.02	18:30:00	1.36578	1.36615	1.36532	1.36558	820	0	10
2026.02.02	18:45:00	1.36558	1.36580	1.36476	1.36494	818	0	10
2026.02.02	19:00:00	1.36498	1.36500	1.36445	1.36451	710	0	10
2026.02.02	19:15:00	1.36449	1.36470	1.36431	1.36459	581	0	10
2026.02.02	19:30:00	1.36458	1.36591	1.36442	1.36586	637	0	10
2026.02.02	19:45:00	1.36587	1.36613	1.36555	1.36586	689	0	10
2026.02.02	20:00:00	1.36587	1.36626	1.36545	1.36580	700	0	10
2026.02.02	20:15:00	1.36579	1.36587	1.36532	1.36577	607	0	10
2026.02.02	20:30:00	1.36578	1.36610	1.36562	1.36603	560	0	10
2026.02.02	20:45:00	1.36603	1.36676	1.36590	1.36655	684	0	10
2026.02.02	21:00:00	1.36658	1.36680	1.36650	1.36676	444	0	10
2026.02.02	21:15:00	1.36676	1.36677	1.36653	1.36658	195	0	10
2026.02.02	21:30:00	1.36659	1.36673	1.36654	1.36667	200	0	10
2026.02.02	21:45:00	1.36667	1.36687	1.36638	1.36658	427	0	7
2026.02.02	22:00:00	1.36655	1.36657	1.36618	1.36620	87	0	59
2026.02.02	22:15:00	1.36621	1.36625	1.36612	1.36617	153	0	84
2026.02.02	22:30:00	1.36619	1.36639	1.36611	1.36625	418	0	55
2026.02.02	22:45:00	1.36626	1.36648	1.36620	1.36640	205	0	45
2026.02.02	23:00:00	1.36646	1.36682	1.36592	1.36658	332	0	10
2026.02.02	23:15:00	1.36658	1.36698	1.36658	1.36679	275	0	10
2026.02.02	23:30:00	1.36679	1.36719	1.36671	1.36690	249	0	10
2026.02.02	23:45:00	1.36691	1.36729	1.36671	1.36727	271	0	10
2026.02.03	00:00:00	1.36726	1.36743	1.36704	1.36737	421	0	10
2026.02.03	00:15:00	1.36736	1.36780	1.36726	1.36767	459	0	10
2026.02.03	00:30:00	1.36768	1.36794	1.36741	1.36746	478	0	10
2026.02.03	00:45:00	1.36746	1.36802	1.36737	1.36796	483	0	10
2026.02.03	01:00:00	1.36797	1.36809	1.36738	1.36806	773	0	10
2026.02.03	01:15:00	1.36807	1.36835	1.36785	1.36806	656	0	10
2026.02.03	01:30:00	1.36806	1.36851	1.36805	1.36841	594	0	10
2026.02.03	01:45:00	1.36842	1.36858	1.36807	1.36856	514	0	10
2026.02.03	02:00:00	1.36856	1.36859	1.36805	1.36817	633	0	10
2026.02.03	02:15:00	1.36818	1.36818	1.36765	1.36766	485	0	10
2026.02.03	02:30:00	1.36768	1.36780	1.36740	1.36743	525	0	10
2026.02.03	02:45:00	1.36741	1.36750	1.36710	1.36724	505	0	10
2026.02.03	03:00:00	1.36724	1.36750	1.36706	1.36720	465	0	10
2026.02.03	03:15:00	1.36720	1.36758	1.36716	1.36750	471	0	10
2026.02.03	03:30:00	1.36748	1.36882	1.36741	1.36875	1100	0	10
2026.02.03	03:45:00	1.36875	1.36884	1.36834	1.36844	729	0	10
2026.02.03	04:00:00	1.36842	1.36910	1.36842	1.36895	587	0	10
2026.02.03	04:15:00	1.36896	1.36939	1.36889	1.36915	486	0	10
2026.02.03	04:30:00	1.36917	1.36937	1.36875	1.36883	495	0	10
2026.02.03	04:45:00	1.36883	1.36902	1.36857	1.36871	472	0	10
2026.02.03	05:00:00	1.36870	1.36915	1.36844	1.36846	554	0	10
2026.02.03	05:15:00	1.36846	1.36898	1.36827	1.36895	475	0	10
2026.02.03	05:30:00	1.36895	1.36917	1.36885	1.36892	567	0	10
2026.02.03	05:45:00	1.36892	1.36919	1.36881	1.36891	476	0	10
2026.02.03	06:00:00	1.36891	1.36968	1.36884	1.36957	591	0	10
2026.02.03	06:15:00	1.36958	1.37007	1.36953	1.37001	501	0	10
2026.02.03	06:30:00	1.37001	1.37001	1.36922	1.36965	814	0	10
2026.02.03	06:45:00	1.36965	1.36965	1.36907	1.36927	785	0	10
2026.02.03	07:00:00	1.36924	1.36956	1.36877	1.36933	1066	0	10
2026.02.03	07:15:00	1.36931	1.36931	1.36828	1.36876	1052	0	10
2026.02.03	07:30:00	1.36876	1.37064	1.36868	1.37029	1099	0	10
2026.02.03	07:45:00	1.37028	1.37055	1.36964	1.36964	866	0	10
2026.02.03	08:00:00	1.36962	1.36996	1.36905	1.36912	991	0	10
2026.02.03	08:15:00	1.36914	1.36927	1.36763	1.36847	1097	0	10
2026.02.03	08:30:00	1.36847	1.36900	1.36795	1.36859	1003	0	10
2026.02.03	08:45:00	1.36856	1.36906	1.36807	1.36854	843	0	10
2026.02.03	09:00:00	1.36854	1.36887	1.36764	1.36795	1120	0	10
2026.02.03	09:15:00	1.36795	1.36910	1.36759	1.36820	1251	0	10
2026.02.03	09:30:00	1.36817	1.36831	1.36754	1.36804	1052	0	10
2026.02.03	09:45:00	1.36804	1.36809	1.36661	1.36666	1002	0	10
2026.02.03	10:00:00	1.36668	1.36735	1.36664	1.36707	956	0	10
2026.02.03	10:15:00	1.36708	1.36721	1.36612	1.36664	764	0	10
2026.02.03	10:30:00	1.36665	1.36668	1.36604	1.36609	705	0	10
2026.02.03	10:45:00	1.36608	1.36614	1.36546	1.36551	721	0	10
2026.02.03	11:00:00	1.36550	1.36617	1.36507	1.36588	798	0	10
2026.02.03	11:15:00	1.36587	1.36590	1.36528	1.36568	776	0	10
2026.02.03	11:30:00	1.36569	1.36621	1.36535	1.36600	675	0	10
2026.02.03	11:45:00	1.36599	1.36603	1.36501	1.36501	660	0	10
2026.02.03	12:00:00	1.36500	1.36640	1.36500	1.36591	911	0	10
2026.02.03	12:15:00	1.36590	1.36655	1.36584	1.36635	743	0	10
2026.02.03	12:30:00	1.36633	1.36732	1.36628	1.36732	678	0	10
2026.02.03	12:45:00	1.36732	1.36829	1.36727	1.36813	935	0	10
2026.02.03	13:00:00	1.36810	1.36893	1.36790	1.36877	1026	0	10
2026.02.03	13:15:00	1.36877	1.36892	1.36724	1.36728	1008	0	10
2026.02.03	13:30:00	1.36727	1.36809	1.36706	1.36769	813	0	10
2026.02.03	13:45:00	1.36770	1.36819	1.36695	1.36697	1009	0	10
2026.02.03	14:00:00	1.36701	1.36701	1.36560	1.36634	1224	0	10
2026.02.03	14:15:00	1.36631	1.36696	1.36578	1.36681	999	0	10
2026.02.03	14:30:00	1.36680	1.36811	1.36668	1.36794	1468	0	10
2026.02.03	14:45:00	1.36793	1.36845	1.36681	1.36681	1256	0	10
2026.02.03	15:00:00	1.36681	1.36814	1.36636	1.36779	1328	0	10
2026.02.03	15:15:00	1.36779	1.36970	1.36773	1.36954	1394	0	10
2026.02.03	15:30:00	1.36952	1.36972	1.36881	1.36951	1381	0	10
2026.02.03	15:45:00	1.36950	1.37041	1.36903	1.37029	1440	0	10
2026.02.03	16:00:00	1.37030	1.37066	1.36971	1.37013	1223	0	10
2026.02.03	16:15:00	1.37012	1.37051	1.36935	1.36944	1080	0	10
2026.02.03	16:30:00	1.36946	1.37019	1.36941	1.37001	1116	0	10
2026.02.03	16:45:00	1.36998	1.37020	1.36926	1.36987	1039	0	10
2026.02.03	17:00:00	1.36989	1.37037	1.36924	1.36966	1149	0	10
2026.02.03	17:15:00	1.36965	1.37071	1.36956	1.36995	1296	0	10
2026.02.03	17:30:00	1.36992	1.37031	1.36944	1.36954	797	0	10
2026.02.03	17:45:00	1.36950	1.36996	1.36937	1.36955	879	0	10
2026.02.03	18:00:00	1.36953	1.37018	1.36886	1.36901	965	0	10
2026.02.03	18:15:00	1.36900	1.36942	1.36852	1.36882	934	0	10
2026.02.03	18:30:00	1.36879	1.36888	1.36767	1.36806	829	0	10
2026.02.03	18:45:00	1.36803	1.36832	1.36765	1.36772	968	0	10
2026.02.03	19:00:00	1.36770	1.36840	1.36729	1.36828	930	0	10
2026.02.03	19:15:00	1.36828	1.36851	1.36796	1.36839	848	0	10
2026.02.03	19:30:00	1.36842	1.36895	1.36827	1.36862	734	0	10
2026.02.03	19:45:00	1.36864	1.36912	1.36841	1.36876	687	0	10
2026.02.03	20:00:00	1.36877	1.36891	1.36835	1.36888	685	0	10
2026.02.03	20:15:00	1.36888	1.36906	1.36855	1.36860	596	0	10
2026.02.03	20:30:00	1.36859	1.36953	1.36859	1.36918	601	0	10
2026.02.03	20:45:00	1.36915	1.36992	1.36911	1.36956	626	0	10
2026.02.03	21:00:00	1.36954	1.37009	1.36947	1.37002	469	0	10
2026.02.03	21:15:00	1.37003	1.37019	1.36990	1.37000	239	0	10
2026.02.03	21:30:00	1.36998	1.37010	1.36991	1.36991	137	0	10
2026.02.03	21:45:00	1.36991	1.37016	1.36956	1.36967	444	0	4
2026.02.03	22:00:00	1.36967	1.36972	1.36925	1.36925	118	0	18
2026.02.03	22:15:00	1.36924	1.36938	1.36919	1.36928	296	0	57
2026.02.03	22:30:00	1.36928	1.36954	1.36928	1.36929	297	0	42
2026.02.03	22:45:00	1.36930	1.36963	1.36924	1.36926	246	0	62
2026.02.03	23:00:00	1.36954	1.37015	1.36954	1.36987	207	0	10
2026.02.03	23:15:00	1.36985	1.36994	1.36918	1.36921	306	0	10
2026.02.03	23:30:00	1.36921	1.36956	1.36913	1.36952	298	0	10
2026.02.03	23:45:00	1.36952	1.36975	1.36946	1.36966	242	0	10
2026.02.04	00:00:00	1.36966	1.36971	1.36905	1.36945	496	0	10
2026.02.04	00:15:00	1.36947	1.36976	1.36933	1.36957	376	0	10
2026.02.04	00:30:00	1.36954	1.36958	1.36930	1.36955	470	0	10
2026.02.04	00:45:00	1.36955	1.36959	1.36913	1.36935	490	0	10
2026.02.04	01:00:00	1.36934	1.37009	1.36907	1.36993	753	0	10
2026.02.04	01:15:00	1.36993	1.37098	1.36985	1.37064	744	0	10
2026.02.04	01:30:00	1.37065	1.37075	1.37009	1.37059	567	0	10
2026.02.04	01:45:00	1.37059	1.37098	1.37031	1.37062	585	0	10
2026.02.04	02:00:00	1.37065	1.37123	1.37043	1.37062	605	0	10
2026.02.04	02:15:00	1.37062	1.37071	1.37027	1.37037	524	0	10
2026.02.04	02:30:00	1.37035	1.37048	1.37014	1.37039	518	0	10
2026.02.04	02:45:00	1.37040	1.37048	1.36973	1.36999	462	0	10
2026.02.04	03:00:00	1.37000	1.37039	1.36996	1.37006	507	0	10
2026.02.04	03:15:00	1.37005	1.37009	1.36962	1.36988	484	0	10
2026.02.04	03:30:00	1.36985	1.37000	1.36962	1.36980	423	0	10
2026.02.04	03:45:00	1.36980	1.37049	1.36978	1.37039	499	0	10
2026.02.04	04:00:00	1.37039	1.37093	1.37026	1.37087	412	0	10
2026.02.04	04:15:00	1.37087	1.37092	1.37065	1.37083	349	0	10
2026.02.04	04:30:00	1.37084	1.37121	1.37081	1.37085	314	0	10
2026.02.04	04:45:00	1.37088	1.37166	1.37076	1.37155	403	0	10
2026.02.04	05:00:00	1.37154	1.37168	1.37131	1.37144	372	0	10
2026.02.04	05:15:00	1.37144	1.37163	1.37113	1.37158	416	0	10
2026.02.04	05:30:00	1.37158	1.37190	1.37146	1.37184	381	0	10
2026.02.04	05:45:00	1.37184	1.37195	1.37134	1.37145	468	0	10
2026.02.04	06:00:00	1.37145	1.37212	1.37135	1.37212	527	0	10
2026.02.04	06:15:00	1.37212	1.37214	1.37159	1.37176	548	0	10
2026.02.04	06:30:00	1.37178	1.37199	1.37146	1.37155	540	0	10
2026.02.04	06:45:00	1.37156	1.37190	1.37121	1.37126	466	0	10
2026.02.04	07:00:00	1.37126	1.37186	1.37084	1.37088	837	0	10
2026.02.04	07:15:00	1.37090	1.37149	1.37068	1.37086	620	0	10
2026.02.04	07:30:00	1.37083	1.37121	1.37055	1.37110	629	0	10
2026.02.04	07:45:00	1.37110	1.37174	1.37107	1.37153	648	0	10
2026.02.04	08:00:00	1.37150	1.37328	1.37112	1.37282	1142	0	10
2026.02.04	08:15:00	1.37280	1.37290	1.37221	1.37268	821	0	10
2026.02.04	08:30:00	1.37269	1.37276	1.37175	1.37244	832	0	10
2026.02.04	08:45:00	1.37244	1.37319	1.37194	1.37287	755	0	10
2026.02.04	09:00:00	1.37287	1.37330	1.37230	1.37292	812	0	10
2026.02.04	09:15:00	1.37290	1.37293	1.37159	1.37171	741	0	10
2026.02.04	09:30:00	1.37168	1.37168	1.37025	1.37087	829	0	10
2026.02.04	09:45:00	1.37084	1.37095	1.37006	1.37083	734	0	10
2026.02.04	10:00:00	1.37082	1.37117	1.37057	1.37062	622	0	10
2026.02.04	10:15:00	1.37062	1.37079	1.36945	1.36993	709	0	10
2026.02.04	10:30:00	1.36993	1.37061	1.36943	1.37048	758	0	10
2026.02.04	10:45:00	1.37048	1.37156	1.37039	1.37156	749	0	10
2026.02.04	11:00:00	1.37157	1.37158	1.37044	1.37044	799	0	10
2026.02.04	11:15:00	1.37047	1.37089	1.37011	1.37056	700	0	10
2026.02.04	11:30:00	1.37054	1.37161	1.37048	1.37048	716	0	10
2026.02.04	11:45:00	1.37052	1.37105	1.37016	1.37085	844	0	10
2026.02.04	12:00:00	1.37084	1.37120	1.37054	1.37067	737	0	10
2026.02.04	12:15:00	1.37069	1.37185	1.37069	1.37177	581	0	10
2026.02.04	12:30:00	1.37177	1.37219	1.37174	1.37214	612	0	10
2026.02.04	12:45:00	1.37213	1.37242	1.37181	1.37195	696	0	10
2026.02.04	13:00:00	1.37195	1.37208	1.37137	1.37171	812	0	10
2026.02.04	13:15:00	1.37161	1.37287	1.37106	1.37111	1116	0	10
2026.02.04	13:30:00	1.37111	1.37163	1.37016	1.37124	1205	0	10
2026.02.04	13:45:00	1.37127	1.37233	1.37108	1.37130	1097	0	10
2026.02.04	14:00:00	1.37130	1.37175	1.36856	1.36929	1842	0	10
2026.02.04	14:15:00	1.36929	1.37003	1.36917	1.36962	1042	0	10
2026.02.04	14:30:00	1.36958	1.36995	1.36896	1.36940	1784	0	10
2026.02.04	14:45:00	1.36941	1.37001	1.36872	1.36876	1337	0	10
2026.02.04	15:00:00	1.36873	1.36950	1.36768	1.36923	2149	0	10
2026.02.04	15:15:00	1.36925	1.36934	1.36754	1.36792	1687	0	10
2026.02.04	15:30:00	1.36796	1.36802	1.36609	1.36731	1901	0	10
2026.02.04	15:45:00	1.36735	1.36754	1.36630	1.36638	1545	0	10
2026.02.04	16:00:00	1.36638	1.36640	1.36464	1.36486	1469	0	10
2026.02.04	16:15:00	1.36489	1.36560	1.36433	1.36548	1213	0	10
2026.02.04	16:30:00	1.36548	1.36573	1.36434	1.36458	1229	0	10
2026.02.04	16:45:00	1.36459	1.36593	1.36425	1.36569	1370	0	10
2026.02.04	17:00:00	1.36569	1.36668	1.36542	1.36668	1139	0	10
2026.02.04	17:15:00	1.36670	1.36719	1.36607	1.36660	1373	0	10
2026.02.04	17:30:00	1.36660	1.36660	1.36503	1.36509	1514	0	10
2026.02.04	17:45:00	1.36507	1.36552	1.36440	1.36461	1148	0	10
2026.02.04	18:00:00	1.36458	1.36479	1.36424	1.36437	1019	0	10
2026.02.04	18:15:00	1.36439	1.36516	1.36418	1.36487	801	0	10
2026.02.04	18:30:00	1.36487	1.36537	1.36463	1.36511	887	0	10
2026.02.04	18:45:00	1.36515	1.36549	1.36495	1.36499	827	0	10
2026.02.04	19:00:00	1.36501	1.36520	1.36434	1.36479	1048	0	10
2026.02.04	19:15:00	1.36480	1.36510	1.36442	1.36477	757	0	10
2026.02.04	19:30:00	1.36476	1.36549	1.36476	1.36530	611	0	10
2026.02.04	19:45:00	1.36530	1.36628	1.36527	1.36625	910	0	10
2026.02.04	20:00:00	1.36621	1.36634	1.36583	1.36607	583	0	10
2026.02.04	20:15:00	1.36608	1.36617	1.36533	1.36533	430	0	10
2026.02.04	20:30:00	1.36534	1.36561	1.36504	1.36505	506	0	10
2026.02.04	20:45:00	1.36505	1.36533	1.36475	1.36506	482	0	10
2026.02.04	21:00:00	1.36503	1.36542	1.36491	1.36535	361	0	10
2026.02.04	21:15:00	1.36535	1.36563	1.36523	1.36563	264	0	10
2026.02.04	21:30:00	1.36564	1.36564	1.36514	1.36537	461	0	10
2026.02.04	21:45:00	1.36537	1.36537	1.36487	1.36508	460	0	2
2026.02.04	22:00:00	1.36507	1.36523	1.36473	1.36489	144	0	15
2026.02.04	22:15:00	1.36491	1.36506	1.36488	1.36503	180	0	31
2026.02.04	22:30:00	1.36503	1.36504	1.36460	1.36480	336	0	35
2026.02.04	22:45:00	1.36480	1.36502	1.36473	1.36496	240	0	49
2026.02.04	23:00:00	1.36505	1.36519	1.36478	1.36494	470	0	10
2026.02.04	23:15:00	1.36495	1.36499	1.36450	1.36457	305	0	10
2026.02.04	23:30:00	1.36457	1.36494	1.36456	1.36487	273	0	10
2026.02.04	23:45:00	1.36487	1.36494	1.36424	1.36456	285	0	10
2026.02.05	00:00:00	1.36457	1.36472	1.36437	1.36460	459	0	10
2026.02.05	00:15:00	1.36458	1.36488	1.36455	1.36481	356	0	10
2026.02.05	00:30:00	1.36481	1.36490	1.36463	1.36487	278	0	10
2026.02.05	00:45:00	1.36487	1.36519	1.36485	1.36516	400	0	10
2026.02.05	01:00:00	1.36518	1.36537	1.36506	1.36518	545	0	10
2026.02.05	01:15:00	1.36517	1.36523	1.36439	1.36455	722	0	10
2026.02.05	01:30:00	1.36454	1.36507	1.36443	1.36470	491	0	10
2026.02.05	01:45:00	1.36471	1.36489	1.36457	1.36479	436	0	10
2026.02.05	02:00:00	1.36479	1.36482	1.36325	1.36346	775	0	10
2026.02.05	02:15:00	1.36346	1.36358	1.36281	1.36326	975	0	10
2026.02.05	02:30:00	1.36323	1.36398	1.36323	1.36339	652	0	10
2026.02.05	02:45:00	1.36339	1.36340	1.36194	1.36207	940	0	10
2026.02.05	03:00:00	1.36210	1.36268	1.36187	1.36241	843	0	10
2026.02.05	03:15:00	1.36240	1.36299	1.36222	1.36259	623	0	10
2026.02.05	03:30:00	1.36257	1.36268	1.36205	1.36246	623	0	10
2026.02.05	03:45:00	1.36246	1.36252	1.36204	1.36245	563	0	10
2026.02.05	04:00:00	1.36248	1.36268	1.36220	1.36238	382	0	10
2026.02.05	04:15:00	1.36238	1.36277	1.36231	1.36276	392	0	10
2026.02.05	04:30:00	1.36277	1.36278	1.36256	1.36278	300	0	10
2026.02.05	04:45:00	1.36276	1.36286	1.36245	1.36250	370	0	10
2026.02.05	05:00:00	1.36248	1.36262	1.36223	1.36227	440	0	10
2026.02.05	05:15:00	1.36226	1.36229	1.36181	1.36211	325	0	10
2026.02.05	05:30:00	1.36211	1.36237	1.36186	1.36207	434	0	10
2026.02.05	05:45:00	1.36207	1.36223	1.36158	1.36198	439	0	10
2026.02.05	06:00:00	1.36197	1.36200	1.36103	1.36111	605	0	10
2026.02.05	06:15:00	1.36111	1.36139	1.36063	1.36105	754	0	10
2026.02.05	06:30:00	1.36105	1.36158	1.36073	1.36138	655	0	10
2026.02.05	06:45:00	1.36139	1.36183	1.36118	1.36176	570	0	10
2026.02.05	07:00:00	1.36174	1.36284	1.36165	1.36185	855	0	10
2026.02.05	07:15:00	1.36183	1.36227	1.36163	1.36212	834	0	10
2026.02.05	07:30:00	1.36209	1.36268	1.36156	1.36214	1086	0	10
2026.02.05	07:45:00	1.36215	1.36290	1.36182	1.36198	1018	0	10
2026.02.05	08:00:00	1.36196	1.36325	1.36188	1.36239	1388	0	10
2026.02.05	08:15:00	1.36240	1.36278	1.36209	1.36231	1076	0	10
2026.02.05	08:30:00	1.36228	1.36236	1.36117	1.36138	1057	0	10
2026.02.05	08:45:00	1.36138	1.36138	1.35985	1.36028	897	0	10
2026.02.05	09:00:00	1.36026	1.36038	1.35787	1.35787	1312	0	10
2026.02.05	09:15:00	1.35788	1.35865	1.35761	1.35784	969	0	10
2026.02.05	09:30:00	1.35786	1.35838	1.35562	1.35583	1321	0	10
2026.02.05	09:45:00	1.35583	1.35675	1.35562	1.35652	1090	0	10
2026.02.05	10:00:00	1.35652	1.35786	1.35613	1.35783	987	0	10
2026.02.05	10:15:00	1.35784	1.35837	1.35704	1.35832	763	0	10
2026.02.05	10:30:00	1.35835	1.35968	1.35825	1.35952	1005	0	10
2026.02.05	10:45:00	1.35955	1.35958	1.35831	1.35870	834	0	10
2026.02.05	11:00:00	1.35869	1.35904	1.35806	1.35899	828	0	10
2026.02.05	11:15:00	1.35900	1.36090	1.35900	1.36056	906	0	10
2026.02.05	11:30:00	1.36056	1.36089	1.35946	1.35978	948	0	10
2026.02.05	11:45:00	1.35974	1.36148	1.35965	1.36120	934	0	10
2026.02.05	12:00:00	1.36126	1.36126	1.35471	1.35638	3829	0	10
2026.02.05	12:15:00	1.35637	1.35682	1.35401	1.35662	2272	0	10
2026.02.05	12:30:00	1.35660	1.35765	1.35585	1.35683	2857	0	10
2026.02.05	12:45:00	1.35680	1.35841	1.35670	1.35813	2330	0	10
2026.02.05	13:00:00	1.35809	1.35880	1.35664	1.35717	2189	0	10
2026.02.05	13:15:00	1.35720	1.35907	1.35703	1.35870	1743	0	10
2026.02.05	13:30:00	1.35872	1.35946	1.35741	1.35744	1987	0	10
2026.02.05	13:45:00	1.35742	1.35899	1.35699	1.35850	1928	0	10
2026.02.05	14:00:00	1.35846	1.35889	1.35667	1.35759	2780	0	10
2026.02.05	14:15:00	1.35760	1.35808	1.35620	1.35659	1672	0	10
2026.02.05	14:30:00	1.35663	1.35779	1.35642	1.35670	2235	0	10
2026.02.05	14:45:00	1.35674	1.35727	1.35334	1.35367	2676	0	10
2026.02.05	15:00:00	1.35366	1.35555	1.35350	1.35528	3087	0	10
2026.02.05	15:15:00	1.35530	1.35566	1.35301	1.35348	2117	0	10
2026.02.05	15:30:00	1.35349	1.35377	1.35266	1.35296	2233	0	10
2026.02.05	15:45:00	1.35298	1.35322	1.35209	1.35278	1962	0	10
2026.02.05	16:00:00	1.35277	1.35298	1.35170	1.35245	1816	0	10
2026.02.05	16:15:00	1.35247	1.35398	1.35234	1.35385	1498	0	10
2026.02.05	16:30:00	1.35389	1.35497	1.35379	1.35497	1445	0	10
2026.02.05	16:45:00	1.35498	1.35558	1.35444	1.35496	1382	0	10
2026.02.05	17:00:00	1.35496	1.35496	1.35394	1.35429	1085	0	10
2026.02.05	17:15:00	1.35433	1.35561	1.35423	1.35547	1048	0	10
2026.02.05	17:30:00	1.35549	1.35569	1.35480	1.35539	1044	0	10
2026.02.05	17:45:00	1.35542	1.35572	1.35452	1.35506	970	0	10
2026.02.05	18:00:00	1.35506	1.35568	1.35506	1.35519	809	0	10
2026.02.05	18:15:00	1.35518	1.35529	1.35442	1.35452	754	0	10
2026.02.05	18:30:00	1.35448	1.35525	1.35434	1.35456	641	0	10
2026.02.05	18:45:00	1.35456	1.35458	1.35375	1.35423	613	0	10
2026.02.05	19:00:00	1.35423	1.35490	1.35414	1.35474	691	0	10
2026.02.05	19:15:00	1.35474	1.35496	1.35443	1.35467	548	0	10
2026.02.05	19:30:00	1.35467	1.35476	1.35423	1.35436	711	0	10
2026.02.05	19:45:00	1.35436	1.35518	1.35430	1.35483	642	0	10
2026.02.05	20:00:00	1.35484	1.35515	1.35434	1.35485	675	0	10
2026.02.05	20:15:00	1.35485	1.35513	1.35473	1.35498	587	0	10
2026.02.05	20:30:00	1.35500	1.35500	1.35402	1.35407	513	0	10
2026.02.05	20:45:00	1.35407	1.35420	1.35372	1.35384	700	0	10
2026.02.05	21:00:00	1.35381	1.35398	1.35337	1.35350	480	0	10
2026.02.05	21:15:00	1.35350	1.35359	1.35323	1.35341	317	0	10
2026.02.05	21:30:00	1.35345	1.35354	1.35261	1.35286	410	0	10
2026.02.05	21:45:00	1.35286	1.35327	1.35247	1.35281	553	0	10
2026.02.05	22:00:00	1.35280	1.35300	1.35267	1.35289	127	0	40
2026.02.05	22:15:00	1.35291	1.35291	1.35245	1.35279	224	0	73
2026.02.05	22:30:00	1.35277	1.35298	1.35264	1.35287	185	0	55
2026.02.05	22:45:00	1.35287	1.35306	1.35265	1.35306	240	0	64
2026.02.05	23:00:00	1.35313	1.35351	1.35255	1.35255	266	0	10
2026.02.05	23:15:00	1.35258	1.35264	1.35202	1.35223	419	0	10
2026.02.05	23:30:00	1.35223	1.35258	1.35205	1.35247	384	0	10
2026.02.05	23:45:00	1.35247	1.35259	1.35203	1.35208	390	0	10
2026.02.06	00:00:00	1.35209	1.35245	1.35130	1.35134	686	0	10
2026.02.06	00:15:00	1.35133	1.35197	1.35080	1.35194	755	0	10
2026.02.06	00:30:00	1.35194	1.35251	1.35175	1.35241	565	0	10
2026.02.06	00:45:00	1.35245	1.35304	1.35234	1.35295	542	0	10
2026.02.06	01:00:00	1.35293	1.35326	1.35254	1.35310	906	0	10
2026.02.06	01:15:00	1.35310	1.35318	1.35246	1.35296	665	0	10
2026.02.06	01:30:00	1.35296	1.35364	1.35275	1.35344	677	0	10
2026.02.06	01:45:00	1.35345	1.35426	1.35338	1.35395	712	0	10
2026.02.06	02:00:00	1.35399	1.35453	1.35396	1.35435	674	0	10
2026.02.06	02:15:00	1.35435	1.35484	1.35405	1.35475	536	0	10
2026.02.06	02:30:00	1.35474	1.35497	1.35452	1.35456	486	0	10
2026.02.06	02:45:00	1.35457	1.35477	1.35424	1.35452	458	0	10
2026.02.06	03:00:00	1.35450	1.35480	1.35447	1.35466	390	0	10
2026.02.06	03:15:00	1.35466	1.35488	1.35439	1.35465	340	0	10
2026.02.06	03:30:00	1.35464	1.35483	1.35432	1.35450	463	0	10
2026.02.06	03:45:00	1.35450	1.35476	1.35445	1.35460	359	0	10
2026.02.06	04:00:00	1.35463	1.35526	1.35447	1.35519	398	0	10
2026.02.06	04:15:00	1.35520	1.35533	1.35486	1.35512	303	0	10
2026.02.06	04:30:00	1.35514	1.35594	1.35501	1.35575	512	0	10
2026.02.06	04:45:00	1.35574	1.35594	1.35544	1.35591	422	0	10
2026.02.06	05:00:00	1.35591	1.35626	1.35576	1.35623	442	0	10
2026.02.06	05:15:00	1.35625	1.35649	1.35614	1.35637	422	0	10
2026.02.06	05:30:00	1.35634	1.35649	1.35614	1.35631	428	0	10
2026.02.06	05:45:00	1.35632	1.35695	1.35627	1.35687	402	0	10
2026.02.06	06:00:00	1.35685	1.35771	1.35675	1.35741	674	0	10
2026.02.06	06:15:00	1.35742	1.35768	1.35727	1.35755	514	0	10
2026.02.06	06:30:00	1.35755	1.35780	1.35697	1.35730	532	0	10
2026.02.06	06:45:00	1.35731	1.35733	1.35668	1.35712	543	0	10
2026.02.06	07:00:00	1.35714	1.35736	1.35630	1.35637	704	0	10
2026.02.06	07:15:00	1.35636	1.35762	1.35636	1.35727	718	0	10
2026.02.06	07:30:00	1.35726	1.35786	1.35653	1.35677	698	0	10
2026.02.06	07:45:00	1.35677	1.35682	1.35640	1.35660	577	0	10
2026.02.06	08:00:00	1.35662	1.35700	1.35600	1.35665	1128	0	10
2026.02.06	08:15:00	1.35665	1.35712	1.35619	1.35632	897	0	10
2026.02.06	08:30:00	1.35634	1.35678	1.35614	1.35619	847	0	10
2026.02.06	08:45:00	1.35624	1.35721	1.35576	1.35678	848	0	10
2026.02.06	09:00:00	1.35679	1.35728	1.35655	1.35669	934	0	10
2026.02.06	09:15:00	1.35667	1.35757	1.35656	1.35755	835	0	10
2026.02.06	09:30:00	1.35755	1.35807	1.35751	1.35798	790	0	10
2026.02.06	09:45:00	1.35798	1.35821	1.35762	1.35766	709	0	10
2026.02.06	10:00:00	1.35765	1.35837	1.35760	1.35808	571	0	10
2026.02.06	10:15:00	1.35807	1.35817	1.35722	1.35722	592	0	10
2026.02.06	10:30:00	1.35722	1.35777	1.35712	1.35764	551	0	10
2026.02.06	10:45:00	1.35765	1.35796	1.35724	1.35760	588	0	10
2026.02.06	11:00:00	1.35757	1.35824	1.35752	1.35819	698	0	10
2026.02.06	11:15:00	1.35818	1.35917	1.35763	1.35888	692	0	10
2026.02.06	11:30:00	1.35887	1.35916	1.35846	1.35866	482	0	10
2026.02.06	11:45:00	1.35867	1.35906	1.35822	1.35839	678	0	10
2026.02.06	12:00:00	1.35839	1.35922	1.35829	1.35886	716	0	10
2026.02.06	12:15:00	1.35886	1.35909	1.35871	1.35907	523	0	10
2026.02.06	12:30:00	1.35906	1.35943	1.35884	1.35892	639	0	10
2026.02.06	12:45:00	1.35893	1.35943	1.35873	1.35884	582	0	10
2026.02.06	13:00:00	1.35886	1.35917	1.35839	1.35912	819	0	10
2026.02.06	13:15:00	1.35914	1.35943	1.35852	1.35925	727	0	10
2026.02.06	13:30:00	1.35926	1.35960	1.35815	1.35839	1054	0	10
2026.02.06	13:45:00	1.35839	1.35884	1.35811	1.35882	868	0	10
2026.02.06	14:00:00	1.35878	1.35977	1.35870	1.35918	1082	0	10
2026.02.06	14:15:00	1.35919	1.35962	1.35896	1.35937	813	0	10
2026.02.06	14:30:00	1.35936	1.36069	1.35906	1.36047	1252	0	10
2026.02.06	14:45:00	1.36046	1.36091	1.36025	1.36086	1140	0	10
2026.02.06	15:00:00	1.36087	1.36137	1.36051	1.36054	1141	0	10
2026.02.06	15:15:00	1.36057	1.36070	1.35956	1.35957	995	0	10
2026.02.06	15:30:00	1.35957	1.36053	1.35935	1.36025	958	0	10
2026.02.06	15:45:00	1.36023	1.36152	1.36006	1.36140	1104	0	10
2026.02.06	16:00:00	1.36139	1.36151	1.36033	1.36084	1078	0	10
2026.02.06	16:15:00	1.36085	1.36096	1.36012	1.36089	809	0	10
2026.02.06	16:30:00	1.36088	1.36139	1.36069	1.36130	875	0	10
2026.02.06	16:45:00	1.36128	1.36162	1.36026	1.36038	762	0	10
2026.02.06	17:00:00	1.36040	1.36099	1.36011	1.36054	701	0	10
2026.02.06	17:15:00	1.36055	1.36100	1.36038	1.36056	614	0	10
2026.02.06	17:30:00	1.36059	1.36188	1.36048	1.36168	801	0	10
2026.02.06	17:45:00	1.36167	1.36229	1.36141	1.36180	602	0	10
2026.02.06	18:00:00	1.36180	1.36222	1.36132	1.36188	616	0	10
2026.02.06	18:15:00	1.36190	1.36210	1.36125	1.36150	571	0	10
2026.02.06	18:30:00	1.36150	1.36216	1.36137	1.36215	507	0	10
2026.02.06	18:45:00	1.36215	1.36229	1.36130	1.36137	542	0	10
2026.02.06	19:00:00	1.36136	1.36178	1.36132	1.36154	449	0	10
2026.02.06	19:15:00	1.36153	1.36161	1.36116	1.36122	338	0	10
2026.02.06	19:30:00	1.36120	1.36167	1.36116	1.36157	421	0	10
2026.02.06	19:45:00	1.36154	1.36204	1.36132	1.36156	467	0	10
2026.02.06	20:00:00	1.36154	1.36170	1.36122	1.36151	453	0	10
2026.02.06	20:15:00	1.36151	1.36173	1.36143	1.36150	344	0	10
2026.02.06	20:30:00	1.36150	1.36156	1.36125	1.36150	377	0	10
2026.02.06	20:45:00	1.36148	1.36197	1.36137	1.36185	439	0	10
2026.02.06	21:00:00	1.36188	1.36217	1.36171	1.36192	329	0	10
2026.02.06	21:15:00	1.36192	1.36207	1.36164	1.36167	309	0	10
2026.02.06	21:30:00	1.36167	1.36181	1.36145	1.36154	259	0	10
2026.02.06	21:45:00	1.36155	1.36155	1.36074	1.36115	754	0	10
2026.02.08	22:00:00	1.35904	1.35930	1.35899	1.35928	63	0	245
2026.02.08	22:15:00	1.35930	1.35990	1.35908	1.35990	91	0	115
2026.02.08	22:30:00	1.35987	1.36006	1.35967	1.36006	122	0	71
2026.02.08	22:45:00	1.36006	1.36020	1.35998	1.36018	176	0	47
2026.02.08	23:00:00	1.36027	1.36102	1.35900	1.35916	435	0	10
2026.02.08	23:15:00	1.35916	1.35942	1.35876	1.35912	607	0	10
2026.02.08	23:30:00	1.35912	1.36065	1.35895	1.36065	961	0	10
2026.02.08	23:45:00	1.36063	1.36112	1.36030	1.36095	741	0	10
2026.02.09	00:00:00	1.36097	1.36201	1.36054	1.36161	1158	0	10
2026.02.09	00:15:00	1.36160	1.36161	1.36065	1.36133	790	0	10
2026.02.09	00:30:00	1.36129	1.36144	1.36060	1.36092	734	0	10
2026.02.09	00:45:00	1.36094	1.36123	1.36054	1.36112	709	0	10
2026.02.09	01:00:00	1.36114	1.36124	1.36030	1.36051	860	0	10
2026.02.09	01:15:00	1.36050	1.36085	1.36011	1.36042	767	0	10
2026.02.09	01:30:00	1.36042	1.36123	1.35993	1.36046	983	0	10
2026.02.09	01:45:00	1.36046	1.36048	1.35978	1.36006	689	0	10
2026.02.09	02:00:00	1.36005	1.36017	1.35902	1.35955	687	0	10
2026.02.09	02:15:00	1.35955	1.36033	1.35932	1.36026	463	0	10
2026.02.09	02:30:00	1.36024	1.36084	1.36016	1.36077	501	0	10
2026.02.09	02:45:00	1.36081	1.36087	1.36025	1.36039	438	0	10
2026.02.09	03:00:00	1.36039	1.36064	1.36032	1.36046	348	0	10
2026.02.09	03:15:00	1.36046	1.36076	1.36036	1.36062	326	0	10
2026.02.09	03:30:00	1.36062	1.36062	1.36021	1.36043	299	0	10
2026.02.09	03:45:00	1.36043	1.36052	1.35984	1.35984	327	0	10
2026.02.09	04:00:00	1.35984	1.36054	1.35984	1.36034	269	0	10
2026.02.09	04:15:00	1.36034	1.36049	1.36013	1.36019	271	0	10
2026.02.09	04:30:00	1.36021	1.36022	1.35992	1.35996	298	0	10
2026.02.09	04:45:00	1.35996	1.36044	1.35996	1.36042	246	0	10
2026.02.09	05:00:00	1.36041	1.36110	1.36029	1.36085	316	0	10
2026.02.09	05:15:00	1.36085	1.36134	1.36085	1.36132	234	0	10
2026.02.09	05:30:00	1.36132	1.36168	1.36131	1.36152	329	0	10
2026.02.09	05:45:00	1.36153	1.36153	1.36122	1.36138	299	0	10
2026.02.09	06:00:00	1.36137	1.36285	1.36126	1.36168	1483	0	10
2026.02.09	06:15:00	1.36167	1.36176	1.36048	1.36098	731	0	10
2026.02.09	06:30:00	1.36098	1.36210	1.36087	1.36201	982	0	10
2026.02.09	06:45:00	1.36203	1.36236	1.36154	1.36157	948	0	10
2026.02.09	07:00:00	1.36153	1.36158	1.36020	1.36024	1143	0	10
2026.02.09	07:15:00	1.36024	1.36039	1.35876	1.35895	1139	0	10
2026.02.09	07:30:00	1.35896	1.36060	1.35894	1.36023	1467	0	10
2026.02.09	07:45:00	1.36022	1.36057	1.35931	1.36036	930	0	10
2026.02.09	08:00:00	1.36036	1.36106	1.35950	1.36016	1531	0	10
2026.02.09	08:15:00	1.36017	1.36073	1.35914	1.35921	1219	0	10
2026.02.09	08:30:00	1.35919	1.35956	1.35861	1.35946	1170	0	10
2026.02.09	08:45:00	1.35946	1.36036	1.35938	1.36016	1102	0	10
2026.02.09	09:00:00	1.36015	1.36122	1.36000	1.36059	965	0	10
2026.02.09	09:15:00	1.36057	1.36085	1.36032	1.36051	771	0	10
2026.02.09	09:30:00	1.36052	1.36085	1.35978	1.36016	846	0	10
2026.02.09	09:45:00	1.36014	1.36014	1.35954	1.36004	738	0	10
2026.02.09	10:00:00	1.36005	1.36110	1.35977	1.36076	873	0	10
2026.02.09	10:15:00	1.36075	1.36106	1.36042	1.36046	778	0	10
2026.02.09	10:30:00	1.36045	1.36046	1.35932	1.36035	949	0	10
2026.02.09	10:45:00	1.36034	1.36139	1.36026	1.36084	907	0	10
2026.02.09	11:00:00	1.36082	1.36217	1.35929	1.36211	2248	0	10
2026.02.09	11:15:00	1.36213	1.36226	1.36096	1.36146	966	0	10
2026.02.09	11:30:00	1.36146	1.36341	1.36138	1.36337	1255	0	10
2026.02.09	11:45:00	1.36339	1.36449	1.36303	1.36369	1813	0	10
2026.02.09	12:00:00	1.36372	1.36439	1.36372	1.36417	951	0	10
2026.02.09	12:15:00	1.36417	1.36500	1.36417	1.36470	822	0	10
2026.02.09	12:30:00	1.36470	1.36490	1.36430	1.36487	533	0	10
2026.02.09	12:45:00	1.36487	1.36620	1.36487	1.36598	1031	0	10
2026.02.09	13:00:00	1.36596	1.36695	1.36560	1.36562	1732	0	10
2026.02.09	13:15:00	1.36561	1.36629	1.36491	1.36553	1712	0	10
2026.02.09	13:30:00	1.36549	1.36639	1.36447	1.36449	1450	0	10
2026.02.09	13:45:00	1.36448	1.36537	1.36423	1.36502	1156	0	10
2026.02.09	14:00:00	1.36506	1.36523	1.36212	1.36287	2635	0	10
2026.02.09	14:15:00	1.36287	1.36523	1.36267	1.36491	2735	0	10
2026.02.09	14:30:00	1.36491	1.36506	1.36245	1.36395	2498	0	10
2026.02.09	14:45:00	1.36396	1.36447	1.36306	1.36438	1398	0	10
2026.02.09	15:00:00	1.36435	1.36638	1.36432	1.36599	2237	0	10
2026.02.09	15:15:00	1.36601	1.36690	1.36574	1.36635	1332	0	10
2026.02.09	15:30:00	1.36634	1.36871	1.36622	1.36747	1896	0	10
2026.02.09	15:45:00	1.36750	1.36852	1.36691	1.36772	1564	0	10
2026.02.09	16:00:00	1.36772	1.36908	1.36756	1.36869	1318	0	10
2026.02.09	16:15:00	1.36865	1.36879	1.36682	1.36689	1108	0	10
2026.02.09	16:30:00	1.36691	1.36724	1.36639	1.36681	925	0	10
2026.02.09	16:45:00	1.36684	1.36699	1.36620	1.36655	822	0	10
2026.02.09	17:00:00	1.36655	1.36689	1.36631	1.36678	760	0	10
2026.02.09	17:15:00	1.36677	1.36711	1.36634	1.36671	569	0	10
2026.02.09	17:30:00	1.36675	1.36710	1.36644	1.36708	561	0	10
2026.02.09	17:45:00	1.36707	1.36756	1.36702	1.36715	512	0	10
2026.02.09	18:00:00	1.36713	1.36757	1.36685	1.36737	778	0	10
2026.02.09	18:15:00	1.36736	1.36772	1.36639	1.36767	1002	0	10
2026.02.09	18:30:00	1.36771	1.36816	1.36740	1.36804	621	0	10
2026.02.09	18:45:00	1.36803	1.36910	1.36786	1.36893	573	0	10
2026.02.09	19:00:00	1.36893	1.36906	1.36840	1.36889	600	0	10
2026.02.09	19:15:00	1.36889	1.36920	1.36866	1.36917	461	0	10
2026.02.09	19:30:00	1.36916	1.36998	1.36901	1.36975	600	0	10
2026.02.09	19:45:00	1.36976	1.36986	1.36934	1.36967	510	0	10
2026.02.09	20:00:00	1.36965	1.36977	1.36936	1.36945	447	0	10
2026.02.09	20:15:00	1.36945	1.36955	1.36915	1.36937	496	0	10
2026.02.09	20:30:00	1.36938	1.36987	1.36933	1.36984	503	0	10
2026.02.09	20:45:00	1.36982	1.36983	1.36937	1.36945	528	0	10
2026.02.09	21:00:00	1.36946	1.36963	1.36907	1.36925	520	0	10
2026.02.09	21:15:00	1.36926	1.36939	1.36903	1.36913	409	0	10
2026.02.09	21:30:00	1.36910	1.36989	1.36909	1.36983	337	0	10
2026.02.09	21:45:00	1.36987	1.36997	1.36937	1.36946	365	0	9
2026.02.09	22:00:00	1.36947	1.36949	1.36913	1.36920	203	0	11
2026.02.09	22:15:00	1.36921	1.36929	1.36881	1.36884	341	0	31
2026.02.09	22:30:00	1.36882	1.36918	1.36878	1.36903	164	0	46
2026.02.09	22:45:00	1.36903	1.36919	1.36893	1.36906	144	0	42
2026.02.09	23:00:00	1.36943	1.36965	1.36913	1.36917	233	0	10
2026.02.09	23:15:00	1.36917	1.36918	1.36852	1.36865	282	0	10
2026.02.09	23:30:00	1.36865	1.36872	1.36834	1.36856	287	0	10
2026.02.09	23:45:00	1.36858	1.36858	1.36813	1.36821	211	0	10
2026.02.10	00:00:00	1.36822	1.36839	1.36774	1.36788	388	0	10
2026.02.10	00:15:00	1.36788	1.36811	1.36774	1.36789	262	0	10
2026.02.10	00:30:00	1.36788	1.36788	1.36724	1.36737	339	0	10
2026.02.10	00:45:00	1.36737	1.36806	1.36717	1.36803	550	0	10
2026.02.10	01:00:00	1.36805	1.36826	1.36777	1.36807	616	0	10
2026.02.10	01:15:00	1.36809	1.36834	1.36740	1.36759	550	0	10
2026.02.10	01:30:00	1.36756	1.36867	1.36738	1.36836	694	0	10
2026.02.10	01:45:00	1.36836	1.36894	1.36817	1.36842	592	0	10
2026.02.10	02:00:00	1.36845	1.36880	1.36838	1.36859	476	0	10
2026.02.10	02:15:00	1.36859	1.36875	1.36836	1.36869	419	0	10
2026.02.10	02:30:00	1.36868	1.36888	1.36835	1.36876	484	0	10
2026.02.10	02:45:00	1.36876	1.36930	1.36871	1.36927	558	0	10
2026.02.10	03:00:00	1.36925	1.36958	1.36913	1.36935	631	0	10
2026.02.10	03:15:00	1.36934	1.36934	1.36859	1.36870	495	0	10
2026.02.10	03:30:00	1.36869	1.36918	1.36866	1.36901	462	0	10
2026.02.10	03:45:00	1.36901	1.36916	1.36836	1.36852	396	0	10
2026.02.10	04:00:00	1.36851	1.36864	1.36817	1.36823	355	0	10
2026.02.10	04:15:00	1.36822	1.36835	1.36811	1.36813	323	0	10
2026.02.10	04:30:00	1.36812	1.36839	1.36794	1.36827	354	0	10
2026.02.10	04:45:00	1.36827	1.36849	1.36807	1.36810	323	0	10
2026.02.10	05:00:00	1.36814	1.36827	1.36796	1.36824	346	0	10
2026.02.10	05:15:00	1.36824	1.36839	1.36790	1.36802	288	0	10
2026.02.10	05:30:00	1.36802	1.36819	1.36755	1.36766	408	0	10
2026.02.10	05:45:00	1.36766	1.36789	1.36739	1.36781	359	0	10
2026.02.10	06:00:00	1.36778	1.36814	1.36733	1.36736	502	0	10
2026.02.10	06:15:00	1.36732	1.36750	1.36677	1.36731	498	0	10
2026.02.10	06:30:00	1.36731	1.36758	1.36692	1.36707	421	0	10
2026.02.10	06:45:00	1.36707	1.36718	1.36675	1.36718	585	0	10
2026.02.10	07:00:00	1.36720	1.36789	1.36701	1.36747	810	0	10
2026.02.10	07:15:00	1.36746	1.36795	1.36703	1.36714	632	0	10
2026.02.10	07:30:00	1.36714	1.36741	1.36665	1.36700	594	0	10
2026.02.10	07:45:00	1.36701	1.36728	1.36680	1.36721	645	0	10
2026.02.10	08:00:00	1.36722	1.36741	1.36631	1.36679	935	0	10
2026.02.10	08:15:00	1.36678	1.36734	1.36632	1.36713	916	0	10
2026.02.10	08:30:00	1.36714	1.36795	1.36678	1.36777	649	0	10
2026.02.10	08:45:00	1.36779	1.36788	1.36681	1.36706	738	0	10
2026.02.10	09:00:00	1.36702	1.36842	1.36687	1.36775	726	0	10
2026.02.10	09:15:00	1.36775	1.36777	1.36706	1.36737	706	0	10
2026.02.10	09:30:00	1.36737	1.36747	1.36654	1.36658	656	0	10
2026.02.10	09:45:00	1.36659	1.36696	1.36648	1.36679	521	0	10
2026.02.10	10:00:00	1.36681	1.36734	1.36674	1.36705	664	0	10
2026.02.10	10:15:00	1.36704	1.36730	1.36573	1.36600	664	0	10
2026.02.10	10:30:00	1.36604	1.36691	1.36575	1.36669	554	0	10
2026.02.10	10:45:00	1.36669	1.36690	1.36617	1.36645	634	0	10
2026.02.10	11:00:00	1.36645	1.36650	1.36613	1.36621	512	0	10
2026.02.10	11:15:00	1.36625	1.36636	1.36579	1.36596	503	0	10
2026.02.10	11:30:00	1.36598	1.36626	1.36596	1.36613	416	0	10
2026.02.10	11:45:00	1.36614	1.36642	1.36602	1.36630	422	0	10
2026.02.10	12:00:00	1.36633	1.36745	1.36617	1.36742	652	0	10
2026.02.10	12:15:00	1.36740	1.36886	1.36738	1.36793	965	0	10
2026.02.10	12:30:00	1.36791	1.36844	1.36736	1.36782	772	0	10
2026.02.10	12:45:00	1.36781	1.36927	1.36711	1.36854	1670	0	10
2026.02.10	13:00:00	1.36854	1.36894	1.36698	1.36755	1268	0	10
2026.02.10	13:15:00	1.36754	1.36793	1.36655	1.36701	809	0	10
2026.02.10	13:30:00	1.36703	1.36910	1.36697	1.36812	1774	0	10
2026.02.10	13:45:00	1.36812	1.36829	1.36752	1.36813	1015	0	10
2026.02.10	14:00:00	1.36814	1.36859	1.36759	1.36847	1106	0	10
2026.02.10	14:15:00	1.36848	1.36936	1.36814	1.36912	969	0	10
2026.02.10	14:30:00	1.36912	1.36965	1.36752	1.36766	1474	0	10
2026.02.10	14:45:00	1.36764	1.36809	1.36697	1.36768	1197	0	10
2026.02.10	15:00:00	1.36767	1.36773	1.36598	1.36612	1143	0	10
2026.02.10	15:15:00	1.36613	1.36637	1.36525	1.36607	1059	0	10
2026.02.10	15:30:00	1.36607	1.36627	1.36535	1.36623	1291	0	10
2026.02.10	15:45:00	1.36622	1.36804	1.36546	1.36734	2057	0	10
2026.02.10	16:00:00	1.36736	1.36740	1.36591	1.36657	1219	0	10
2026.02.10	16:15:00	1.36657	1.36690	1.36589	1.36683	832	0	10
2026.02.10	16:30:00	1.36681	1.36711	1.36625	1.36711	846	0	10
2026.02.10	16:45:00	1.36707	1.36724	1.36612	1.36633	911	0	10
2026.02.10	17:00:00	1.36631	1.36659	1.36577	1.36626	821	0	10
2026.02.10	17:15:00	1.36627	1.36647	1.36580	1.36634	681	0	10
2026.02.10	17:30:00	1.36633	1.36646	1.36545	1.36559	651	0	10
2026.02.10	17:45:00	1.36560	1.36565	1.36432	1.36531	875	0	10
2026.02.10	18:00:00	1.36530	1.36547	1.36477	1.36484	539	0	10
2026.02.10	18:15:00	1.36484	1.36517	1.36430	1.36445	695	0	10
2026.02.10	18:30:00	1.36443	1.36454	1.36421	1.36439	604	0	10
2026.02.10	18:45:00	1.36439	1.36458	1.36419	1.36436	508	0	10
2026.02.10	19:00:00	1.36438	1.36458	1.36395	1.36445	527	0	10
2026.02.10	19:15:00	1.36445	1.36500	1.36421	1.36488	539	0	10
2026.02.10	19:30:00	1.36489	1.36527	1.36481	1.36524	509	0	10
2026.02.10	19:45:00	1.36525	1.36564	1.36491	1.36564	500	0	10
2026.02.10	20:00:00	1.36563	1.36571	1.36509	1.36534	430	0	10
2026.02.10	20:15:00	1.36530	1.36566	1.36523	1.36533	501	0	10
2026.02.10	20:30:00	1.36532	1.36547	1.36507	1.36523	375	0	10
2026.02.10	20:45:00	1.36523	1.36527	1.36422	1.36428	633	0	10
2026.02.10	21:00:00	1.36430	1.36447	1.36383	1.36397	437	0	10
2026.02.10	21:15:00	1.36399	1.36416	1.36394	1.36412	231	0	10
2026.02.10	21:30:00	1.36411	1.36411	1.36382	1.36393	179	0	10
2026.02.10	21:45:00	1.36393	1.36431	1.36385	1.36416	306	0	10
2026.02.10	22:00:00	1.36415	1.36417	1.36405	1.36412	141	0	22
2026.02.10	22:15:00	1.36414	1.36417	1.36379	1.36380	185	0	31
2026.02.10	22:30:00	1.36379	1.36404	1.36371	1.36384	398	0	37
2026.02.10	22:45:00	1.36383	1.36395	1.36361	1.36384	330	0	51
2026.02.10	23:00:00	1.36397	1.36397	1.36311	1.36315	281	0	10
2026.02.10	23:15:00	1.36315	1.36350	1.36314	1.36334	188	0	10
2026.02.10	23:30:00	1.36334	1.36347	1.36320	1.36326	99	0	10
2026.02.10	23:45:00	1.36327	1.36336	1.36312	1.36324	162	0	10
2026.02.11	00:00:00	1.36324	1.36347	1.36310	1.36325	231	0	10
2026.02.11	00:15:00	1.36325	1.36385	1.36323	1.36366	257	0	10
2026.02.11	00:30:00	1.36365	1.36396	1.36353	1.36394	363	0	10
2026.02.11	00:45:00	1.36394	1.36427	1.36366	1.36385	1134	0	10
2026.02.11	01:00:00	1.36388	1.36467	1.36382	1.36455	2189	0	10
2026.02.11	01:15:00	1.36453	1.36489	1.36426	1.36462	459	0	10
2026.02.11	01:30:00	1.36461	1.36462	1.36387	1.36418	537	0	10
2026.02.11	01:45:00	1.36418	1.36446	1.36394	1.36439	399	0	10
2026.02.11	02:00:00	1.36439	1.36496	1.36439	1.36456	422	0	10
2026.02.11	02:15:00	1.36456	1.36554	1.36444	1.36540	566	0	10
2026.02.11	02:30:00	1.36543	1.36607	1.36537	1.36565	608	0	10
2026.02.11	02:45:00	1.36565	1.36580	1.36550	1.36576	397	0	10
2026.02.11	03:00:00	1.36579	1.36597	1.36561	1.36570	382	0	10
2026.02.11	03:15:00	1.36570	1.36613	1.36542	1.36607	412	0	10
2026.02.11	03:30:00	1.36606	1.36631	1.36585	1.36626	392	0	10
2026.02.11	03:45:00	1.36624	1.36677	1.36623	1.36647	385	0	10
2026.02.11	04:00:00	1.36646	1.36668	1.36642	1.36653	294	0	10
2026.02.11	04:15:00	1.36653	1.36695	1.36652	1.36667	338	0	10
2026.02.11	04:30:00	1.36667	1.36667	1.36581	1.36595	297	0	10
2026.02.11	04:45:00	1.36595	1.36634	1.36590	1.36590	309	0	10
2026.02.11	05:00:00	1.36588	1.36648	1.36575	1.36641	397	0	10
2026.02.11	05:15:00	1.36642	1.36686	1.36632	1.36686	352	0	10
2026.02.11	05:30:00	1.36686	1.36697	1.36645	1.36691	429	0	10
2026.02.11	05:45:00	1.36691	1.36700	1.36663	1.36696	314	0	10
2026.02.11	06:00:00	1.36695	1.36776	1.36683	1.36729	636	0	10
2026.02.11	06:15:00	1.36729	1.36757	1.36693	1.36713	477	0	10
2026.02.11	06:30:00	1.36713	1.36721	1.36666	1.36686	502	0	10
2026.02.11	06:45:00	1.36685	1.36711	1.36662	1.36699	491	0	10
2026.02.11	07:00:00	1.36699	1.36704	1.36638	1.36648	751	0	10
2026.02.11	07:15:00	1.36650	1.36735	1.36645	1.36696	523	0	10
2026.02.11	07:30:00	1.36699	1.36718	1.36662	1.36713	529	0	10
2026.02.11	07:45:00	1.36714	1.36744	1.36653	1.36738	634	0	10
2026.02.11	08:00:00	1.36739	1.36791	1.36708	1.36743	951	0	10
2026.02.11	08:15:00	1.36742	1.36825	1.36684	1.36784	845	0	10
2026.02.11	08:30:00	1.36785	1.36897	1.36773	1.36889	760	0	10
2026.02.11	08:45:00	1.36890	1.36929	1.36841	1.36919	627	0	10
2026.02.11	09:00:00	1.36921	1.36935	1.36835	1.36856	633	0	10
2026.02.11	09:15:00	1.36857	1.36926	1.36834	1.36926	511	0	10
2026.02.11	09:30:00	1.36925	1.36987	1.36924	1.36977	743	0	10
2026.02.11	09:45:00	1.36979	1.36979	1.36917	1.36954	630	0	10
2026.02.11	10:00:00	1.36954	1.36958	1.36896	1.36899	636	0	10
2026.02.11	10:15:00	1.36898	1.36938	1.36865	1.36908	549	0	10
2026.02.11	10:30:00	1.36908	1.37099	1.36860	1.37048	814	0	10
2026.02.11	10:45:00	1.37049	1.37121	1.37013	1.37062	787	0	10
2026.02.11	11:00:00	1.37058	1.37063	1.36984	1.36986	586	0	10
2026.02.11	11:15:00	1.36986	1.37029	1.36984	1.37017	511	0	10
2026.02.11	11:30:00	1.37017	1.37026	1.36907	1.36927	695	0	10
2026.02.11	11:45:00	1.36927	1.36965	1.36902	1.36908	633	0	10
2026.02.11	12:00:00	1.36910	1.36918	1.36844	1.36881	674	0	10
2026.02.11	12:15:00	1.36882	1.36882	1.36785	1.36785	703	0	10
2026.02.11	12:30:00	1.36784	1.36839	1.36750	1.36837	679	0	10
2026.02.11	12:45:00	1.36836	1.36846	1.36790	1.36797	633	0	10
2026.02.11	13:00:00	1.36800	1.36833	1.36771	1.36800	775	0	10
2026.02.11	13:15:00	1.36800	1.36901	1.36764	1.36853	1129	0	10
2026.02.11	13:30:00	1.36853	1.36853	1.36091	1.36459	6240	0	10
2026.02.11	13:45:00	1.36458	1.36595	1.36357	1.36412	3417	0	10
2026.02.11	14:00:00	1.36410	1.36699	1.36373	1.36613	2800	0	10
2026.02.11	14:15:00	1.36614	1.36699	1.36422	1.36520	1977	0	10
2026.02.11	14:30:00	1.36521	1.36580	1.36433	1.36538	2204	0	10
2026.02.11	14:45:00	1.36535	1.36600	1.36439	1.36549	2138	0	10
2026.02.11	15:00:00	1.36548	1.36667	1.36490	1.36513	2243	0	10
2026.02.11	15:15:00	1.36510	1.36648	1.36458	1.36472	2051	0	10
2026.02.11	15:30:00	1.36468	1.36468	1.36309	1.36337	1750	0	10
2026.02.11	15:45:00	1.36338	1.36514	1.36261	1.36331	1906	0	10
2026.02.11	16:00:00	1.36331	1.36413	1.36281	1.36394	1461	0	10
2026.02.11	16:15:00	1.36397	1.36463	1.36361	1.36435	1184	0	10
2026.02.11	16:30:00	1.36433	1.36565	1.36421	1.36506	1114	0	10
2026.02.11	16:45:00	1.36506	1.36525	1.36432	1.36519	1039	0	10
2026.02.11	17:00:00	1.36516	1.36616	1.36441	1.36589	1274	0	10
2026.02.11	17:15:00	1.36592	1.36671	1.36551	1.36642	1163	0	10
2026.02.11	17:30:00	1.36640	1.36651	1.36573	1.36610	923	0	10
2026.02.11	17:45:00	1.36610	1.36642	1.36572	1.36574	847	0	10
2026.02.11	18:00:00	1.36575	1.36588	1.36442	1.36453	920	0	10
2026.02.11	18:15:00	1.36456	1.36526	1.36453	1.36495	782	0	10
2026.02.11	18:30:00	1.36495	1.36539	1.36430	1.36467	776	0	10
2026.02.11	18:45:00	1.36467	1.36502	1.36391	1.36391	821	0	10
2026.02.11	19:00:00	1.36390	1.36412	1.36351	1.36364	897	0	10
2026.02.11	19:15:00	1.36365	1.36383	1.36337	1.36350	537	0	10
2026.02.11	19:30:00	1.36350	1.36387	1.36340	1.36366	577	0	10
2026.02.11	19:45:00	1.36368	1.36371	1.36318	1.36321	577	0	10
2026.02.11	20:00:00	1.36320	1.36345	1.36282	1.36323	588	0	10
2026.02.11	20:15:00	1.36323	1.36329	1.36289	1.36306	457	0	10
2026.02.11	20:30:00	1.36305	1.36316	1.36251	1.36254	390	0	10
2026.02.11	20:45:00	1.36254	1.36286	1.36204	1.36212	450	0	10
2026.02.11	21:00:00	1.36211	1.36248	1.36185	1.36197	445	0	10
2026.02.11	21:15:00	1.36197	1.36262	1.36186	1.36245	256	0	10
2026.02.11	21:30:00	1.36245	1.36277	1.36214	1.36226	263	0	10
2026.02.11	21:45:00	1.36226	1.36288	1.36225	1.36266	460	0	9
2026.02.11	22:00:00	1.36263	1.36277	1.36248	1.36248	136	0	22
2026.02.11	22:15:00	1.36250	1.36266	1.36238	1.36238	211	0	42
2026.02.11	22:30:00	1.36240	1.36259	1.36215	1.36248	185	0	48
2026.02.11	22:45:00	1.36248	1.36262	1.36245	1.36258	87	0	35
2026.02.11	23:00:00	1.36261	1.36279	1.36201	1.36222	266	0	10
2026.02.11	23:15:00	1.36222	1.36273	1.36213	1.36260	254	0	10
2026.02.11	23:30:00	1.36264	1.36269	1.36211	1.36213	235	0	10
2026.02.11	23:45:00	1.36217	1.36233	1.36188	1.36226	336	0	10
2026.02.12	00:00:00	1.36226	1.36254	1.36149	1.36184	567	0	10
2026.02.12	00:15:00	1.36184	1.36263	1.36175	1.36253	462	0	10
2026.02.12	00:30:00	1.36254	1.36284	1.36238	1.36275	422	0	10
2026.02.12	00:45:00	1.36276	1.36315	1.36259	1.36315	526	0	10
2026.02.12	01:00:00	1.36312	1.36339	1.36262	1.36337	675	0	10
2026.02.12	01:15:00	1.36333	1.36351	1.36287	1.36308	641	0	10
2026.02.12	01:30:00	1.36307	1.36377	1.36295	1.36350	646	0	10
2026.02.12	01:45:00	1.36350	1.36397	1.36307	1.36397	577	0	10
2026.02.12	02:00:00	1.36396	1.36419	1.36382	1.36393	602	0	10
2026.02.12	02:15:00	1.36391	1.36406	1.36328	1.36333	495	0	10
2026.02.12	02:30:00	1.36334	1.36372	1.36327	1.36344	472	0	10
2026.02.12	02:45:00	1.36344	1.36355	1.36301	1.36350	480	0	10
2026.02.12	03:00:00	1.36348	1.36357	1.36310	1.36316	591	0	10
2026.02.12	03:15:00	1.36317	1.36347	1.36315	1.36343	467	0	10
2026.02.12	03:30:00	1.36346	1.36369	1.36326	1.36341	458	0	10
2026.02.12	03:45:00	1.36341	1.36348	1.36260	1.36313	534	0	10
2026.02.12	04:00:00	1.36312	1.36355	1.36281	1.36281	470	0	10
2026.02.12	04:15:00	1.36281	1.36282	1.36223	1.36250	425	0	10
2026.02.12	04:30:00	1.36252	1.36279	1.36217	1.36236	522	0	10
2026.02.12	04:45:00	1.36237	1.36248	1.36195	1.36246	468	0	10
2026.02.12	05:00:00	1.36246	1.36259	1.36201	1.36241	465	0	10
2026.02.12	05:15:00	1.36239	1.36242	1.36174	1.36179	381	0	10
2026.02.12	05:30:00	1.36179	1.36207	1.36170	1.36196	434	0	10
2026.02.12	05:45:00	1.36195	1.36229	1.36176	1.36218	372	0	10
2026.02.12	06:00:00	1.36217	1.36255	1.36161	1.36237	432	0	10
2026.02.12	06:15:00	1.36237	1.36245	1.36121	1.36140	952	0	10
2026.02.12	06:30:00	1.36143	1.36201	1.36042	1.36183	973	0	10
2026.02.12	06:45:00	1.36182	1.36190	1.36131	1.36165	830	0	10
2026.02.12	07:00:00	1.36161	1.36203	1.36111	1.36169	849	0	10
2026.02.12	07:15:00	1.36166	1.36342	1.36158	1.36330	734	0	10
2026.02.12	07:30:00	1.36332	1.36342	1.36271	1.36297	613	0	10
2026.02.12	07:45:00	1.36296	1.36344	1.36244	1.36321	674	0	10
2026.02.12	08:00:00	1.36323	1.36393	1.36323	1.36384	819	0	10
2026.02.12	08:15:00	1.36385	1.36467	1.36335	1.36364	731	0	10
2026.02.12	08:30:00	1.36364	1.36388	1.36269	1.36273	660	0	10
2026.02.12	08:45:00	1.36273	1.36388	1.36262	1.36369	747	0	10
2026.02.12	09:00:00	1.36371	1.36489	1.36365	1.36479	850	0	10
2026.02.12	09:15:00	1.36481	1.36536	1.36444	1.36486	738	0	10
2026.02.12	09:30:00	1.36487	1.36514	1.36470	1.36480	649	0	10
2026.02.12	09:45:00	1.36480	1.36502	1.36442	1.36487	555	0	10
2026.02.12	10:00:00	1.36487	1.36498	1.36382	1.36409	871	0	10
2026.02.12	10:15:00	1.36408	1.36440	1.36375	1.36415	614	0	10
2026.02.12	10:30:00	1.36412	1.36440	1.36400	1.36407	461	0	10
2026.02.12	10:45:00	1.36408	1.36412	1.36360	1.36384	445	0	10
2026.02.12	11:00:00	1.36384	1.36420	1.36346	1.36408	465	0	10
2026.02.12	11:15:00	1.36409	1.36479	1.36401	1.36416	533	0	10
2026.02.12	11:30:00	1.36417	1.36446	1.36348	1.36369	516	0	10
2026.02.12	11:45:00	1.36368	1.36506	1.36367	1.36487	585	0	10
2026.02.12	12:00:00	1.36487	1.36497	1.36450	1.36465	516	0	10
2026.02.12	12:15:00	1.36466	1.36476	1.36411	1.36447	589	0	10
2026.02.12	12:30:00	1.36446	1.36466	1.36313	1.36316	692	0	10
2026.02.12	12:45:00	1.36317	1.36345	1.36214	1.36289	781	0	10
2026.02.12	13:00:00	1.36289	1.36361	1.36280	1.36329	831	0	10
2026.02.12	13:15:00	1.36329	1.36392	1.36286	1.36385	710	0	10
2026.02.12	13:30:00	1.36387	1.36517	1.36328	1.36456	914	0	10
2026.02.12	13:45:00	1.36456	1.36506	1.36451	1.36498	804	0	10
2026.02.12	14:00:00	1.36498	1.36568	1.36419	1.36466	1280	0	10
2026.02.12	14:15:00	1.36464	1.36586	1.36463	1.36564	1174	0	10
2026.02.12	14:30:00	1.36567	1.36690	1.36566	1.36615	1252	0	10
2026.02.12	14:45:00	1.36614	1.36677	1.36590	1.36641	1056	0	10
2026.02.12	15:00:00	1.36640	1.36708	1.36613	1.36674	1166	0	10
2026.02.12	15:15:00	1.36672	1.36711	1.36625	1.36655	859	0	10
2026.02.12	15:30:00	1.36655	1.36694	1.36516	1.36517	1138	0	10
2026.02.12	15:45:00	1.36516	1.36587	1.36493	1.36537	1290	0	10
2026.02.12	16:00:00	1.36536	1.36576	1.36285	1.36310	1571	0	10
2026.02.12	16:15:00	1.36308	1.36340	1.36181	1.36225	2381	0	10
2026.02.12	16:30:00	1.36221	1.36353	1.36196	1.36300	2333	0	10
2026.02.12	16:45:00	1.36299	1.36321	1.36157	1.36315	1756	0	10
2026.02.12	17:00:00	1.36311	1.36327	1.36196	1.36229	1677	0	10
2026.02.12	17:15:00	1.36230	1.36321	1.36192	1.36227	1515	0	10
2026.02.12	17:30:00	1.36223	1.36290	1.36173	1.36237	1213	0	10
2026.02.12	17:45:00	1.36235	1.36254	1.36183	1.36186	979	0	10
2026.02.12	18:00:00	1.36185	1.36239	1.36083	1.36090	1110	0	10
2026.02.12	18:15:00	1.36091	1.36114	1.36043	1.36079	1004	0	10
2026.02.12	18:30:00	1.36082	1.36157	1.36067	1.36138	765	0	10
2026.02.12	18:45:00	1.36140	1.36185	1.36124	1.36162	869	0	10
2026.02.12	19:00:00	1.36159	1.36207	1.36146	1.36186	767	0	10
2026.02.12	19:15:00	1.36185	1.36240	1.36184	1.36206	723	0	10
2026.02.12	19:30:00	1.36202	1.36247	1.36199	1.36213	522	0	10
2026.02.12	19:45:00	1.36213	1.36262	1.36194	1.36236	576	0	10
2026.02.12	20:00:00	1.36233	1.36245	1.36207	1.36235	464	0	10
2026.02.12	20:15:00	1.36234	1.36235	1.36180	1.36182	437	0	10
2026.02.12	20:30:00	1.36182	1.36218	1.36142	1.36205	461	0	10
2026.02.12	20:45:00	1.36207	1.36221	1.36172	1.36207	546	0	10
2026.02.12	21:00:00	1.36206	1.36239	1.36196	1.36208	361	0	10
2026.02.12	21:15:00	1.36208	1.36208	1.36168	1.36184	348	0	10
2026.02.12	21:30:00	1.36184	1.36205	1.36166	1.36187	260	0	10
2026.02.12	21:45:00	1.36190	1.36240	1.36190	1.36213	461	0	9
2026.02.12	22:00:00	1.36214	1.36217	1.36168	1.36168	65	0	22
2026.02.12	22:15:00	1.36169	1.36199	1.36163	1.36197	273	0	57
2026.02.12	22:30:00	1.36196	1.36204	1.36185	1.36196	122	0	46
2026.02.12	22:45:00	1.36198	1.36208	1.36188	1.36188	81	0	40
2026.02.12	23:00:00	1.36200	1.36222	1.36173	1.36213	218	0	10
2026.02.12	23:15:00	1.36212	1.36223	1.36177	1.36180	235	0	10
2026.02.12	23:30:00	1.36179	1.36208	1.36168	1.36187	345	0	10
2026.02.12	23:45:00	1.36187	1.36190	1.36160	1.36179	254	0	10
2026.02.13	00:00:00	1.36178	1.36213	1.36166	1.36201	494	0	10
2026.02.13	00:15:00	1.36203	1.36206	1.36165	1.36166	375	0	10
2026.02.13	00:30:00	1.36167	1.36208	1.36153	1.36176	369	0	10
2026.02.13	00:45:00	1.36176	1.36216	1.36144	1.36210	593	0	10
2026.02.13	01:00:00	1.36209	1.36220	1.36154	1.36187	763	0	10
2026.02.13	01:15:00	1.36185	1.36207	1.36114	1.36143	540	0	10
2026.02.13	01:30:00	1.36141	1.36192	1.36129	1.36164	503	0	10
2026.02.13	01:45:00	1.36163	1.36199	1.36127	1.36163	463	0	10
2026.02.13	02:00:00	1.36166	1.36183	1.36122	1.36138	493	0	10
2026.02.13	02:15:00	1.36137	1.36209	1.36137	1.36191	418	0	10
2026.02.13	02:30:00	1.36191	1.36217	1.36173	1.36206	359	0	10
2026.02.13	02:45:00	1.36205	1.36238	1.36196	1.36198	331	0	10
2026.02.13	03:00:00	1.36197	1.36226	1.36157	1.36167	304	0	10
2026.02.13	03:15:00	1.36167	1.36188	1.36144	1.36147	295	0	10
2026.02.13	03:30:00	1.36148	1.36195	1.36145	1.36177	372	0	10
2026.02.13	03:45:00	1.36177	1.36181	1.36136	1.36148	330	0	10
2026.02.13	04:00:00	1.36146	1.36166	1.36136	1.36147	319	0	10
2026.02.13	04:15:00	1.36148	1.36170	1.36134	1.36147	291	0	10
2026.02.13	04:30:00	1.36147	1.36155	1.36116	1.36126	315	0	10
2026.02.13	04:45:00	1.36126	1.36137	1.36083	1.36115	297	0	10
2026.02.13	05:00:00	1.36115	1.36146	1.36085	1.36097	469	0	10
2026.02.13	05:15:00	1.36097	1.36126	1.36082	1.36099	412	0	10
2026.02.13	05:30:00	1.36103	1.36108	1.36047	1.36049	478	0	10
2026.02.13	05:45:00	1.36049	1.36063	1.35990	1.36035	451	0	10
2026.02.13	06:00:00	1.36036	1.36062	1.35997	1.36043	586	0	10
2026.02.13	06:15:00	1.36043	1.36057	1.35961	1.35976	555	0	10
2026.02.13	06:30:00	1.35976	1.35990	1.35940	1.35949	678	0	10
2026.02.13	06:45:00	1.35949	1.36031	1.35949	1.36014	549	0	10
2026.02.13	07:00:00	1.36010	1.36016	1.35899	1.35957	848	0	10
2026.02.13	07:15:00	1.35956	1.36020	1.35956	1.36015	736	0	10
2026.02.13	07:30:00	1.36014	1.36165	1.35922	1.36125	966	0	10
2026.02.13	07:45:00	1.36122	1.36160	1.36081	1.36138	780	0	10
2026.02.13	08:00:00	1.36136	1.36194	1.36131	1.36146	941	0	10
2026.02.13	08:15:00	1.36149	1.36171	1.36107	1.36158	744	0	10
2026.02.13	08:30:00	1.36158	1.36206	1.36125	1.36191	765	0	10
2026.02.13	08:45:00	1.36187	1.36285	1.36177	1.36230	864	0	10
2026.02.13	09:00:00	1.36231	1.36280	1.36210	1.36254	678	0	10
2026.02.13	09:15:00	1.36255	1.36272	1.36212	1.36226	534	0	10
2026.02.13	09:30:00	1.36226	1.36280	1.36202	1.36267	598	0	10
2026.02.13	09:45:00	1.36267	1.36295	1.36218	1.36221	507	0	10
2026.02.13	10:00:00	1.36221	1.36246	1.36177	1.36207	547	0	10
2026.02.13	10:15:00	1.36208	1.36269	1.36204	1.36234	520	0	10
2026.02.13	10:30:00	1.36231	1.36240	1.36195	1.36195	524	0	10
2026.02.13	10:45:00	1.36194	1.36202	1.36142	1.36179	658	0	10
2026.02.13	11:00:00	1.36181	1.36189	1.36088	1.36128	778	0	10
2026.02.13	11:15:00	1.36128	1.36138	1.36072	1.36084	696	0	10
2026.02.13	11:30:00	1.36086	1.36111	1.36053	1.36075	528	0	10
2026.02.13	11:45:00	1.36073	1.36093	1.36006	1.36029	734	0	10
2026.02.13	12:00:00	1.36025	1.36047	1.35983	1.36007	795	0	10
2026.02.13	12:15:00	1.36009	1.36078	1.36006	1.36045	482	0	10
2026.02.13	12:30:00	1.36044	1.36089	1.36035	1.36042	594	0	10
2026.02.13	12:45:00	1.36042	1.36089	1.36009	1.36070	655	0	10
2026.02.13	13:00:00	1.36072	1.36123	1.36048	1.36064	788	0	10
2026.02.13	13:15:00	1.36064	1.36146	1.36044	1.36125	884	0	10
2026.02.13	13:30:00	1.36117	1.36453	1.36111	1.36177	2775	0	10
2026.02.13	13:45:00	1.36173	1.36382	1.36127	1.36326	1693	0	10
2026.02.13	14:00:00	1.36326	1.36377	1.36282	1.36316	1425	0	10
2026.02.13	14:15:00	1.36319	1.36359	1.36276	1.36336	1152	0	10
2026.02.13	14:30:00	1.36338	1.36388	1.36151	1.36266	1690	0	10
2026.02.13	14:45:00	1.36266	1.36347	1.36190	1.36257	1819	0	10
2026.02.13	15:00:00	1.36259	1.36472	1.36234	1.36435	1885	0	10
2026.02.13	15:15:00	1.36433	1.36435	1.36260	1.36334	1385	0	10
2026.02.13	15:30:00	1.36334	1.36355	1.36237	1.36259	1377	0	10
2026.02.13	15:45:00	1.36260	1.36263	1.36102	1.36124	1532	0	10
2026.02.13	16:00:00	1.36125	1.36177	1.36063	1.36177	1028	0	10
2026.02.13	16:15:00	1.36176	1.36335	1.36149	1.36286	1107	0	10
2026.02.13	16:30:00	1.36285	1.36391	1.36274	1.36384	1049	0	10
2026.02.13	16:45:00	1.36384	1.36435	1.36329	1.36414	888	0	10
2026.02.13	17:00:00	1.36417	1.36540	1.36377	1.36527	743	0	10
2026.02.13	17:15:00	1.36527	1.36549	1.36409	1.36445	944	0	10
2026.02.13	17:30:00	1.36442	1.36520	1.36405	1.36491	768	0	10
2026.02.13	17:45:00	1.36491	1.36591	1.36471	1.36483	777	0	10
2026.02.13	18:00:00	1.36485	1.36509	1.36469	1.36497	645	0	10
2026.02.13	18:15:00	1.36497	1.36517	1.36456	1.36493	572	0	10
2026.02.13	18:30:00	1.36495	1.36529	1.36470	1.36526	440	0	10
2026.02.13	18:45:00	1.36526	1.36537	1.36456	1.36513	583	0	10
2026.02.13	19:00:00	1.36514	1.36550	1.36486	1.36504	559	0	10
2026.02.13	19:15:00	1.36502	1.36538	1.36483	1.36496	405	0	10
2026.02.13	19:30:00	1.36499	1.36506	1.36441	1.36458	454	0	10
2026.02.13	19:45:00	1.36455	1.36475	1.36419	1.36426	420	0	10
2026.02.13	20:00:00	1.36427	1.36461	1.36407	1.36433	471	0	10
2026.02.13	20:15:00	1.36433	1.36457	1.36415	1.36417	396	0	10
2026.02.13	20:30:00	1.36417	1.36460	1.36417	1.36453	517	0	10
2026.02.13	20:45:00	1.36453	1.36560	1.36436	1.36559	712	0	10
2026.02.13	21:00:00	1.36562	1.36579	1.36541	1.36558	377	0	10
2026.02.13	21:15:00	1.36558	1.36561	1.36504	1.36530	253	0	10
2026.02.13	21:30:00	1.36530	1.36535	1.36477	1.36502	318	0	10
2026.02.13	21:45:00	1.36500	1.36564	1.36491	1.36549	1962	0	10
2026.02.15	22:00:00	1.36426	1.36426	1.36347	1.36388	34	0	190
2026.02.15	22:15:00	1.36389	1.36425	1.36368	1.36414	110	0	119
2026.02.15	22:30:00	1.36420	1.36447	1.36356	1.36420	393	0	79
2026.02.15	22:45:00	1.36420	1.36452	1.36365	1.36433	359	0	61
2026.02.15	23:00:00	1.36455	1.36486	1.36421	1.36475	326	0	10
2026.02.15	23:15:00	1.36470	1.36488	1.36442	1.36452	282	0	10
2026.02.15	23:30:00	1.36452	1.36483	1.36445	1.36465	479	0	10
2026.02.15	23:45:00	1.36464	1.36475	1.36422	1.36471	529	0	10
2026.02.16	00:00:00	1.36471	1.36483	1.36442	1.36452	552	0	10
2026.02.16	00:15:00	1.36455	1.36478	1.36438	1.36438	426	0	10
2026.02.16	00:30:00	1.36438	1.36456	1.36418	1.36452	331	0	10
2026.02.16	00:45:00	1.36452	1.36465	1.36402	1.36405	453	0	10
2026.02.16	01:00:00	1.36404	1.36423	1.36364	1.36406	593	0	10
2026.02.16	01:15:00	1.36408	1.36427	1.36376	1.36422	337	0	10
2026.02.16	01:30:00	1.36423	1.36437	1.36402	1.36421	335	0	10
2026.02.16	01:45:00	1.36420	1.36440	1.36393	1.36432	346	0	10
2026.02.16	02:00:00	1.36428	1.36454	1.36383	1.36400	433	0	10
2026.02.16	02:15:00	1.36401	1.36434	1.36384	1.36421	418	0	10
2026.02.16	02:30:00	1.36420	1.36442	1.36403	1.36414	336	0	10
2026.02.16	02:45:00	1.36415	1.36441	1.36403	1.36418	363	0	10
2026.02.16	03:00:00	1.36418	1.36419	1.36373	1.36408	244	0	10
2026.02.16	03:15:00	1.36408	1.36451	1.36407	1.36423	350	0	10
2026.02.16	03:30:00	1.36424	1.36424	1.36395	1.36413	253	0	10
2026.02.16	03:45:00	1.36413	1.36417	1.36386	1.36415	248	0	10
2026.02.16	04:00:00	1.36415	1.36433	1.36402	1.36413	269	0	10
2026.02.16	04:15:00	1.36413	1.36426	1.36380	1.36408	195	0	10
2026.02.16	04:30:00	1.36408	1.36415	1.36352	1.36357	245	0	10
2026.02.16	04:45:00	1.36357	1.36394	1.36357	1.36388	245	0	10
2026.02.16	05:00:00	1.36389	1.36398	1.36364	1.36371	255	0	10
2026.02.16	05:15:00	1.36371	1.36386	1.36356	1.36383	144	0	10
2026.02.16	05:30:00	1.36384	1.36384	1.36348	1.36362	214	0	10
2026.02.16	05:45:00	1.36362	1.36407	1.36352	1.36387	250	0	10
2026.02.16	06:00:00	1.36386	1.36428	1.36377	1.36420	271	0	10
2026.02.16	06:15:00	1.36420	1.36434	1.36404	1.36422	296	0	10
2026.02.16	06:30:00	1.36422	1.36477	1.36415	1.36475	277	0	10
2026.02.16	06:45:00	1.36474	1.36485	1.36418	1.36428	262	0	10
2026.02.16	07:00:00	1.36424	1.36430	1.36388	1.36414	426	0	10
2026.02.16	07:15:00	1.36412	1.36439	1.36392	1.36436	327	0	10
2026.02.16	07:30:00	1.36437	1.36507	1.36349	1.36481	537	0	10
2026.02.16	07:45:00	1.36479	1.36487	1.36385	1.36437	600	0	10
2026.02.16	08:00:00	1.36437	1.36599	1.36412	1.36469	1153	0	10
2026.02.16	08:15:00	1.36467	1.36527	1.36394	1.36457	816	0	10
2026.02.16	08:30:00	1.36457	1.36536	1.36422	1.36530	674	0	10
2026.02.16	08:45:00	1.36529	1.36558	1.36510	1.36515	629	0	10
2026.02.16	09:00:00	1.36515	1.36616	1.36505	1.36573	702	0	10
2026.02.16	09:15:00	1.36573	1.36589	1.36552	1.36565	390	0	10
2026.02.16	09:30:00	1.36563	1.36566	1.36484	1.36503	599	0	10
2026.02.16	09:45:00	1.36503	1.36512	1.36404	1.36446	671	0	10
2026.02.16	10:00:00	1.36444	1.36477	1.36405	1.36477	569	0	10
2026.02.16	10:15:00	1.36477	1.36497	1.36443	1.36463	477	0	10
2026.02.16	10:30:00	1.36464	1.36493	1.36450	1.36482	573	0	10
2026.02.16	10:45:00	1.36482	1.36513	1.36461	1.36500	520	0	10
2026.02.16	11:00:00	1.36497	1.36506	1.36440	1.36468	512	0	10
2026.02.16	11:15:00	1.36470	1.36479	1.36435	1.36470	429	0	10
2026.02.16	11:30:00	1.36469	1.36491	1.36444	1.36467	379	0	10
2026.02.16	11:45:00	1.36466	1.36486	1.36424	1.36441	428	0	10
2026.02.16	12:00:00	1.36438	1.36510	1.36437	1.36494	495	0	10
2026.02.16	12:15:00	1.36494	1.36494	1.36441	1.36477	412	0	10
2026.02.16	12:30:00	1.36476	1.36476	1.36432	1.36435	363	0	10
2026.02.16	12:45:00	1.36436	1.36444	1.36392	1.36424	443	0	10
2026.02.16	13:00:00	1.36426	1.36473	1.36322	1.36325	669	0	10
2026.02.16	13:15:00	1.36326	1.36341	1.36299	1.36301	478	0	10
2026.02.16	13:30:00	1.36297	1.36311	1.36282	1.36300	325	0	10
2026.02.16	13:45:00	1.36303	1.36388	1.36301	1.36327	524	0	10
2026.02.16	14:00:00	1.36327	1.36399	1.36322	1.36372	490	0	10
2026.02.16	14:15:00	1.36373	1.36382	1.36334	1.36370	553	0	10
2026.02.16	14:30:00	1.36373	1.36397	1.36295	1.36303	573	0	10
2026.02.16	14:45:00	1.36304	1.36355	1.36296	1.36352	472	0	10
2026.02.16	15:00:00	1.36353	1.36379	1.36317	1.36333	552	0	10
2026.02.16	15:15:00	1.36333	1.36367	1.36332	1.36354	422	0	10
2026.02.16	15:30:00	1.36353	1.36361	1.36305	1.36313	435	0	10
2026.02.16	15:45:00	1.36313	1.36332	1.36272	1.36321	478	0	10
2026.02.16	16:00:00	1.36325	1.36350	1.36286	1.36319	604	0	10
2026.02.16	16:15:00	1.36319	1.36321	1.36252	1.36305	392	0	10
2026.02.16	16:30:00	1.36300	1.36320	1.36288	1.36315	261	0	10
2026.02.16	16:45:00	1.36316	1.36317	1.36261	1.36283	412	0	10
2026.02.16	17:00:00	1.36283	1.36297	1.36267	1.36284	310	0	10
2026.02.16	17:15:00	1.36284	1.36299	1.36266	1.36278	237	0	10
2026.02.16	17:30:00	1.36279	1.36290	1.36254	1.36275	174	0	10
2026.02.16	17:45:00	1.36275	1.36288	1.36263	1.36270	184	0	10
2026.02.16	18:00:00	1.36269	1.36291	1.36260	1.36287	120	0	10
2026.02.16	18:15:00	1.36287	1.36301	1.36282	1.36297	64	0	10
2026.02.16	18:30:00	1.36298	1.36310	1.36294	1.36301	109	0	10
2026.02.16	18:45:00	1.36301	1.36303	1.36282	1.36284	118	0	10
2026.02.16	19:00:00	1.36284	1.36310	1.36284	1.36304	149	0	10
2026.02.16	19:15:00	1.36304	1.36309	1.36300	1.36308	111	0	10
2026.02.16	19:30:00	1.36308	1.36329	1.36302	1.36309	99	0	10
2026.02.16	19:45:00	1.36309	1.36320	1.36302	1.36317	115	0	10
2026.02.16	20:00:00	1.36314	1.36318	1.36294	1.36305	118	0	10
2026.02.16	20:15:00	1.36305	1.36314	1.36303	1.36308	78	0	10
2026.02.16	20:30:00	1.36310	1.36321	1.36298	1.36309	109	0	10
2026.02.16	20:45:00	1.36308	1.36311	1.36297	1.36299	108	0	10
2026.02.16	21:00:00	1.36299	1.36303	1.36284	1.36288	131	0	10
2026.02.16	21:15:00	1.36288	1.36299	1.36286	1.36298	98	0	10
2026.02.16	21:30:00	1.36298	1.36298	1.36245	1.36251	174	0	10
2026.02.16	21:45:00	1.36251	1.36300	1.36251	1.36290	221	0	4
2026.02.16	22:00:00	1.36287	1.36297	1.36285	1.36287	38	0	20
2026.02.16	22:15:00	1.36290	1.36294	1.36276	1.36290	183	0	22
2026.02.16	22:30:00	1.36291	1.36301	1.36281	1.36297	201	0	29
2026.02.16	22:45:00	1.36298	1.36301	1.36268	1.36288	275	0	26
2026.02.16	23:00:00	1.36299	1.36299	1.36227	1.36250	252	0	10
2026.02.16	23:15:00	1.36250	1.36257	1.36218	1.36248	192	0	10
2026.02.16	23:30:00	1.36246	1.36268	1.36243	1.36268	154	0	10
2026.02.16	23:45:00	1.36268	1.36275	1.36242	1.36267	227	0	10
2026.02.17	00:00:00	1.36267	1.36289	1.36233	1.36264	458	0	10
2026.02.17	00:15:00	1.36266	1.36283	1.36235	1.36237	379	0	10
2026.02.17	00:30:00	1.36237	1.36257	1.36182	1.36190	435	0	10
2026.02.17	00:45:00	1.36192	1.36219	1.36184	1.36190	437	0	10
2026.02.17	01:00:00	1.36191	1.36210	1.36142	1.36170	658	0	10
2026.02.17	01:15:00	1.36174	1.36197	1.36161	1.36183	470	0	10
2026.02.17	01:30:00	1.36185	1.36198	1.36169	1.36189	431	0	10
2026.02.17	01:45:00	1.36191	1.36208	1.36134	1.36164	487	0	10
2026.02.17	02:00:00	1.36161	1.36201	1.36124	1.36165	529	0	10
2026.02.17	02:15:00	1.36166	1.36188	1.36155	1.36169	305	0	10
2026.02.17	02:30:00	1.36168	1.36176	1.36127	1.36129	294	0	10
2026.02.17	02:45:00	1.36128	1.36146	1.36114	1.36134	264	0	10
2026.02.17	03:00:00	1.36134	1.36136	1.36076	1.36103	476	0	10
2026.02.17	03:15:00	1.36104	1.36117	1.36086	1.36098	282	0	10
2026.02.17	03:30:00	1.36098	1.36099	1.36054	1.36076	381	0	10
2026.02.17	03:45:00	1.36076	1.36128	1.36067	1.36122	338	0	10
2026.02.17	04:00:00	1.36123	1.36131	1.36064	1.36076	372	0	10
2026.02.17	04:15:00	1.36076	1.36104	1.36066	1.36103	244	0	10
2026.02.17	04:30:00	1.36103	1.36117	1.36085	1.36109	286	0	10
2026.02.17	04:45:00	1.36109	1.36129	1.36106	1.36111	261	0	10
2026.02.17	05:00:00	1.36110	1.36117	1.36071	1.36071	284	0	10
2026.02.17	05:15:00	1.36072	1.36079	1.36026	1.36077	483	0	10
2026.02.17	05:30:00	1.36077	1.36090	1.36051	1.36059	471	0	10
2026.02.17	05:45:00	1.36058	1.36077	1.36046	1.36070	343	0	10
2026.02.17	06:00:00	1.36070	1.36120	1.36070	1.36117	372	0	10
2026.02.17	06:15:00	1.36117	1.36148	1.36094	1.36123	332	0	10
2026.02.17	06:30:00	1.36123	1.36147	1.36111	1.36134	342	0	10
2026.02.17	06:45:00	1.36135	1.36137	1.36104	1.36117	298	0	10
2026.02.17	07:00:00	1.36113	1.36117	1.35780	1.35786	1314	0	10
2026.02.17	07:15:00	1.35790	1.35790	1.35689	1.35711	832	0	10
2026.02.17	07:30:00	1.35710	1.35720	1.35520	1.35611	1113	0	10
2026.02.17	07:45:00	1.35609	1.35624	1.35516	1.35623	998	0	10
2026.02.17	08:00:00	1.35625	1.35752	1.35606	1.35646	1143	0	10
2026.02.17	08:15:00	1.35644	1.35789	1.35643	1.35773	924	0	10
2026.02.17	08:30:00	1.35773	1.35870	1.35773	1.35865	896	0	10
2026.02.17	08:45:00	1.35865	1.35902	1.35846	1.35851	798	0	10
2026.02.17	09:00:00	1.35852	1.35934	1.35832	1.35883	728	0	10
2026.02.17	09:15:00	1.35883	1.35951	1.35882	1.35900	742	0	10
2026.02.17	09:30:00	1.35901	1.35971	1.35901	1.35913	630	0	10
2026.02.17	09:45:00	1.35913	1.35956	1.35901	1.35906	541	0	10
2026.02.17	10:00:00	1.35904	1.35984	1.35888	1.35906	728	0	10
2026.02.17	10:15:00	1.35903	1.35987	1.35898	1.35944	517	0	10
2026.02.17	10:30:00	1.35943	1.36059	1.35930	1.35992	663	0	10
2026.02.17	10:45:00	1.35992	1.35995	1.35919	1.35945	624	0	10
2026.02.17	11:00:00	1.35948	1.35977	1.35872	1.35873	831	0	10
2026.02.17	11:15:00	1.35873	1.35888	1.35833	1.35873	630	0	10
2026.02.17	11:30:00	1.35873	1.35874	1.35756	1.35766	623	0	10
2026.02.17	11:45:00	1.35768	1.35768	1.35596	1.35644	922	0	10
2026.02.17	12:00:00	1.35642	1.35711	1.35602	1.35676	805	0	10
2026.02.17	12:15:00	1.35674	1.35694	1.35544	1.35609	641	0	10
2026.02.17	12:30:00	1.35609	1.35609	1.35516	1.35525	596	0	10
2026.02.17	12:45:00	1.35527	1.35529	1.35464	1.35483	755	0	10
2026.02.17	13:00:00	1.35483	1.35500	1.35408	1.35435	894	0	10
2026.02.17	13:15:00	1.35436	1.35440	1.35319	1.35406	826	0	10
2026.02.17	13:30:00	1.35404	1.35450	1.35263	1.35268	982	0	10
2026.02.17	13:45:00	1.35268	1.35383	1.35239	1.35244	1499	0	10
2026.02.17	14:00:00	1.35243	1.35278	1.35179	1.35206	1191	0	10
2026.02.17	14:15:00	1.35206	1.35281	1.35179	1.35217	1001	0	10
2026.02.17	14:30:00	1.35213	1.35319	1.35195	1.35284	1668	0	10
2026.02.17	14:45:00	1.35286	1.35310	1.35171	1.35202	1474	0	10
2026.02.17	15:00:00	1.35203	1.35252	1.35110	1.35156	1570	0	10
2026.02.17	15:15:00	1.35155	1.35212	1.35056	1.35059	1171	0	10
2026.02.17	15:30:00	1.35058	1.35086	1.34957	1.35052	1254	0	10
2026.02.17	15:45:00	1.35053	1.35086	1.34951	1.35029	1468	0	10
2026.02.17	16:00:00	1.35026	1.35192	1.35021	1.35178	1134	0	10
2026.02.17	16:15:00	1.35177	1.35312	1.35159	1.35274	1001	0	10
2026.02.17	16:30:00	1.35274	1.35367	1.35268	1.35344	937	0	10
2026.02.17	16:45:00	1.35347	1.35411	1.35340	1.35376	818	0	10
2026.02.17	17:00:00	1.35376	1.35417	1.35340	1.35405	879	0	10
2026.02.17	17:15:00	1.35405	1.35465	1.35384	1.35448	794	0	10
2026.02.17	17:30:00	1.35446	1.35480	1.35412	1.35424	843	0	10
2026.02.17	17:45:00	1.35424	1.35498	1.35403	1.35460	802	0	10
2026.02.17	18:00:00	1.35459	1.35481	1.35404	1.35437	873	0	10
2026.02.17	18:15:00	1.35438	1.35573	1.35429	1.35554	757	0	10
2026.02.17	18:30:00	1.35556	1.35603	1.35537	1.35593	660	0	10
2026.02.17	18:45:00	1.35594	1.35607	1.35580	1.35584	547	0	10
2026.02.17	19:00:00	1.35583	1.35608	1.35582	1.35595	427	0	10
2026.02.17	19:15:00	1.35595	1.35597	1.35553	1.35557	362	0	10
2026.02.17	19:30:00	1.35555	1.35606	1.35554	1.35601	491	0	10
2026.02.17	19:45:00	1.35601	1.35627	1.35589	1.35607	429	0	10
2026.02.17	20:00:00	1.35611	1.35637	1.35593	1.35601	438	0	10
2026.02.17	20:15:00	1.35601	1.35602	1.35571	1.35583	293	0	10
2026.02.17	20:30:00	1.35584	1.35606	1.35580	1.35592	357	0	10
2026.02.17	20:45:00	1.35592	1.35624	1.35582	1.35617	379	0	10
2026.02.17	21:00:00	1.35619	1.35633	1.35592	1.35620	304	0	10
2026.02.17	21:15:00	1.35620	1.35632	1.35601	1.35620	222	0	10
2026.02.17	21:30:00	1.35622	1.35686	1.35611	1.35675	215	0	10
2026.02.17	21:45:00	1.35674	1.35678	1.35641	1.35662	338	0	4
2026.02.17	22:00:00	1.35659	1.35659	1.35621	1.35623	66	0	31
2026.02.17	22:15:00	1.35625	1.35625	1.35542	1.35545	191	0	86
2026.02.17	22:30:00	1.35547	1.35611	1.35542	1.35606	240	0	73
2026.02.17	22:45:00	1.35606	1.35616	1.35602	1.35613	178	0	62
2026.02.17	23:00:00	1.35613	1.35720	1.35613	1.35676	276	0	10
2026.02.17	23:15:00	1.35673	1.35687	1.35641	1.35663	258	0	10
2026.02.17	23:30:00	1.35663	1.35665	1.35638	1.35648	276	0	10
2026.02.17	23:45:00	1.35649	1.35665	1.35609	1.35622	294	0	10
2026.02.18	00:00:00	1.35622	1.35661	1.35619	1.35650	395	0	10
2026.02.18	00:15:00	1.35651	1.35657	1.35618	1.35635	340	0	10
2026.02.18	00:30:00	1.35633	1.35643	1.35601	1.35612	403	0	10
2026.02.18	00:45:00	1.35612	1.35641	1.35604	1.35615	472	0	10
2026.02.18	01:00:00	1.35615	1.35617	1.35562	1.35568	571	0	10
2026.02.18	01:15:00	1.35568	1.35576	1.35541	1.35555	459	0	10
2026.02.18	01:30:00	1.35555	1.35574	1.35536	1.35567	311	0	10
2026.02.18	01:45:00	1.35567	1.35588	1.35549	1.35581	318	0	10
2026.02.18	02:00:00	1.35582	1.35585	1.35522	1.35532	424	0	10
2026.02.18	02:15:00	1.35532	1.35570	1.35511	1.35556	322	0	10
2026.02.18	02:30:00	1.35554	1.35576	1.35541	1.35566	303	0	10
2026.02.18	02:45:00	1.35566	1.35576	1.35535	1.35540	249	0	10
2026.02.18	03:00:00	1.35539	1.35576	1.35539	1.35553	276	0	10
2026.02.18	03:15:00	1.35553	1.35574	1.35533	1.35574	298	0	10
2026.02.18	03:30:00	1.35574	1.35575	1.35538	1.35543	257	0	10
2026.02.18	03:45:00	1.35543	1.35550	1.35521	1.35526	283	0	10
2026.02.18	04:00:00	1.35526	1.35531	1.35492	1.35526	281	0	10
2026.02.18	04:15:00	1.35526	1.35557	1.35524	1.35534	256	0	10
2026.02.18	04:30:00	1.35534	1.35557	1.35527	1.35541	281	0	10
2026.02.18	04:45:00	1.35541	1.35548	1.35528	1.35534	212	0	10
2026.02.18	05:00:00	1.35533	1.35569	1.35531	1.35565	203	0	10
2026.02.18	05:15:00	1.35565	1.35568	1.35553	1.35562	185	0	10
2026.02.18	05:30:00	1.35561	1.35583	1.35550	1.35565	235	0	10
2026.02.18	05:45:00	1.35565	1.35594	1.35561	1.35587	164	0	10
2026.02.18	06:00:00	1.35587	1.35595	1.35530	1.35552	268	0	10
2026.02.18	06:15:00	1.35552	1.35576	1.35542	1.35569	254	0	10
2026.02.18	06:30:00	1.35570	1.35579	1.35543	1.35569	355	0	10
2026.02.18	06:45:00	1.35569	1.35665	1.35562	1.35639	405	0	10
2026.02.18	07:00:00	1.35632	1.35776	1.35561	1.35563	943	0	10
2026.02.18	07:15:00	1.35566	1.35604	1.35549	1.35557	578	0	10
2026.02.18	07:30:00	1.35557	1.35628	1.35550	1.35608	654	0	10
2026.02.18	07:45:00	1.35606	1.35640	1.35529	1.35611	699	0	10
2026.02.18	08:00:00	1.35606	1.35679	1.35589	1.35615	953	0	10
2026.02.18	08:15:00	1.35613	1.35668	1.35563	1.35615	751	0	10
2026.02.18	08:30:00	1.35615	1.35652	1.35576	1.35588	585	0	10
2026.02.18	08:45:00	1.35587	1.35678	1.35587	1.35651	670	0	10
2026.02.18	09:00:00	1.35649	1.35757	1.35646	1.35726	778	0	10
2026.02.18	09:15:00	1.35723	1.35723	1.35690	1.35700	529	0	10
2026.02.18	09:30:00	1.35702	1.35702	1.35653	1.35663	512	0	10
2026.02.18	09:45:00	1.35662	1.35790	1.35655	1.35741	575	0	10
2026.02.18	10:00:00	1.35741	1.35819	1.35733	1.35755	593	0	10
2026.02.18	10:15:00	1.35755	1.35817	1.35746	1.35803	410	0	10
2026.02.18	10:30:00	1.35803	1.35807	1.35672	1.35699	502	0	10
2026.02.18	10:45:00	1.35698	1.35750	1.35652	1.35655	570	0	10
2026.02.18	11:00:00	1.35656	1.35676	1.35651	1.35675	377	0	10
2026.02.18	11:15:00	1.35675	1.35716	1.35653	1.35695	439	0	10
2026.02.18	11:30:00	1.35695	1.35719	1.35692	1.35705	312	0	10
2026.02.18	11:45:00	1.35705	1.35748	1.35678	1.35729	372	0	10
2026.02.18	12:00:00	1.35729	1.35785	1.35711	1.35757	590	0	10
2026.02.18	12:15:00	1.35757	1.35799	1.35743	1.35786	574	0	10
2026.02.18	12:30:00	1.35787	1.35796	1.35739	1.35768	609	0	10
2026.02.18	12:45:00	1.35766	1.35775	1.35692	1.35727	536	0	10
2026.02.18	13:00:00	1.35730	1.35813	1.35725	1.35761	651	0	10
2026.02.18	13:15:00	1.35761	1.35778	1.35650	1.35654	542	0	10
2026.02.18	13:30:00	1.35661	1.35688	1.35612	1.35621	818	0	10
2026.02.18	13:45:00	1.35623	1.35646	1.35517	1.35518	762	0	10
2026.02.18	14:00:00	1.35518	1.35584	1.35434	1.35495	848	0	10
2026.02.18	14:15:00	1.35494	1.35495	1.35326	1.35361	1146	0	10
2026.02.18	14:30:00	1.35358	1.35430	1.35327	1.35382	1294	0	10
2026.02.18	14:45:00	1.35382	1.35430	1.35346	1.35367	1076	0	10
2026.02.18	15:00:00	1.35363	1.35517	1.35349	1.35375	1210	0	10
2026.02.18	15:15:00	1.35379	1.35420	1.35350	1.35412	814	0	10
2026.02.18	15:30:00	1.35413	1.35526	1.35408	1.35490	793	0	10
2026.02.18	15:45:00	1.35491	1.35535	1.35385	1.35453	928	0	10
2026.02.18	16:00:00	1.35453	1.35573	1.35431	1.35504	843	0	10
2026.02.18	16:15:00	1.35504	1.35505	1.35443	1.35466	731	0	10
2026.02.18	16:30:00	1.35464	1.35497	1.35425	1.35432	695	0	10
2026.02.18	16:45:00	1.35432	1.35442	1.35328	1.35334	645	0	10
2026.02.18	17:00:00	1.35336	1.35364	1.35299	1.35336	573	0	10
2026.02.18	17:15:00	1.35337	1.35338	1.35282	1.35313	599	0	10
2026.02.18	17:30:00	1.35309	1.35327	1.35156	1.35196	690	0	10
2026.02.18	17:45:00	1.35196	1.35217	1.35121	1.35217	726	0	10
2026.02.18	18:00:00	1.35218	1.35254	1.35180	1.35202	609	0	10
2026.02.18	18:15:00	1.35202	1.35202	1.35108	1.35141	703	0	10
2026.02.18	18:30:00	1.35141	1.35146	1.35071	1.35074	743	0	10
2026.02.18	18:45:00	1.35070	1.35135	1.35056	1.35129	533	0	10
2026.02.18	19:00:00	1.35131	1.35147	1.35019	1.35025	1437	0	10
2026.02.18	19:15:00	1.35025	1.35066	1.34993	1.35005	595	0	10
2026.02.18	19:30:00	1.35004	1.35036	1.34967	1.34985	754	0	10
2026.02.18	19:45:00	1.34986	1.35017	1.34967	1.34997	568	0	10
2026.02.18	20:00:00	1.34997	1.35046	1.34971	1.34997	433	0	10
2026.02.18	20:15:00	1.34997	1.35019	1.34953	1.34953	394	0	10
2026.02.18	20:30:00	1.34953	1.35000	1.34944	1.34974	432	0	10
2026.02.18	20:45:00	1.34974	1.35009	1.34965	1.34993	379	0	10
2026.02.18	21:00:00	1.34992	1.35018	1.34978	1.34978	318	0	10
2026.02.18	21:15:00	1.34978	1.35006	1.34975	1.34997	241	0	10
2026.02.18	21:30:00	1.34997	1.34998	1.34972	1.34987	166	0	10
2026.02.18	21:45:00	1.34985	1.34985	1.34908	1.34920	378	0	4
2026.02.18	22:00:00	1.34918	1.34918	1.34861	1.34861	161	0	35
2026.02.18	22:15:00	1.34863	1.34882	1.34851	1.34879	229	0	180
2026.02.18	22:30:00	1.34878	1.34913	1.34878	1.34912	162	0	114
2026.02.18	22:45:00	1.34912	1.34937	1.34904	1.34937	220	0	74
2026.02.18	23:00:00	1.34961	1.34979	1.34948	1.34966	232	0	10
2026.02.18	23:15:00	1.34966	1.34973	1.34936	1.34965	198	0	10
2026.02.18	23:30:00	1.34965	1.34976	1.34952	1.34957	110	0	10
2026.02.18	23:45:00	1.34957	1.34965	1.34942	1.34947	129	0	10
2026.02.19	00:00:00	1.34948	1.34954	1.34930	1.34935	249	0	10
2026.02.19	00:15:00	1.34935	1.34956	1.34922	1.34956	190	0	10
2026.02.19	00:30:00	1.34959	1.34977	1.34890	1.34901	431	0	10
2026.02.19	00:45:00	1.34901	1.34927	1.34880	1.34894	420	0	10
2026.02.19	01:00:00	1.34894	1.34983	1.34894	1.34978	645	0	10
2026.02.19	01:15:00	1.34981	1.34987	1.34930	1.34934	421	0	10
2026.02.19	01:30:00	1.34935	1.34944	1.34911	1.34926	321	0	10
2026.02.19	01:45:00	1.34927	1.34966	1.34924	1.34962	305	0	10
2026.02.19	02:00:00	1.34961	1.34965	1.34925	1.34945	344	0	10
2026.02.19	02:15:00	1.34946	1.34960	1.34914	1.34928	337	0	10
2026.02.19	02:30:00	1.34927	1.34968	1.34925	1.34957	265	0	10
2026.02.19	02:45:00	1.34957	1.34967	1.34913	1.34943	219	0	10
2026.02.19	03:00:00	1.34945	1.34971	1.34938	1.34954	225	0	10
2026.02.19	03:15:00	1.34954	1.34959	1.34921	1.34934	251	0	10
2026.02.19	03:30:00	1.34934	1.34934	1.34896	1.34906	383	0	10
2026.02.19	03:45:00	1.34905	1.34916	1.34875	1.34906	307	0	10
2026.02.19	04:00:00	1.34906	1.34924	1.34874	1.34886	262	0	10
2026.02.19	04:15:00	1.34886	1.34894	1.34844	1.34847	293	0	10
2026.02.19	04:30:00	1.34847	1.34876	1.34824	1.34827	253	0	10
2026.02.19	04:45:00	1.34826	1.34852	1.34813	1.34834	267	0	10
2026.02.19	05:00:00	1.34834	1.34835	1.34803	1.34810	237	0	10
2026.02.19	05:15:00	1.34810	1.34854	1.34802	1.34844	269	0	10
2026.02.19	05:30:00	1.34845	1.34869	1.34843	1.34867	239	0	10
2026.02.19	05:45:00	1.34867	1.34875	1.34850	1.34870	279	0	10
2026.02.19	06:00:00	1.34870	1.34886	1.34842	1.34884	278	0	10
2026.02.19	06:15:00	1.34884	1.34965	1.34883	1.34957	357	0	10
2026.02.19	06:30:00	1.34957	1.34996	1.34949	1.34971	366	0	10
2026.02.19	06:45:00	1.34969	1.35019	1.34959	1.34995	359	0	10
2026.02.19	07:00:00	1.34995	1.34995	1.34951	1.34983	429	0	10
2026.02.19	07:15:00	1.34983	1.34988	1.34938	1.34986	435	0	10
2026.02.19	07:30:00	1.34986	1.35058	1.34985	1.35052	474	0	10
2026.02.19	07:45:00	1.35053	1.35120	1.35042	1.35096	445	0	10
2026.02.19	08:00:00	1.35096	1.35138	1.35077	1.35114	576	0	10
2026.02.19	08:15:00	1.35114	1.35155	1.35062	1.35082	465	0	10
2026.02.19	08:30:00	1.35083	1.35135	1.35083	1.35133	527	0	10
2026.02.19	08:45:00	1.35132	1.35137	1.35013	1.35057	649	0	10
2026.02.19	09:00:00	1.35056	1.35165	1.35051	1.35132	664	0	10
2026.02.19	09:15:00	1.35129	1.35133	1.35019	1.35021	607	0	10
2026.02.19	09:30:00	1.35022	1.35056	1.34939	1.34977	625	0	10
2026.02.19	09:45:00	1.34978	1.35057	1.34960	1.35042	642	0	10
2026.02.19	10:00:00	1.35038	1.35070	1.34964	1.34981	1053	0	10
2026.02.19	10:15:00	1.34981	1.34988	1.34882	1.34896	559	0	10
2026.02.19	10:30:00	1.34896	1.34935	1.34852	1.34894	583	0	10
2026.02.19	10:45:00	1.34895	1.34907	1.34846	1.34885	524	0	10
2026.02.19	11:00:00	1.34884	1.34917	1.34854	1.34885	547	0	10
2026.02.19	11:15:00	1.34886	1.34897	1.34731	1.34735	694	0	10
2026.02.19	11:30:00	1.34735	1.34748	1.34658	1.34703	756	0	10
2026.02.19	11:45:00	1.34703	1.34745	1.34649	1.34657	719	0	10
2026.02.19	12:00:00	1.34656	1.34678	1.34596	1.34606	708	0	10
2026.02.19	12:15:00	1.34606	1.34667	1.34565	1.34637	717	0	10
2026.02.19	12:30:00	1.34637	1.34739	1.34635	1.34675	661	0	10
2026.02.19	12:45:00	1.34674	1.34684	1.34582	1.34627	621	0	10
2026.02.19	13:00:00	1.34627	1.34634	1.34487	1.34607	1022	0	10
2026.02.19	13:15:00	1.34607	1.34641	1.34543	1.34638	778	0	10
2026.02.19	13:30:00	1.34632	1.34676	1.34531	1.34555	1092	0	10
2026.02.19	13:45:00	1.34556	1.34688	1.34521	1.34666	1046	0	10
2026.02.19	14:00:00	1.34665	1.34676	1.34395	1.34406	1151	0	10
2026.02.19	14:15:00	1.34405	1.34439	1.34334	1.34415	990	0	10
2026.02.19	14:30:00	1.34415	1.34486	1.34353	1.34471	1715	0	10
2026.02.19	14:45:00	1.34471	1.34492	1.34393	1.34452	1253	0	10
2026.02.19	15:00:00	1.34450	1.34713	1.34408	1.34573	2009	0	10
2026.02.19	15:15:00	1.34573	1.34674	1.34563	1.34595	1749	0	10
2026.02.19	15:30:00	1.34592	1.34683	1.34586	1.34598	1321	0	10
2026.02.19	15:45:00	1.34598	1.34736	1.34518	1.34536	1418	0	10
2026.02.19	16:00:00	1.34536	1.34577	1.34400	1.34494	1114	0	10
2026.02.19	16:15:00	1.34491	1.34532	1.34448	1.34480	948	0	10
2026.02.19	16:30:00	1.34478	1.34564	1.34478	1.34514	778	0	10
2026.02.19	16:45:00	1.34515	1.34518	1.34390	1.34447	858	0	10
2026.02.19	17:00:00	1.34448	1.34489	1.34382	1.34432	1006	0	10
2026.02.19	17:15:00	1.34434	1.34525	1.34413	1.34493	800	0	10
2026.02.19	17:30:00	1.34494	1.34538	1.34429	1.34515	745	0	10
2026.02.19	17:45:00	1.34515	1.34557	1.34493	1.34521	613	0	10
2026.02.19	18:00:00	1.34519	1.34596	1.34501	1.34596	655	0	10
2026.02.19	18:15:00	1.34595	1.34608	1.34538	1.34585	589	0	10
2026.02.19	18:30:00	1.34581	1.34643	1.34575	1.34629	517	0	10
2026.02.19	18:45:00	1.34627	1.34657	1.34577	1.34593	553	0	10
2026.02.19	19:00:00	1.34596	1.34656	1.34590	1.34616	599	0	10
2026.02.19	19:15:00	1.34616	1.34639	1.34570	1.34593	483	0	10
2026.02.19	19:30:00	1.34591	1.34610	1.34464	1.34514	614	0	10
2026.02.19	19:45:00	1.34515	1.34546	1.34490	1.34514	606	0	10
2026.02.19	20:00:00	1.34515	1.34569	1.34510	1.34544	402	0	10
2026.02.19	20:15:00	1.34544	1.34559	1.34530	1.34553	307	0	10
2026.02.19	20:30:00	1.34550	1.34574	1.34541	1.34556	360	0	10
2026.02.19	20:45:00	1.34556	1.34598	1.34547	1.34588	407	0	10
2026.02.19	21:00:00	1.34588	1.34618	1.34575	1.34607	308	0	10
2026.02.19	21:15:00	1.34608	1.34657	1.34605	1.34636	373	0	10
2026.02.19	21:30:00	1.34636	1.34727	1.34636	1.34713	320	0	10
2026.02.19	21:45:00	1.34713	1.34728	1.34611	1.34611	712	0	4
2026.02.19	22:00:00	1.34612	1.34625	1.34610	1.34622	67	0	35
2026.02.19	22:15:00	1.34621	1.34624	1.34613	1.34617	152	0	35
2026.02.19	22:30:00	1.34618	1.34629	1.34597	1.34601	287	0	22
2026.02.19	22:45:00	1.34601	1.34636	1.34595	1.34636	321	0	79
2026.02.19	23:00:00	1.34658	1.34705	1.34637	1.34684	343	0	10
2026.02.19	23:15:00	1.34684	1.34691	1.34652	1.34661	132	0	10
2026.02.19	23:30:00	1.34661	1.34661	1.34622	1.34632	238	0	10
2026.02.19	23:45:00	1.34631	1.34633	1.34590	1.34593	238	0	10
2026.02.20	00:00:00	1.34593	1.34628	1.34552	1.34587	405	0	10
2026.02.20	00:15:00	1.34584	1.34605	1.34567	1.34583	282	0	10
2026.02.20	00:30:00	1.34583	1.34598	1.34569	1.34585	355	0	10
2026.02.20	00:45:00	1.34585	1.34637	1.34581	1.34613	582	0	10
2026.02.20	01:00:00	1.34611	1.34627	1.34567	1.34575	593	0	10
2026.02.20	01:15:00	1.34575	1.34596	1.34512	1.34526	660	0	10
2026.02.20	01:30:00	1.34526	1.34533	1.34443	1.34465	497	0	10
2026.02.20	01:45:00	1.34465	1.34479	1.34411	1.34463	625	0	10
2026.02.20	02:00:00	1.34464	1.34475	1.34380	1.34414	719	0	10
2026.02.20	02:15:00	1.34415	1.34415	1.34362	1.34386	544	0	10
2026.02.20	02:30:00	1.34386	1.34402	1.34364	1.34375	407	0	10
2026.02.20	02:45:00	1.34374	1.34427	1.34342	1.34405	470	0	10
2026.02.20	03:00:00	1.34405	1.34461	1.34405	1.34433	366	0	10
2026.02.20	03:15:00	1.34433	1.34445	1.34381	1.34386	336	0	10
2026.02.20	03:30:00	1.34386	1.34438	1.34386	1.34405	338	0	10
2026.02.20	03:45:00	1.34405	1.34451	1.34403	1.34420	295	0	10
2026.02.20	04:00:00	1.34420	1.34468	1.34419	1.34464	289	0	10
2026.02.20	04:15:00	1.34466	1.34470	1.34442	1.34453	264	0	10
2026.02.20	04:30:00	1.34453	1.34454	1.34379	1.34405	297	0	10
2026.02.20	04:45:00	1.34405	1.34407	1.34383	1.34387	256	0	10
2026.02.20	05:00:00	1.34388	1.34417	1.34366	1.34385	338	0	10
2026.02.20	05:15:00	1.34386	1.34442	1.34375	1.34415	280	0	10
2026.02.20	05:30:00	1.34414	1.34435	1.34390	1.34404	322	0	10
2026.02.20	05:45:00	1.34403	1.34486	1.34380	1.34453	483	0	10
2026.02.20	06:00:00	1.34452	1.34466	1.34411	1.34428	485	0	10
2026.02.20	06:15:00	1.34429	1.34486	1.34429	1.34462	349	0	10
2026.02.20	06:30:00	1.34463	1.34478	1.34433	1.34445	355	0	10
2026.02.20	06:45:00	1.34445	1.34489	1.34410	1.34473	375	0	10
2026.02.20	07:00:00	1.34469	1.34621	1.34460	1.34608	1021	0	10
2026.02.20	07:15:00	1.34608	1.34614	1.34563	1.34578	495	0	10
2026.02.20	07:30:00	1.34578	1.34669	1.34542	1.34604	756	0	10
2026.02.20	07:45:00	1.34604	1.34604	1.34445	1.34455	926	0	10
2026.02.20	08:00:00	1.34454	1.34485	1.34355	1.34411	1206	0	10
2026.02.20	08:15:00	1.34407	1.34516	1.34399	1.34505	807	0	10
2026.02.20	08:30:00	1.34509	1.34549	1.34473	1.34491	879	0	10
2026.02.20	08:45:00	1.34491	1.34547	1.34472	1.34521	715	0	10
2026.02.20	09:00:00	1.34517	1.34604	1.34501	1.34590	725	0	10
2026.02.20	09:15:00	1.34592	1.34645	1.34569	1.34632	598	0	10
2026.02.20	09:30:00	1.34641	1.34787	1.34641	1.34755	1034	0	10
2026.02.20	09:45:00	1.34752	1.34768	1.34662	1.34662	706	0	10
2026.02.20	10:00:00	1.34665	1.34712	1.34624	1.34642	652	0	10
2026.02.20	10:15:00	1.34643	1.34678	1.34612	1.34653	632	0	10
2026.02.20	10:30:00	1.34653	1.34773	1.34642	1.34763	637	0	10
2026.02.20	10:45:00	1.34763	1.34822	1.34726	1.34751	720	0	10
2026.02.20	11:00:00	1.34750	1.34750	1.34656	1.34677	753	0	10
2026.02.20	11:15:00	1.34677	1.34755	1.34666	1.34735	583	0	10
2026.02.20	11:30:00	1.34735	1.34757	1.34673	1.34751	599	0	10
2026.02.20	11:45:00	1.34751	1.34775	1.34697	1.34697	577	0	10
2026.02.20	12:00:00	1.34695	1.34776	1.34679	1.34763	760	0	10
2026.02.20	12:15:00	1.34763	1.34782	1.34704	1.34741	601	0	10
2026.02.20	12:30:00	1.34741	1.34799	1.34680	1.34788	845	0	10
2026.02.20	12:45:00	1.34786	1.34829	1.34725	1.34725	735	0	10
2026.02.20	13:00:00	1.34729	1.34842	1.34729	1.34803	799	0	10
2026.02.20	13:15:00	1.34804	1.34917	1.34769	1.34900	960	0	10
2026.02.20	13:30:00	1.34896	1.34970	1.34680	1.34754	1883	0	10
2026.02.20	13:45:00	1.34757	1.34866	1.34663	1.34859	1279	0	10
2026.02.20	14:00:00	1.34857	1.34882	1.34745	1.34759	1129	0	10
2026.02.20	14:15:00	1.34759	1.34795	1.34718	1.34737	990	0	10
2026.02.20	14:30:00	1.34733	1.34775	1.34671	1.34741	1443	0	10
2026.02.20	14:45:00	1.34737	1.34816	1.34705	1.34768	1322	0	10
2026.02.20	15:00:00	1.34765	1.35041	1.34602	1.35014	6251	0	10
2026.02.20	15:15:00	1.35010	1.35132	1.34939	1.35115	4070	0	10
2026.02.20	15:30:00	1.35111	1.35146	1.34966	1.35062	3441	0	10
2026.02.20	15:45:00	1.35062	1.35065	1.34909	1.35005	2265	0	10
2026.02.20	16:00:00	1.35007	1.35145	1.34953	1.35061	1837	0	10
2026.02.20	16:15:00	1.35064	1.35098	1.34874	1.34919	1603	0	10
2026.02.20	16:30:00	1.34916	1.34935	1.34858	1.34889	1284	0	10
2026.02.20	16:45:00	1.34889	1.35005	1.34875	1.34981	1044	0	10
2026.02.20	17:00:00	1.34983	1.35002	1.34819	1.34833	1227	0	10
2026.02.20	17:15:00	1.34831	1.34833	1.34745	1.34788	1132	0	10
2026.02.20	17:30:00	1.34789	1.34891	1.34781	1.34866	1026	0	10
2026.02.20	17:45:00	1.34865	1.34955	1.34827	1.34892	1213	0	10
2026.02.20	18:00:00	1.34891	1.34944	1.34849	1.34908	1012	0	10
2026.02.20	18:15:00	1.34908	1.34968	1.34860	1.34930	1292	0	10
2026.02.20	18:30:00	1.34932	1.35053	1.34845	1.34990	2517	0	10
2026.02.20	18:45:00	1.34990	1.35063	1.34929	1.34942	1585	0	10
2026.02.20	19:00:00	1.34945	1.34989	1.34890	1.34912	1028	0	10
2026.02.20	19:15:00	1.34912	1.34925	1.34842	1.34874	668	0	10
2026.02.20	19:30:00	1.34875	1.34888	1.34841	1.34861	557	0	10
2026.02.20	19:45:00	1.34862	1.34907	1.34833	1.34853	730	0	10
2026.02.20	20:00:00	1.34854	1.34865	1.34812	1.34861	586	0	10
2026.02.20	20:15:00	1.34860	1.34876	1.34829	1.34842	443	0	10
2026.02.20	20:30:00	1.34840	1.34896	1.34809	1.34881	438	0	10
2026.02.20	20:45:00	1.34878	1.34909	1.34861	1.34891	425	0	10
2026.02.20	21:00:00	1.34890	1.34967	1.34876	1.34958	514	0	10
2026.02.20	21:15:00	1.34958	1.34962	1.34906	1.34928	278	0	10
2026.02.20	21:30:00	1.34932	1.34932	1.34852	1.34852	362	0	10
2026.02.20	21:45:00	1.34852	1.34888	1.34760	1.34779	862	0	10
