<DATE>	<TIME>	<OPEN>	<HIGH>	<LOW>	<CLOSE>	<TICKVOL>	<VOL>	<SPREAD>
2025.05.01	00:00:00	1.33204	1.33261	1.33170	1.33186	1741	0	10
2025.05.01	01:00:00	1.33186	1.33188	1.33033	1.33074	1518	0	10
2025.05.01	02:00:00	1.33073	1.33164	1.33053	1.33135	1309	0	10
2025.05.01	03:00:00	1.33135	1.33165	1.32926	1.33006	2214	0	10
2025.05.01	04:00:00	1.33006	1.33025	1.32925	1.32935	1860	0	10
2025.05.01	05:00:00	1.32933	1.32952	1.32784	1.32884	2321	0	10
2025.05.01	06:00:00	1.32883	1.33007	1.32849	1.32890	3080	0	10
2025.05.01	07:00:00	1.32888	1.33067	1.32743	1.33053	3744	0	10
2025.05.01	08:00:00	1.33056	1.33330	1.33050	1.33241	3099	0	10
2025.05.01	09:00:00	1.33240	1.33312	1.33125	1.33153	2544	0	10
2025.05.01	10:00:00	1.33151	1.33386	1.33115	1.33380	2699	0	10
2025.05.01	11:00:00	1.33382	1.33450	1.33233	1.33236	2995	0	10
2025.05.01	12:00:00	1.33236	1.33398	1.33137	1.33157	4667	0	10
2025.05.01	13:00:00	1.33153	1.33267	1.33109	1.33242	4532	0	10
2025.05.01	14:00:00	1.33237	1.33261	1.32841	1.32948	6440	0	10
2025.05.01	15:00:00	1.32950	1.33005	1.32644	1.32724	4318	0	10
2025.05.01	16:00:00	1.32722	1.32836	1.32614	1.32800	3245	0	10
2025.05.01	17:00:00	1.32802	1.32802	1.32629	1.32664	2233	0	10
2025.05.01	18:00:00	1.32664	1.32862	1.32596	1.32772	2555	0	10
2025.05.01	19:00:00	1.32774	1.32843	1.32757	1.32783	2024	0	10
2025.05.01	20:00:00	1.32784	1.32840	1.32737	1.32757	1292	0	10
2025.05.01	21:00:00	1.32755	1.32792	1.32633	1.32633	1009	0	26
2025.05.01	22:00:00	1.32736	1.32856	1.32726	1.32841	1197	0	10
2025.05.01	23:00:00	1.32843	1.32863	1.32797	1.32854	1108	0	10
2025.05.02	00:00:00	1.32855	1.32896	1.32735	1.32788	2543	0	10
2025.05.02	01:00:00	1.32787	1.32896	1.32753	1.32896	2286	0	10
2025.05.02	02:00:00	1.32896	1.32995	1.32891	1.32920	1625	0	10
2025.05.02	03:00:00	1.32919	1.33100	1.32897	1.33093	1811	0	10
2025.05.02	04:00:00	1.33095	1.33132	1.33035	1.33076	2342	0	10
2025.05.02	05:00:00	1.33077	1.33217	1.33048	1.33118	1977	0	10
2025.05.02	06:00:00	1.33116	1.33210	1.33064	1.33116	3604	0	10
2025.05.02	07:00:00	1.33113	1.33185	1.32980	1.32985	3905	0	10
2025.05.02	08:00:00	1.32989	1.32991	1.32819	1.32917	3572	0	10
2025.05.02	09:00:00	1.32914	1.33154	1.32852	1.33096	3483	0	10
2025.05.02	10:00:00	1.33097	1.33108	1.32868	1.32896	2870	0	10
2025.05.02	11:00:00	1.32898	1.33070	1.32856	1.32934	3241	0	10
2025.05.02	12:00:00	1.32934	1.32981	1.32599	1.32902	7417	0	10
2025.05.02	13:00:00	1.32903	1.33304	1.32827	1.33198	6862	0	10
2025.05.02	14:00:00	1.33195	1.33294	1.33096	1.33207	5981	0	10
2025.05.02	15:00:00	1.33205	1.33282	1.32768	1.32804	4836	0	10
2025.05.02	16:00:00	1.32806	1.32966	1.32759	1.32834	4497	0	10
2025.05.02	17:00:00	1.32833	1.32937	1.32727	1.32771	3271	0	10
2025.05.02	18:00:00	1.32771	1.32821	1.32671	1.32732	2540	0	10
2025.05.02	19:00:00	1.32733	1.32832	1.32731	1.32769	2012	0	10
2025.05.02	20:00:00	1.32767	1.32786	1.32632	1.32700	1267	0	10
2025.05.04	21:00:00	1.32466	1.32595	1.32462	1.32587	213	0	137
2025.05.04	22:00:00	1.32652	1.32745	1.32583	1.32636	1546	0	10
2025.05.04	23:00:00	1.32639	1.32761	1.32610	1.32692	1516	0	10
2025.05.05	00:00:00	1.32693	1.32719	1.32612	1.32709	1770	0	10
2025.05.05	01:00:00	1.32709	1.32968	1.32709	1.32888	2930	0	10
2025.05.05	02:00:00	1.32891	1.33003	1.32824	1.32972	2169	0	10
2025.05.05	03:00:00	1.32971	1.32976	1.32842	1.32882	1658	0	10
2025.05.05	04:00:00	1.32883	1.32962	1.32860	1.32947	1622	0	10
2025.05.05	05:00:00	1.32946	1.33065	1.32902	1.32932	2607	0	10
2025.05.05	06:00:00	1.32931	1.32977	1.32752	1.32801	3867	0	10
2025.05.05	07:00:00	1.32800	1.32915	1.32748	1.32803	3441	0	10
2025.05.05	08:00:00	1.32801	1.32915	1.32763	1.32813	3256	0	10
2025.05.05	09:00:00	1.32816	1.33039	1.32816	1.33026	3196	0	10
2025.05.05	10:00:00	1.33026	1.33094	1.32944	1.33064	3074	0	10
2025.05.05	11:00:00	1.33061	1.33248	1.33057	1.33159	3265	0	10
2025.05.05	12:00:00	1.33160	1.33352	1.33150	1.33301	4003	0	10
2025.05.05	13:00:00	1.33301	1.33362	1.33176	1.33213	3960	0	10
2025.05.05	14:00:00	1.33197	1.33197	1.32993	1.33056	5122	0	10
2025.05.05	15:00:00	1.33054	1.33091	1.32795	1.32816	3433	0	10
2025.05.05	16:00:00	1.32817	1.32817	1.32698	1.32734	2795	0	10
2025.05.05	17:00:00	1.32736	1.32829	1.32714	1.32772	2084	0	10
2025.05.05	18:00:00	1.32774	1.32903	1.32745	1.32880	1752	0	10
2025.05.05	19:00:00	1.32878	1.32990	1.32862	1.32925	1946	0	10
2025.05.05	20:00:00	1.32926	1.32984	1.32899	1.32955	1016	0	10
2025.05.05	21:00:00	1.32955	1.32960	1.32780	1.32796	757	0	16
2025.05.05	22:00:00	1.32905	1.32977	1.32899	1.32909	683	0	10
2025.05.05	23:00:00	1.32910	1.32946	1.32883	1.32901	738	0	10
2025.05.06	00:00:00	1.32901	1.32926	1.32669	1.32692	2517	0	10
2025.05.06	01:00:00	1.32692	1.32749	1.32595	1.32728	2985	0	10
2025.05.06	02:00:00	1.32730	1.32918	1.32711	1.32857	2474	0	10
2025.05.06	03:00:00	1.32857	1.32965	1.32818	1.32942	2065	0	10
2025.05.06	04:00:00	1.32940	1.33052	1.32937	1.33019	1640	0	10
2025.05.06	05:00:00	1.33020	1.33040	1.32858	1.32892	1809	0	10
2025.05.06	06:00:00	1.32889	1.33043	1.32848	1.33010	3250	0	10
2025.05.06	07:00:00	1.33012	1.33282	1.33012	1.33194	4281	0	10
2025.05.06	08:00:00	1.33196	1.33332	1.33132	1.33151	4353	0	10
2025.05.06	09:00:00	1.33151	1.33167	1.33072	1.33161	3701	0	10
2025.05.06	10:00:00	1.33161	1.33539	1.33136	1.33503	3524	0	10
2025.05.06	11:00:00	1.33502	1.33744	1.33479	1.33689	3711	0	10
2025.05.06	12:00:00	1.33691	1.34023	1.33639	1.33959	4043	0	10
2025.05.06	13:00:00	1.33958	1.33962	1.33799	1.33849	4503	0	10
2025.05.06	14:00:00	1.33850	1.33966	1.33649	1.33714	5046	0	10
2025.05.06	15:00:00	1.33715	1.33725	1.33560	1.33667	3501	0	10
2025.05.06	16:00:00	1.33671	1.33701	1.33514	1.33578	3340	0	10
2025.05.06	17:00:00	1.33580	1.33781	1.33561	1.33659	2838	0	10
2025.05.06	18:00:00	1.33659	1.33765	1.33589	1.33754	2407	0	10
2025.05.06	19:00:00	1.33752	1.33864	1.33709	1.33784	2077	0	10
2025.05.06	20:00:00	1.33779	1.33817	1.33564	1.33665	1595	0	10
2025.05.06	21:00:00	1.33669	1.33719	1.33572	1.33708	1069	0	29
2025.05.06	22:00:00	1.33752	1.33761	1.33447	1.33491	3390	0	10
2025.05.06	23:00:00	1.33491	1.33567	1.33432	1.33514	2321	0	10
2025.05.07	00:00:00	1.33514	1.33606	1.33330	1.33513	3866	0	10
2025.05.07	01:00:00	1.33509	1.33618	1.33354	1.33510	3759	0	10
2025.05.07	02:00:00	1.33505	1.33536	1.33401	1.33452	2915	0	10
2025.05.07	03:00:00	1.33452	1.33489	1.33379	1.33457	2203	0	10
2025.05.07	04:00:00	1.33458	1.33545	1.33411	1.33421	1787	0	10
2025.05.07	05:00:00	1.33421	1.33601	1.33403	1.33567	2123	0	10
2025.05.07	06:00:00	1.33571	1.33668	1.33526	1.33639	3467	0	10
2025.05.07	07:00:00	1.33637	1.33637	1.33446	1.33514	4258	0	10
2025.05.07	08:00:00	1.33516	1.33572	1.33350	1.33353	3853	0	10
2025.05.07	09:00:00	1.33356	1.33391	1.33225	1.33333	3386	0	10
2025.05.07	10:00:00	1.33334	1.33509	1.33318	1.33453	2413	0	10
2025.05.07	11:00:00	1.33454	1.33576	1.33434	1.33477	2738	0	10
2025.05.07	12:00:00	1.33476	1.33679	1.33453	1.33664	3293	0	10
2025.05.07	13:00:00	1.33664	1.33712	1.33570	1.33637	3644	0	10
2025.05.07	14:00:00	1.33638	1.33767	1.33565	1.33652	3622	0	10
2025.05.07	15:00:00	1.33655	1.33668	1.33381	1.33423	3842	0	10
2025.05.07	16:00:00	1.33424	1.33513	1.33322	1.33474	2882	0	10
2025.05.07	17:00:00	1.33473	1.33490	1.33285	1.33366	2358	0	10
2025.05.07	18:00:00	1.33377	1.33529	1.32998	1.33214	8207	0	10
2025.05.07	19:00:00	1.33216	1.33226	1.32892	1.32966	5941	0	10
2025.05.07	20:00:00	1.32966	1.32976	1.32793	1.32878	2084	0	10
2025.05.07	21:00:00	1.32881	1.32929	1.32843	1.32899	653	0	29
2025.05.07	22:00:00	1.32942	1.32951	1.32854	1.32867	1252	0	10
2025.05.07	23:00:00	1.32867	1.32951	1.32864	1.32898	1188	0	10
2025.05.08	00:00:00	1.32898	1.33067	1.32893	1.32958	2449	0	10
2025.05.08	01:00:00	1.32954	1.33446	1.32932	1.33412	4276	0	10
2025.05.08	02:00:00	1.33413	1.33512	1.33326	1.33418	3282	0	10
2025.05.08	03:00:00	1.33417	1.33559	1.33416	1.33442	2189	0	10
2025.05.08	04:00:00	1.33441	1.33472	1.33309	1.33318	1794	0	10
2025.05.08	05:00:00	1.33319	1.33329	1.33013	1.33209	3442	0	10
2025.05.08	06:00:00	1.33208	1.33218	1.32765	1.32822	5647	0	10
2025.05.08	07:00:00	1.32821	1.32914	1.32665	1.32898	4696	0	10
2025.05.08	08:00:00	1.32902	1.32950	1.32605	1.32656	4263	0	10
2025.05.08	09:00:00	1.32659	1.32806	1.32603	1.32753	3493	0	10
2025.05.08	10:00:00	1.32754	1.32947	1.32617	1.32625	3623	0	10
2025.05.08	11:00:00	1.32622	1.33324	1.32411	1.33254	7873	0	10
2025.05.08	12:00:00	1.33256	1.33418	1.33188	1.33235	5613	0	10
2025.05.08	13:00:00	1.33237	1.33445	1.33232	1.33345	5035	0	10
2025.05.08	14:00:00	1.33342	1.33446	1.33064	1.33087	5163	0	10
2025.05.08	15:00:00	1.33088	1.33172	1.32727	1.32841	6367	0	10
2025.05.08	16:00:00	1.32838	1.32852	1.32614	1.32655	4635	0	10
2025.05.08	17:00:00	1.32653	1.32672	1.32455	1.32575	3092	0	10
2025.05.08	18:00:00	1.32575	1.32619	1.32484	1.32507	2234	0	10
2025.05.08	19:00:00	1.32506	1.32537	1.32358	1.32437	2594	0	10
2025.05.08	20:00:00	1.32436	1.32487	1.32370	1.32437	1369	0	10
2025.05.08	21:00:00	1.32439	1.32471	1.32387	1.32387	894	0	26
2025.05.08	22:00:00	1.32514	1.32515	1.32448	1.32499	939	0	10
2025.05.08	23:00:00	1.32499	1.32501	1.32327	1.32391	1122	0	10
2025.05.09	00:00:00	1.32387	1.32431	1.32189	1.32393	2566	0	10
2025.05.09	01:00:00	1.32390	1.32417	1.32238	1.32255	2799	0	10
2025.05.09	02:00:00	1.32254	1.32342	1.32117	1.32333	2698	0	10
2025.05.09	03:00:00	1.32330	1.32418	1.32293	1.32310	2456	0	10
2025.05.09	04:00:00	1.32310	1.32391	1.32302	1.32357	1761	0	10
2025.05.09	05:00:00	1.32357	1.32414	1.32232	1.32408	2182	0	10
2025.05.09	06:00:00	1.32410	1.32469	1.32334	1.32418	3101	0	10
2025.05.09	07:00:00	1.32419	1.32688	1.32412	1.32618	3488	0	10
2025.05.09	08:00:00	1.32620	1.32711	1.32531	1.32695	2793	0	10
2025.05.09	09:00:00	1.32693	1.32782	1.32615	1.32683	2743	0	10
2025.05.09	10:00:00	1.32680	1.32778	1.32624	1.32684	2701	0	10
2025.05.09	11:00:00	1.32681	1.32853	1.32651	1.32761	3615	0	10
2025.05.09	12:00:00	1.32762	1.32866	1.32720	1.32846	2886	0	10
2025.05.09	13:00:00	1.32846	1.32969	1.32831	1.32863	3553	0	10
2025.05.09	14:00:00	1.32866	1.33171	1.32834	1.33038	4119	0	10
2025.05.09	15:00:00	1.33036	1.33155	1.32931	1.33150	3252	0	10
2025.05.09	16:00:00	1.33150	1.33221	1.33043	1.33066	2302	0	10
2025.05.09	17:00:00	1.33062	1.33187	1.33015	1.33145	1818	0	10
2025.05.09	18:00:00	1.33146	1.33176	1.33092	1.33143	1550	0	10
2025.05.09	19:00:00	1.33143	1.33151	1.33027	1.33113	1528	0	10
2025.05.09	20:00:00	1.33113	1.33113	1.32966	1.33035	1766	0	10
2025.05.11	21:00:00	1.32590	1.32670	1.32543	1.32615	880	0	186
2025.05.11	22:00:00	1.32701	1.32912	1.32694	1.32851	1745	0	22
2025.05.11	23:00:00	1.32857	1.32948	1.32835	1.32841	1932	0	10
2025.05.12	00:00:00	1.32841	1.32905	1.32742	1.32885	3153	0	10
2025.05.12	01:00:00	1.32887	1.32941	1.32745	1.32784	3666	0	10
2025.05.12	02:00:00	1.32784	1.32902	1.32773	1.32822	2292	0	10
2025.05.12	03:00:00	1.32819	1.32912	1.32781	1.32906	1879	0	10
2025.05.12	04:00:00	1.32903	1.32930	1.32821	1.32854	1392	0	10
2025.05.12	05:00:00	1.32854	1.32877	1.32736	1.32810	1835	0	10
2025.05.12	06:00:00	1.32813	1.32991	1.32807	1.32849	3360	0	10
2025.05.12	07:00:00	1.32850	1.32893	1.31628	1.31684	13096	0	10
2025.05.12	08:00:00	1.31687	1.32023	1.31585	1.31937	7499	0	10
2025.05.12	09:00:00	1.31938	1.32043	1.31858	1.31967	4940	0	10
2025.05.12	10:00:00	1.31968	1.31968	1.31394	1.31414	5745	0	10
2025.05.12	11:00:00	1.31410	1.31835	1.31402	1.31768	5094	0	10
2025.05.12	12:00:00	1.31765	1.32007	1.31713	1.31956	4615	0	10
2025.05.12	13:00:00	1.31957	1.32133	1.31918	1.31999	5321	0	10
2025.05.12	14:00:00	1.32001	1.32128	1.31923	1.32006	5464	0	10
2025.05.12	15:00:00	1.32009	1.32151	1.31883	1.31912	4161	0	10
2025.05.12	16:00:00	1.31913	1.31967	1.31768	1.31776	3342	0	10
2025.05.12	17:00:00	1.31777	1.31788	1.31637	1.31753	2647	0	10
2025.05.12	18:00:00	1.31753	1.31826	1.31618	1.31798	2765	0	10
2025.05.12	19:00:00	1.31799	1.31846	1.31743	1.31783	2303	0	10
2025.05.12	20:00:00	1.31785	1.31812	1.31739	1.31745	1145	0	10
2025.05.12	21:00:00	1.31749	1.31758	1.31587	1.31587	1026	0	29
2025.05.12	22:00:00	1.31692	1.31769	1.31692	1.31758	1182	0	10
2025.05.12	23:00:00	1.31758	1.31818	1.31710	1.31771	1512	0	10
2025.05.13	00:00:00	1.31771	1.31850	1.31732	1.31779	2712	0	10
2025.05.13	01:00:00	1.31780	1.31875	1.31746	1.31837	3034	0	10
2025.05.13	02:00:00	1.31838	1.31911	1.31789	1.31820	2170	0	10
2025.05.13	03:00:00	1.31817	1.31999	1.31785	1.31977	1930	0	10
2025.05.13	04:00:00	1.31977	1.32006	1.31898	1.32006	1682	0	10
2025.05.13	05:00:00	1.32005	1.32061	1.31928	1.31993	2231	0	10
2025.05.13	06:00:00	1.31990	1.32069	1.31888	1.31980	3506	0	10
2025.05.13	07:00:00	1.31976	1.32115	1.31949	1.32111	4255	0	10
2025.05.13	08:00:00	1.32112	1.32165	1.31999	1.32110	3251	0	10
2025.05.13	09:00:00	1.32108	1.32200	1.32054	1.32131	3108	0	10
2025.05.13	10:00:00	1.32131	1.32172	1.32019	1.32030	3055	0	10
2025.05.13	11:00:00	1.32030	1.32145	1.32016	1.32128	2453	0	10
2025.05.13	12:00:00	1.32128	1.32441	1.32116	1.32427	4651	0	10
2025.05.13	13:00:00	1.32427	1.32488	1.32209	1.32265	5873	0	10
2025.05.13	14:00:00	1.32263	1.32597	1.32225	1.32589	5512	0	10
2025.05.13	15:00:00	1.32587	1.32800	1.32564	1.32766	4157	0	10
2025.05.13	16:00:00	1.32766	1.32941	1.32709	1.32919	3110	0	10
2025.05.13	17:00:00	1.32919	1.33030	1.32868	1.32991	2404	0	10
2025.05.13	18:00:00	1.32989	1.33023	1.32955	1.32998	1796	0	10
2025.05.13	19:00:00	1.32999	1.33078	1.32980	1.33048	1907	0	10
2025.05.13	20:00:00	1.33051	1.33161	1.33016	1.33027	1469	0	10
2025.05.13	21:00:00	1.33017	1.33044	1.32986	1.32996	532	0	32
2025.05.13	22:00:00	1.33067	1.33141	1.33030	1.33138	996	0	10
2025.05.13	23:00:00	1.33138	1.33138	1.33022	1.33030	1255	0	10
2025.05.14	00:00:00	1.33029	1.33163	1.32991	1.33131	2645	0	10
2025.05.14	01:00:00	1.33131	1.33198	1.33052	1.33078	3279	0	10
2025.05.14	02:00:00	1.33082	1.33092	1.32979	1.33031	2363	0	10
2025.05.14	03:00:00	1.33031	1.33086	1.32977	1.33083	1777	0	10
2025.05.14	04:00:00	1.33086	1.33124	1.33025	1.33037	1761	0	10
2025.05.14	05:00:00	1.33037	1.33092	1.33000	1.33013	2058	0	10
2025.05.14	06:00:00	1.33015	1.33114	1.32906	1.32989	3689	0	10
2025.05.14	07:00:00	1.32991	1.33305	1.32975	1.33282	4464	0	10
2025.05.14	08:00:00	1.33285	1.33582	1.33264	1.33464	7325	0	10
2025.05.14	09:00:00	1.33466	1.33601	1.33368	1.33491	5474	0	10
2025.05.14	10:00:00	1.33488	1.33515	1.33355	1.33481	3448	0	10
2025.05.14	11:00:00	1.33481	1.33504	1.33264	1.33332	3380	0	10
2025.05.14	12:00:00	1.33334	1.33384	1.33159	1.33248	4558	0	10
2025.05.14	13:00:00	1.33251	1.33288	1.33095	1.33162	5198	0	10
2025.05.14	14:00:00	1.33166	1.33169	1.32863	1.33037	5351	0	10
2025.05.14	15:00:00	1.33040	1.33049	1.32887	1.32999	4843	0	10
2025.05.14	16:00:00	1.33000	1.33095	1.32704	1.32817	5153	0	10
2025.05.14	17:00:00	1.32816	1.32878	1.32748	1.32785	3101	0	10
2025.05.14	18:00:00	1.32785	1.32796	1.32596	1.32647	2911	0	10
2025.05.14	19:00:00	1.32645	1.32645	1.32529	1.32597	2450	0	10
2025.05.14	20:00:00	1.32596	1.32654	1.32559	1.32591	1235	0	10
2025.05.14	21:00:00	1.32592	1.32626	1.32490	1.32490	951	0	32
2025.05.14	22:00:00	1.32593	1.32661	1.32593	1.32644	787	0	10
2025.05.14	23:00:00	1.32647	1.32686	1.32612	1.32629	1314	0	10
2025.05.15	00:00:00	1.32630	1.32742	1.32590	1.32719	2240	0	10
2025.05.15	01:00:00	1.32720	1.32839	1.32720	1.32756	2848	0	10
2025.05.15	02:00:00	1.32758	1.32804	1.32719	1.32796	2073	0	10
2025.05.15	03:00:00	1.32796	1.32863	1.32761	1.32803	1955	0	10
2025.05.15	04:00:00	1.32803	1.32833	1.32732	1.32740	1694	0	10
2025.05.15	05:00:00	1.32740	1.32787	1.32622	1.32727	2272	0	10
2025.05.15	06:00:00	1.32729	1.33047	1.32693	1.33034	3916	0	10
2025.05.15	07:00:00	1.33032	1.33046	1.32668	1.32671	4345	0	10
2025.05.15	08:00:00	1.32671	1.32948	1.32625	1.32892	3508	0	10
2025.05.15	09:00:00	1.32897	1.32947	1.32802	1.32865	3184	0	10
2025.05.15	10:00:00	1.32867	1.32993	1.32819	1.32899	3082	0	10
2025.05.15	11:00:00	1.32901	1.32932	1.32669	1.32702	3626	0	10
2025.05.15	12:00:00	1.32702	1.33087	1.32702	1.33047	5079	0	10
2025.05.15	13:00:00	1.33049	1.33194	1.32920	1.32928	5924	0	10
2025.05.15	14:00:00	1.32926	1.33027	1.32629	1.32782	5727	0	10
2025.05.15	15:00:00	1.32779	1.32948	1.32746	1.32888	4088	0	10
2025.05.15	16:00:00	1.32890	1.32966	1.32817	1.32885	2875	0	10
2025.05.15	17:00:00	1.32885	1.33003	1.32860	1.32868	2308	0	10
2025.05.15	18:00:00	1.32867	1.33009	1.32865	1.32980	2217	0	10
2025.05.15	19:00:00	1.32982	1.33075	1.32928	1.33049	1754	0	10
2025.05.15	20:00:00	1.33049	1.33084	1.33025	1.33035	1214	0	10
2025.05.15	21:00:00	1.33034	1.33044	1.32932	1.32982	830	0	16
2025.05.15	22:00:00	1.33046	1.33094	1.33011	1.33082	1015	0	10
2025.05.15	23:00:00	1.33083	1.33096	1.33029	1.33029	1111	0	10
2025.05.16	00:00:00	1.33028	1.33173	1.33010	1.33137	2941	0	10
2025.05.16	01:00:00	1.33139	1.33184	1.33098	1.33148	2286	0	10
2025.05.16	02:00:00	1.33148	1.33173	1.33061	1.33104	2279	0	10
2025.05.16	03:00:00	1.33103	1.33184	1.33079	1.33117	1890	0	10
2025.05.16	04:00:00	1.33117	1.33194	1.33083	1.33176	1706	0	10
2025.05.16	05:00:00	1.33176	1.33276	1.33152	1.33249	2048	0	10
2025.05.16	06:00:00	1.33253	1.33322	1.33174	1.33241	3027	0	10
2025.05.16	07:00:00	1.33244	1.33288	1.33119	1.33139	3450	0	10
2025.05.16	08:00:00	1.33142	1.33166	1.33008	1.33043	3150	0	10
2025.05.16	09:00:00	1.33039	1.33086	1.32903	1.32921	3028	0	10
2025.05.16	10:00:00	1.32922	1.32951	1.32820	1.32908	2986	0	10
2025.05.16	11:00:00	1.32905	1.33014	1.32814	1.32819	2873	0	10
2025.05.16	12:00:00	1.32819	1.32872	1.32729	1.32830	3152	0	10
2025.05.16	13:00:00	1.32830	1.32987	1.32782	1.32938	3691	0	10
2025.05.16	14:00:00	1.32941	1.32964	1.32526	1.32650	5877	0	10
2025.05.16	15:00:00	1.32650	1.32697	1.32542	1.32558	3883	0	10
2025.05.16	16:00:00	1.32555	1.32692	1.32500	1.32679	3255	0	10
2025.05.16	17:00:00	1.32681	1.32743	1.32672	1.32710	2113	0	10
2025.05.16	18:00:00	1.32710	1.32792	1.32669	1.32777	1992	0	10
2025.05.16	19:00:00	1.32772	1.32831	1.32742	1.32756	1835	0	10
2025.05.16	20:00:00	1.32753	1.32878	1.32744	1.32790	2064	0	10
2025.05.18	21:00:00	1.32671	1.32744	1.32600	1.32738	474	0	85
2025.05.18	22:00:00	1.32767	1.33042	1.32730	1.33002	1639	0	10
2025.05.18	23:00:00	1.33004	1.33047	1.32938	1.33047	1761	0	10
2025.05.19	00:00:00	1.33047	1.33129	1.32988	1.33121	3289	0	10
2025.05.19	01:00:00	1.33122	1.33133	1.32930	1.32951	2910	0	10
2025.05.19	02:00:00	1.32952	1.33041	1.32900	1.32964	2423	0	10
2025.05.19	03:00:00	1.32964	1.33006	1.32942	1.32967	1908	0	10
2025.05.19	04:00:00	1.32964	1.33021	1.32908	1.32984	1469	0	10
2025.05.19	05:00:00	1.32984	1.33042	1.32923	1.32994	1941	0	10
2025.05.19	06:00:00	1.32995	1.33230	1.32948	1.33207	3632	0	10
2025.05.19	07:00:00	1.33208	1.33724	1.33194	1.33671	5269	0	10
2025.05.19	08:00:00	1.33673	1.33696	1.33478	1.33670	4118	0	10
2025.05.19	09:00:00	1.33670	1.33972	1.33622	1.33958	4646	0	10
2025.05.19	10:00:00	1.33961	1.34037	1.33875	1.33883	3982	0	10
2025.05.19	11:00:00	1.33883	1.33892	1.33748	1.33817	3568	0	10
2025.05.19	12:00:00	1.33815	1.33831	1.33678	1.33709	3844	0	10
2025.05.19	13:00:00	1.33706	1.33754	1.33596	1.33660	5228	0	10
2025.05.19	14:00:00	1.33658	1.33694	1.33536	1.33670	4199	0	10
2025.05.19	15:00:00	1.33671	1.33721	1.33525	1.33540	3310	0	10
2025.05.19	16:00:00	1.33543	1.33574	1.33450	1.33544	2715	0	10
2025.05.19	17:00:00	1.33544	1.33581	1.33463	1.33503	2195	0	10
2025.05.19	18:00:00	1.33501	1.33573	1.33441	1.33549	1917	0	10
2025.05.19	19:00:00	1.33548	1.33609	1.33502	1.33592	1415	0	10
2025.05.19	20:00:00	1.33590	1.33644	1.33578	1.33591	1024	0	10
2025.05.19	21:00:00	1.33588	1.33609	1.33494	1.33558	905	0	25
2025.05.19	22:00:00	1.33596	1.33608	1.33538	1.33559	986	0	10
2025.05.19	23:00:00	1.33559	1.33611	1.33543	1.33584	876	0	10
2025.05.20	00:00:00	1.33583	1.33588	1.33445	1.33555	2402	0	10
2025.05.20	01:00:00	1.33555	1.33735	1.33551	1.33572	3058	0	10
2025.05.20	02:00:00	1.33572	1.33668	1.33461	1.33533	2301	0	10
2025.05.20	03:00:00	1.33531	1.33697	1.33506	1.33668	2356	0	10
2025.05.20	04:00:00	1.33665	1.33699	1.33609	1.33632	2220	0	10
2025.05.20	05:00:00	1.33632	1.33825	1.33628	1.33757	3045	0	10
2025.05.20	06:00:00	1.33759	1.33821	1.33661	1.33688	3832	0	10
2025.05.20	07:00:00	1.33690	1.33944	1.33649	1.33911	4350	0	10
2025.05.20	08:00:00	1.33911	1.33930	1.33714	1.33736	3266	0	10
2025.05.20	09:00:00	1.33735	1.33837	1.33679	1.33713	2873	0	10
2025.05.20	10:00:00	1.33712	1.33728	1.33532	1.33623	2902	0	10
2025.05.20	11:00:00	1.33624	1.33718	1.33581	1.33614	2609	0	10
2025.05.20	12:00:00	1.33611	1.33633	1.33348	1.33398	3660	0	10
2025.05.20	13:00:00	1.33397	1.33601	1.33340	1.33565	4254	0	10
2025.05.20	14:00:00	1.33568	1.33739	1.33558	1.33687	4868	0	10
2025.05.20	15:00:00	1.33689	1.33730	1.33569	1.33691	3532	0	10
2025.05.20	16:00:00	1.33691	1.33730	1.33585	1.33709	2827	0	10
2025.05.20	17:00:00	1.33709	1.33854	1.33690	1.33801	2319	0	10
2025.05.20	18:00:00	1.33800	1.33869	1.33763	1.33781	2428	0	10
2025.05.20	19:00:00	1.33781	1.33905	1.33772	1.33872	1647	0	10
2025.05.20	20:00:00	1.33871	1.33936	1.33851	1.33924	917	0	10
2025.05.20	21:00:00	1.33922	1.33922	1.33748	1.33817	958	0	35
2025.05.20	22:00:00	1.33856	1.33938	1.33848	1.33909	915	0	10
2025.05.20	23:00:00	1.33905	1.33974	1.33899	1.33964	1010	0	10
2025.05.21	00:00:00	1.33964	1.34115	1.33938	1.34084	2310	0	10
2025.05.21	01:00:00	1.34082	1.34120	1.33981	1.34080	2362	0	10
2025.05.21	02:00:00	1.34081	1.34264	1.34071	1.34231	3254	0	10
2025.05.21	03:00:00	1.34231	1.34351	1.34203	1.34300	2544	0	10
2025.05.21	04:00:00	1.34297	1.34350	1.34259	1.34298	1684	0	10
2025.05.21	05:00:00	1.34297	1.34376	1.34269	1.34352	2195	0	10
2025.05.21	06:00:00	1.34360	1.34684	1.34224	1.34450	6769	0	10
2025.05.21	07:00:00	1.34448	1.34458	1.34096	1.34124	5774	0	10
2025.05.21	08:00:00	1.34122	1.34192	1.33903	1.33988	3957	0	10
2025.05.21	09:00:00	1.33990	1.34101	1.33879	1.34101	3589	0	10
2025.05.21	10:00:00	1.34102	1.34375	1.34052	1.34122	4463	0	10
2025.05.21	11:00:00	1.34121	1.34168	1.33956	1.34136	4685	0	10
2025.05.21	12:00:00	1.34139	1.34230	1.33998	1.34223	5287	0	10
2025.05.21	13:00:00	1.34224	1.34366	1.34142	1.34326	4990	0	10
2025.05.21	14:00:00	1.34325	1.34425	1.34233	1.34351	5392	0	10
2025.05.21	15:00:00	1.34351	1.34495	1.34298	1.34445	4302	0	10
2025.05.21	16:00:00	1.34443	1.34515	1.34415	1.34463	2794	0	10
2025.05.21	17:00:00	1.34462	1.34524	1.34319	1.34379	4322	0	10
2025.05.21	18:00:00	1.34378	1.34386	1.34260	1.34270	2874	0	10
2025.05.21	19:00:00	1.34269	1.34344	1.34153	1.34160	2480	0	10
2025.05.21	20:00:00	1.34161	1.34236	1.34127	1.34180	1200	0	10
2025.05.21	21:00:00	1.34178	1.34182	1.34114	1.34117	654	0	29
2025.05.21	22:00:00	1.34165	1.34172	1.34046	1.34048	1767	0	10
2025.05.21	23:00:00	1.34047	1.34202	1.34046	1.34199	1610	0	10
2025.05.22	00:00:00	1.34203	1.34312	1.34196	1.34243	3235	0	10
2025.05.22	01:00:00	1.34242	1.34340	1.34160	1.34260	3214	0	10
2025.05.22	02:00:00	1.34258	1.34404	1.34184	1.34324	2810	0	10
2025.05.22	03:00:00	1.34324	1.34338	1.34225	1.34246	1989	0	10
2025.05.22	04:00:00	1.34243	1.34305	1.34205	1.34286	1504	0	10
2025.05.22	05:00:00	1.34286	1.34324	1.34216	1.34304	2006	0	10
2025.05.22	06:00:00	1.34301	1.34314	1.34155	1.34190	3858	0	10
2025.05.22	07:00:00	1.34194	1.34325	1.34092	1.34323	4611	0	10
2025.05.22	08:00:00	1.34319	1.34404	1.34010	1.34019	4723	0	10
2025.05.22	09:00:00	1.34016	1.34075	1.33913	1.34024	3953	0	10
2025.05.22	10:00:00	1.34024	1.34029	1.33902	1.33979	2977	0	10
2025.05.22	11:00:00	1.33977	1.34233	1.33967	1.34191	3620	0	10
2025.05.22	12:00:00	1.34195	1.34260	1.34013	1.34126	4301	0	10
2025.05.22	13:00:00	1.34128	1.34275	1.34060	1.34164	4841	0	10
2025.05.22	14:00:00	1.34161	1.34361	1.34140	1.34228	5108	0	10
2025.05.22	15:00:00	1.34227	1.34295	1.34053	1.34243	4071	0	10
2025.05.22	16:00:00	1.34244	1.34360	1.34169	1.34176	3090	0	10
2025.05.22	17:00:00	1.34173	1.34184	1.34033	1.34144	2851	0	10
2025.05.22	18:00:00	1.34141	1.34253	1.34133	1.34224	2080	0	10
2025.05.22	19:00:00	1.34224	1.34296	1.34172	1.34185	1759	0	10
2025.05.22	20:00:00	1.34182	1.34200	1.34112	1.34172	1167	0	10
2025.05.22	21:00:00	1.34169	1.34184	1.34100	1.34130	527	0	29
2025.05.22	22:00:00	1.34210	1.34265	1.34202	1.34236	911	0	10
2025.05.22	23:00:00	1.34240	1.34259	1.34183	1.34191	1038	0	10
2025.05.23	00:00:00	1.34194	1.34353	1.34178	1.34317	2402	0	10
2025.05.23	01:00:00	1.34314	1.34459	1.34295	1.34403	2340	0	10
2025.05.23	02:00:00	1.34404	1.34478	1.34372	1.34454	1881	0	10
2025.05.23	03:00:00	1.34453	1.34480	1.34423	1.34471	1273	0	10
2025.05.23	04:00:00	1.34469	1.34550	1.34450	1.34515	1336	0	10
2025.05.23	05:00:00	1.34515	1.34594	1.34451	1.34558	1659	0	10
2025.05.23	06:00:00	1.34556	1.34612	1.34434	1.34481	3396	0	10
2025.05.23	07:00:00	1.34484	1.34845	1.34446	1.34792	4160	0	10
2025.05.23	08:00:00	1.34789	1.34914	1.34769	1.34877	2923	0	10
2025.05.23	09:00:00	1.34876	1.35010	1.34846	1.34976	3112	0	10
2025.05.23	10:00:00	1.34976	1.35014	1.34922	1.34964	2806	0	10
2025.05.23	11:00:00	1.34964	1.35156	1.34734	1.34879	8631	0	10
2025.05.23	12:00:00	1.34878	1.35333	1.34764	1.35177	7858	0	10
2025.05.23	13:00:00	1.35175	1.35234	1.34815	1.34823	5499	0	10
2025.05.23	14:00:00	1.34818	1.35003	1.34802	1.34954	5187	0	10
2025.05.23	15:00:00	1.34955	1.35153	1.34928	1.35080	3663	0	10
2025.05.23	16:00:00	1.35083	1.35225	1.35041	1.35213	2826	0	10
2025.05.23	17:00:00	1.35212	1.35389	1.35206	1.35278	2225	0	10
2025.05.23	18:00:00	1.35276	1.35371	1.35268	1.35300	2168	0	10
2025.05.23	19:00:00	1.35302	1.35372	1.35258	1.35339	2000	0	10
2025.05.23	20:00:00	1.35337	1.35433	1.35318	1.35397	1691	0	10
2025.05.25	21:00:00	1.35138	1.35218	1.35130	1.35218	680	0	137
2025.05.25	22:00:00	1.35269	1.35389	1.35229	1.35343	2375	0	10
2025.05.25	23:00:00	1.35348	1.35422	1.35311	1.35374	1867	0	10
2025.05.26	00:00:00	1.35375	1.35607	1.35357	1.35605	2774	0	10
2025.05.26	01:00:00	1.35602	1.35860	1.35527	1.35834	3265	0	10
2025.05.26	02:00:00	1.35833	1.35930	1.35777	1.35819	2994	0	10
2025.05.26	03:00:00	1.35816	1.35841	1.35763	1.35785	2030	0	10
2025.05.26	04:00:00	1.35786	1.35853	1.35740	1.35819	1897	0	10
2025.05.26	05:00:00	1.35819	1.35922	1.35715	1.35885	2241	0	10
2025.05.26	06:00:00	1.35881	1.35918	1.35704	1.35729	3392	0	10
2025.05.26	07:00:00	1.35727	1.35785	1.35651	1.35666	3545	0	10
2025.05.26	08:00:00	1.35668	1.35711	1.35575	1.35638	2710	0	10
2025.05.26	09:00:00	1.35640	1.35676	1.35547	1.35612	2168	0	10
2025.05.26	10:00:00	1.35613	1.35654	1.35545	1.35616	2159	0	10
2025.05.26	11:00:00	1.35616	1.35665	1.35537	1.35591	2074	0	10
2025.05.26	12:00:00	1.35593	1.35626	1.35505	1.35552	2041	0	10
2025.05.26	13:00:00	1.35551	1.35673	1.35519	1.35665	2055	0	10
2025.05.26	14:00:00	1.35668	1.35679	1.35565	1.35630	2289	0	10
2025.05.26	15:00:00	1.35627	1.35645	1.35567	1.35625	1549	0	10
2025.05.26	16:00:00	1.35625	1.35647	1.35589	1.35638	1053	0	10
2025.05.26	17:00:00	1.35639	1.35648	1.35570	1.35614	729	0	10
2025.05.26	18:00:00	1.35610	1.35646	1.35605	1.35616	606	0	10
2025.05.26	19:00:00	1.35616	1.35642	1.35611	1.35639	393	0	10
2025.05.26	20:00:00	1.35642	1.35648	1.35605	1.35618	663	0	10
2025.05.26	21:00:00	1.35622	1.35623	1.35511	1.35517	849	0	19
2025.05.26	22:00:00	1.35641	1.35681	1.35595	1.35648	917	0	10
2025.05.26	23:00:00	1.35646	1.35661	1.35626	1.35648	833	0	10
2025.05.27	00:00:00	1.35648	1.35849	1.35648	1.35817	2102	0	10
2025.05.27	01:00:00	1.35817	1.35863	1.35686	1.35738	2155	0	10
2025.05.27	02:00:00	1.35738	1.35808	1.35672	1.35688	1882	0	10
2025.05.27	03:00:00	1.35689	1.35758	1.35668	1.35688	1546	0	10
2025.05.27	04:00:00	1.35685	1.35747	1.35534	1.35547	1855	0	10
2025.05.27	05:00:00	1.35547	1.35558	1.35379	1.35547	3457	0	10
2025.05.27	06:00:00	1.35548	1.35729	1.35461	1.35475	4054	0	10
2025.05.27	07:00:00	1.35473	1.35569	1.35216	1.35248	4926	0	10
2025.05.27	08:00:00	1.35250	1.35467	1.35224	1.35367	3364	0	10
2025.05.27	09:00:00	1.35363	1.35496	1.35352	1.35449	3426	0	10
2025.05.27	10:00:00	1.35447	1.35452	1.35330	1.35404	3292	0	10
2025.05.27	11:00:00	1.35405	1.35534	1.35405	1.35481	2867	0	10
2025.05.27	12:00:00	1.35485	1.35619	1.35463	1.35617	3005	0	10
2025.05.27	13:00:00	1.35618	1.35645	1.35403	1.35423	3718	0	10
2025.05.27	14:00:00	1.35425	1.35538	1.35183	1.35201	4944	0	10
2025.05.27	15:00:00	1.35199	1.35211	1.34997	1.35022	3736	0	10
2025.05.27	16:00:00	1.35024	1.35114	1.35004	1.35071	2635	0	10
2025.05.27	17:00:00	1.35068	1.35110	1.35014	1.35087	1776	0	10
2025.05.27	18:00:00	1.35088	1.35148	1.35050	1.35119	1751	0	10
2025.05.27	19:00:00	1.35117	1.35144	1.35031	1.35046	1635	0	10
2025.05.27	20:00:00	1.35044	1.35083	1.35024	1.35049	948	0	10
2025.05.27	21:00:00	1.35051	1.35078	1.34996	1.35046	948	0	16
2025.05.27	22:00:00	1.35101	1.35134	1.35068	1.35116	782	0	10
2025.05.27	23:00:00	1.35114	1.35146	1.35087	1.35136	809	0	10
2025.05.28	00:00:00	1.35139	1.35219	1.35126	1.35149	1963	0	10
2025.05.28	01:00:00	1.35148	1.35162	1.34890	1.34931	3524	0	10
2025.05.28	02:00:00	1.34928	1.35000	1.34791	1.34817	3350	0	10
2025.05.28	03:00:00	1.34820	1.34891	1.34760	1.34821	2695	0	10
2025.05.28	04:00:00	1.34820	1.34855	1.34703	1.34721	2036	0	10
2025.05.28	05:00:00	1.34720	1.34803	1.34608	1.34801	2509	0	10
2025.05.28	06:00:00	1.34799	1.34844	1.34710	1.34777	3379	0	10
2025.05.28	07:00:00	1.34775	1.35039	1.34755	1.34980	3996	0	10
2025.05.28	08:00:00	1.34982	1.35106	1.34958	1.35087	3123	0	10
2025.05.28	09:00:00	1.35088	1.35150	1.35046	1.35095	2590	0	10
2025.05.28	10:00:00	1.35094	1.35188	1.34889	1.34934	2597	0	10
2025.05.28	11:00:00	1.34934	1.34978	1.34754	1.34790	3121	0	10
2025.05.28	12:00:00	1.34789	1.34840	1.34655	1.34685	3310	0	10
2025.05.28	13:00:00	1.34686	1.34728	1.34494	1.34665	4501	0	10
2025.05.28	14:00:00	1.34666	1.34889	1.34627	1.34706	5161	0	10
2025.05.28	15:00:00	1.34704	1.34754	1.34537	1.34593	3834	0	10
2025.05.28	16:00:00	1.34595	1.34748	1.34589	1.34744	2576	0	10
2025.05.28	17:00:00	1.34742	1.34794	1.34679	1.34689	2095	0	10
2025.05.28	18:00:00	1.34693	1.34756	1.34616	1.34690	2232	0	10
2025.05.28	19:00:00	1.34687	1.34706	1.34621	1.34637	1884	0	10
2025.05.28	20:00:00	1.34639	1.34710	1.34639	1.34693	1182	0	10
2025.05.28	21:00:00	1.34687	1.34693	1.34645	1.34661	461	0	25
2025.05.28	22:00:00	1.34697	1.34707	1.34653	1.34663	953	0	10
2025.05.28	23:00:00	1.34667	1.34672	1.34149	1.34284	5280	0	10
2025.05.29	00:00:00	1.34284	1.34431	1.34188	1.34284	6524	0	10
2025.05.29	01:00:00	1.34283	1.34449	1.34183	1.34438	4513	0	10
2025.05.29	02:00:00	1.34441	1.34463	1.34317	1.34332	2933	0	10
2025.05.29	03:00:00	1.34331	1.34418	1.34285	1.34360	2383	0	10
2025.05.29	04:00:00	1.34356	1.34458	1.34310	1.34398	1954	0	10
2025.05.29	05:00:00	1.34397	1.34418	1.34258	1.34337	2663	0	10
2025.05.29	06:00:00	1.34335	1.34571	1.34280	1.34565	4291	0	10
2025.05.29	07:00:00	1.34567	1.34704	1.34567	1.34644	4550	0	10
2025.05.29	08:00:00	1.34643	1.34747	1.34539	1.34596	3692	0	10
2025.05.29	09:00:00	1.34596	1.34770	1.34590	1.34685	2985	0	10
2025.05.29	10:00:00	1.34684	1.34834	1.34667	1.34722	3312	0	10
2025.05.29	11:00:00	1.34720	1.34772	1.34576	1.34606	3248	0	10
2025.05.29	12:00:00	1.34603	1.35046	1.34601	1.35011	5554	0	10
2025.05.29	13:00:00	1.35011	1.35067	1.34856	1.34923	5167	0	10
2025.05.29	14:00:00	1.34923	1.35002	1.34761	1.34823	5170	0	10
2025.05.29	15:00:00	1.34822	1.34951	1.34791	1.34882	3984	0	10
2025.05.29	16:00:00	1.34878	1.35047	1.34867	1.34921	3031	0	10
2025.05.29	17:00:00	1.34922	1.35043	1.34865	1.34970	2420	0	10
2025.05.29	18:00:00	1.34972	1.35042	1.34960	1.34975	2160	0	10
2025.05.29	19:00:00	1.34976	1.35001	1.34919	1.34941	1943	0	10
2025.05.29	20:00:00	1.34944	1.34965	1.34884	1.34901	1170	0	10
2025.05.29	21:00:00	1.34903	1.34905	1.34862	1.34878	797	0	20
2025.05.29	22:00:00	1.34912	1.34991	1.34897	1.34939	1114	0	10
2025.05.29	23:00:00	1.34940	1.35007	1.34923	1.34987	1269	0	10
2025.05.30	00:00:00	1.34985	1.35093	1.34895	1.34961	3092	0	10
2025.05.30	01:00:00	1.34961	1.35105	1.34797	1.34817	3973	0	10
2025.05.30	02:00:00	1.34813	1.34863	1.34702	1.34725	2530	0	10
2025.05.30	03:00:00	1.34724	1.34794	1.34677	1.34704	1882	0	10
2025.05.30	04:00:00	1.34706	1.34753	1.34690	1.34710	1768	0	10
2025.05.30	05:00:00	1.34710	1.34830	1.34676	1.34791	2089	0	10
2025.05.30	06:00:00	1.34791	1.34854	1.34633	1.34775	3268	0	10
2025.05.30	07:00:00	1.34776	1.34810	1.34545	1.34774	4621	0	10
2025.05.30	08:00:00	1.34777	1.34843	1.34643	1.34658	3633	0	10
2025.05.30	09:00:00	1.34656	1.34731	1.34620	1.34698	3111	0	10
2025.05.30	10:00:00	1.34696	1.34816	1.34678	1.34720	2815	0	10
2025.05.30	11:00:00	1.34719	1.34810	1.34664	1.34749	2763	0	10
2025.05.30	12:00:00	1.34749	1.34992	1.34738	1.34917	5630	0	10
2025.05.30	13:00:00	1.34919	1.34938	1.34507	1.34514	4732	0	10
2025.05.30	14:00:00	1.34516	1.34888	1.34473	1.34822	6309	0	10
2025.05.30	15:00:00	1.34818	1.34838	1.34655	1.34670	4488	0	10
2025.05.30	16:00:00	1.34670	1.34724	1.34544	1.34601	3209	0	10
2025.05.30	17:00:00	1.34604	1.34761	1.34604	1.34642	2527	0	10
2025.05.30	18:00:00	1.34642	1.34733	1.34640	1.34675	2157	0	10
2025.05.30	19:00:00	1.34674	1.34762	1.34638	1.34726	2131	0	10
2025.05.30	20:00:00	1.34728	1.34749	1.34523	1.34523	1731	0	10
2025.06.01	21:00:00	1.34497	1.34521	1.34408	1.34483	468	0	165
2025.06.01	22:00:00	1.34540	1.34658	1.34525	1.34638	1384	0	10
2025.06.01	23:00:00	1.34640	1.34730	1.34625	1.34681	1527	0	10
2025.06.02	00:00:00	1.34682	1.34918	1.34672	1.34880	2489	0	10
2025.06.02	01:00:00	1.34881	1.35052	1.34850	1.34891	3009	0	10
2025.06.02	02:00:00	1.34891	1.34961	1.34837	1.34851	2030	0	10
2025.06.02	03:00:00	1.34850	1.34874	1.34727	1.34825	2052	0	10
2025.06.02	04:00:00	1.34825	1.34899	1.34805	1.34878	1565	0	10
2025.06.02	05:00:00	1.34882	1.35030	1.34872	1.35009	2102	0	10
2025.06.02	06:00:00	1.35010	1.35336	1.34982	1.35306	3405	0	10
2025.06.02	07:00:00	1.35309	1.35570	1.35281	1.35480	4307	0	10
2025.06.02	08:00:00	1.35482	1.35522	1.35378	1.35429	3812	0	10
2025.06.02	09:00:00	1.35428	1.35548	1.35396	1.35405	3564	0	10
2025.06.02	10:00:00	1.35407	1.35452	1.35297	1.35304	2909	0	10
2025.06.02	11:00:00	1.35306	1.35424	1.35265	1.35351	3049	0	10
2025.06.02	12:00:00	1.35350	1.35503	1.35311	1.35420	3443	0	10
2025.06.02	13:00:00	1.35422	1.35435	1.35181	1.35289	4138	0	10
2025.06.02	14:00:00	1.35285	1.35593	1.35285	1.35523	5380	0	10
2025.06.02	15:00:00	1.35520	1.35552	1.35434	1.35472	3879	0	10
2025.06.02	16:00:00	1.35474	1.35484	1.35186	1.35221	3039	0	10
2025.06.02	17:00:00	1.35219	1.35273	1.35172	1.35209	2303	0	10
2025.06.02	18:00:00	1.35208	1.35412	1.35167	1.35401	2148	0	10
2025.06.02	19:00:00	1.35398	1.35477	1.35351	1.35456	1858	0	10
2025.06.02	20:00:00	1.35457	1.35493	1.35413	1.35417	899	0	10
2025.06.02	21:00:00	1.35418	1.35432	1.35341	1.35394	822	0	25
2025.06.02	22:00:00	1.35423	1.35481	1.35384	1.35480	915	0	10
2025.06.02	23:00:00	1.35480	1.35592	1.35461	1.35566	1161	0	10
2025.06.03	00:00:00	1.35565	1.35574	1.35449	1.35472	2022	0	10
2025.06.03	01:00:00	1.35469	1.35474	1.35307	1.35330	2790	0	10
2025.06.03	02:00:00	1.35332	1.35332	1.35186	1.35217	2227	0	10
2025.06.03	03:00:00	1.35216	1.35252	1.35144	1.35179	1978	0	10
2025.06.03	04:00:00	1.35179	1.35255	1.35149	1.35236	1610	0	10
2025.06.03	05:00:00	1.35237	1.35264	1.35113	1.35238	1999	0	10
2025.06.03	06:00:00	1.35241	1.35371	1.35147	1.35319	3128	0	10
2025.06.03	07:00:00	1.35315	1.35326	1.35158	1.35194	3766	0	10
2025.06.03	08:00:00	1.35194	1.35202	1.35048	1.35149	3068	0	10
2025.06.03	09:00:00	1.35149	1.35264	1.35083	1.35144	2925	0	10
2025.06.03	10:00:00	1.35148	1.35195	1.35034	1.35052	2642	0	10
2025.06.03	11:00:00	1.35056	1.35077	1.34945	1.35029	2911	0	10
2025.06.03	12:00:00	1.35031	1.35051	1.34913	1.35031	3117	0	10
2025.06.03	13:00:00	1.35034	1.35218	1.34998	1.35124	3807	0	10
2025.06.03	14:00:00	1.35127	1.35330	1.34958	1.35285	5323	0	10
2025.06.03	15:00:00	1.35283	1.35317	1.35158	1.35197	3844	0	10
2025.06.03	16:00:00	1.35199	1.35262	1.35098	1.35181	2743	0	10
2025.06.03	17:00:00	1.35183	1.35288	1.35159	1.35269	2100	0	10
2025.06.03	18:00:00	1.35268	1.35277	1.35179	1.35241	1774	0	10
2025.06.03	19:00:00	1.35241	1.35256	1.35133	1.35154	1350	0	10
2025.06.03	20:00:00	1.35153	1.35223	1.35133	1.35159	950	0	10
2025.06.03	21:00:00	1.35161	1.35174	1.35132	1.35150	656	0	19
2025.06.03	22:00:00	1.35173	1.35223	1.35158	1.35206	783	0	10
2025.06.03	23:00:00	1.35206	1.35311	1.35206	1.35303	1036	0	10
2025.06.04	00:00:00	1.35304	1.35329	1.35248	1.35261	2304	0	10
2025.06.04	01:00:00	1.35260	1.35444	1.35149	1.35349	3232	0	10
2025.06.04	02:00:00	1.35348	1.35382	1.35196	1.35226	1957	0	10
2025.06.04	03:00:00	1.35226	1.35282	1.35134	1.35160	1815	0	10
2025.06.04	04:00:00	1.35162	1.35267	1.35100	1.35115	2214	0	10
2025.06.04	05:00:00	1.35116	1.35159	1.35007	1.35098	2408	0	10
2025.06.04	06:00:00	1.35094	1.35265	1.35042	1.35262	3700	0	10
2025.06.04	07:00:00	1.35259	1.35412	1.35218	1.35279	3285	0	10
2025.06.04	08:00:00	1.35282	1.35454	1.35236	1.35395	3190	0	10
2025.06.04	09:00:00	1.35398	1.35424	1.35295	1.35350	2789	0	10
2025.06.04	10:00:00	1.35352	1.35382	1.35197	1.35236	2803	0	10
2025.06.04	11:00:00	1.35236	1.35269	1.35127	1.35136	2257	0	10
2025.06.04	12:00:00	1.35134	1.35438	1.35114	1.35424	4590	0	10
2025.06.04	13:00:00	1.35422	1.35485	1.35310	1.35375	3771	0	10
2025.06.04	14:00:00	1.35382	1.35797	1.35382	1.35763	5608	0	10
2025.06.04	15:00:00	1.35760	1.35772	1.35582	1.35677	3698	0	10
2025.06.04	16:00:00	1.35678	1.35716	1.35561	1.35707	2972	0	10
2025.06.04	17:00:00	1.35710	1.35735	1.35590	1.35609	2078	0	10
2025.06.04	18:00:00	1.35611	1.35660	1.35567	1.35580	1798	0	10
2025.06.04	19:00:00	1.35579	1.35596	1.35455	1.35460	1481	0	10
2025.06.04	20:00:00	1.35460	1.35553	1.35447	1.35514	1018	0	10
2025.06.04	21:00:00	1.35520	1.35539	1.35433	1.35433	871	0	22
2025.06.04	22:00:00	1.35494	1.35535	1.35476	1.35505	704	0	10
2025.06.04	23:00:00	1.35509	1.35597	1.35497	1.35505	1146	0	10
2025.06.05	00:00:00	1.35507	1.35593	1.35461	1.35590	2545	0	10
2025.06.05	01:00:00	1.35593	1.35655	1.35427	1.35468	2845	0	10
2025.06.05	02:00:00	1.35468	1.35489	1.35401	1.35472	1949	0	10
2025.06.05	03:00:00	1.35473	1.35609	1.35437	1.35443	2319	0	10
2025.06.05	04:00:00	1.35445	1.35499	1.35425	1.35469	1814	0	10
2025.06.05	05:00:00	1.35471	1.35497	1.35420	1.35437	1812	0	10
2025.06.05	06:00:00	1.35441	1.35587	1.35437	1.35465	2861	0	10
2025.06.05	07:00:00	1.35462	1.35738	1.35446	1.35598	3173	0	10
2025.06.05	08:00:00	1.35599	1.35726	1.35599	1.35668	2677	0	10
2025.06.05	09:00:00	1.35667	1.35726	1.35597	1.35643	2793	0	10
2025.06.05	10:00:00	1.35641	1.35843	1.35637	1.35741	2547	0	10
2025.06.05	11:00:00	1.35742	1.35782	1.35654	1.35702	2685	0	10
2025.06.05	12:00:00	1.35699	1.35941	1.35657	1.35783	6132	0	10
2025.06.05	13:00:00	1.35780	1.36161	1.35708	1.36019	7397	0	10
2025.06.05	14:00:00	1.36020	1.36063	1.35872	1.35915	5955	0	10
2025.06.05	15:00:00	1.35911	1.35984	1.35750	1.35815	4684	0	10
2025.06.05	16:00:00	1.35813	1.35873	1.35758	1.35860	3132	0	10
2025.06.05	17:00:00	1.35863	1.35892	1.35787	1.35887	2375	0	10
2025.06.05	18:00:00	1.35884	1.35888	1.35691	1.35791	2340	0	10
2025.06.05	19:00:00	1.35790	1.35805	1.35661	1.35732	2831	0	10
2025.06.05	20:00:00	1.35732	1.35756	1.35681	1.35681	1232	0	10
2025.06.05	21:00:00	1.35678	1.35722	1.35629	1.35655	633	0	29
2025.06.05	22:00:00	1.35745	1.35776	1.35720	1.35773	763	0	10
2025.06.05	23:00:00	1.35777	1.35807	1.35741	1.35785	1031	0	10
2025.06.06	00:00:00	1.35783	1.35843	1.35782	1.35785	1940	0	10
2025.06.06	01:00:00	1.35783	1.35836	1.35723	1.35739	2127	0	10
2025.06.06	02:00:00	1.35741	1.35751	1.35651	1.35694	1960	0	10
2025.06.06	03:00:00	1.35692	1.35753	1.35680	1.35717	1471	0	10
2025.06.06	04:00:00	1.35717	1.35765	1.35707	1.35747	1400	0	10
2025.06.06	05:00:00	1.35747	1.35747	1.35610	1.35661	1637	0	10
2025.06.06	06:00:00	1.35656	1.35670	1.35435	1.35499	2977	0	10
2025.06.06	07:00:00	1.35501	1.35518	1.35345	1.35450	3709	0	10
2025.06.06	08:00:00	1.35450	1.35478	1.35337	1.35373	2742	0	10
2025.06.06	09:00:00	1.35374	1.35394	1.35289	1.35334	2345	0	10
2025.06.06	10:00:00	1.35334	1.35518	1.35331	1.35491	2216	0	10
2025.06.06	11:00:00	1.35492	1.35548	1.35421	1.35505	2381	0	10
2025.06.06	12:00:00	1.35507	1.35625	1.35183	1.35359	7756	0	10
2025.06.06	13:00:00	1.35354	1.35439	1.35071	1.35207	6719	0	10
2025.06.06	14:00:00	1.35211	1.35477	1.35159	1.35259	5810	0	10
2025.06.06	15:00:00	1.35258	1.35345	1.35164	1.35307	4370	0	10
2025.06.06	16:00:00	1.35308	1.35356	1.35174	1.35189	3110	0	10
2025.06.06	17:00:00	1.35191	1.35282	1.35153	1.35257	2473	0	10
2025.06.06	18:00:00	1.35257	1.35330	1.35250	1.35291	2325	0	10
2025.06.06	19:00:00	1.35292	1.35341	1.35264	1.35313	1740	0	10
2025.06.06	20:00:00	1.35315	1.35321	1.35232	1.35255	970	0	10
2025.06.08	21:00:00	1.35118	1.35222	1.35118	1.35205	460	0	104
2025.06.08	22:00:00	1.35294	1.35357	1.35284	1.35353	934	0	10
2025.06.08	23:00:00	1.35355	1.35394	1.35331	1.35368	1017	0	10
2025.06.09	00:00:00	1.35369	1.35387	1.35274	1.35305	1735	0	10
2025.06.09	01:00:00	1.35308	1.35542	1.35308	1.35523	2316	0	10
2025.06.09	02:00:00	1.35524	1.35651	1.35510	1.35560	2156	0	10
2025.06.09	03:00:00	1.35558	1.35609	1.35512	1.35513	1527	0	10
2025.06.09	04:00:00	1.35512	1.35547	1.35492	1.35538	1338	0	10
2025.06.09	05:00:00	1.35538	1.35586	1.35484	1.35568	1450	0	10
2025.06.09	06:00:00	1.35569	1.35716	1.35532	1.35681	2484	0	10
2025.06.09	07:00:00	1.35678	1.35692	1.35582	1.35642	2722	0	10
2025.06.09	08:00:00	1.35644	1.35778	1.35630	1.35725	2785	0	10
2025.06.09	09:00:00	1.35724	1.35809	1.35704	1.35713	2298	0	10
2025.06.09	10:00:00	1.35713	1.35754	1.35575	1.35585	2000	0	10
2025.06.09	11:00:00	1.35587	1.35637	1.35543	1.35611	2628	0	10
2025.06.09	12:00:00	1.35614	1.35620	1.35332	1.35359	3367	0	10
2025.06.09	13:00:00	1.35356	1.35407	1.35242	1.35354	3668	0	10
2025.06.09	14:00:00	1.35353	1.35486	1.35277	1.35445	3631	0	10
2025.06.09	15:00:00	1.35446	1.35640	1.35433	1.35617	2831	0	10
2025.06.09	16:00:00	1.35617	1.35625	1.35533	1.35579	2122	0	10
2025.06.09	17:00:00	1.35583	1.35616	1.35511	1.35578	1822	0	10
2025.06.09	18:00:00	1.35576	1.35656	1.35556	1.35622	1690	0	10
2025.06.09	19:00:00	1.35623	1.35655	1.35569	1.35574	1423	0	10
2025.06.09	20:00:00	1.35572	1.35575	1.35481	1.35484	843	0	10
2025.06.09	21:00:00	1.35482	1.35504	1.35435	1.35441	1157	0	32
2025.06.09	22:00:00	1.35484	1.35536	1.35467	1.35525	675	0	10
2025.06.09	23:00:00	1.35526	1.35571	1.35494	1.35539	697	0	10
2025.06.10	00:00:00	1.35540	1.35638	1.35512	1.35543	2054	0	10
2025.06.10	01:00:00	1.35546	1.35601	1.35269	1.35300	2827	0	10
2025.06.10	02:00:00	1.35298	1.35398	1.35189	1.35374	3059	0	10
2025.06.10	03:00:00	1.35373	1.35435	1.35314	1.35428	2128	0	10
2025.06.10	04:00:00	1.35429	1.35440	1.35316	1.35375	1718	0	10
2025.06.10	05:00:00	1.35376	1.35456	1.35346	1.35404	3241	0	10
2025.06.10	06:00:00	1.35401	1.35401	1.34817	1.34817	5003	0	10
2025.06.10	07:00:00	1.34815	1.34856	1.34559	1.34721	5222	0	10
2025.06.10	08:00:00	1.34721	1.34967	1.34719	1.34875	3690	0	10
2025.06.10	09:00:00	1.34874	1.34949	1.34792	1.34916	3058	0	10
2025.06.10	10:00:00	1.34918	1.35068	1.34884	1.35057	2841	0	10
2025.06.10	11:00:00	1.35057	1.35083	1.34932	1.35047	3218	0	10
2025.06.10	12:00:00	1.35047	1.35124	1.34976	1.35067	3430	0	10
2025.06.10	13:00:00	1.35064	1.35338	1.35044	1.35326	4343	0	10
2025.06.10	14:00:00	1.35322	1.35364	1.35133	1.35142	3611	0	10
2025.06.10	15:00:00	1.35142	1.35164	1.35047	1.35070	3323	0	10
2025.06.10	16:00:00	1.35071	1.35093	1.34974	1.34984	2133	0	10
2025.06.10	17:00:00	1.34982	1.35048	1.34946	1.34998	1943	0	10
2025.06.10	18:00:00	1.34998	1.34998	1.34896	1.34939	1970	0	10
2025.06.10	19:00:00	1.34936	1.35078	1.34909	1.35019	1835	0	10
2025.06.10	20:00:00	1.35018	1.35033	1.34945	1.34957	1067	0	10
2025.06.10	21:00:00	1.34956	1.34998	1.34879	1.34948	1140	0	23
2025.06.10	22:00:00	1.35018	1.35034	1.34938	1.35025	984	0	10
2025.06.10	23:00:00	1.35021	1.35097	1.34956	1.35070	1887	0	10
2025.06.11	00:00:00	1.35070	1.35094	1.34908	1.34918	3067	0	10
2025.06.11	01:00:00	1.34917	1.34955	1.34747	1.34763	2366	0	10
2025.06.11	02:00:00	1.34761	1.34827	1.34742	1.34798	1832	0	10
2025.06.11	03:00:00	1.34795	1.34837	1.34749	1.34821	1512	0	10
2025.06.11	04:00:00	1.34821	1.34859	1.34766	1.34822	1545	0	10
2025.06.11	05:00:00	1.34822	1.34911	1.34802	1.34898	1624	0	10
2025.06.11	06:00:00	1.34898	1.34909	1.34654	1.34669	2773	0	10
2025.06.11	07:00:00	1.34672	1.34887	1.34635	1.34827	3196	0	10
2025.06.11	08:00:00	1.34830	1.34959	1.34794	1.34941	2898	0	10
2025.06.11	09:00:00	1.34942	1.35052	1.34895	1.34968	2890	0	10
2025.06.11	10:00:00	1.34971	1.35028	1.34930	1.34959	2396	0	10
2025.06.11	11:00:00	1.34958	1.34970	1.34845	1.34943	2587	0	10
2025.06.11	12:00:00	1.34947	1.35494	1.34880	1.35187	6021	0	8
2025.06.11	13:00:00	1.35186	1.35299	1.35012	1.35175	5449	0	10
2025.06.11	14:00:00	1.35180	1.35445	1.35157	1.35382	4398	0	10
2025.06.11	15:00:00	1.35381	1.35575	1.35325	1.35543	3858	0	10
2025.06.11	16:00:00	1.35544	1.35570	1.35409	1.35490	2726	0	10
2025.06.11	17:00:00	1.35488	1.35643	1.35464	1.35622	2297	0	10
2025.06.11	18:00:00	1.35621	1.35672	1.35470	1.35470	3231	0	10
2025.06.11	19:00:00	1.35469	1.35479	1.35357	1.35381	2153	0	10
2025.06.11	20:00:00	1.35378	1.35478	1.35375	1.35434	1312	0	10
2025.06.11	21:00:00	1.35427	1.35459	1.35381	1.35381	711	0	22
2025.06.11	22:00:00	1.35476	1.35690	1.35454	1.35656	1222	0	10
2025.06.11	23:00:00	1.35656	1.35724	1.35619	1.35673	1638	0	10
2025.06.12	00:00:00	1.35676	1.35881	1.35617	1.35829	3216	0	10
2025.06.12	01:00:00	1.35828	1.35931	1.35787	1.35826	3211	0	10
2025.06.12	02:00:00	1.35827	1.35831	1.35665	1.35728	2443	0	10
2025.06.12	03:00:00	1.35728	1.35851	1.35719	1.35829	1908	0	10
2025.06.12	04:00:00	1.35828	1.35857	1.35763	1.35818	1600	0	10
2025.06.12	05:00:00	1.35815	1.35896	1.35773	1.35883	2010	0	10
2025.06.12	06:00:00	1.35881	1.35881	1.35557	1.35642	4141	0	10
2025.06.12	07:00:00	1.35641	1.35641	1.35221	1.35426	4703	0	10
2025.06.12	08:00:00	1.35429	1.35670	1.35374	1.35658	4405	0	10
2025.06.12	09:00:00	1.35657	1.35863	1.35596	1.35772	4005	0	10
2025.06.12	10:00:00	1.35771	1.35978	1.35707	1.35889	5029	0	10
2025.06.12	11:00:00	1.35888	1.35991	1.35788	1.35917	4016	0	10
2025.06.12	12:00:00	1.35920	1.36192	1.35794	1.36098	5562	0	10
2025.06.12	13:00:00	1.36097	1.36233	1.35871	1.35951	5247	0	10
2025.06.12	14:00:00	1.35953	1.36072	1.35928	1.35938	4670	0	10
2025.06.12	15:00:00	1.35936	1.35963	1.35819	1.35857	4211	0	10
2025.06.12	16:00:00	1.35859	1.35915	1.35816	1.35911	3086	0	10
2025.06.12	17:00:00	1.35909	1.35954	1.35836	1.35901	2434	0	10
2025.06.12	18:00:00	1.35900	1.35968	1.35857	1.35960	1775	0	10
2025.06.12	19:00:00	1.35960	1.36041	1.35930	1.36021	1479	0	10
2025.06.12	20:00:00	1.36021	1.36152	1.36004	1.36108	1187	0	10
2025.06.12	21:00:00	1.36111	1.36145	1.36061	1.36086	665	0	20
2025.06.12	22:00:00	1.36164	1.36211	1.36121	1.36166	1081	0	10
2025.06.12	23:00:00	1.36167	1.36301	1.36123	1.36282	1388	0	10
2025.06.13	00:00:00	1.36280	1.36323	1.35588	1.35697	8555	0	10
2025.06.13	01:00:00	1.35695	1.35714	1.35506	1.35651	5208	0	10
2025.06.13	02:00:00	1.35651	1.35686	1.35513	1.35566	3795	0	10
2025.06.13	03:00:00	1.35566	1.35579	1.35402	1.35522	3481	0	10
2025.06.13	04:00:00	1.35523	1.35532	1.35295	1.35340	2662	0	10
2025.06.13	05:00:00	1.35339	1.35455	1.35272	1.35387	3439	0	10
2025.06.13	06:00:00	1.35390	1.35531	1.35209	1.35374	5103	0	10
2025.06.13	07:00:00	1.35375	1.35700	1.35358	1.35585	4898	0	10
2025.06.13	08:00:00	1.35585	1.35689	1.35508	1.35590	3723	0	10
2025.06.13	09:00:00	1.35587	1.35625	1.35410	1.35438	3928	0	10
2025.06.13	10:00:00	1.35438	1.35527	1.35228	1.35337	4556	0	10
2025.06.13	11:00:00	1.35342	1.35475	1.35229	1.35388	4110	0	10
2025.06.13	12:00:00	1.35388	1.35418	1.35236	1.35341	3793	0	10
2025.06.13	13:00:00	1.35340	1.35423	1.35158	1.35405	4143	0	10
2025.06.13	14:00:00	1.35405	1.35757	1.35385	1.35745	4480	0	10
2025.06.13	15:00:00	1.35746	1.36025	1.35727	1.35918	4207	0	10
2025.06.13	16:00:00	1.35915	1.36006	1.35898	1.35941	2793	0	10
2025.06.13	17:00:00	1.35941	1.35942	1.35730	1.35828	2775	0	10
2025.06.13	18:00:00	1.35828	1.35858	1.35592	1.35622	3240	0	10
2025.06.13	19:00:00	1.35621	1.35711	1.35582	1.35700	2452	0	10
2025.06.13	20:00:00	1.35697	1.35751	1.35591	1.35740	2780	0	10
2025.06.15	21:00:00	1.35557	1.35593	1.35366	1.35369	779	0	122
2025.06.15	22:00:00	1.35469	1.35611	1.35388	1.35560	2389	0	10
2025.06.15	23:00:00	1.35563	1.35576	1.35411	1.35485	2502	0	10
2025.06.16	00:00:00	1.35485	1.35554	1.35432	1.35495	2857	0	10
2025.06.16	01:00:00	1.35492	1.35580	1.35447	1.35470	2918	0	10
2025.06.16	02:00:00	1.35473	1.35529	1.35415	1.35427	2261	0	10
2025.06.16	03:00:00	1.35427	1.35471	1.35343	1.35360	2121	0	10
2025.06.16	04:00:00	1.35360	1.35478	1.35358	1.35465	1853	0	10
2025.06.16	05:00:00	1.35466	1.35739	1.35466	1.35705	2676	0	10
2025.06.16	06:00:00	1.35708	1.35902	1.35576	1.35853	4059	0	10
2025.06.16	07:00:00	1.35852	1.35924	1.35779	1.35838	4161	0	10
2025.06.16	08:00:00	1.35840	1.35890	1.35762	1.35786	3301	0	10
2025.06.16	09:00:00	1.35786	1.35904	1.35771	1.35850	2787	0	10
2025.06.16	10:00:00	1.35851	1.35878	1.35751	1.35802	2698	0	10
2025.06.16	11:00:00	1.35800	1.35907	1.35762	1.35772	2662	0	10
2025.06.16	12:00:00	1.35772	1.35841	1.35735	1.35822	3357	0	10
2025.06.16	13:00:00	1.35825	1.36144	1.35822	1.36111	4441	0	10
2025.06.16	14:00:00	1.36113	1.36219	1.35942	1.35956	5116	0	10
2025.06.16	15:00:00	1.35958	1.35995	1.35887	1.35969	3772	0	10
2025.06.16	16:00:00	1.35971	1.36085	1.35952	1.36080	2620	0	10
2025.06.16	17:00:00	1.36082	1.36105	1.35915	1.35959	2291	0	10
2025.06.16	18:00:00	1.35958	1.35999	1.35936	1.35959	2270	0	10
2025.06.16	19:00:00	1.35958	1.35959	1.35733	1.35740	2271	0	10
2025.06.16	20:00:00	1.35736	1.35829	1.35720	1.35750	1220	0	10
2025.06.16	21:00:00	1.35747	1.35766	1.35668	1.35668	840	0	22
2025.06.16	22:00:00	1.35746	1.35787	1.35680	1.35734	2282	0	10
2025.06.16	23:00:00	1.35734	1.35792	1.35629	1.35679	1654	0	10
2025.06.17	00:00:00	1.35680	1.35683	1.35570	1.35668	2850	0	10
2025.06.17	01:00:00	1.35670	1.35751	1.35654	1.35677	2205	0	10
2025.06.17	02:00:00	1.35678	1.35712	1.35582	1.35696	2279	0	10
2025.06.17	03:00:00	1.35699	1.35758	1.35665	1.35736	2299	0	10
2025.06.17	04:00:00	1.35735	1.35792	1.35708	1.35727	1874	0	10
2025.06.17	05:00:00	1.35727	1.35786	1.35647	1.35683	2335	0	10
2025.06.17	06:00:00	1.35680	1.35771	1.35595	1.35618	3214	0	10
2025.06.17	07:00:00	1.35621	1.35731	1.35530	1.35650	3652	0	10
2025.06.17	08:00:00	1.35651	1.35666	1.35478	1.35478	2956	0	10
2025.06.17	09:00:00	1.35476	1.35582	1.35411	1.35439	3224	0	10
2025.06.17	10:00:00	1.35439	1.35629	1.35425	1.35580	2768	0	10
2025.06.17	11:00:00	1.35578	1.35710	1.35550	1.35614	2650	0	10
2025.06.17	12:00:00	1.35612	1.35731	1.35466	1.35477	4346	0	10
2025.06.17	13:00:00	1.35478	1.35647	1.35429	1.35432	3886	0	10
2025.06.17	14:00:00	1.35431	1.35452	1.34954	1.35115	5412	0	10
2025.06.17	15:00:00	1.35112	1.35182	1.34972	1.35138	4077	0	10
2025.06.17	16:00:00	1.35139	1.35166	1.34660	1.34714	3698	0	10
2025.06.17	17:00:00	1.34714	1.34745	1.34333	1.34444	4853	0	10
2025.06.17	18:00:00	1.34445	1.34476	1.34270	1.34277	3947	0	10
2025.06.17	19:00:00	1.34277	1.34368	1.34223	1.34260	2936	0	10
2025.06.17	20:00:00	1.34260	1.34313	1.34149	1.34278	2168	0	10
2025.06.17	21:00:00	1.34280	1.34309	1.34125	1.34136	843	0	29
2025.06.17	22:00:00	1.34253	1.34330	1.34194	1.34236	1436	0	10
2025.06.17	23:00:00	1.34239	1.34312	1.34226	1.34287	1324	0	10
2025.06.18	00:00:00	1.34284	1.34380	1.34278	1.34307	3192	0	10
2025.06.18	01:00:00	1.34305	1.34397	1.34264	1.34371	2588	0	10
2025.06.18	02:00:00	1.34368	1.34387	1.34294	1.34358	2135	0	10
2025.06.18	03:00:00	1.34354	1.34460	1.34335	1.34380	1937	0	10
2025.06.18	04:00:00	1.34380	1.34469	1.34349	1.34430	1679	0	10
2025.06.18	05:00:00	1.34428	1.34489	1.34374	1.34450	1975	0	10
2025.06.18	06:00:00	1.34449	1.34660	1.34404	1.34626	3949	0	10
2025.06.18	07:00:00	1.34624	1.34761	1.34539	1.34585	3569	0	10
2025.06.18	08:00:00	1.34583	1.34657	1.34481	1.34528	3129	0	10
2025.06.18	09:00:00	1.34525	1.34679	1.34491	1.34633	2854	0	10
2025.06.18	10:00:00	1.34633	1.34682	1.34391	1.34410	2729	0	10
2025.06.18	11:00:00	1.34409	1.34548	1.34374	1.34509	2812	0	10
2025.06.18	12:00:00	1.34510	1.34636	1.34430	1.34468	3209	0	10
2025.06.18	13:00:00	1.34466	1.34551	1.34347	1.34408	4073	0	10
2025.06.18	14:00:00	1.34407	1.34726	1.34373	1.34518	7098	0	10
2025.06.18	15:00:00	1.34516	1.34729	1.34488	1.34683	3667	0	10
2025.06.18	16:00:00	1.34687	1.34750	1.34556	1.34565	2695	0	10
2025.06.18	17:00:00	1.34566	1.34617	1.34334	1.34435	2285	0	10
2025.06.18	18:00:00	1.34430	1.34762	1.34102	1.34147	10997	0	10
2025.06.18	19:00:00	1.34149	1.34257	1.33997	1.34091	6720	0	10
2025.06.18	20:00:00	1.34089	1.34228	1.34072	1.34194	1820	0	10
2025.06.18	21:00:00	1.34197	1.34199	1.34051	1.34090	1214	0	25
2025.06.18	22:00:00	1.34215	1.34268	1.34158	1.34208	1204	0	10
2025.06.18	23:00:00	1.34211	1.34231	1.34105	1.34139	1710	0	10
2025.06.19	00:00:00	1.34135	1.34173	1.34074	1.34149	2643	0	10
2025.06.19	01:00:00	1.34148	1.34156	1.33932	1.33941	3698	0	10
2025.06.19	02:00:00	1.33941	1.34003	1.33868	1.33958	2406	0	10
2025.06.19	03:00:00	1.33961	1.34095	1.33950	1.34070	1930	0	10
2025.06.19	04:00:00	1.34070	1.34112	1.34036	1.34105	1468	0	10
2025.06.19	05:00:00	1.34104	1.34109	1.33895	1.33948	2210	0	10
2025.06.19	06:00:00	1.33945	1.34075	1.33823	1.34061	3374	0	10
2025.06.19	07:00:00	1.34058	1.34171	1.34008	1.34021	3677	0	10
2025.06.19	08:00:00	1.34021	1.34277	1.33973	1.34264	3724	0	10
2025.06.19	09:00:00	1.34267	1.34338	1.34167	1.34206	3205	0	10
2025.06.19	10:00:00	1.34208	1.34396	1.34196	1.34248	3413	0	10
2025.06.19	11:00:00	1.34243	1.34489	1.34038	1.34467	5028	0	10
2025.06.19	12:00:00	1.34467	1.34483	1.34236	1.34407	3818	0	10
2025.06.19	13:00:00	1.34405	1.34451	1.34209	1.34355	3695	0	10
2025.06.19	14:00:00	1.34353	1.34450	1.34167	1.34261	3573	0	10
2025.06.19	15:00:00	1.34262	1.34335	1.34224	1.34291	2629	0	10
2025.06.19	16:00:00	1.34289	1.34295	1.34216	1.34248	1692	0	10
2025.06.19	17:00:00	1.34247	1.34585	1.34239	1.34533	1714	0	10
2025.06.19	18:00:00	1.34533	1.34600	1.34515	1.34578	1363	0	10
2025.06.19	19:00:00	1.34578	1.34694	1.34565	1.34682	1289	0	10
2025.06.19	20:00:00	1.34681	1.34697	1.34636	1.34655	790	0	10
2025.06.19	21:00:00	1.34658	1.34658	1.34478	1.34599	882	0	29
2025.06.19	22:00:00	1.34630	1.34719	1.34615	1.34666	1321	0	10
2025.06.19	23:00:00	1.34666	1.34796	1.34656	1.34757	1448	0	10
2025.06.20	00:00:00	1.34755	1.34898	1.34755	1.34874	2697	0	10
2025.06.20	01:00:00	1.34871	1.34897	1.34787	1.34788	2521	0	10
2025.06.20	02:00:00	1.34788	1.34887	1.34762	1.34859	1996	0	10
2025.06.20	03:00:00	1.34859	1.34991	1.34843	1.34968	2046	0	10
2025.06.20	04:00:00	1.34965	1.34996	1.34931	1.34947	1482	0	10
2025.06.20	05:00:00	1.34947	1.35004	1.34905	1.34963	1943	0	10
2025.06.20	06:00:00	1.34958	1.34958	1.34657	1.34670	3573	0	10
2025.06.20	07:00:00	1.34669	1.34809	1.34619	1.34761	3291	0	10
2025.06.20	08:00:00	1.34760	1.34970	1.34706	1.34907	3292	0	10
2025.06.20	09:00:00	1.34904	1.34960	1.34870	1.34938	2579	0	10
2025.06.20	10:00:00	1.34938	1.34975	1.34880	1.34948	2260	0	10
2025.06.20	11:00:00	1.34947	1.35002	1.34859	1.34975	2912	0	10
2025.06.20	12:00:00	1.34972	1.35109	1.34849	1.35010	4513	0	10
2025.06.20	13:00:00	1.35012	1.35056	1.34847	1.34872	4171	0	10
2025.06.20	14:00:00	1.34870	1.34906	1.34529	1.34648	4508	0	10
2025.06.20	15:00:00	1.34643	1.34802	1.34579	1.34640	4235	0	10
2025.06.20	16:00:00	1.34640	1.34796	1.34621	1.34703	3135	0	10
2025.06.20	17:00:00	1.34701	1.34764	1.34636	1.34676	2541	0	10
2025.06.20	18:00:00	1.34676	1.34722	1.34626	1.34646	1922	0	10
2025.06.20	19:00:00	1.34649	1.34662	1.34451	1.34456	1914	0	10
2025.06.20	20:00:00	1.34457	1.34527	1.34408	1.34495	1769	0	10
2025.06.22	21:00:00	1.33905	1.34057	1.33857	1.34057	390	0	53
2025.06.22	22:00:00	1.34074	1.34316	1.34036	1.34275	3206	0	10
2025.06.22	23:00:00	1.34279	1.34412	1.34237	1.34342	2276	0	10
2025.06.23	00:00:00	1.34343	1.34381	1.34111	1.34215	3127	0	10
2025.06.23	01:00:00	1.34217	1.34249	1.34028	1.34216	3028	0	10
2025.06.23	02:00:00	1.34218	1.34378	1.34218	1.34251	2666	0	10
2025.06.23	03:00:00	1.34254	1.34299	1.34155	1.34170	2587	0	10
2025.06.23	04:00:00	1.34169	1.34220	1.34052	1.34090	2394	0	10
2025.06.23	05:00:00	1.34089	1.34308	1.34089	1.34308	2891	0	10
2025.06.23	06:00:00	1.34310	1.34415	1.34254	1.34371	3914	0	10
2025.06.23	07:00:00	1.34372	1.34483	1.34327	1.34391	4316	0	10
2025.06.23	08:00:00	1.34387	1.34458	1.34132	1.34143	3508	0	10
2025.06.23	09:00:00	1.34142	1.34169	1.33700	1.33838	4907	0	10
2025.06.23	10:00:00	1.33837	1.33933	1.33746	1.33794	3745	0	10
2025.06.23	11:00:00	1.33796	1.33952	1.33713	1.33937	3731	0	10
2025.06.23	12:00:00	1.33937	1.33975	1.33734	1.33911	4200	0	10
2025.06.23	13:00:00	1.33910	1.34298	1.33866	1.34243	4945	0	10
2025.06.23	14:00:00	1.34246	1.34944	1.34246	1.34873	7070	0	10
2025.06.23	15:00:00	1.34874	1.35054	1.34862	1.34892	4596	0	10
2025.06.23	16:00:00	1.34894	1.35059	1.34700	1.34915	4866	0	10
2025.06.23	17:00:00	1.34917	1.35228	1.34894	1.35205	4378	0	10
2025.06.23	18:00:00	1.35200	1.35309	1.35158	1.35203	3376	0	10
2025.06.23	19:00:00	1.35205	1.35285	1.35189	1.35266	2455	0	10
2025.06.23	20:00:00	1.35269	1.35299	1.35219	1.35223	1388	0	10
2025.06.23	21:00:00	1.35227	1.35227	1.35148	1.35148	953	0	38
2025.06.23	22:00:00	1.35228	1.35470	1.35204	1.35381	2138	0	10
2025.06.23	23:00:00	1.35383	1.35546	1.35306	1.35447	2638	0	10
2025.06.24	00:00:00	1.35449	1.35526	1.35375	1.35481	3676	0	10
2025.06.24	01:00:00	1.35480	1.35562	1.35385	1.35397	3101	0	10
2025.06.24	02:00:00	1.35396	1.35553	1.35350	1.35537	2429	0	10
2025.06.24	03:00:00	1.35537	1.35663	1.35537	1.35633	1686	0	10
2025.06.24	04:00:00	1.35635	1.35724	1.35574	1.35645	1876	0	10
2025.06.24	05:00:00	1.35644	1.35704	1.35590	1.35685	2394	0	10
2025.06.24	06:00:00	1.35691	1.35942	1.35655	1.35814	4792	0	10
2025.06.24	07:00:00	1.35812	1.35870	1.35608	1.35790	5508	0	10
2025.06.24	08:00:00	1.35788	1.36028	1.35782	1.35998	3621	0	10
2025.06.24	09:00:00	1.35994	1.36173	1.35994	1.36086	3210	0	10
2025.06.24	10:00:00	1.36084	1.36130	1.36035	1.36078	2338	0	10
2025.06.24	11:00:00	1.36076	1.36263	1.36074	1.36128	2951	0	10
2025.06.24	12:00:00	1.36126	1.36143	1.35944	1.36007	3017	0	10
2025.06.24	13:00:00	1.36007	1.36061	1.35905	1.35989	4226	0	10
2025.06.24	14:00:00	1.35990	1.36482	1.35970	1.36214	6301	0	10
2025.06.24	15:00:00	1.36213	1.36340	1.36119	1.36140	4154	0	10
2025.06.24	16:00:00	1.36136	1.36266	1.36099	1.36251	2707	0	10
2025.06.24	17:00:00	1.36251	1.36387	1.36226	1.36347	2239	0	10
2025.06.24	18:00:00	1.36348	1.36376	1.36254	1.36306	2125	0	10
2025.06.24	19:00:00	1.36310	1.36322	1.36185	1.36198	1727	0	10
2025.06.24	20:00:00	1.36197	1.36241	1.36125	1.36142	1328	0	10
2025.06.24	21:00:00	1.36131	1.36142	1.36031	1.36047	894	0	12
2025.06.24	22:00:00	1.36114	1.36147	1.36105	1.36131	752	0	10
2025.06.24	23:00:00	1.36131	1.36187	1.36125	1.36148	1073	0	10
2025.06.25	00:00:00	1.36148	1.36194	1.36128	1.36166	2345	0	10
2025.06.25	01:00:00	1.36168	1.36286	1.36139	1.36278	2690	0	10
2025.06.25	02:00:00	1.36279	1.36281	1.36180	1.36185	2260	0	10
2025.06.25	03:00:00	1.36187	1.36211	1.36110	1.36122	1861	0	10
2025.06.25	04:00:00	1.36117	1.36161	1.36106	1.36159	1563	0	10
2025.06.25	05:00:00	1.36159	1.36242	1.36137	1.36226	1747	0	10
2025.06.25	06:00:00	1.36230	1.36301	1.36159	1.36251	2601	0	10
2025.06.25	07:00:00	1.36251	1.36333	1.36059	1.36135	3661	0	10
2025.06.25	08:00:00	1.36139	1.36242	1.36099	1.36210	3034	0	10
2025.06.25	09:00:00	1.36207	1.36216	1.36028	1.36126	3048	0	10
2025.06.25	10:00:00	1.36123	1.36138	1.36012	1.36052	2423	0	10
2025.06.25	11:00:00	1.36049	1.36173	1.36032	1.36065	2814	0	10
2025.06.25	12:00:00	1.36063	1.36070	1.35900	1.35963	3153	0	10
2025.06.25	13:00:00	1.35964	1.36174	1.35933	1.36086	3189	0	10
2025.06.25	14:00:00	1.36082	1.36272	1.36068	1.36236	4109	0	10
2025.06.25	15:00:00	1.36240	1.36267	1.36164	1.36243	3041	0	10
2025.06.25	16:00:00	1.36242	1.36431	1.36242	1.36398	2569	0	10
2025.06.25	17:00:00	1.36401	1.36504	1.36359	1.36494	2384	0	10
2025.06.25	18:00:00	1.36496	1.36626	1.36459	1.36624	2056	0	10
2025.06.25	19:00:00	1.36626	1.36711	1.36612	1.36650	2127	0	10
2025.06.25	20:00:00	1.36652	1.36683	1.36600	1.36635	1409	0	10
2025.06.25	21:00:00	1.36630	1.36630	1.36502	1.36565	846	0	19
2025.06.25	22:00:00	1.36595	1.36662	1.36544	1.36658	828	0	10
2025.06.25	23:00:00	1.36658	1.36915	1.36658	1.36892	1897	0	10
2025.06.26	00:00:00	1.36891	1.36953	1.36870	1.36891	2000	0	10
2025.06.26	01:00:00	1.36891	1.36947	1.36767	1.36913	2283	0	10
2025.06.26	02:00:00	1.36914	1.37084	1.36887	1.37063	2177	0	10
2025.06.26	03:00:00	1.37063	1.37248	1.37051	1.37104	3082	0	10
2025.06.26	04:00:00	1.37103	1.37110	1.36978	1.37003	1958	0	10
2025.06.26	05:00:00	1.37002	1.37111	1.36962	1.37083	2048	0	10
2025.06.26	06:00:00	1.37087	1.37187	1.36979	1.37184	4134	0	10
2025.06.26	07:00:00	1.37186	1.37406	1.37179	1.37362	4268	0	10
2025.06.26	08:00:00	1.37364	1.37645	1.37326	1.37494	4430	0	10
2025.06.26	09:00:00	1.37493	1.37537	1.37343	1.37437	3521	0	10
2025.06.26	10:00:00	1.37433	1.37502	1.37279	1.37284	2784	0	10
2025.06.26	11:00:00	1.37283	1.37293	1.36993	1.37073	3763	0	10
2025.06.26	12:00:00	1.37070	1.37279	1.36991	1.37177	4936	0	10
2025.06.26	13:00:00	1.37178	1.37414	1.37066	1.37400	5394	0	10
2025.06.26	14:00:00	1.37404	1.37533	1.37274	1.37319	5837	0	10
2025.06.26	15:00:00	1.37320	1.37525	1.37243	1.37511	4104	0	10
2025.06.26	16:00:00	1.37511	1.37702	1.37376	1.37547	3445	0	10
2025.06.26	17:00:00	1.37544	1.37631	1.37535	1.37571	2795	0	10
2025.06.26	18:00:00	1.37569	1.37599	1.37469	1.37481	2328	0	10
2025.06.26	19:00:00	1.37482	1.37482	1.37276	1.37320	2382	0	10
2025.06.26	20:00:00	1.37324	1.37361	1.37223	1.37258	1233	0	10
2025.06.26	21:00:00	1.37260	1.37278	1.37227	1.37251	880	0	31
2025.06.26	22:00:00	1.37286	1.37296	1.37158	1.37196	970	0	10
2025.06.26	23:00:00	1.37196	1.37299	1.37193	1.37246	1420	0	10
2025.06.27	00:00:00	1.37247	1.37356	1.37241	1.37305	2326	0	10
2025.06.27	01:00:00	1.37304	1.37404	1.37233	1.37371	2523	0	10
2025.06.27	02:00:00	1.37374	1.37448	1.37338	1.37431	2070	0	10
2025.06.27	03:00:00	1.37431	1.37495	1.37352	1.37360	1835	0	10
2025.06.27	04:00:00	1.37360	1.37378	1.37221	1.37225	1656	0	10
2025.06.27	05:00:00	1.37227	1.37303	1.37196	1.37255	2058	0	10
2025.06.27	06:00:00	1.37259	1.37474	1.37215	1.37468	3138	0	10
2025.06.27	07:00:00	1.37471	1.37493	1.37339	1.37391	3532	0	10
2025.06.27	08:00:00	1.37394	1.37499	1.37317	1.37426	2911	0	10
2025.06.27	09:00:00	1.37429	1.37452	1.37336	1.37393	2621	0	10
2025.06.27	10:00:00	1.37393	1.37467	1.37204	1.37237	2865	0	10
2025.06.27	11:00:00	1.37237	1.37382	1.37231	1.37369	2817	0	10
2025.06.27	12:00:00	1.37368	1.37521	1.37195	1.37402	5251	0	10
2025.06.27	13:00:00	1.37399	1.37467	1.37142	1.37201	4809	0	10
2025.06.27	14:00:00	1.37200	1.37283	1.37029	1.37148	4430	0	10
2025.06.27	15:00:00	1.37147	1.37279	1.37067	1.37173	3470	0	10
2025.06.27	16:00:00	1.37172	1.37244	1.37025	1.37072	2803	0	10
2025.06.27	17:00:00	1.37074	1.37123	1.36843	1.36919	3956	0	10
2025.06.27	18:00:00	1.36915	1.36988	1.36826	1.36959	3619	0	10
2025.06.27	19:00:00	1.36960	1.37104	1.36954	1.37063	2499	0	10
2025.06.27	20:00:00	1.37061	1.37221	1.37059	1.37198	1950	0	10
2025.06.29	21:00:00	1.36941	1.37101	1.36941	1.37083	457	0	192
2025.06.29	22:00:00	1.37214	1.37268	1.37141	1.37245	1664	0	10
2025.06.29	23:00:00	1.37248	1.37281	1.37174	1.37183	1575	0	10
2025.06.30	00:00:00	1.37183	1.37219	1.37073	1.37137	2307	0	10
2025.06.30	01:00:00	1.37133	1.37294	1.37108	1.37195	2316	0	10
2025.06.30	02:00:00	1.37193	1.37265	1.37158	1.37172	2473	0	10
2025.06.30	03:00:00	1.37171	1.37212	1.37108	1.37121	1686	0	10
2025.06.30	04:00:00	1.37120	1.37304	1.37109	1.37289	1647	0	10
2025.06.30	05:00:00	1.37286	1.37402	1.37263	1.37275	2132	0	10
2025.06.30	06:00:00	1.37280	1.37377	1.37220	1.37342	3265	0	10
2025.06.30	07:00:00	1.37341	1.37344	1.37014	1.37021	3933	0	10
2025.06.30	08:00:00	1.37019	1.37047	1.36926	1.36993	3247	0	10
2025.06.30	09:00:00	1.36990	1.37036	1.36908	1.36938	2550	0	10
2025.06.30	10:00:00	1.36939	1.37022	1.36899	1.37010	1987	0	10
2025.06.30	11:00:00	1.37012	1.37113	1.36958	1.37050	2331	0	10
2025.06.30	12:00:00	1.37052	1.37064	1.36846	1.36930	2899	0	10
2025.06.30	13:00:00	1.36930	1.36945	1.36763	1.36853	3569	0	10
2025.06.30	14:00:00	1.36854	1.37150	1.36737	1.37033	5430	0	10
2025.06.30	15:00:00	1.37030	1.37225	1.36959	1.37193	4558	0	10
2025.06.30	16:00:00	1.37192	1.37227	1.36979	1.37136	2935	0	10
2025.06.30	17:00:00	1.37136	1.37173	1.37033	1.37084	2620	0	10
2025.06.30	18:00:00	1.37087	1.37206	1.37070	1.37177	2395	0	10
2025.06.30	19:00:00	1.37177	1.37275	1.37153	1.37249	1879	0	10
2025.06.30	20:00:00	1.37250	1.37358	1.37231	1.37325	1339	0	10
2025.06.30	21:00:00	1.37322	1.37322	1.37141	1.37253	951	0	52
2025.06.30	22:00:00	1.37256	1.37366	1.37256	1.37313	1038	0	10
2025.06.30	23:00:00	1.37314	1.37333	1.37288	1.37303	1037	0	10
2025.07.01	00:00:00	1.37303	1.37408	1.37303	1.37404	2393	0	10
2025.07.01	01:00:00	1.37404	1.37488	1.37250	1.37265	2593	0	10
2025.07.01	02:00:00	1.37264	1.37376	1.37236	1.37360	1954	0	10
2025.07.01	03:00:00	1.37361	1.37460	1.37351	1.37375	1733	0	10
2025.07.01	04:00:00	1.37378	1.37470	1.37360	1.37406	1766	0	10
2025.07.01	05:00:00	1.37406	1.37484	1.37381	1.37466	1973	0	10
2025.07.01	06:00:00	1.37462	1.37502	1.37367	1.37388	2911	0	10
2025.07.01	07:00:00	1.37387	1.37684	1.37315	1.37669	3691	0	10
2025.07.01	08:00:00	1.37666	1.37830	1.37566	1.37736	3997	0	10
2025.07.01	09:00:00	1.37740	1.37813	1.37574	1.37752	4134	0	10
2025.07.01	10:00:00	1.37754	1.37883	1.37744	1.37749	2754	0	10
2025.07.01	11:00:00	1.37749	1.37786	1.37533	1.37540	3255	0	10
2025.07.01	12:00:00	1.37541	1.37599	1.37398	1.37410	3427	0	10
2025.07.01	13:00:00	1.37412	1.37431	1.37280	1.37346	3856	0	10
2025.07.01	14:00:00	1.37349	1.37350	1.37074	1.37173	5894	0	10
2025.07.01	15:00:00	1.37173	1.37240	1.37032	1.37240	4140	0	10
2025.07.01	16:00:00	1.37238	1.37255	1.37113	1.37242	3361	0	10
2025.07.01	17:00:00	1.37244	1.37384	1.37204	1.37363	2533	0	10
2025.07.01	18:00:00	1.37363	1.37377	1.37305	1.37377	1888	0	10
2025.07.01	19:00:00	1.37374	1.37427	1.37341	1.37395	2106	0	10
2025.07.01	20:00:00	1.37397	1.37501	1.37385	1.37431	1394	0	10
2025.07.01	21:00:00	1.37432	1.37458	1.37425	1.37433	518	0	22
2025.07.01	22:00:00	1.37468	1.37473	1.37404	1.37424	926	0	10
2025.07.01	23:00:00	1.37428	1.37472	1.37407	1.37451	1044	0	10
2025.07.02	00:00:00	1.37451	1.37493	1.37415	1.37481	1787	0	10
2025.07.02	01:00:00	1.37482	1.37523	1.37361	1.37374	2002	0	10
2025.07.02	02:00:00	1.37379	1.37484	1.37316	1.37457	1811	0	10
2025.07.02	03:00:00	1.37458	1.37511	1.37395	1.37454	1515	0	10
2025.07.02	04:00:00	1.37454	1.37460	1.37427	1.37436	1072	0	10
2025.07.02	05:00:00	1.37435	1.37452	1.37312	1.37361	1828	0	10
2025.07.02	06:00:00	1.37361	1.37405	1.37187	1.37278	2706	0	10
2025.07.02	07:00:00	1.37275	1.37275	1.37051	1.37053	3296	0	10
2025.07.02	08:00:00	1.37051	1.37105	1.36936	1.36974	2771	0	10
2025.07.02	09:00:00	1.36972	1.37004	1.36873	1.36900	2761	0	10
2025.07.02	10:00:00	1.36903	1.37084	1.36894	1.37029	2427	0	10
2025.07.02	11:00:00	1.37029	1.37126	1.36546	1.36624	4391	0	10
2025.07.02	12:00:00	1.36621	1.36673	1.35881	1.36076	13105	0	10
2025.07.02	13:00:00	1.36073	1.36227	1.35796	1.35857	7709	0	10
2025.07.02	14:00:00	1.35862	1.36023	1.35620	1.35932	5616	0	10
2025.07.02	15:00:00	1.35934	1.36228	1.35875	1.36204	4231	0	10
2025.07.02	16:00:00	1.36203	1.36317	1.36128	1.36303	3238	0	10
2025.07.02	17:00:00	1.36301	1.36439	1.36297	1.36325	2725	0	10
2025.07.02	18:00:00	1.36323	1.36408	1.36293	1.36360	2140	0	10
2025.07.02	19:00:00	1.36360	1.36379	1.36266	1.36350	1921	0	10
2025.07.02	20:00:00	1.36350	1.36356	1.36262	1.36349	1240	0	10
2025.07.02	21:00:00	1.36344	1.36437	1.36234	1.36430	1257	0	19
2025.07.02	22:00:00	1.36524	1.36557	1.36479	1.36542	868	0	10
2025.07.02	23:00:00	1.36542	1.36542	1.36474	1.36486	868	0	10
2025.07.03	00:00:00	1.36485	1.36534	1.36434	1.36466	1948	0	10
2025.07.03	01:00:00	1.36469	1.36535	1.36425	1.36482	2006	0	10
2025.07.03	02:00:00	1.36483	1.36483	1.36280	1.36341	1896	0	10
2025.07.03	03:00:00	1.36340	1.36378	1.36243	1.36275	1618	0	10
2025.07.03	04:00:00	1.36272	1.36296	1.36229	1.36290	1196	0	10
2025.07.03	05:00:00	1.36292	1.36414	1.36247	1.36386	1581	0	10
2025.07.03	06:00:00	1.36384	1.36507	1.36366	1.36496	2813	0	10
2025.07.03	07:00:00	1.36496	1.36748	1.36490	1.36547	3842	0	10
2025.07.03	08:00:00	1.36550	1.36758	1.36545	1.36642	3365	0	10
2025.07.03	09:00:00	1.36640	1.36668	1.36505	1.36547	3003	0	10
2025.07.03	10:00:00	1.36548	1.36678	1.36455	1.36599	2772	0	10
2025.07.03	11:00:00	1.36596	1.36629	1.36537	1.36569	2694	0	10
2025.07.03	12:00:00	1.36569	1.36591	1.35855	1.36145	8478	0	10
2025.07.03	13:00:00	1.36147	1.36623	1.36108	1.36582	6911	0	10
2025.07.03	14:00:00	1.36586	1.36737	1.36315	1.36459	5792	0	10
2025.07.03	15:00:00	1.36457	1.36610	1.36393	1.36522	3986	0	10
2025.07.03	16:00:00	1.36525	1.36546	1.36353	1.36497	2607	0	10
2025.07.03	17:00:00	1.36495	1.36513	1.36426	1.36464	1126	0	10
2025.07.03	18:00:00	1.36463	1.36493	1.36398	1.36405	902	0	10
2025.07.03	19:00:00	1.36406	1.36465	1.36385	1.36460	823	0	10
2025.07.03	20:00:00	1.36460	1.36542	1.36428	1.36522	803	0	10
2025.07.03	21:00:00	1.36516	1.36537	1.36418	1.36492	810	0	22
2025.07.03	22:00:00	1.36514	1.36534	1.36495	1.36532	706	0	10
2025.07.03	23:00:00	1.36532	1.36684	1.36523	1.36651	993	0	10
2025.07.04	00:00:00	1.36650	1.36674	1.36576	1.36628	1900	0	10
2025.07.04	01:00:00	1.36628	1.36651	1.36448	1.36480	1963	0	10
2025.07.04	02:00:00	1.36478	1.36560	1.36451	1.36530	1701	0	10
2025.07.04	03:00:00	1.36528	1.36613	1.36514	1.36575	1532	0	10
2025.07.04	04:00:00	1.36575	1.36741	1.36565	1.36730	1543	0	10
2025.07.04	05:00:00	1.36731	1.36810	1.36731	1.36757	1771	0	10
2025.07.04	06:00:00	1.36758	1.36808	1.36658	1.36752	2682	0	10
2025.07.04	07:00:00	1.36753	1.36779	1.36564	1.36584	3381	0	10
2025.07.04	08:00:00	1.36583	1.36669	1.36562	1.36638	2781	0	10
2025.07.04	09:00:00	1.36634	1.36643	1.36514	1.36570	2445	0	10
2025.07.04	10:00:00	1.36567	1.36608	1.36463	1.36475	2134	0	10
2025.07.04	11:00:00	1.36477	1.36554	1.36411	1.36471	2124	0	10
2025.07.04	12:00:00	1.36471	1.36482	1.36344	1.36350	2170	0	10
2025.07.04	13:00:00	1.36348	1.36520	1.36345	1.36489	2270	0	10
2025.07.04	14:00:00	1.36490	1.36532	1.36371	1.36425	2821	0	10
2025.07.04	15:00:00	1.36423	1.36468	1.36389	1.36439	1946	0	10
2025.07.04	16:00:00	1.36442	1.36513	1.36412	1.36467	1514	0	10
2025.07.04	17:00:00	1.36467	1.36517	1.36466	1.36486	1744	0	10
2025.07.04	18:00:00	1.36486	1.36539	1.36470	1.36527	712	0	10
2025.07.04	19:00:00	1.36527	1.36543	1.36488	1.36500	4082	0	10
2025.07.04	20:00:00	1.36499	1.36574	1.36418	1.36463	9711	0	21
2025.07.06	21:00:00	1.36386	1.36524	1.36369	1.36459	551	0	93
2025.07.06	22:00:00	1.36520	1.36565	1.36467	1.36525	1034	0	10
2025.07.06	23:00:00	1.36529	1.36541	1.36458	1.36505	1195	0	10
2025.07.07	00:00:00	1.36505	1.36575	1.36445	1.36468	2360	0	10
2025.07.07	01:00:00	1.36465	1.36465	1.36316	1.36332	2258	0	10
2025.07.07	02:00:00	1.36335	1.36376	1.36248	1.36280	2148	0	10
2025.07.07	03:00:00	1.36280	1.36332	1.36249	1.36275	1799	0	10
2025.07.07	04:00:00	1.36275	1.36295	1.36156	1.36167	1752	0	10
2025.07.07	05:00:00	1.36168	1.36249	1.36105	1.36225	2144	0	10
2025.07.07	06:00:00	1.36222	1.36259	1.36023	1.36123	3235	0	10
2025.07.07	07:00:00	1.36125	1.36233	1.36022	1.36038	3897	0	10
2025.07.07	08:00:00	1.36036	1.36062	1.35789	1.35803	3853	0	10
2025.07.07	09:00:00	1.35802	1.36115	1.35745	1.36090	3065	0	10
2025.07.07	10:00:00	1.36086	1.36086	1.35943	1.36020	2394	0	10
2025.07.07	11:00:00	1.36018	1.36210	1.35991	1.36148	2357	0	10
2025.07.07	12:00:00	1.36151	1.36207	1.36108	1.36171	2780	0	10
2025.07.07	13:00:00	1.36169	1.36325	1.36129	1.36268	3333	0	10
2025.07.07	14:00:00	1.36271	1.36473	1.36268	1.36353	3197	0	10
2025.07.07	15:00:00	1.36355	1.36435	1.36282	1.36356	3239	0	10
2025.07.07	16:00:00	1.36358	1.36404	1.35937	1.35948	4701	0	10
2025.07.07	17:00:00	1.35948	1.36117	1.35887	1.36051	4157	0	10
2025.07.07	18:00:00	1.36047	1.36144	1.35901	1.36110	3119	0	10
2025.07.07	19:00:00	1.36111	1.36163	1.36065	1.36094	2402	0	10
2025.07.07	20:00:00	1.36090	1.36096	1.35977	1.35987	1339	0	10
2025.07.07	21:00:00	1.35998	1.36041	1.35892	1.35986	944	0	22
2025.07.07	22:00:00	1.36034	1.36188	1.36024	1.36174	1236	0	10
2025.07.07	23:00:00	1.36174	1.36247	1.36144	1.36234	1236	0	10
2025.07.08	00:00:00	1.36233	1.36363	1.36233	1.36280	2546	0	10
2025.07.08	01:00:00	1.36280	1.36333	1.36176	1.36249	2461	0	10
2025.07.08	02:00:00	1.36249	1.36386	1.36224	1.36305	1981	0	10
2025.07.08	03:00:00	1.36305	1.36388	1.36277	1.36326	1697	0	10
2025.07.08	04:00:00	1.36327	1.36423	1.36292	1.36311	2588	0	10
2025.07.08	05:00:00	1.36310	1.36342	1.36230	1.36281	2362	0	10
2025.07.08	06:00:00	1.36284	1.36326	1.36232	1.36265	2872	0	10
2025.07.08	07:00:00	1.36268	1.36461	1.36268	1.36403	3139	0	10
2025.07.08	08:00:00	1.36402	1.36406	1.36091	1.36118	3129	0	10
2025.07.08	09:00:00	1.36117	1.36144	1.35923	1.35950	2596	0	10
2025.07.08	10:00:00	1.35953	1.35953	1.35754	1.35768	2590	0	10
2025.07.08	11:00:00	1.35768	1.35851	1.35726	1.35727	2531	0	10
2025.07.08	12:00:00	1.35727	1.35843	1.35625	1.35774	3325	0	10
2025.07.08	13:00:00	1.35777	1.35791	1.35398	1.35521	4382	0	10
2025.07.08	14:00:00	1.35519	1.35614	1.35246	1.35446	5458	0	10
2025.07.08	15:00:00	1.35448	1.35787	1.35394	1.35719	4207	0	10
2025.07.08	16:00:00	1.35722	1.35820	1.35630	1.35782	4082	0	10
2025.07.08	17:00:00	1.35781	1.35929	1.35765	1.35915	3796	0	10
2025.07.08	18:00:00	1.35917	1.35964	1.35847	1.35930	2715	0	10
2025.07.08	19:00:00	1.35933	1.35972	1.35843	1.35890	2126	0	10
2025.07.08	20:00:00	1.35886	1.35952	1.35873	1.35903	1378	0	10
2025.07.08	21:00:00	1.35914	1.35916	1.35795	1.35795	1241	0	31
2025.07.08	22:00:00	1.35864	1.35944	1.35843	1.35924	788	0	10
2025.07.08	23:00:00	1.35923	1.35934	1.35834	1.35846	963	0	10
2025.07.09	00:00:00	1.35848	1.35876	1.35754	1.35856	2190	0	10
2025.07.09	01:00:00	1.35856	1.35908	1.35759	1.35858	2654	0	10
2025.07.09	02:00:00	1.35856	1.35928	1.35646	1.35734	2644	0	10
2025.07.09	03:00:00	1.35736	1.35741	1.35636	1.35679	2164	0	10
2025.07.09	04:00:00	1.35683	1.35862	1.35659	1.35848	2094	0	10
2025.07.09	05:00:00	1.35848	1.35965	1.35833	1.35865	2110	0	10
2025.07.09	06:00:00	1.35868	1.36060	1.35810	1.36025	2725	0	10
2025.07.09	07:00:00	1.36027	1.36049	1.35786	1.35855	3659	0	10
2025.07.09	08:00:00	1.35853	1.36051	1.35818	1.36011	3338	0	10
2025.07.09	09:00:00	1.36007	1.36083	1.35917	1.35967	2787	0	10
2025.07.09	10:00:00	1.35967	1.36034	1.35811	1.35825	2702	0	10
2025.07.09	11:00:00	1.35826	1.35879	1.35734	1.35771	2471	0	10
2025.07.09	12:00:00	1.35773	1.36127	1.35759	1.36077	3869	0	10
2025.07.09	13:00:00	1.36078	1.36194	1.35842	1.35858	4046	0	10
2025.07.09	14:00:00	1.35860	1.36163	1.35822	1.35880	4189	0	10
2025.07.09	15:00:00	1.35878	1.35941	1.35804	1.35829	2745	0	10
2025.07.09	16:00:00	1.35830	1.35877	1.35785	1.35838	2079	0	10
2025.07.09	17:00:00	1.35836	1.35914	1.35800	1.35889	2180	0	10
2025.07.09	18:00:00	1.35888	1.35990	1.35829	1.35879	2547	0	10
2025.07.09	19:00:00	1.35881	1.36005	1.35867	1.35948	1677	0	10
2025.07.09	20:00:00	1.35948	1.35954	1.35826	1.35827	1411	0	10
2025.07.09	21:00:00	1.35832	1.35859	1.35814	1.35814	629	0	31
2025.07.09	22:00:00	1.35811	1.35921	1.35811	1.35888	732	0	10
2025.07.09	23:00:00	1.35892	1.35984	1.35876	1.35977	900	0	10
2025.07.10	00:00:00	1.35975	1.36129	1.35942	1.36090	2580	0	10
2025.07.10	01:00:00	1.36093	1.36116	1.36026	1.36064	1770	0	10
2025.07.10	02:00:00	1.36066	1.36121	1.36043	1.36065	1823	0	10
2025.07.10	03:00:00	1.36066	1.36093	1.36035	1.36039	1449	0	10
2025.07.10	04:00:00	1.36039	1.36056	1.35993	1.36050	1143	0	10
2025.07.10	05:00:00	1.36050	1.36103	1.36033	1.36091	1537	0	10
2025.07.10	06:00:00	1.36088	1.36173	1.36048	1.36107	2601	0	10
2025.07.10	07:00:00	1.36105	1.36193	1.36015	1.36116	2815	0	10
2025.07.10	08:00:00	1.36118	1.36151	1.36039	1.36053	2263	0	10
2025.07.10	09:00:00	1.36051	1.36160	1.36049	1.36088	1921	0	10
2025.07.10	10:00:00	1.36091	1.36129	1.35971	1.35990	1854	0	10
2025.07.10	11:00:00	1.35991	1.35993	1.35717	1.35803	2591	0	10
2025.07.10	12:00:00	1.35804	1.35859	1.35565	1.35599	3772	0	10
2025.07.10	13:00:00	1.35599	1.35704	1.35440	1.35528	4119	0	10
2025.07.10	14:00:00	1.35524	1.35570	1.35325	1.35548	5373	0	10
2025.07.10	15:00:00	1.35550	1.35711	1.35535	1.35668	3783	0	10
2025.07.10	16:00:00	1.35665	1.35726	1.35592	1.35635	2727	0	10
2025.07.10	17:00:00	1.35632	1.35752	1.35602	1.35710	2351	0	10
2025.07.10	18:00:00	1.35707	1.35755	1.35687	1.35736	2142	0	10
2025.07.10	19:00:00	1.35736	1.35825	1.35723	1.35754	1701	0	10
2025.07.10	20:00:00	1.35755	1.35835	1.35732	1.35783	1372	0	10
2025.07.10	21:00:00	1.35774	1.35781	1.35666	1.35733	965	0	52
2025.07.10	22:00:00	1.35777	1.35851	1.35774	1.35839	740	0	10
2025.07.10	23:00:00	1.35843	1.35850	1.35766	1.35795	931	0	10
2025.07.11	00:00:00	1.35797	1.35812	1.35444	1.35545	5058	0	10
2025.07.11	01:00:00	1.35543	1.35695	1.35489	1.35586	3605	0	10
2025.07.11	02:00:00	1.35588	1.35613	1.35530	1.35539	2359	0	10
2025.07.11	03:00:00	1.35540	1.35661	1.35529	1.35647	1889	0	10
2025.07.11	04:00:00	1.35646	1.35655	1.35483	1.35557	1732	0	10
2025.07.11	05:00:00	1.35557	1.35642	1.35537	1.35615	1910	0	10
2025.07.11	06:00:00	1.35613	1.35613	1.35317	1.35338	3994	0	10
2025.07.11	07:00:00	1.35340	1.35564	1.35340	1.35409	3181	0	10
2025.07.11	08:00:00	1.35412	1.35465	1.35279	1.35353	3138	0	10
2025.07.11	09:00:00	1.35354	1.35522	1.35338	1.35428	2736	0	10
2025.07.11	10:00:00	1.35426	1.35495	1.35282	1.35291	2866	0	10
2025.07.11	11:00:00	1.35291	1.35378	1.34972	1.35026	4081	0	10
2025.07.11	12:00:00	1.35027	1.35102	1.34955	1.35038	3630	0	10
2025.07.11	13:00:00	1.35039	1.35198	1.34904	1.34947	4553	0	10
2025.07.11	14:00:00	1.34946	1.35075	1.34803	1.35041	4590	0	10
2025.07.11	15:00:00	1.35040	1.35128	1.34977	1.35022	3561	0	10
2025.07.11	16:00:00	1.35019	1.35142	1.34956	1.35058	3187	0	10
2025.07.11	17:00:00	1.35059	1.35158	1.35053	1.35126	2224	0	10
2025.07.11	18:00:00	1.35127	1.35169	1.35084	1.35089	2340	0	10
2025.07.11	19:00:00	1.35091	1.35091	1.34956	1.34972	2103	0	10
2025.07.11	20:00:00	1.34971	1.34974	1.34840	1.34910	1705	0	10
2025.07.13	21:00:00	1.34794	1.34875	1.34717	1.34873	608	0	61
2025.07.13	22:00:00	1.34891	1.34969	1.34816	1.34842	2103	0	10
2025.07.13	23:00:00	1.34846	1.34954	1.34832	1.34952	1835	0	10
2025.07.14	00:00:00	1.34950	1.35038	1.34946	1.34986	2467	0	10
2025.07.14	01:00:00	1.34988	1.35021	1.34880	1.34892	2718	0	10
2025.07.14	02:00:00	1.34891	1.34936	1.34713	1.34739	2143	0	10
2025.07.14	03:00:00	1.34740	1.34850	1.34731	1.34813	1876	0	10
2025.07.14	04:00:00	1.34811	1.34812	1.34750	1.34755	1634	0	10
2025.07.14	05:00:00	1.34754	1.34784	1.34637	1.34651	2130	0	10
2025.07.14	06:00:00	1.34647	1.34659	1.34511	1.34564	2641	0	10
2025.07.14	07:00:00	1.34567	1.34878	1.34556	1.34830	3572	0	10
2025.07.14	08:00:00	1.34827	1.34892	1.34739	1.34750	2560	0	10
2025.07.14	09:00:00	1.34749	1.34881	1.34712	1.34836	2648	0	10
2025.07.14	10:00:00	1.34834	1.34933	1.34796	1.34882	2407	0	10
2025.07.14	11:00:00	1.34882	1.34913	1.34770	1.34821	2694	0	10
2025.07.14	12:00:00	1.34820	1.34919	1.34698	1.34775	2904	0	10
2025.07.14	13:00:00	1.34775	1.34844	1.34673	1.34817	3489	0	10
2025.07.14	14:00:00	1.34822	1.34833	1.34426	1.34473	4099	0	10
2025.07.14	15:00:00	1.34469	1.34586	1.34304	1.34333	4134	0	10
2025.07.14	16:00:00	1.34329	1.34425	1.34268	1.34349	3555	0	10
2025.07.14	17:00:00	1.34350	1.34409	1.34256	1.34330	2075	0	10
2025.07.14	18:00:00	1.34330	1.34345	1.34261	1.34283	1923	0	10
2025.07.14	19:00:00	1.34281	1.34336	1.34236	1.34263	1722	0	10
2025.07.14	20:00:00	1.34263	1.34302	1.34240	1.34244	995	0	10
2025.07.14	21:00:00	1.34241	1.34293	1.34192	1.34262	1136	0	31
2025.07.14	22:00:00	1.34297	1.34316	1.34255	1.34264	1820	0	10
2025.07.14	23:00:00	1.34264	1.34290	1.34209	1.34278	983	0	10
2025.07.15	00:00:00	1.34277	1.34402	1.34257	1.34354	1978	0	10
2025.07.15	01:00:00	1.34355	1.34389	1.34263	1.34332	2100	0	10
2025.07.15	02:00:00	1.34335	1.34353	1.34267	1.34327	2044	0	10
2025.07.15	03:00:00	1.34328	1.34346	1.34279	1.34291	1264	0	10
2025.07.15	04:00:00	1.34291	1.34335	1.34276	1.34313	1216	0	10
2025.07.15	05:00:00	1.34313	1.34423	1.34311	1.34391	1506	0	10
2025.07.15	06:00:00	1.34389	1.34435	1.34298	1.34347	2507	0	10
2025.07.15	07:00:00	1.34347	1.34525	1.34269	1.34525	3170	0	10
2025.07.15	08:00:00	1.34521	1.34525	1.34405	1.34459	2584	0	10
2025.07.15	09:00:00	1.34459	1.34577	1.34447	1.34540	2582	0	10
2025.07.15	10:00:00	1.34539	1.34593	1.34477	1.34556	2277	0	10
2025.07.15	11:00:00	1.34556	1.34560	1.34418	1.34431	2445	0	10
2025.07.15	12:00:00	1.34429	1.34665	1.34312	1.34476	5425	0	10
2025.07.15	13:00:00	1.34477	1.34503	1.33991	1.34043	6187	0	10
2025.07.15	14:00:00	1.34042	1.34092	1.33849	1.33954	6453	0	10
2025.07.15	15:00:00	1.33957	1.34001	1.33797	1.33947	4148	0	10
2025.07.15	16:00:00	1.33952	1.33988	1.33814	1.33867	3481	0	10
2025.07.15	17:00:00	1.33867	1.33881	1.33784	1.33848	2693	0	10
2025.07.15	18:00:00	1.33849	1.33927	1.33819	1.33890	2013	0	10
2025.07.15	19:00:00	1.33889	1.33913	1.33827	1.33861	1754	0	10
2025.07.15	20:00:00	1.33857	1.33872	1.33802	1.33820	1068	0	10
2025.07.15	21:00:00	1.33822	1.33832	1.33791	1.33794	686	0	31
2025.07.15	22:00:00	1.33834	1.33854	1.33811	1.33853	623	0	10
2025.07.15	23:00:00	1.33852	1.33930	1.33838	1.33925	894	0	10
2025.07.16	00:00:00	1.33925	1.33985	1.33849	1.33931	2076	0	10
2025.07.16	01:00:00	1.33929	1.34000	1.33911	1.33957	2261	0	10
2025.07.16	02:00:00	1.33958	1.33964	1.33830	1.33855	1569	0	10
2025.07.16	03:00:00	1.33856	1.33940	1.33818	1.33880	1555	0	10
2025.07.16	04:00:00	1.33883	1.33962	1.33860	1.33957	1482	0	10
2025.07.16	05:00:00	1.33960	1.34006	1.33901	1.33976	1660	0	10
2025.07.16	06:00:00	1.33980	1.34161	1.33948	1.34081	3535	0	10
2025.07.16	07:00:00	1.34077	1.34101	1.33883	1.33932	2927	0	10
2025.07.16	08:00:00	1.33929	1.34013	1.33888	1.33909	2548	0	10
2025.07.16	09:00:00	1.33909	1.33970	1.33834	1.33959	2456	0	10
2025.07.16	10:00:00	1.33960	1.34058	1.33896	1.34051	2531	0	10
2025.07.16	11:00:00	1.34050	1.34113	1.33958	1.34003	2744	0	10
2025.07.16	12:00:00	1.34001	1.34121	1.33826	1.33922	4797	0	10
2025.07.16	13:00:00	1.33921	1.33980	1.33644	1.33755	4934	0	10
2025.07.16	14:00:00	1.33760	1.34012	1.33659	1.33915	6280	0	10
2025.07.16	15:00:00	1.33915	1.34854	1.33915	1.34237	26904	0	10
2025.07.16	16:00:00	1.34236	1.34466	1.34110	1.34214	10007	0	10
2025.07.16	17:00:00	1.34217	1.34403	1.34188	1.34200	4340	0	10
2025.07.16	18:00:00	1.34200	1.34228	1.34051	1.34084	3035	0	10
2025.07.16	19:00:00	1.34087	1.34194	1.34040	1.34174	2440	0	10
2025.07.16	20:00:00	1.34172	1.34220	1.34141	1.34174	1605	0	10
2025.07.16	21:00:00	1.34175	1.34189	1.34074	1.34074	944	0	31
2025.07.16	22:00:00	1.34154	1.34201	1.34125	1.34132	969	0	10
2025.07.16	23:00:00	1.34132	1.34169	1.34086	1.34102	1116	0	10
2025.07.17	00:00:00	1.34101	1.34108	1.33951	1.33993	2204	0	10
2025.07.17	01:00:00	1.33992	1.34049	1.33917	1.34034	2360	0	10
2025.07.17	02:00:00	1.34035	1.34035	1.33861	1.33876	1988	0	10
2025.07.17	03:00:00	1.33877	1.33928	1.33839	1.33917	1674	0	10
2025.07.17	04:00:00	1.33919	1.33952	1.33878	1.33949	1147	0	10
2025.07.17	05:00:00	1.33949	1.33998	1.33902	1.33936	1792	0	10
2025.07.17	06:00:00	1.33939	1.34020	1.33736	1.33833	4739	0	10
2025.07.17	07:00:00	1.33835	1.33983	1.33796	1.33829	3946	0	10
2025.07.17	08:00:00	1.33830	1.34101	1.33802	1.34101	3115	0	10
2025.07.17	09:00:00	1.34106	1.34134	1.33921	1.33983	2579	0	10
2025.07.17	10:00:00	1.33983	1.34037	1.33913	1.33994	2385	0	10
2025.07.17	11:00:00	1.33993	1.34028	1.33858	1.33917	2451	0	10
2025.07.17	12:00:00	1.33917	1.34100	1.33795	1.34007	4585	0	10
2025.07.17	13:00:00	1.34005	1.34084	1.33921	1.33991	4552	0	10
2025.07.17	14:00:00	1.33993	1.34137	1.33944	1.34089	4058	0	10
2025.07.17	15:00:00	1.34091	1.34185	1.34055	1.34120	2918	0	10
2025.07.17	16:00:00	1.34119	1.34204	1.33966	1.34003	2620	0	10
2025.07.17	17:00:00	1.34002	1.34085	1.33985	1.34033	2121	0	10
2025.07.17	18:00:00	1.34031	1.34119	1.34014	1.34094	1770	0	10
2025.07.17	19:00:00	1.34092	1.34196	1.34089	1.34181	1584	0	10
2025.07.17	20:00:00	1.34183	1.34197	1.34127	1.34149	1212	0	10
2025.07.17	21:00:00	1.34142	1.34160	1.34107	1.34135	886	0	31
2025.07.17	22:00:00	1.34171	1.34313	1.34156	1.34291	1173	0	10
2025.07.17	23:00:00	1.34296	1.34342	1.34282	1.34306	938	0	10
2025.07.18	00:00:00	1.34310	1.34376	1.34274	1.34310	1755	0	10
2025.07.18	01:00:00	1.34312	1.34401	1.34284	1.34340	1939	0	10
2025.07.18	02:00:00	1.34336	1.34390	1.34279	1.34369	1648	0	10
2025.07.18	03:00:00	1.34369	1.34379	1.34263	1.34290	1470	0	10
2025.07.18	04:00:00	1.34290	1.34294	1.34233	1.34234	1219	0	10
2025.07.18	05:00:00	1.34232	1.34235	1.34124	1.34158	1379	0	10
2025.07.18	06:00:00	1.34161	1.34324	1.34099	1.34309	2267	0	10
2025.07.18	07:00:00	1.34313	1.34391	1.34262	1.34301	2614	0	10
2025.07.18	08:00:00	1.34302	1.34425	1.34295	1.34363	2529	0	10
2025.07.18	09:00:00	1.34365	1.34430	1.34344	1.34401	1700	0	10
2025.07.18	10:00:00	1.34401	1.34533	1.34351	1.34511	1864	0	10
2025.07.18	11:00:00	1.34513	1.34571	1.34490	1.34564	2068	0	10
2025.07.18	12:00:00	1.34564	1.34719	1.34499	1.34575	3015	0	10
2025.07.18	13:00:00	1.34575	1.34749	1.34531	1.34656	3805	0	10
2025.07.18	14:00:00	1.34658	1.34706	1.34391	1.34416	4027	0	10
2025.07.18	15:00:00	1.34421	1.34480	1.34334	1.34372	3245	0	10
2025.07.18	16:00:00	1.34369	1.34386	1.34166	1.34186	3110	0	10
2025.07.18	17:00:00	1.34187	1.34210	1.34112	1.34187	1883	0	10
2025.07.18	18:00:00	1.34188	1.34212	1.34139	1.34165	1708	0	10
2025.07.18	19:00:00	1.34164	1.34175	1.34082	1.34132	1705	0	10
2025.07.18	20:00:00	1.34130	1.34159	1.34053	1.34092	1493	0	10
2025.07.20	21:00:00	1.34061	1.34170	1.34022	1.34072	857	0	199
2025.07.20	22:00:00	1.34174	1.34193	1.34071	1.34125	1679	0	10
2025.07.20	23:00:00	1.34125	1.34176	1.34095	1.34149	1354	0	10
2025.07.21	00:00:00	1.34149	1.34197	1.34024	1.34036	1767	0	10
2025.07.21	01:00:00	1.34033	1.34149	1.34016	1.34121	1960	0	10
2025.07.21	02:00:00	1.34118	1.34155	1.34057	1.34118	1763	0	10
2025.07.21	03:00:00	1.34117	1.34174	1.34103	1.34155	1286	0	10
2025.07.21	04:00:00	1.34156	1.34193	1.34131	1.34183	1080	0	10
2025.07.21	05:00:00	1.34184	1.34249	1.34164	1.34230	1374	0	10
2025.07.21	06:00:00	1.34227	1.34433	1.34197	1.34424	2496	0	10
2025.07.21	07:00:00	1.34429	1.34473	1.34350	1.34443	2664	0	10
2025.07.21	08:00:00	1.34443	1.34657	1.34407	1.34518	2603	0	10
2025.07.21	09:00:00	1.34518	1.34587	1.34447	1.34567	2158	0	10
2025.07.21	10:00:00	1.34569	1.34596	1.34458	1.34577	2042	0	10
2025.07.21	11:00:00	1.34576	1.34796	1.34558	1.34779	2944	0	10
2025.07.21	12:00:00	1.34778	1.34835	1.34732	1.34794	2481	0	10
2025.07.21	13:00:00	1.34792	1.34797	1.34662	1.34686	3028	0	10
2025.07.21	14:00:00	1.34686	1.34965	1.34681	1.34917	4098	0	10
2025.07.21	15:00:00	1.34916	1.35101	1.34913	1.34955	3293	0	10
2025.07.21	16:00:00	1.34953	1.34996	1.34897	1.34937	2627	0	10
2025.07.21	17:00:00	1.34939	1.34957	1.34834	1.34855	1872	0	10
2025.07.21	18:00:00	1.34856	1.34925	1.34832	1.34896	1613	0	10
2025.07.21	19:00:00	1.34897	1.34920	1.34830	1.34836	1524	0	10
2025.07.21	20:00:00	1.34832	1.34926	1.34827	1.34897	1145	0	10
2025.07.21	21:00:00	1.34895	1.34907	1.34866	1.34866	632	0	22
2025.07.21	22:00:00	1.34911	1.34925	1.34867	1.34886	585	0	10
2025.07.21	23:00:00	1.34886	1.34898	1.34852	1.34891	762	0	10
2025.07.22	00:00:00	1.34894	1.34898	1.34786	1.34827	1967	0	10
2025.07.22	01:00:00	1.34827	1.34842	1.34762	1.34793	1831	0	10
2025.07.22	02:00:00	1.34794	1.34876	1.34788	1.34817	1457	0	10
2025.07.22	03:00:00	1.34817	1.34827	1.34771	1.34786	1236	0	10
2025.07.22	04:00:00	1.34786	1.34818	1.34735	1.34763	1204	0	10
2025.07.22	05:00:00	1.34767	1.34791	1.34692	1.34732	1572	0	10
2025.07.22	06:00:00	1.34730	1.34738	1.34655	1.34710	2199	0	10
2025.07.22	07:00:00	1.34709	1.34741	1.34613	1.34667	2373	0	10
2025.07.22	08:00:00	1.34667	1.34921	1.34644	1.34892	2749	0	10
2025.07.22	09:00:00	1.34894	1.34956	1.34856	1.34948	2422	0	10
2025.07.22	10:00:00	1.34949	1.34993	1.34752	1.34774	1834	0	10
2025.07.22	11:00:00	1.34775	1.34877	1.34742	1.34856	2209	0	10
2025.07.22	12:00:00	1.34856	1.34892	1.34747	1.34807	2671	0	10
2025.07.22	13:00:00	1.34808	1.34888	1.34758	1.34843	4112	0	10
2025.07.22	14:00:00	1.34844	1.35078	1.34704	1.35003	4629	0	10
2025.07.22	15:00:00	1.35004	1.35195	1.34954	1.35187	3651	0	10
2025.07.22	16:00:00	1.35190	1.35324	1.35168	1.35294	2781	0	10
2025.07.22	17:00:00	1.35293	1.35302	1.35198	1.35225	2232	0	10
2025.07.22	18:00:00	1.35223	1.35272	1.35184	1.35265	1750	0	10
2025.07.22	19:00:00	1.35269	1.35325	1.35240	1.35308	1518	0	10
2025.07.22	20:00:00	1.35306	1.35337	1.35252	1.35321	977	0	10
2025.07.22	21:00:00	1.35321	1.35321	1.35147	1.35147	1123	0	31
2025.07.22	22:00:00	1.35239	1.35283	1.35238	1.35251	623	0	10
2025.07.22	23:00:00	1.35252	1.35343	1.35183	1.35208	1708	0	10
2025.07.23	00:00:00	1.35208	1.35270	1.35169	1.35262	2559	0	10
2025.07.23	01:00:00	1.35264	1.35281	1.35159	1.35223	2484	0	10
2025.07.23	02:00:00	1.35225	1.35295	1.35158	1.35194	2501	0	10
2025.07.23	03:00:00	1.35194	1.35346	1.35190	1.35275	1834	0	10
2025.07.23	04:00:00	1.35274	1.35311	1.35216	1.35270	1605	0	10
2025.07.23	05:00:00	1.35269	1.35305	1.35192	1.35224	1770	0	10
2025.07.23	06:00:00	1.35227	1.35330	1.35148	1.35327	2779	0	10
2025.07.23	07:00:00	1.35327	1.35482	1.35317	1.35428	2903	0	10
2025.07.23	08:00:00	1.35428	1.35482	1.35356	1.35416	2548	0	10
2025.07.23	09:00:00	1.35416	1.35487	1.35359	1.35449	2106	0	10
2025.07.23	10:00:00	1.35451	1.35457	1.35342	1.35342	2307	0	10
2025.07.23	11:00:00	1.35342	1.35435	1.35322	1.35391	2451	0	10
2025.07.23	12:00:00	1.35392	1.35454	1.35294	1.35449	2537	0	10
2025.07.23	13:00:00	1.35446	1.35474	1.35231	1.35444	4038	0	10
2025.07.23	14:00:00	1.35447	1.35630	1.35389	1.35596	3649	0	10
2025.07.23	15:00:00	1.35594	1.35761	1.35526	1.35653	4549	0	10
2025.07.23	16:00:00	1.35651	1.35713	1.35531	1.35611	4542	0	10
2025.07.23	17:00:00	1.35614	1.35734	1.35569	1.35673	3488	0	10
2025.07.23	18:00:00	1.35673	1.35807	1.35673	1.35777	2259	0	10
2025.07.23	19:00:00	1.35781	1.35835	1.35751	1.35811	1682	0	10
2025.07.23	20:00:00	1.35815	1.35836	1.35765	1.35777	1377	0	10
2025.07.23	21:00:00	1.35773	1.35786	1.35720	1.35757	680	0	31
2025.07.23	22:00:00	1.35805	1.35856	1.35785	1.35825	791	0	10
2025.07.23	23:00:00	1.35825	1.35868	1.35776	1.35786	935	0	10
2025.07.24	00:00:00	1.35784	1.35786	1.35706	1.35730	2232	0	10
2025.07.24	01:00:00	1.35732	1.35881	1.35727	1.35815	2496	0	10
2025.07.24	02:00:00	1.35817	1.35839	1.35742	1.35800	1835	0	10
2025.07.24	03:00:00	1.35800	1.35847	1.35763	1.35781	1738	0	10
2025.07.24	04:00:00	1.35777	1.35809	1.35745	1.35792	1409	0	10
2025.07.24	05:00:00	1.35794	1.35815	1.35751	1.35775	1762	0	10
2025.07.24	06:00:00	1.35776	1.35776	1.35615	1.35620	2707	0	10
2025.07.24	07:00:00	1.35622	1.35675	1.35560	1.35598	2855	0	10
2025.07.24	08:00:00	1.35599	1.35657	1.35423	1.35436	2902	0	10
2025.07.24	09:00:00	1.35435	1.35474	1.35392	1.35471	2392	0	10
2025.07.24	10:00:00	1.35471	1.35506	1.35350	1.35384	1938	0	10
2025.07.24	11:00:00	1.35389	1.35513	1.35368	1.35508	2127	0	10
2025.07.24	12:00:00	1.35510	1.35538	1.35310	1.35351	3250	0	10
2025.07.24	13:00:00	1.35352	1.35540	1.35322	1.35519	5776	0	10
2025.07.24	14:00:00	1.35517	1.35623	1.35315	1.35411	4634	0	10
2025.07.24	15:00:00	1.35411	1.35426	1.35215	1.35233	4235	0	10
2025.07.24	16:00:00	1.35235	1.35271	1.35044	1.35110	3342	0	10
2025.07.24	17:00:00	1.35111	1.35276	1.35097	1.35180	2252	0	10
2025.07.24	18:00:00	1.35179	1.35212	1.35138	1.35156	1941	0	10
2025.07.24	19:00:00	1.35155	1.35195	1.35066	1.35075	1769	0	10
2025.07.24	20:00:00	1.35072	1.35124	1.35022	1.35073	1937	0	10
2025.07.24	21:00:00	1.35076	1.35080	1.35000	1.35048	1048	0	31
2025.07.24	22:00:00	1.35081	1.35081	1.35024	1.35053	768	0	10
2025.07.24	23:00:00	1.35056	1.35105	1.35033	1.35082	972	0	10
2025.07.25	00:00:00	1.35082	1.35115	1.35021	1.35064	2232	0	10
2025.07.25	01:00:00	1.35064	1.35119	1.34966	1.34992	2347	0	10
2025.07.25	02:00:00	1.34992	1.35005	1.34897	1.34937	1788	0	10
2025.07.25	03:00:00	1.34935	1.34970	1.34877	1.34940	1276	0	10
2025.07.25	04:00:00	1.34939	1.34991	1.34858	1.34907	1700	0	10
2025.07.25	05:00:00	1.34907	1.35040	1.34884	1.35029	2076	0	10
2025.07.25	06:00:00	1.35032	1.35034	1.34807	1.34897	3250	0	10
2025.07.25	07:00:00	1.34897	1.34920	1.34664	1.34680	3738	0	10
2025.07.25	08:00:00	1.34679	1.34759	1.34590	1.34627	3239	0	10
2025.07.25	09:00:00	1.34627	1.34637	1.34495	1.34624	2408	0	10
2025.07.25	10:00:00	1.34621	1.34640	1.34518	1.34573	2138	0	10
2025.07.25	11:00:00	1.34569	1.34599	1.34383	1.34502	2561	0	10
2025.07.25	12:00:00	1.34499	1.34542	1.34231	1.34328	2980	0	10
2025.07.25	13:00:00	1.34329	1.34391	1.34158	1.34369	7327	0	10
2025.07.25	14:00:00	1.34371	1.34433	1.34277	1.34296	4303	0	10
2025.07.25	15:00:00	1.34295	1.34381	1.34166	1.34264	3336	0	10
2025.07.25	16:00:00	1.34267	1.34295	1.34162	1.34208	2744	0	10
2025.07.25	17:00:00	1.34204	1.34294	1.34190	1.34270	1935	0	10
2025.07.25	18:00:00	1.34271	1.34357	1.34249	1.34346	1621	0	10
2025.07.25	19:00:00	1.34346	1.34375	1.34315	1.34373	1455	0	10
2025.07.25	20:00:00	1.34373	1.34416	1.34288	1.34375	4023	0	10
2025.07.27	21:00:00	1.34208	1.34333	1.34139	1.34332	554	0	162
2025.07.27	22:00:00	1.34405	1.34462	1.34267	1.34343	1711	0	10
2025.07.27	23:00:00	1.34343	1.34426	1.34317	1.34374	1447	0	10
2025.07.28	00:00:00	1.34376	1.34487	1.34354	1.34427	2927	0	10
2025.07.28	01:00:00	1.34430	1.34522	1.34304	1.34354	2519	0	10
2025.07.28	02:00:00	1.34354	1.34429	1.34295	1.34390	1994	0	10
2025.07.28	03:00:00	1.34390	1.34427	1.34335	1.34424	1533	0	10
2025.07.28	04:00:00	1.34427	1.34446	1.34323	1.34358	1531	0	10
2025.07.28	05:00:00	1.34355	1.34363	1.34252	1.34266	1528	0	10
2025.07.28	06:00:00	1.34263	1.34308	1.34061	1.34210	3415	0	10
2025.07.28	07:00:00	1.34210	1.34312	1.34053	1.34089	4185	0	10
2025.07.28	08:00:00	1.34088	1.34287	1.34061	1.34206	3377	0	10
2025.07.28	09:00:00	1.34204	1.34269	1.34109	1.34142	2794	0	10
2025.07.28	10:00:00	1.34139	1.34215	1.34080	1.34182	2793	0	10
2025.07.28	11:00:00	1.34184	1.34290	1.34021	1.34261	3541	0	10
2025.07.28	12:00:00	1.34259	1.34380	1.34213	1.34370	4113	0	10
2025.07.28	13:00:00	1.34371	1.34395	1.34086	1.34152	4299	0	10
2025.07.28	14:00:00	1.34151	1.34258	1.34085	1.34119	3922	0	10
2025.07.28	15:00:00	1.34120	1.34137	1.33905	1.33907	3226	0	10
2025.07.28	16:00:00	1.33906	1.33917	1.33756	1.33784	2389	0	10
2025.07.28	17:00:00	1.33784	1.33802	1.33565	1.33593	2049	0	10
2025.07.28	18:00:00	1.33593	1.33601	1.33515	1.33534	1830	0	10
2025.07.28	19:00:00	1.33536	1.33554	1.33504	1.33542	1234	0	10
2025.07.28	20:00:00	1.33541	1.33584	1.33517	1.33527	1160	0	10
2025.07.28	21:00:00	1.33529	1.33564	1.33474	1.33510	916	0	52
2025.07.28	22:00:00	1.33583	1.33605	1.33539	1.33603	908	0	10
2025.07.28	23:00:00	1.33600	1.33612	1.33550	1.33590	837	0	10
2025.07.29	00:00:00	1.33591	1.33591	1.33441	1.33450	1856	0	10
2025.07.29	01:00:00	1.33449	1.33579	1.33449	1.33492	2275	0	10
2025.07.29	02:00:00	1.33495	1.33565	1.33486	1.33556	1859	0	10
2025.07.29	03:00:00	1.33557	1.33574	1.33402	1.33402	1654	0	10
2025.07.29	04:00:00	1.33403	1.33501	1.33360	1.33489	1752	0	10
2025.07.29	05:00:00	1.33489	1.33531	1.33431	1.33485	1761	0	10
2025.07.29	06:00:00	1.33487	1.33535	1.33236	1.33263	4120	0	10
2025.07.29	07:00:00	1.33267	1.33360	1.33148	1.33325	4013	0	10
2025.07.29	08:00:00	1.33322	1.33481	1.33280	1.33413	2937	0	10
2025.07.29	09:00:00	1.33414	1.33585	1.33414	1.33531	2827	0	10
2025.07.29	10:00:00	1.33533	1.33616	1.33493	1.33500	2482	0	10
2025.07.29	11:00:00	1.33502	1.33526	1.33266	1.33398	3311	0	10
2025.07.29	12:00:00	1.33398	1.33435	1.33150	1.33150	3700	0	10
2025.07.29	13:00:00	1.33146	1.33258	1.33070	1.33257	4065	0	10
2025.07.29	14:00:00	1.33256	1.33366	1.33090	1.33272	5715	0	10
2025.07.29	15:00:00	1.33274	1.33436	1.33254	1.33378	3720	0	10
2025.07.29	16:00:00	1.33379	1.33473	1.33369	1.33381	2592	0	10
2025.07.29	17:00:00	1.33381	1.33521	1.33362	1.33385	2743	0	10
2025.07.29	18:00:00	1.33387	1.33552	1.33348	1.33552	2221	0	10
2025.07.29	19:00:00	1.33551	1.33639	1.33520	1.33559	2042	0	10
2025.07.29	20:00:00	1.33560	1.33598	1.33462	1.33487	1233	0	10
2025.07.29	21:00:00	1.33485	1.33505	1.33390	1.33390	762	0	52
2025.07.29	22:00:00	1.33469	1.33533	1.33469	1.33522	724	0	10
2025.07.29	23:00:00	1.33521	1.33534	1.33486	1.33531	647	0	10
2025.07.30	00:00:00	1.33532	1.33659	1.33521	1.33652	1867	0	10
2025.07.30	01:00:00	1.33652	1.33688	1.33558	1.33565	2290	0	10
2025.07.30	02:00:00	1.33561	1.33642	1.33544	1.33594	1600	0	10
2025.07.30	03:00:00	1.33594	1.33686	1.33558	1.33591	1793	0	10
2025.07.30	04:00:00	1.33592	1.33596	1.33490	1.33502	1694	0	10
2025.07.30	05:00:00	1.33499	1.33550	1.33461	1.33476	1859	0	10
2025.07.30	06:00:00	1.33480	1.33650	1.33412	1.33639	2779	0	10
2025.07.30	07:00:00	1.33640	1.33682	1.33579	1.33603	3099	0	10
2025.07.30	08:00:00	1.33605	1.33686	1.33579	1.33668	2508	0	10
2025.07.30	09:00:00	1.33665	1.33815	1.33648	1.33805	2940	0	10
2025.07.30	10:00:00	1.33804	1.33851	1.33616	1.33625	2770	0	10
2025.07.30	11:00:00	1.33623	1.33730	1.33566	1.33724	2309	0	10
2025.07.30	12:00:00	1.33723	1.33794	1.33066	1.33088	6138	0	10
2025.07.30	13:00:00	1.33090	1.33136	1.32740	1.32815	5558	0	10
2025.07.30	14:00:00	1.32814	1.32945	1.32785	1.32903	4192	0	10
2025.07.30	15:00:00	1.32901	1.32915	1.32705	1.32725	3415	0	10
2025.07.30	16:00:00	1.32728	1.32818	1.32692	1.32812	2423	0	10
2025.07.30	17:00:00	1.32813	1.32919	1.32795	1.32908	2363	0	10
2025.07.30	18:00:00	1.32906	1.33124	1.32382	1.32383	12340	0	10
2025.07.30	19:00:00	1.32380	1.32511	1.32272	1.32441	6192	0	10
2025.07.30	20:00:00	1.32440	1.32541	1.32351	1.32355	2918	0	10
2025.07.30	21:00:00	1.32358	1.32363	1.32284	1.32327	1064	0	31
2025.07.30	22:00:00	1.32355	1.32543	1.32355	1.32530	1104	0	10
2025.07.30	23:00:00	1.32530	1.32587	1.32481	1.32553	1179	0	10
2025.07.31	00:00:00	1.32552	1.32575	1.32431	1.32512	2508	0	10
2025.07.31	01:00:00	1.32510	1.32585	1.32412	1.32574	2830	0	10
2025.07.31	02:00:00	1.32574	1.32616	1.32516	1.32598	2310	0	10
2025.07.31	03:00:00	1.32598	1.32629	1.32457	1.32587	2436	0	10
2025.07.31	04:00:00	1.32587	1.32695	1.32552	1.32682	2095	0	10
2025.07.31	05:00:00	1.32682	1.32719	1.32634	1.32635	1979	0	10
2025.07.31	06:00:00	1.32637	1.32816	1.32620	1.32771	3488	0	10
2025.07.31	07:00:00	1.32774	1.32781	1.32439	1.32584	3408	0	10
2025.07.31	08:00:00	1.32587	1.32608	1.32388	1.32493	3351	0	10
2025.07.31	09:00:00	1.32493	1.32498	1.32282	1.32289	2728	0	10
2025.07.31	10:00:00	1.32292	1.32340	1.32094	1.32280	2968	0	10
2025.07.31	11:00:00	1.32279	1.32415	1.32215	1.32386	3151	0	10
2025.07.31	12:00:00	1.32385	1.32401	1.32079	1.32160	4341	0	10
2025.07.31	13:00:00	1.32161	1.32185	1.31873	1.31884	4428	0	10
2025.07.31	14:00:00	1.31883	1.32389	1.31850	1.32312	6302	0	10
2025.07.31	15:00:00	1.32317	1.32367	1.32173	1.32190	4335	0	10
2025.07.31	16:00:00	1.32186	1.32368	1.32166	1.32223	3324	0	10
2025.07.31	17:00:00	1.32221	1.32227	1.32019	1.32031	2740	0	10
2025.07.31	18:00:00	1.32031	1.32238	1.31987	1.32183	2419	0	10
2025.07.31	19:00:00	1.32186	1.32265	1.32053	1.32055	2228	0	10
2025.07.31	20:00:00	1.32060	1.32103	1.31992	1.32032	1959	0	10
2025.07.31	21:00:00	1.32031	1.32075	1.31918	1.31918	1068	0	31
2025.07.31	22:00:00	1.32009	1.32088	1.31989	1.32060	961	0	10
2025.07.31	23:00:00	1.32059	1.32115	1.31991	1.32073	1680	0	10
2025.08.01	00:00:00	1.32073	1.32130	1.32007	1.32098	2581	0	10
2025.08.01	01:00:00	1.32101	1.32127	1.31923	1.31956	2674	0	10
2025.08.01	02:00:00	1.31956	1.31980	1.31893	1.31949	2144	0	10
2025.08.01	03:00:00	1.31942	1.32044	1.31941	1.32004	1789	0	10
2025.08.01	04:00:00	1.32004	1.32013	1.31931	1.31986	1517	0	10
2025.08.01	05:00:00	1.31983	1.32065	1.31949	1.32023	1774	0	10
2025.08.01	06:00:00	1.32021	1.32125	1.31974	1.32045	3008	0	10
2025.08.01	07:00:00	1.32046	1.32068	1.31853	1.31942	3256	0	10
2025.08.01	08:00:00	1.31938	1.31944	1.31594	1.31602	2706	0	10
2025.08.01	09:00:00	1.31604	1.31663	1.31407	1.31476	2749	0	10
2025.08.01	10:00:00	1.31479	1.31671	1.31458	1.31665	2705	0	10
2025.08.01	11:00:00	1.31665	1.31735	1.31568	1.31581	2592	0	10
2025.08.01	12:00:00	1.31580	1.33026	1.31441	1.32838	12823	0	10
2025.08.01	13:00:00	1.32842	1.33102	1.32626	1.32704	14453	0	10
2025.08.01	14:00:00	1.32712	1.32897	1.32566	1.32633	12058	0	10
2025.08.01	15:00:00	1.32630	1.32721	1.32441	1.32574	5609	0	10
2025.08.01	16:00:00	1.32572	1.32648	1.32414	1.32447	3925	0	10
2025.08.01	17:00:00	1.32448	1.32455	1.32150	1.32284	3745	0	10
2025.08.01	18:00:00	1.32286	1.32502	1.32217	1.32258	3173	0	10
2025.08.01	19:00:00	1.32260	1.32765	1.32242	1.32606	5058	0	10
2025.08.01	20:00:00	1.32611	1.32922	1.32603	1.32785	3911	0	10
2025.08.03	21:00:00	1.32704	1.32770	1.32678	1.32749	748	0	105
2025.08.03	22:00:00	1.32783	1.32850	1.32727	1.32780	2031	0	10
2025.08.03	23:00:00	1.32779	1.32919	1.32754	1.32904	1798	0	10
2025.08.04	00:00:00	1.32903	1.32925	1.32579	1.32610	3429	0	10
2025.08.04	01:00:00	1.32611	1.32773	1.32533	1.32759	3401	0	10
2025.08.04	02:00:00	1.32760	1.32845	1.32719	1.32807	2509	0	10
2025.08.04	03:00:00	1.32811	1.32891	1.32809	1.32826	2119	0	10
2025.08.04	04:00:00	1.32824	1.32877	1.32771	1.32772	1773	0	10
2025.08.04	05:00:00	1.32773	1.32828	1.32693	1.32754	2184	0	10
2025.08.04	06:00:00	1.32754	1.32909	1.32684	1.32835	3835	0	10
2025.08.04	07:00:00	1.32836	1.32851	1.32641	1.32765	4227	0	10
2025.08.04	08:00:00	1.32768	1.32789	1.32651	1.32775	3305	0	10
2025.08.04	09:00:00	1.32771	1.33056	1.32749	1.32922	3201	0	10
2025.08.04	10:00:00	1.32918	1.32977	1.32704	1.32963	2922	0	10
2025.08.04	11:00:00	1.32961	1.33138	1.32901	1.32944	3595	0	10
2025.08.04	12:00:00	1.32945	1.33113	1.32819	1.32971	4010	0	10
2025.08.04	13:00:00	1.32970	1.33127	1.32948	1.33017	4758	0	10
2025.08.04	14:00:00	1.33016	1.33305	1.32866	1.32933	6069	0	10
2025.08.04	15:00:00	1.32932	1.32988	1.32775	1.32869	4692	0	10
2025.08.04	16:00:00	1.32872	1.32921	1.32768	1.32850	2982	0	10
2025.08.04	17:00:00	1.32849	1.32857	1.32756	1.32811	2428	0	10
2025.08.04	18:00:00	1.32813	1.32853	1.32729	1.32752	2353	0	10
2025.08.04	19:00:00	1.32755	1.32816	1.32718	1.32757	1981	0	10
2025.08.04	20:00:00	1.32759	1.32882	1.32744	1.32833	1429	0	10
2025.08.04	21:00:00	1.32838	1.32861	1.32694	1.32694	811	0	22
2025.08.04	22:00:00	1.32799	1.32936	1.32799	1.32923	974	0	10
2025.08.04	23:00:00	1.32926	1.32994	1.32911	1.32973	1003	0	10
2025.08.05	00:00:00	1.32977	1.33027	1.32892	1.32982	2334	0	10
2025.08.05	01:00:00	1.32983	1.32993	1.32869	1.32886	2549	0	10
2025.08.05	02:00:00	1.32886	1.32889	1.32802	1.32837	1972	0	10
2025.08.05	03:00:00	1.32837	1.32846	1.32760	1.32765	1461	0	10
2025.08.05	04:00:00	1.32765	1.32873	1.32752	1.32853	1402	0	10
2025.08.05	05:00:00	1.32854	1.32854	1.32704	1.32742	1791	0	10
2025.08.05	06:00:00	1.32744	1.32924	1.32718	1.32786	2549	0	10
2025.08.05	07:00:00	1.32787	1.32950	1.32589	1.32724	3680	0	10
2025.08.05	08:00:00	1.32723	1.32886	1.32658	1.32794	3782	0	10
2025.08.05	09:00:00	1.32794	1.32947	1.32761	1.32913	3068	0	10
2025.08.05	10:00:00	1.32912	1.32946	1.32825	1.32854	2969	0	10
2025.08.05	11:00:00	1.32851	1.32851	1.32657	1.32799	3146	0	10
2025.08.05	12:00:00	1.32800	1.32891	1.32696	1.32812	4499	0	10
2025.08.05	13:00:00	1.32814	1.32949	1.32679	1.32764	4612	0	10
2025.08.05	14:00:00	1.32761	1.32929	1.32678	1.32890	7672	0	10
2025.08.05	15:00:00	1.32889	1.33087	1.32882	1.33069	4277	0	10
2025.08.05	16:00:00	1.33066	1.33157	1.33033	1.33093	2963	0	10
2025.08.05	17:00:00	1.33093	1.33154	1.33008	1.33042	2339	0	10
2025.08.05	18:00:00	1.33040	1.33055	1.32906	1.32946	2486	0	10
2025.08.05	19:00:00	1.32946	1.32965	1.32884	1.32955	1967	0	10
2025.08.05	20:00:00	1.32958	1.33015	1.32917	1.32956	1305	0	10
2025.08.05	21:00:00	1.32953	1.32954	1.32856	1.32874	1117	0	31
2025.08.05	22:00:00	1.32972	1.32987	1.32914	1.32967	868	0	10
2025.08.05	23:00:00	1.32967	1.33006	1.32951	1.32977	905	0	10
2025.08.06	00:00:00	1.32973	1.33053	1.32970	1.33000	1739	0	10
2025.08.06	01:00:00	1.32999	1.33005	1.32943	1.32973	1470	0	10
2025.08.06	02:00:00	1.32973	1.33044	1.32952	1.33003	1529	0	10
2025.08.06	03:00:00	1.33005	1.33096	1.33003	1.33086	1300	0	10
2025.08.06	04:00:00	1.33085	1.33134	1.33069	1.33109	1339	0	10
2025.08.06	05:00:00	1.33109	1.33113	1.33019	1.33050	1423	0	10
2025.08.06	06:00:00	1.33052	1.33087	1.32998	1.33012	2347	0	10
2025.08.06	07:00:00	1.33012	1.33036	1.32893	1.33028	2695	0	10
2025.08.06	08:00:00	1.33030	1.33030	1.32809	1.32834	2480	0	10
2025.08.06	09:00:00	1.32832	1.33018	1.32828	1.32975	2177	0	10
2025.08.06	10:00:00	1.32972	1.33232	1.32946	1.33166	3412	0	10
2025.08.06	11:00:00	1.33164	1.33296	1.33109	1.33175	2659	0	10
2025.08.06	12:00:00	1.33175	1.33207	1.33074	1.33168	2884	0	10
2025.08.06	13:00:00	1.33169	1.33287	1.33141	1.33255	3996	0	10
2025.08.06	14:00:00	1.33256	1.33318	1.33121	1.33297	4058	0	10
2025.08.06	15:00:00	1.33298	1.33581	1.33273	1.33578	4722	0	10
2025.08.06	16:00:00	1.33575	1.33620	1.33417	1.33464	3433	0	10
2025.08.06	17:00:00	1.33462	1.33597	1.33447	1.33549	2654	0	10
2025.08.06	18:00:00	1.33551	1.33677	1.33540	1.33626	2223	0	10
2025.08.06	19:00:00	1.33626	1.33647	1.33538	1.33569	1705	0	10
2025.08.06	20:00:00	1.33568	1.33598	1.33493	1.33554	1807	0	10
2025.08.06	21:00:00	1.33552	1.33559	1.33494	1.33494	945	0	31
2025.08.06	22:00:00	1.33566	1.33604	1.33546	1.33579	989	0	10
2025.08.06	23:00:00	1.33578	1.33601	1.33548	1.33569	895	0	10
2025.08.07	00:00:00	1.33567	1.33578	1.33457	1.33474	1818	0	10
2025.08.07	01:00:00	1.33474	1.33591	1.33453	1.33540	1985	0	10
2025.08.07	02:00:00	1.33540	1.33600	1.33493	1.33519	1443	0	10
2025.08.07	03:00:00	1.33518	1.33608	1.33478	1.33591	1458	0	10
2025.08.07	04:00:00	1.33591	1.33682	1.33573	1.33676	1471	0	10
2025.08.07	05:00:00	1.33676	1.33705	1.33628	1.33699	1478	0	10
2025.08.07	06:00:00	1.33697	1.33763	1.33653	1.33737	2213	0	10
2025.08.07	07:00:00	1.33741	1.33798	1.33668	1.33741	2522	0	10
2025.08.07	08:00:00	1.33739	1.33797	1.33624	1.33685	3223	0	10
2025.08.07	09:00:00	1.33685	1.33720	1.33643	1.33675	2309	0	10
2025.08.07	10:00:00	1.33674	1.33788	1.33645	1.33778	2567	0	10
2025.08.07	11:00:00	1.33775	1.34317	1.33749	1.34124	6750	0	10
2025.08.07	12:00:00	1.34124	1.34360	1.34113	1.34202	5062	0	10
2025.08.07	13:00:00	1.34203	1.34306	1.34139	1.34232	5147	0	10
2025.08.07	14:00:00	1.34231	1.34260	1.33953	1.34035	6598	0	10
2025.08.07	15:00:00	1.34033	1.34341	1.33900	1.34303	4038	0	10
2025.08.07	16:00:00	1.34307	1.34327	1.34235	1.34293	2662	0	10
2025.08.07	17:00:00	1.34295	1.34326	1.34186	1.34198	2632	0	10
2025.08.07	18:00:00	1.34196	1.34241	1.34034	1.34101	2220	0	10
2025.08.07	19:00:00	1.34098	1.34438	1.34067	1.34430	4178	0	10
2025.08.07	20:00:00	1.34430	1.34480	1.34395	1.34413	2139	0	10
2025.08.07	21:00:00	1.34411	1.34422	1.34348	1.34370	895	0	31
2025.08.07	22:00:00	1.34398	1.34494	1.34376	1.34476	1296	0	10
2025.08.07	23:00:00	1.34480	1.34519	1.34455	1.34505	1022	0	10
2025.08.08	00:00:00	1.34506	1.34529	1.34430	1.34475	1994	0	10
2025.08.08	01:00:00	1.34475	1.34503	1.34336	1.34366	1951	0	10
2025.08.08	02:00:00	1.34365	1.34449	1.34364	1.34418	1391	0	10
2025.08.08	03:00:00	1.34419	1.34419	1.34349	1.34384	1291	0	10
2025.08.08	04:00:00	1.34384	1.34394	1.34341	1.34348	1078	0	10
2025.08.08	05:00:00	1.34346	1.34357	1.34244	1.34256	1631	0	10
2025.08.08	06:00:00	1.34256	1.34316	1.34235	1.34286	1851	0	10
2025.08.08	07:00:00	1.34287	1.34485	1.34286	1.34415	2874	0	10
2025.08.08	08:00:00	1.34418	1.34506	1.34265	1.34340	2737	0	10
2025.08.08	09:00:00	1.34342	1.34531	1.34318	1.34462	3000	0	10
2025.08.08	10:00:00	1.34462	1.34480	1.34316	1.34414	2483	0	10
2025.08.08	11:00:00	1.34415	1.34517	1.34364	1.34402	2928	0	10
2025.08.08	12:00:00	1.34399	1.34413	1.34173	1.34222	3584	0	10
2025.08.08	13:00:00	1.34225	1.34410	1.34225	1.34273	3839	0	10
2025.08.08	14:00:00	1.34271	1.34474	1.34245	1.34375	4157	0	10
2025.08.08	15:00:00	1.34377	1.34541	1.34358	1.34417	3000	0	10
2025.08.08	16:00:00	1.34419	1.34471	1.34382	1.34469	2470	0	10
2025.08.08	17:00:00	1.34469	1.34587	1.34434	1.34529	1709	0	10
2025.08.08	18:00:00	1.34533	1.34558	1.34452	1.34525	2403	0	10
2025.08.08	19:00:00	1.34522	1.34526	1.34426	1.34492	2044	0	10
2025.08.08	20:00:00	1.34494	1.34543	1.34437	1.34502	1801	0	10
2025.08.10	21:00:00	1.34364	1.34402	1.34264	1.34366	586	0	99
2025.08.10	22:00:00	1.34411	1.34494	1.34395	1.34421	924	0	10
2025.08.10	23:00:00	1.34422	1.34471	1.34405	1.34426	862	0	10
2025.08.11	00:00:00	1.34426	1.34449	1.34359	1.34420	1615	0	10
2025.08.11	01:00:00	1.34419	1.34510	1.34403	1.34510	1516	0	10
2025.08.11	02:00:00	1.34509	1.34585	1.34508	1.34553	1305	0	10
2025.08.11	03:00:00	1.34552	1.34655	1.34536	1.34650	1287	0	10
2025.08.11	04:00:00	1.34650	1.34678	1.34627	1.34658	972	0	10
2025.08.11	05:00:00	1.34657	1.34690	1.34626	1.34676	1242	0	10
2025.08.11	06:00:00	1.34678	1.34764	1.34643	1.34679	2217	0	10
2025.08.11	07:00:00	1.34676	1.34678	1.34476	1.34530	2703	0	10
2025.08.11	08:00:00	1.34530	1.34661	1.34514	1.34639	2263	0	10
2025.08.11	09:00:00	1.34639	1.34689	1.34465	1.34530	2270	0	10
2025.08.11	10:00:00	1.34532	1.34584	1.34445	1.34454	2041	0	10
2025.08.11	11:00:00	1.34452	1.34473	1.34247	1.34296	2894	0	10
2025.08.11	12:00:00	1.34297	1.34325	1.34119	1.34229	3275	0	10
2025.08.11	13:00:00	1.34229	1.34265	1.34189	1.34206	3103	0	10
2025.08.11	14:00:00	1.34207	1.34214	1.33986	1.34063	3660	0	10
2025.08.11	15:00:00	1.34066	1.34165	1.34015	1.34139	2509	0	10
2025.08.11	16:00:00	1.34142	1.34257	1.34136	1.34244	2195	0	10
2025.08.11	17:00:00	1.34243	1.34315	1.34167	1.34298	1883	0	10
2025.08.11	18:00:00	1.34297	1.34367	1.34269	1.34348	1756	0	10
2025.08.11	19:00:00	1.34347	1.34350	1.34229	1.34272	1471	0	10
2025.08.11	20:00:00	1.34269	1.34354	1.34265	1.34302	1057	0	10
2025.08.11	21:00:00	1.34299	1.34308	1.34239	1.34267	1084	0	31
2025.08.11	22:00:00	1.34302	1.34331	1.34288	1.34330	573	0	10
2025.08.11	23:00:00	1.34333	1.34351	1.34317	1.34330	611	0	10
2025.08.12	00:00:00	1.34328	1.34371	1.34276	1.34296	1767	0	10
2025.08.12	01:00:00	1.34293	1.34382	1.34275	1.34306	1727	0	10
2025.08.12	02:00:00	1.34307	1.34367	1.34293	1.34367	1092	0	10
2025.08.12	03:00:00	1.34367	1.34390	1.34305	1.34321	1213	0	10
2025.08.12	04:00:00	1.34320	1.34383	1.34238	1.34376	1519	0	10
2025.08.12	05:00:00	1.34377	1.34400	1.34196	1.34239	2326	0	10
2025.08.12	06:00:00	1.34235	1.34461	1.34226	1.34336	3746	0	10
2025.08.12	07:00:00	1.34337	1.34594	1.34311	1.34580	3099	0	10
2025.08.12	08:00:00	1.34584	1.34709	1.34473	1.34682	2871	0	10
2025.08.12	09:00:00	1.34682	1.34720	1.34522	1.34587	2463	0	10
2025.08.12	10:00:00	1.34586	1.34634	1.34548	1.34567	2149	0	10
2025.08.12	11:00:00	1.34567	1.34589	1.34460	1.34569	2530	0	10
2025.08.12	12:00:00	1.34570	1.35095	1.34552	1.34852	8525	0	10
2025.08.12	13:00:00	1.34850	1.34999	1.34626	1.34877	10194	0	10
2025.08.12	14:00:00	1.34877	1.34970	1.34781	1.34876	5474	0	10
2025.08.12	15:00:00	1.34876	1.35234	1.34854	1.35064	4525	0	10
2025.08.12	16:00:00	1.35064	1.35206	1.34993	1.35150	3509	0	10
2025.08.12	17:00:00	1.35152	1.35154	1.35065	1.35069	2617	0	10
2025.08.12	18:00:00	1.35071	1.35112	1.34916	1.34951	2122	0	10
2025.08.12	19:00:00	1.34951	1.34966	1.34877	1.34955	1585	0	10
2025.08.12	20:00:00	1.34951	1.35001	1.34917	1.34979	1188	0	10
2025.08.12	21:00:00	1.34982	1.34993	1.34946	1.34960	965	0	31
2025.08.12	22:00:00	1.34996	1.35017	1.34973	1.34999	935	0	10
2025.08.12	23:00:00	1.35000	1.35056	1.34991	1.35036	659	0	10
2025.08.13	00:00:00	1.35036	1.35058	1.34967	1.35018	1580	0	10
2025.08.13	01:00:00	1.35020	1.35076	1.34970	1.34980	1828	0	10
2025.08.13	02:00:00	1.34980	1.35044	1.34922	1.35025	1328	0	10
2025.08.13	03:00:00	1.35024	1.35061	1.35004	1.35029	1071	0	10
2025.08.13	04:00:00	1.35029	1.35055	1.35007	1.35041	934	0	10
2025.08.13	05:00:00	1.35041	1.35077	1.34990	1.35066	1447	0	10
2025.08.13	06:00:00	1.35068	1.35171	1.35061	1.35156	2440	0	10
2025.08.13	07:00:00	1.35158	1.35469	1.35153	1.35437	3180	0	10
2025.08.13	08:00:00	1.35436	1.35626	1.35425	1.35566	3047	0	10
2025.08.13	09:00:00	1.35569	1.35778	1.35555	1.35755	2490	0	10
2025.08.13	10:00:00	1.35753	1.35782	1.35658	1.35679	2691	0	10
2025.08.13	11:00:00	1.35679	1.35782	1.35647	1.35764	2532	0	10
2025.08.13	12:00:00	1.35766	1.35795	1.35587	1.35601	3256	0	10
2025.08.13	13:00:00	1.35598	1.35770	1.35532	1.35733	3539	0	10
2025.08.13	14:00:00	1.35731	1.35845	1.35687	1.35712	3608	0	10
2025.08.13	15:00:00	1.35709	1.35753	1.35612	1.35710	3073	0	10
2025.08.13	16:00:00	1.35705	1.35784	1.35677	1.35729	2188	0	10
2025.08.13	17:00:00	1.35730	1.35767	1.35672	1.35698	1857	0	10
2025.08.13	18:00:00	1.35699	1.35711	1.35630	1.35668	1533	0	10
2025.08.13	19:00:00	1.35668	1.35741	1.35638	1.35730	1296	0	10
2025.08.13	20:00:00	1.35730	1.35805	1.35722	1.35727	961	0	10
2025.08.13	21:00:00	1.35724	1.35737	1.35664	1.35708	927	0	31
2025.08.13	22:00:00	1.35735	1.35798	1.35716	1.35795	705	0	10
2025.08.13	23:00:00	1.35795	1.35850	1.35793	1.35846	744	0	10
2025.08.14	00:00:00	1.35846	1.35874	1.35811	1.35854	1622	0	10
2025.08.14	01:00:00	1.35853	1.35915	1.35817	1.35829	2138	0	10
2025.08.14	02:00:00	1.35827	1.35846	1.35720	1.35775	1925	0	10
2025.08.14	03:00:00	1.35775	1.35775	1.35702	1.35732	1518	0	10
2025.08.14	04:00:00	1.35732	1.35775	1.35708	1.35751	1254	0	10
2025.08.14	05:00:00	1.35751	1.35762	1.35682	1.35725	1444	0	10
2025.08.14	06:00:00	1.35726	1.35906	1.35721	1.35784	3572	0	10
2025.08.14	07:00:00	1.35787	1.35906	1.35680	1.35731	4110	0	10
2025.08.14	08:00:00	1.35730	1.35826	1.35624	1.35717	3032	0	10
2025.08.14	09:00:00	1.35714	1.35920	1.35680	1.35777	2717	0	10
2025.08.14	10:00:00	1.35776	1.35946	1.35745	1.35805	2733	0	10
2025.08.14	11:00:00	1.35802	1.35837	1.35720	1.35736	2707	0	10
2025.08.14	12:00:00	1.35738	1.35818	1.35459	1.35524	6266	0	10
2025.08.14	13:00:00	1.35527	1.35562	1.35342	1.35348	5066	0	10
2025.08.14	14:00:00	1.35348	1.35565	1.35332	1.35552	3991	0	10
2025.08.14	15:00:00	1.35553	1.35565	1.35267	1.35295	3819	0	10
2025.08.14	16:00:00	1.35298	1.35314	1.35202	1.35229	2678	0	10
2025.08.14	17:00:00	1.35231	1.35329	1.35226	1.35316	2169	0	10
2025.08.14	18:00:00	1.35317	1.35338	1.35240	1.35328	1814	0	10
2025.08.14	19:00:00	1.35324	1.35390	1.35318	1.35362	1527	0	10
2025.08.14	20:00:00	1.35360	1.35383	1.35265	1.35267	1105	0	10
2025.08.14	21:00:00	1.35268	1.35290	1.35233	1.35250	1038	0	52
2025.08.14	22:00:00	1.35286	1.35322	1.35269	1.35283	710	0	10
2025.08.14	23:00:00	1.35283	1.35312	1.35256	1.35294	644	0	10
2025.08.15	00:00:00	1.35294	1.35350	1.35266	1.35341	1542	0	10
2025.08.15	01:00:00	1.35344	1.35397	1.35304	1.35366	1789	0	10
2025.08.15	02:00:00	1.35365	1.35441	1.35345	1.35427	1558	0	10
2025.08.15	03:00:00	1.35430	1.35508	1.35430	1.35468	1417	0	10
2025.08.15	04:00:00	1.35468	1.35491	1.35440	1.35473	831	0	10
2025.08.15	05:00:00	1.35469	1.35525	1.35434	1.35510	1050	0	10
2025.08.15	06:00:00	1.35513	1.35546	1.35419	1.35522	2047	0	10
2025.08.15	07:00:00	1.35525	1.35599	1.35472	1.35546	2343	0	10
2025.08.15	08:00:00	1.35545	1.35576	1.35459	1.35459	2044	0	10
2025.08.15	09:00:00	1.35456	1.35576	1.35454	1.35564	2019	0	10
2025.08.15	10:00:00	1.35562	1.35631	1.35509	1.35585	1907	0	10
2025.08.15	11:00:00	1.35585	1.35644	1.35544	1.35594	1915	0	10
2025.08.15	12:00:00	1.35593	1.35694	1.35456	1.35604	3740	0	10
2025.08.15	13:00:00	1.35604	1.35748	1.35534	1.35661	3948	0	10
2025.08.15	14:00:00	1.35658	1.35721	1.35572	1.35591	4248	0	10
2025.08.15	15:00:00	1.35589	1.35712	1.35579	1.35624	2831	0	10
2025.08.15	16:00:00	1.35624	1.35638	1.35536	1.35570	1909	0	10
2025.08.15	17:00:00	1.35572	1.35588	1.35515	1.35551	1673	0	10
2025.08.15	18:00:00	1.35552	1.35572	1.35508	1.35534	1705	0	10
2025.08.15	19:00:00	1.35535	1.35566	1.35495	1.35549	1355	0	10
2025.08.15	20:00:00	1.35546	1.35593	1.35496	1.35533	2908	0	10
2025.08.17	21:00:00	1.35451	1.35542	1.35405	1.35542	582	0	98
2025.08.17	22:00:00	1.35647	1.35647	1.35565	1.35608	978	0	10
2025.08.17	23:00:00	1.35612	1.35617	1.35532	1.35556	980	0	10
2025.08.18	00:00:00	1.35555	1.35620	1.35519	1.35527	1668	0	10
2025.08.18	01:00:00	1.35527	1.35601	1.35493	1.35585	1689	0	10
2025.08.18	02:00:00	1.35586	1.35602	1.35484	1.35492	1112	0	10
2025.08.18	03:00:00	1.35492	1.35569	1.35491	1.35555	1155	0	10
2025.08.18	04:00:00	1.35555	1.35648	1.35544	1.35625	1212	0	10
2025.08.18	05:00:00	1.35625	1.35639	1.35583	1.35607	1300	0	10
2025.08.18	06:00:00	1.35605	1.35629	1.35399	1.35443	2353	0	10
2025.08.18	07:00:00	1.35447	1.35538	1.35375	1.35385	2871	0	10
2025.08.18	08:00:00	1.35383	1.35540	1.35306	1.35459	2834	0	10
2025.08.18	09:00:00	1.35457	1.35500	1.35384	1.35395	2686	0	10
2025.08.18	10:00:00	1.35395	1.35459	1.35363	1.35378	2067	0	10
2025.08.18	11:00:00	1.35378	1.35473	1.35344	1.35376	1969	0	10
2025.08.18	12:00:00	1.35379	1.35434	1.35352	1.35434	2414	0	10
2025.08.18	13:00:00	1.35434	1.35463	1.35355	1.35377	2729	0	10
2025.08.18	14:00:00	1.35377	1.35440	1.35124	1.35156	3748	0	10
2025.08.18	15:00:00	1.35158	1.35220	1.35108	1.35187	2713	0	10
2025.08.18	16:00:00	1.35189	1.35211	1.35064	1.35087	2274	0	10
2025.08.18	17:00:00	1.35088	1.35152	1.35066	1.35091	2018	0	10
2025.08.18	18:00:00	1.35089	1.35096	1.35024	1.35051	1474	0	10
2025.08.18	19:00:00	1.35052	1.35120	1.35050	1.35058	1446	0	10
2025.08.18	20:00:00	1.35054	1.35077	1.34998	1.35003	988	0	10
2025.08.18	21:00:00	1.35001	1.35054	1.34939	1.34994	920	0	31
2025.08.18	22:00:00	1.35067	1.35132	1.35023	1.35080	980	0	10
2025.08.18	23:00:00	1.35084	1.35085	1.35011	1.35073	910	0	10
2025.08.19	00:00:00	1.35075	1.35100	1.35005	1.35025	1799	0	10
2025.08.19	01:00:00	1.35023	1.35037	1.34864	1.34948	2334	0	10
2025.08.19	02:00:00	1.34947	1.35012	1.34928	1.34981	1700	0	10
2025.08.19	03:00:00	1.34983	1.35041	1.34960	1.35002	1571	0	10
2025.08.19	04:00:00	1.34999	1.35062	1.34965	1.35047	1370	0	10
2025.08.19	05:00:00	1.35047	1.35092	1.34971	1.34992	1573	0	10
2025.08.19	06:00:00	1.34993	1.35144	1.34959	1.35141	2458	0	10
2025.08.19	07:00:00	1.35143	1.35223	1.35130	1.35201	3021	0	10
2025.08.19	08:00:00	1.35202	1.35224	1.35131	1.35195	2349	0	10
2025.08.19	09:00:00	1.35196	1.35237	1.35101	1.35175	2125	0	10
2025.08.19	10:00:00	1.35175	1.35307	1.35160	1.35220	2078	0	10
2025.08.19	11:00:00	1.35218	1.35258	1.35137	1.35208	1996	0	10
2025.08.19	12:00:00	1.35207	1.35253	1.35029	1.35090	2956	0	10
2025.08.19	13:00:00	1.35088	1.35123	1.34956	1.35101	3298	0	10
2025.08.19	14:00:00	1.35099	1.35155	1.34948	1.35020	3177	0	10
2025.08.19	15:00:00	1.35021	1.35055	1.34900	1.34926	2666	0	10
2025.08.19	16:00:00	1.34925	1.34950	1.34847	1.34887	2406	0	10
2025.08.19	17:00:00	1.34888	1.34954	1.34853	1.34892	1763	0	10
2025.08.19	18:00:00	1.34892	1.34900	1.34772	1.34848	1693	0	10
2025.08.19	19:00:00	1.34844	1.34901	1.34813	1.34891	1199	0	10
2025.08.19	20:00:00	1.34889	1.34924	1.34872	1.34905	939	0	10
2025.08.19	21:00:00	1.34902	1.34904	1.34828	1.34860	906	0	31
2025.08.19	22:00:00	1.34885	1.34925	1.34869	1.34908	654	0	10
2025.08.19	23:00:00	1.34907	1.34908	1.34841	1.34845	968	0	10
2025.08.20	00:00:00	1.34843	1.34858	1.34743	1.34794	1889	0	10
2025.08.20	01:00:00	1.34795	1.34832	1.34697	1.34730	2159	0	10
2025.08.20	02:00:00	1.34730	1.34730	1.34613	1.34665	2598	0	10
2025.08.20	03:00:00	1.34665	1.34764	1.34663	1.34719	1970	0	10
2025.08.20	04:00:00	1.34718	1.34783	1.34714	1.34738	1154	0	10
2025.08.20	05:00:00	1.34738	1.34877	1.34711	1.34843	1407	0	10
2025.08.20	06:00:00	1.34851	1.35084	1.34810	1.34887	4292	0	10
2025.08.20	07:00:00	1.34886	1.35091	1.34885	1.35088	3498	0	10
2025.08.20	08:00:00	1.35083	1.35088	1.34903	1.35006	2884	0	10
2025.08.20	09:00:00	1.35003	1.35049	1.34962	1.35007	2276	0	10
2025.08.20	10:00:00	1.35005	1.35037	1.34898	1.34941	2195	0	10
2025.08.20	11:00:00	1.34941	1.34959	1.34713	1.34714	2130	0	10
2025.08.20	12:00:00	1.34714	1.34955	1.34714	1.34883	3700	0	10
2025.08.20	13:00:00	1.34880	1.34915	1.34695	1.34776	3553	0	10
2025.08.20	14:00:00	1.34776	1.34837	1.34604	1.34723	4253	0	10
2025.08.20	15:00:00	1.34723	1.34737	1.34467	1.34487	3124	0	10
2025.08.20	16:00:00	1.34489	1.34625	1.34485	1.34601	2284	0	10
2025.08.20	17:00:00	1.34599	1.34712	1.34582	1.34685	1990	0	10
2025.08.20	18:00:00	1.34683	1.34684	1.34498	1.34514	2310	0	10
2025.08.20	19:00:00	1.34513	1.34565	1.34477	1.34537	1449	0	10
2025.08.20	20:00:00	1.34537	1.34578	1.34492	1.34528	932	0	10
2025.08.20	21:00:00	1.34517	1.34564	1.34506	1.34536	823	0	31
2025.08.20	22:00:00	1.34564	1.34579	1.34538	1.34551	767	0	10
2025.08.20	23:00:00	1.34551	1.34663	1.34501	1.34652	1095	0	10
2025.08.21	00:00:00	1.34652	1.34654	1.34509	1.34560	1884	0	10
2025.08.21	01:00:00	1.34558	1.34642	1.34525	1.34583	2104	0	10
2025.08.21	02:00:00	1.34581	1.34597	1.34501	1.34506	1515	0	10
2025.08.21	03:00:00	1.34509	1.34559	1.34462	1.34532	1190	0	10
2025.08.21	04:00:00	1.34532	1.34545	1.34508	1.34518	854	0	10
2025.08.21	05:00:00	1.34520	1.34538	1.34475	1.34534	1285	0	10
2025.08.21	06:00:00	1.34532	1.34584	1.34407	1.34451	2499	0	10
2025.08.21	07:00:00	1.34453	1.34571	1.34350	1.34555	3192	0	10
2025.08.21	08:00:00	1.34551	1.34722	1.34508	1.34653	2791	0	10
2025.08.21	09:00:00	1.34653	1.34822	1.34645	1.34747	2553	0	10
2025.08.21	10:00:00	1.34746	1.34751	1.34647	1.34727	2384	0	10
2025.08.21	11:00:00	1.34726	1.34748	1.34540	1.34542	2695	0	10
2025.08.21	12:00:00	1.34542	1.34730	1.34412	1.34457	3797	0	10
2025.08.21	13:00:00	1.34452	1.34592	1.34235	1.34262	4544	0	10
2025.08.21	14:00:00	1.34260	1.34432	1.34234	1.34261	4457	0	10
2025.08.21	15:00:00	1.34259	1.34346	1.34093	1.34142	4794	0	10
2025.08.21	16:00:00	1.34141	1.34212	1.34052	1.34185	2696	0	10
2025.08.21	17:00:00	1.34189	1.34262	1.34174	1.34220	2227	0	10
2025.08.21	18:00:00	1.34219	1.34245	1.34166	1.34182	1829	0	10
2025.08.21	19:00:00	1.34182	1.34190	1.34119	1.34125	1348	0	10
2025.08.21	20:00:00	1.34120	1.34154	1.34109	1.34116	749	0	10
2025.08.21	21:00:00	1.34119	1.34120	1.34050	1.34050	744	0	31
2025.08.21	22:00:00	1.34097	1.34181	1.34089	1.34171	645	0	10
2025.08.21	23:00:00	1.34171	1.34194	1.34135	1.34175	734	0	10
2025.08.22	00:00:00	1.34175	1.34200	1.34142	1.34197	1523	0	10
2025.08.22	01:00:00	1.34196	1.34228	1.34069	1.34106	1928	0	10
2025.08.22	02:00:00	1.34106	1.34162	1.34078	1.34113	1730	0	10
2025.08.22	03:00:00	1.34111	1.34133	1.34001	1.34012	1638	0	10
2025.08.22	04:00:00	1.34013	1.34043	1.33928	1.33936	1395	0	10
2025.08.22	05:00:00	1.33934	1.33973	1.33914	1.33939	1472	0	10
2025.08.22	06:00:00	1.33933	1.34044	1.33897	1.34015	2363	0	10
2025.08.22	07:00:00	1.34015	1.34097	1.34010	1.34057	2257	0	10
2025.08.22	08:00:00	1.34055	1.34143	1.34044	1.34129	1997	0	10
2025.08.22	09:00:00	1.34131	1.34189	1.34100	1.34106	1824	0	10
2025.08.22	10:00:00	1.34108	1.34151	1.34068	1.34103	1847	0	10
2025.08.22	11:00:00	1.34104	1.34184	1.34094	1.34146	2367	0	10
2025.08.22	12:00:00	1.34149	1.34200	1.34109	1.34124	2471	0	10
2025.08.22	13:00:00	1.34125	1.34317	1.34116	1.34228	3341	0	10
2025.08.22	14:00:00	1.34230	1.35241	1.34230	1.35241	13315	0	10
2025.08.22	15:00:00	1.35240	1.35436	1.35210	1.35249	5097	0	10
2025.08.22	16:00:00	1.35249	1.35386	1.35209	1.35252	3705	0	10
2025.08.22	17:00:00	1.35250	1.35437	1.35250	1.35365	2993	0	10
2025.08.22	18:00:00	1.35361	1.35397	1.35226	1.35251	2352	0	10
2025.08.22	19:00:00	1.35253	1.35261	1.35168	1.35182	1646	0	10
2025.08.22	20:00:00	1.35182	1.35293	1.35173	1.35270	1882	0	10
2025.08.24	21:00:00	1.35084	1.35189	1.35056	1.35117	1555	0	104
2025.08.24	22:00:00	1.35184	1.35243	1.35125	1.35151	994	0	11
2025.08.24	23:00:00	1.35151	1.35173	1.35075	1.35080	1027	0	11
2025.08.25	00:00:00	1.35081	1.35090	1.34947	1.34972	1832	0	11
2025.08.25	01:00:00	1.34971	1.35010	1.34891	1.34931	1950	0	11
2025.08.25	02:00:00	1.34931	1.35012	1.34902	1.34990	1314	0	11
2025.08.25	03:00:00	1.34990	1.35121	1.34990	1.35106	1279	0	11
2025.08.25	04:00:00	1.35105	1.35145	1.35086	1.35111	1069	0	11
2025.08.25	05:00:00	1.35111	1.35114	1.35064	1.35107	1205	0	11
2025.08.25	06:00:00	1.35108	1.35266	1.35108	1.35190	2351	0	11
2025.08.25	07:00:00	1.35187	1.35190	1.35020	1.35034	2310	0	11
2025.08.25	08:00:00	1.35030	1.35085	1.35016	1.35027	2171	0	11
2025.08.25	09:00:00	1.35025	1.35045	1.34919	1.34945	1719	0	11
2025.08.25	10:00:00	1.34944	1.34964	1.34834	1.34903	1940	0	11
2025.08.25	11:00:00	1.34905	1.35190	1.34899	1.35190	2196	0	11
2025.08.25	12:00:00	1.35192	1.35204	1.34989	1.35041	2383	0	11
2025.08.25	13:00:00	1.35041	1.35126	1.34996	1.35086	2863	0	11
2025.08.25	14:00:00	1.35082	1.35116	1.34997	1.35016	3421	0	11
2025.08.25	15:00:00	1.35018	1.35030	1.34839	1.34887	3371	0	11
2025.08.25	16:00:00	1.34888	1.34926	1.34843	1.34876	2677	0	11
2025.08.25	17:00:00	1.34876	1.34897	1.34769	1.34789	2223	0	11
2025.08.25	18:00:00	1.34789	1.34809	1.34573	1.34600	2300	0	11
2025.08.25	19:00:00	1.34603	1.34615	1.34454	1.34535	2446	0	11
2025.08.25	20:00:00	1.34534	1.34614	1.34519	1.34521	1557	0	11
2025.08.25	21:00:00	1.34523	1.34571	1.34429	1.34506	1104	0	31
2025.08.25	22:00:00	1.34547	1.34580	1.34529	1.34553	785	0	11
2025.08.25	23:00:00	1.34554	1.34569	1.34492	1.34539	778	0	11
2025.08.26	00:00:00	1.34542	1.34900	1.34475	1.34806	5918	0	11
2025.08.26	01:00:00	1.34806	1.34826	1.34669	1.34714	2958	0	11
2025.08.26	02:00:00	1.34713	1.34765	1.34609	1.34643	2207	0	11
2025.08.26	03:00:00	1.34644	1.34644	1.34500	1.34514	2043	0	11
2025.08.26	04:00:00	1.34512	1.34582	1.34497	1.34566	1503	0	11
2025.08.26	05:00:00	1.34565	1.34675	1.34529	1.34651	1922	0	11
2025.08.26	06:00:00	1.34647	1.34652	1.34450	1.34591	3565	0	11
2025.08.26	07:00:00	1.34588	1.34634	1.34340	1.34550	4358	0	11
2025.08.26	08:00:00	1.34555	1.34694	1.34546	1.34634	3378	0	11
2025.08.26	09:00:00	1.34634	1.34808	1.34608	1.34791	2706	0	11
2025.08.26	10:00:00	1.34790	1.34816	1.34717	1.34783	2238	0	11
2025.08.26	11:00:00	1.34782	1.34930	1.34759	1.34875	2402	0	11
2025.08.26	12:00:00	1.34876	1.34922	1.34764	1.34784	3450	0	11
2025.08.26	13:00:00	1.34781	1.34824	1.34697	1.34802	3790	0	11
2025.08.26	14:00:00	1.34805	1.34893	1.34697	1.34780	4440	0	11
2025.08.26	15:00:00	1.34780	1.34896	1.34746	1.34812	3198	0	11
2025.08.26	16:00:00	1.34812	1.34927	1.34763	1.34769	2410	0	11
2025.08.26	17:00:00	1.34771	1.34801	1.34718	1.34722	2000	0	11
2025.08.26	18:00:00	1.34720	1.34815	1.34674	1.34793	1879	0	11
2025.08.26	19:00:00	1.34792	1.34850	1.34778	1.34780	1557	0	11
2025.08.26	20:00:00	1.34778	1.34782	1.34723	1.34758	949	0	11
2025.08.26	21:00:00	1.34758	1.34782	1.34717	1.34729	1039	0	31
2025.08.26	22:00:00	1.34798	1.34821	1.34769	1.34803	800	0	11
2025.08.26	23:00:00	1.34803	1.34809	1.34748	1.34764	756	0	11
2025.08.27	00:00:00	1.34764	1.34777	1.34679	1.34712	1580	0	11
2025.08.27	01:00:00	1.34713	1.34743	1.34684	1.34694	2030	0	11
2025.08.27	02:00:00	1.34693	1.34700	1.34595	1.34622	1543	0	11
2025.08.27	03:00:00	1.34622	1.34664	1.34551	1.34571	1239	0	11
2025.08.27	04:00:00	1.34574	1.34575	1.34465	1.34482	1289	0	11
2025.08.27	05:00:00	1.34482	1.34555	1.34462	1.34553	1168	0	11
2025.08.27	06:00:00	1.34553	1.34652	1.34518	1.34639	2003	0	11
2025.08.27	07:00:00	1.34636	1.34655	1.34411	1.34528	2855	0	11
2025.08.27	08:00:00	1.34528	1.34530	1.34301	1.34445	3075	0	11
2025.08.27	09:00:00	1.34450	1.34494	1.34396	1.34412	2265	0	11
2025.08.27	10:00:00	1.34413	1.34415	1.34207	1.34220	2254	0	11
2025.08.27	11:00:00	1.34222	1.34344	1.34161	1.34301	2369	0	11
2025.08.27	12:00:00	1.34302	1.34445	1.34302	1.34408	2895	0	11
2025.08.27	13:00:00	1.34409	1.34554	1.34351	1.34464	3317	0	11
2025.08.27	14:00:00	1.34469	1.34606	1.34430	1.34593	3577	0	11
2025.08.27	15:00:00	1.34597	1.34730	1.34597	1.34657	3072	0	11
2025.08.27	16:00:00	1.34657	1.34971	1.34657	1.34957	2576	0	11
2025.08.27	17:00:00	1.34957	1.35014	1.34925	1.35009	2286	0	11
2025.08.27	18:00:00	1.35005	1.35011	1.34900	1.34967	1948	0	11
2025.08.27	19:00:00	1.34966	1.34986	1.34925	1.34971	1514	0	11
2025.08.27	20:00:00	1.34972	1.34992	1.34926	1.34968	1359	0	11
2025.08.27	21:00:00	1.34978	1.34981	1.34854	1.34937	761	0	19
2025.08.27	22:00:00	1.34935	1.35010	1.34935	1.34985	658	0	11
2025.08.27	23:00:00	1.34985	1.35054	1.34975	1.35032	865	0	11
2025.08.28	00:00:00	1.35032	1.35049	1.34965	1.35042	1569	0	11
2025.08.28	01:00:00	1.35041	1.35118	1.35004	1.35041	1686	0	11
2025.08.28	02:00:00	1.35036	1.35181	1.35028	1.35158	1579	0	11
2025.08.28	03:00:00	1.35158	1.35180	1.35072	1.35076	1204	0	11
2025.08.28	04:00:00	1.35078	1.35091	1.35026	1.35037	1240	0	11
2025.08.28	05:00:00	1.35038	1.35059	1.34993	1.35038	1366	0	11
2025.08.28	06:00:00	1.35042	1.35130	1.35015	1.35034	2353	0	11
2025.08.28	07:00:00	1.35032	1.35069	1.34871	1.34987	2904	0	11
2025.08.28	08:00:00	1.34985	1.35010	1.34824	1.34987	2748	0	11
2025.08.28	09:00:00	1.34985	1.35071	1.34980	1.35009	2228	0	11
2025.08.28	10:00:00	1.35010	1.35259	1.34991	1.35208	2564	0	11
2025.08.28	11:00:00	1.35206	1.35243	1.35115	1.35143	2282	0	11
2025.08.28	12:00:00	1.35143	1.35190	1.34970	1.35027	4733	0	11
2025.08.28	13:00:00	1.35030	1.35108	1.34885	1.35057	4233	0	11
2025.08.28	14:00:00	1.35061	1.35269	1.35007	1.35112	4282	0	11
2025.08.28	15:00:00	1.35110	1.35181	1.35045	1.35145	3422	0	11
2025.08.28	16:00:00	1.35144	1.35247	1.35126	1.35216	2288	0	11
2025.08.28	17:00:00	1.35216	1.35303	1.35176	1.35209	2064	0	11
2025.08.28	18:00:00	1.35206	1.35226	1.35126	1.35154	1702	0	11
2025.08.28	19:00:00	1.35155	1.35168	1.35103	1.35117	1265	0	11
2025.08.28	20:00:00	1.35116	1.35122	1.35065	1.35112	2171	0	11
2025.08.28	21:00:00	1.35112	1.35115	1.35052	1.35052	833	0	19
2025.08.28	22:00:00	1.35094	1.35112	1.35054	1.35065	984	0	11
2025.08.28	23:00:00	1.35065	1.35111	1.35065	1.35075	691	0	11
2025.08.29	00:00:00	1.35077	1.35108	1.35026	1.35081	1696	0	11
2025.08.29	01:00:00	1.35084	1.35114	1.34951	1.34979	2544	0	11
2025.08.29	02:00:00	1.34983	1.35045	1.34981	1.35013	1688	0	11
2025.08.29	03:00:00	1.35013	1.35019	1.34954	1.34985	1361	0	11
2025.08.29	04:00:00	1.34986	1.35028	1.34934	1.35025	1086	0	11
2025.08.29	05:00:00	1.35025	1.35029	1.34923	1.34996	1272	0	11
2025.08.29	06:00:00	1.34998	1.35016	1.34893	1.34914	2298	0	11
2025.08.29	07:00:00	1.34908	1.34948	1.34832	1.34910	2500	0	11
2025.08.29	08:00:00	1.34908	1.34939	1.34691	1.34770	2885	0	11
2025.08.29	09:00:00	1.34772	1.34787	1.34590	1.34595	2711	0	11
2025.08.29	10:00:00	1.34593	1.34652	1.34534	1.34615	2564	0	11
2025.08.29	11:00:00	1.34614	1.34619	1.34501	1.34529	2532	0	11
2025.08.29	12:00:00	1.34533	1.34623	1.34454	1.34596	3596	0	11
2025.08.29	13:00:00	1.34596	1.34691	1.34460	1.34685	3904	0	11
2025.08.29	14:00:00	1.34688	1.35135	1.34674	1.35092	5000	0	11
2025.08.29	15:00:00	1.35089	1.35157	1.35023	1.35068	3861	0	11
2025.08.29	16:00:00	1.35070	1.35137	1.34994	1.35075	2770	0	11
2025.08.29	17:00:00	1.35070	1.35080	1.35010	1.35027	1687	0	11
2025.08.29	18:00:00	1.35029	1.35108	1.34992	1.35097	1665	0	11
2025.08.29	19:00:00	1.35095	1.35151	1.35050	1.35148	1604	0	11
2025.08.29	20:00:00	1.35151	1.35168	1.34995	1.35039	1568	0	11
2025.08.31	21:00:00	1.34825	1.34979	1.34824	1.34959	494	0	131
2025.08.31	22:00:00	1.35015	1.35076	1.35009	1.35023	838	0	11
2025.08.31	23:00:00	1.35023	1.35049	1.34996	1.35027	763	0	11
2025.09.01	00:00:00	1.35026	1.35189	1.35017	1.35175	1555	0	11
2025.09.01	01:00:00	1.35175	1.35189	1.35048	1.35117	2376	0	11
2025.09.01	02:00:00	1.35120	1.35285	1.35117	1.35263	2100	0	11
2025.09.01	03:00:00	1.35265	1.35288	1.35192	1.35228	1594	0	11
2025.09.01	04:00:00	1.35227	1.35231	1.35161	1.35180	1208	0	11
2025.09.01	05:00:00	1.35178	1.35275	1.35165	1.35244	1491	0	11
2025.09.01	06:00:00	1.35240	1.35400	1.35221	1.35313	2742	0	11
2025.09.01	07:00:00	1.35316	1.35358	1.35142	1.35297	2932	0	11
2025.09.01	08:00:00	1.35292	1.35372	1.35236	1.35350	2684	0	11
2025.09.01	09:00:00	1.35350	1.35368	1.35231	1.35297	2342	0	11
2025.09.01	10:00:00	1.35297	1.35344	1.35227	1.35233	1866	0	11
2025.09.01	11:00:00	1.35235	1.35325	1.35217	1.35237	2067	0	11
2025.09.01	12:00:00	1.35237	1.35333	1.35232	1.35327	2041	0	11
2025.09.01	13:00:00	1.35328	1.35446	1.35303	1.35364	2490	0	11
2025.09.01	14:00:00	1.35360	1.35494	1.35341	1.35467	2626	0	11
2025.09.01	15:00:00	1.35465	1.35489	1.35374	1.35412	2031	0	11
2025.09.01	16:00:00	1.35412	1.35454	1.35391	1.35417	1217	0	11
2025.09.01	17:00:00	1.35416	1.35427	1.35394	1.35419	525	0	11
2025.09.01	18:00:00	1.35419	1.35441	1.35406	1.35434	544	0	11
2025.09.01	19:00:00	1.35434	1.35490	1.35432	1.35481	546	0	11
2025.09.01	20:00:00	1.35478	1.35494	1.35412	1.35415	579	0	11
2025.09.01	21:00:00	1.35413	1.35441	1.35373	1.35376	857	0	22
2025.09.01	22:00:00	1.35431	1.35482	1.35416	1.35442	557	0	11
2025.09.01	23:00:00	1.35442	1.35490	1.35435	1.35455	589	0	11
2025.09.02	00:00:00	1.35457	1.35478	1.35345	1.35370	1912	0	11
2025.09.02	01:00:00	1.35374	1.35413	1.35326	1.35359	2381	0	11
2025.09.02	02:00:00	1.35360	1.35361	1.35231	1.35289	1876	0	11
2025.09.02	03:00:00	1.35288	1.35300	1.35238	1.35254	1385	0	11
2025.09.02	04:00:00	1.35254	1.35298	1.35225	1.35271	1177	0	11
2025.09.02	05:00:00	1.35271	1.35308	1.35196	1.35203	1495	0	11
2025.09.02	06:00:00	1.35204	1.35333	1.35204	1.35307	2485	0	11
2025.09.02	07:00:00	1.35309	1.35330	1.33935	1.34026	9294	0	11
2025.09.02	08:00:00	1.34028	1.34336	1.33747	1.34128	7691	0	11
2025.09.02	09:00:00	1.34133	1.34175	1.33808	1.33988	5228	0	11
2025.09.02	10:00:00	1.33987	1.34009	1.33707	1.33785	4852	0	11
2025.09.02	11:00:00	1.33786	1.33846	1.33687	1.33831	4556	0	11
2025.09.02	12:00:00	1.33830	1.33969	1.33383	1.33512	6288	0	11
2025.09.02	13:00:00	1.33514	1.33955	1.33420	1.33910	5455	0	11
2025.09.02	14:00:00	1.33902	1.34180	1.33902	1.33969	6562	0	11
2025.09.02	15:00:00	1.33967	1.33999	1.33736	1.33894	4379	0	11
2025.09.02	16:00:00	1.33894	1.33924	1.33825	1.33920	2992	0	11
2025.09.02	17:00:00	1.33922	1.33936	1.33834	1.33838	2106	0	11
2025.09.02	18:00:00	1.33837	1.33866	1.33743	1.33791	2065	0	11
2025.09.02	19:00:00	1.33792	1.33910	1.33787	1.33900	1658	0	11
2025.09.02	20:00:00	1.33901	1.33972	1.33896	1.33920	1744	0	11
2025.09.02	21:00:00	1.33917	1.33917	1.33794	1.33801	1052	0	19
2025.09.02	22:00:00	1.33921	1.33956	1.33858	1.33865	645	0	11
2025.09.02	23:00:00	1.33868	1.33876	1.33810	1.33810	828	0	11
2025.09.03	00:00:00	1.33809	1.33829	1.33715	1.33753	1673	0	11
2025.09.03	01:00:00	1.33754	1.33774	1.33666	1.33688	2154	0	11
2025.09.03	02:00:00	1.33688	1.33750	1.33628	1.33651	1596	0	11
2025.09.03	03:00:00	1.33652	1.33701	1.33611	1.33611	1395	0	11
2025.09.03	04:00:00	1.33611	1.33704	1.33598	1.33690	1259	0	11
2025.09.03	05:00:00	1.33686	1.33735	1.33586	1.33619	1586	0	11
2025.09.03	06:00:00	1.33616	1.33903	1.33612	1.33766	2722	0	11
2025.09.03	07:00:00	1.33762	1.33802	1.33327	1.33657	5356	0	11
2025.09.03	08:00:00	1.33658	1.34087	1.33658	1.34064	4568	0	11
2025.09.03	09:00:00	1.34062	1.34169	1.34013	1.34073	3978	0	11
2025.09.03	10:00:00	1.34070	1.34108	1.34031	1.34059	1289	0	11
2025.09.03	12:00:00	1.34108	1.34296	1.34081	1.34243	3551	0	11
2025.09.03	13:00:00	1.34245	1.34359	1.34096	1.34172	4885	0	11
2025.09.03	14:00:00	1.34169	1.34462	1.34152	1.34332	6085	0	11
2025.09.03	15:00:00	1.34331	1.34534	1.34294	1.34474	3853	0	11
2025.09.03	16:00:00	1.34475	1.34519	1.34431	1.34495	2464	0	11
2025.09.03	17:00:00	1.34495	1.34579	1.34385	1.34405	2223	0	11
2025.09.03	18:00:00	1.34403	1.34474	1.34375	1.34412	2119	0	11
2025.09.03	19:00:00	1.34414	1.34414	1.34339	1.34379	1749	0	11
2025.09.03	20:00:00	1.34378	1.34462	1.34377	1.34427	1440	0	11
2025.09.03	21:00:00	1.34431	1.34431	1.34360	1.34386	977	0	31
2025.09.03	22:00:00	1.34418	1.34423	1.34382	1.34382	615	0	11
2025.09.03	23:00:00	1.34382	1.34427	1.34375	1.34403	757	0	11
2025.09.04	00:00:00	1.34404	1.34436	1.34356	1.34417	1990	0	11
2025.09.04	01:00:00	1.34419	1.34495	1.34326	1.34369	2252	0	11
2025.09.04	02:00:00	1.34368	1.34374	1.34285	1.34302	1925	0	11
2025.09.04	03:00:00	1.34305	1.34328	1.34255	1.34279	1386	0	11
2025.09.04	04:00:00	1.34279	1.34304	1.34251	1.34266	1062	0	11
2025.09.04	05:00:00	1.34265	1.34298	1.34232	1.34276	1284	0	11
2025.09.04	06:00:00	1.34276	1.34404	1.34276	1.34355	2219	0	11
2025.09.04	07:00:00	1.34352	1.34380	1.34159	1.34268	3065	0	11
2025.09.04	08:00:00	1.34266	1.34564	1.34261	1.34536	3073	0	11
2025.09.04	09:00:00	1.34536	1.34589	1.34334	1.34394	2894	0	11
2025.09.04	10:00:00	1.34394	1.34556	1.34370	1.34483	2578	0	11
2025.09.04	11:00:00	1.34483	1.34485	1.34247	1.34333	2639	0	11
2025.09.04	12:00:00	1.34335	1.34559	1.34212	1.34406	5229	0	11
2025.09.04	13:00:00	1.34408	1.34465	1.34252	1.34414	4329	0	11
2025.09.04	14:00:00	1.34409	1.34409	1.34166	1.34267	5025	0	11
2025.09.04	15:00:00	1.34267	1.34402	1.34253	1.34378	2693	0	11
2025.09.04	16:00:00	1.34383	1.34391	1.34168	1.34211	2391	0	11
2025.09.04	17:00:00	1.34211	1.34261	1.34181	1.34212	1736	0	11
2025.09.04	18:00:00	1.34214	1.34312	1.34214	1.34257	1752	0	11
2025.09.04	19:00:00	1.34258	1.34359	1.34254	1.34351	1362	0	11
2025.09.04	20:00:00	1.34349	1.34368	1.34312	1.34335	789	0	11
2025.09.04	21:00:00	1.34335	1.34335	1.34250	1.34312	742	0	31
2025.09.04	22:00:00	1.34326	1.34349	1.34315	1.34329	555	0	11
2025.09.04	23:00:00	1.34325	1.34444	1.34325	1.34432	1023	0	11
2025.09.05	00:00:00	1.34433	1.34498	1.34412	1.34485	2004	0	11
2025.09.05	01:00:00	1.34485	1.34535	1.34461	1.34511	1738	0	11
2025.09.05	02:00:00	1.34512	1.34566	1.34494	1.34524	1425	0	11
2025.09.05	03:00:00	1.34524	1.34549	1.34511	1.34531	1146	0	11
2025.09.05	04:00:00	1.34532	1.34543	1.34474	1.34499	1024	0	11
2025.09.05	05:00:00	1.34499	1.34630	1.34493	1.34611	1058	0	11
2025.09.05	06:00:00	1.34614	1.34715	1.34554	1.34554	2746	0	11
2025.09.05	07:00:00	1.34550	1.34660	1.34495	1.34639	2892	0	11
2025.09.05	08:00:00	1.34635	1.34719	1.34611	1.34692	2281	0	11
2025.09.05	09:00:00	1.34695	1.34807	1.34665	1.34806	2303	0	11
2025.09.05	10:00:00	1.34808	1.34853	1.34771	1.34778	2083	0	11
2025.09.05	11:00:00	1.34776	1.34833	1.34612	1.34620	2574	0	11
2025.09.05	12:00:00	1.34618	1.35344	1.34574	1.35201	10455	0	11
2025.09.05	13:00:00	1.35205	1.35496	1.35129	1.35475	7817	0	11
2025.09.05	14:00:00	1.35478	1.35545	1.35044	1.35196	6504	0	11
2025.09.05	15:00:00	1.35196	1.35430	1.35179	1.35404	4460	0	11
2025.09.05	16:00:00	1.35403	1.35421	1.35247	1.35255	3210	0	11
2025.09.05	17:00:00	1.35256	1.35260	1.35104	1.35125	2798	0	11
2025.09.05	18:00:00	1.35125	1.35145	1.35004	1.35047	2433	0	11
2025.09.05	19:00:00	1.35048	1.35109	1.35011	1.35023	2127	0	11
2025.09.05	20:00:00	1.35025	1.35113	1.35017	1.35082	2911	0	11
2025.09.07	21:00:00	1.34932	1.35010	1.34900	1.34971	547	0	74
2025.09.07	22:00:00	1.35007	1.35052	1.34819	1.34863	1757	0	11
2025.09.07	23:00:00	1.34867	1.34963	1.34854	1.34921	1585	0	11
2025.09.08	00:00:00	1.34923	1.34956	1.34830	1.34955	2339	0	11
2025.09.08	01:00:00	1.34954	1.35028	1.34898	1.35011	2542	0	11
2025.09.08	02:00:00	1.35011	1.35050	1.34967	1.35035	2219	0	11
2025.09.08	03:00:00	1.35032	1.35053	1.34941	1.34951	1479	0	11
2025.09.08	04:00:00	1.34952	1.34972	1.34863	1.34961	1376	0	11
2025.09.08	05:00:00	1.34958	1.35033	1.34951	1.34963	1624	0	11
2025.09.08	06:00:00	1.34966	1.35183	1.34966	1.35177	3268	0	11
2025.09.08	07:00:00	1.35174	1.35254	1.35105	1.35156	3276	0	11
2025.09.08	08:00:00	1.35159	1.35259	1.35056	1.35121	2858	0	11
2025.09.08	09:00:00	1.35120	1.35140	1.35074	1.35087	2373	0	11
2025.09.08	10:00:00	1.35086	1.35315	1.35016	1.35299	2616	0	11
2025.09.08	11:00:00	1.35296	1.35357	1.35217	1.35286	2634	0	11
2025.09.08	12:00:00	1.35285	1.35488	1.35265	1.35427	3304	0	11
2025.09.08	13:00:00	1.35428	1.35562	1.35397	1.35446	3611	0	11
2025.09.08	14:00:00	1.35446	1.35461	1.35305	1.35351	3715	0	11
2025.09.08	15:00:00	1.35350	1.35465	1.35322	1.35462	2980	0	11
2025.09.08	16:00:00	1.35461	1.35481	1.35275	1.35368	2250	0	11
2025.09.08	17:00:00	1.35368	1.35396	1.35266	1.35272	1936	0	11
2025.09.08	18:00:00	1.35272	1.35534	1.35267	1.35524	1800	0	11
2025.09.08	19:00:00	1.35525	1.35548	1.35484	1.35508	1681	0	11
2025.09.08	20:00:00	1.35505	1.35507	1.35414	1.35417	1119	0	11
2025.09.08	21:00:00	1.35417	1.35451	1.35392	1.35398	965	0	31
2025.09.08	22:00:00	1.35443	1.35494	1.35436	1.35486	762	0	11
2025.09.08	23:00:00	1.35487	1.35576	1.35487	1.35522	785	0	11
2025.09.09	00:00:00	1.35523	1.35619	1.35496	1.35579	1786	0	11
2025.09.09	01:00:00	1.35576	1.35702	1.35527	1.35662	1902	0	11
2025.09.09	02:00:00	1.35662	1.35710	1.35624	1.35634	1697	0	11
2025.09.09	03:00:00	1.35633	1.35646	1.35576	1.35593	1274	0	11
2025.09.09	04:00:00	1.35593	1.35749	1.35583	1.35729	1251	0	11
2025.09.09	05:00:00	1.35730	1.35801	1.35699	1.35786	1608	0	11
2025.09.09	06:00:00	1.35790	1.35820	1.35573	1.35657	3096	0	11
2025.09.09	07:00:00	1.35658	1.35762	1.35576	1.35649	3214	0	11
2025.09.09	08:00:00	1.35650	1.35755	1.35574	1.35722	4164	0	11
2025.09.09	09:00:00	1.35724	1.35899	1.35719	1.35866	3001	0	11
2025.09.09	10:00:00	1.35865	1.35889	1.35742	1.35771	2284	0	11
2025.09.09	11:00:00	1.35772	1.35780	1.35566	1.35579	2197	0	11
2025.09.09	12:00:00	1.35579	1.35599	1.35452	1.35539	3094	0	11
2025.09.09	13:00:00	1.35539	1.35651	1.35507	1.35537	3748	0	11
2025.09.09	14:00:00	1.35539	1.35739	1.35317	1.35392	7709	0	11
2025.09.09	15:00:00	1.35390	1.35407	1.35221	1.35310	3723	0	11
2025.09.09	16:00:00	1.35311	1.35461	1.35255	1.35341	2686	0	11
2025.09.09	17:00:00	1.35341	1.35384	1.35241	1.35258	2558	0	11
2025.09.09	18:00:00	1.35258	1.35274	1.35214	1.35223	1979	0	11
2025.09.09	19:00:00	1.35223	1.35246	1.35178	1.35191	1483	0	11
2025.09.09	20:00:00	1.35189	1.35272	1.35178	1.35247	1298	0	11
2025.09.09	21:00:00	1.35247	1.35250	1.35161	1.35197	1006	0	31
2025.09.09	22:00:00	1.35256	1.35304	1.35223	1.35295	658	0	11
2025.09.09	23:00:00	1.35294	1.35294	1.35177	1.35202	997	0	11
2025.09.10	00:00:00	1.35201	1.35235	1.35155	1.35219	1919	0	11
2025.09.10	01:00:00	1.35219	1.35275	1.35142	1.35219	2536	0	11
2025.09.10	02:00:00	1.35219	1.35320	1.35201	1.35312	1991	0	11
2025.09.10	03:00:00	1.35314	1.35363	1.35303	1.35321	1394	0	11
2025.09.10	04:00:00	1.35321	1.35420	1.35309	1.35414	1224	0	11
2025.09.10	05:00:00	1.35412	1.35418	1.35318	1.35347	1447	0	11
2025.09.10	06:00:00	1.35349	1.35432	1.35208	1.35255	3026	0	11
2025.09.10	07:00:00	1.35257	1.35381	1.35125	1.35326	3563	0	11
2025.09.10	08:00:00	1.35327	1.35335	1.35189	1.35267	2964	0	11
2025.09.10	09:00:00	1.35265	1.35451	1.35256	1.35421	2600	0	11
2025.09.10	10:00:00	1.35421	1.35430	1.35302	1.35383	2496	0	11
2025.09.10	11:00:00	1.35381	1.35388	1.35270	1.35332	2425	0	11
2025.09.10	12:00:00	1.35336	1.35651	1.35226	1.35297	5859	0	11
2025.09.10	13:00:00	1.35295	1.35573	1.35249	1.35546	5206	0	11
2025.09.10	14:00:00	1.35547	1.35611	1.35467	1.35502	4108	0	11
2025.09.10	15:00:00	1.35500	1.35548	1.35424	1.35462	2737	0	11
2025.09.10	16:00:00	1.35457	1.35492	1.35330	1.35356	2253	0	11
2025.09.10	17:00:00	1.35359	1.35405	1.35271	1.35341	2026	0	11
2025.09.10	18:00:00	1.35341	1.35413	1.35317	1.35351	1756	0	11
2025.09.10	19:00:00	1.35349	1.35363	1.35208	1.35300	1797	0	11
2025.09.10	20:00:00	1.35299	1.35325	1.35259	1.35268	1196	0	11
2025.09.10	21:00:00	1.35270	1.35284	1.35202	1.35214	1007	0	52
2025.09.10	22:00:00	1.35268	1.35376	1.35268	1.35376	650	0	11
2025.09.10	23:00:00	1.35376	1.35393	1.35323	1.35323	666	0	11
2025.09.11	00:00:00	1.35322	1.35324	1.35263	1.35269	1666	0	11
2025.09.11	01:00:00	1.35269	1.35336	1.35261	1.35292	1676	0	11
2025.09.11	02:00:00	1.35293	1.35297	1.35221	1.35255	1336	0	11
2025.09.11	03:00:00	1.35253	1.35295	1.35245	1.35268	1197	0	11
2025.09.11	04:00:00	1.35268	1.35281	1.35224	1.35264	1009	0	11
2025.09.11	05:00:00	1.35264	1.35265	1.35142	1.35161	1367	0	11
2025.09.11	06:00:00	1.35161	1.35242	1.35110	1.35158	3003	0	11
2025.09.11	07:00:00	1.35157	1.35217	1.35026	1.35152	3301	0	11
2025.09.11	08:00:00	1.35153	1.35209	1.35128	1.35141	2672	0	11
2025.09.11	09:00:00	1.35138	1.35156	1.34937	1.35025	2842	0	11
2025.09.11	10:00:00	1.35023	1.35156	1.34990	1.35144	2650	0	11
2025.09.11	11:00:00	1.35141	1.35225	1.35054	1.35073	3046	0	11
2025.09.11	12:00:00	1.35070	1.35486	1.34926	1.35445	8771	0	11
2025.09.11	13:00:00	1.35446	1.35614	1.35391	1.35525	7339	0	11
2025.09.11	14:00:00	1.35521	1.35664	1.35492	1.35567	4786	0	11
2025.09.11	15:00:00	1.35568	1.35786	1.35521	1.35653	3496	0	11
2025.09.11	16:00:00	1.35656	1.35787	1.35654	1.35770	2447	0	11
2025.09.11	17:00:00	1.35772	1.35824	1.35681	1.35703	2220	0	11
2025.09.11	18:00:00	1.35700	1.35820	1.35691	1.35784	1827	0	11
2025.09.11	19:00:00	1.35784	1.35816	1.35761	1.35772	1599	0	11
2025.09.11	20:00:00	1.35771	1.35796	1.35706	1.35711	2550	0	11
2025.09.11	21:00:00	1.35719	1.35736	1.35679	1.35695	823	0	22
2025.09.11	22:00:00	1.35754	1.35802	1.35727	1.35781	794	0	11
2025.09.11	23:00:00	1.35781	1.35800	1.35734	1.35736	785	0	11
2025.09.12	00:00:00	1.35735	1.35754	1.35682	1.35723	2053	0	11
2025.09.12	01:00:00	1.35724	1.35734	1.35563	1.35575	1934	0	11
2025.09.12	02:00:00	1.35570	1.35625	1.35550	1.35578	1654	0	11
2025.09.12	03:00:00	1.35576	1.35583	1.35529	1.35548	1238	0	11
2025.09.12	04:00:00	1.35546	1.35566	1.35517	1.35561	1332	0	11
2025.09.12	05:00:00	1.35560	1.35604	1.35516	1.35573	1256	0	11
2025.09.12	06:00:00	1.35571	1.35607	1.35443	1.35563	2999	0	11
2025.09.12	07:00:00	1.35566	1.35746	1.35561	1.35635	3028	0	11
2025.09.12	08:00:00	1.35632	1.35637	1.35304	1.35334	3714	0	11
2025.09.12	09:00:00	1.35334	1.35476	1.35293	1.35458	3080	0	11
2025.09.12	10:00:00	1.35460	1.35585	1.35448	1.35563	2661	0	11
2025.09.12	11:00:00	1.35564	1.35623	1.35463	1.35481	2601	0	11
2025.09.12	12:00:00	1.35480	1.35491	1.35234	1.35427	3505	0	11
2025.09.12	13:00:00	1.35425	1.35492	1.35372	1.35464	3783	0	11
2025.09.12	14:00:00	1.35459	1.35692	1.35455	1.35583	4112	0	11
2025.09.12	15:00:00	1.35582	1.35613	1.35432	1.35449	3144	0	11
2025.09.12	16:00:00	1.35449	1.35677	1.35400	1.35594	2194	0	11
2025.09.12	17:00:00	1.35595	1.35676	1.35591	1.35595	1772	0	11
2025.09.12	18:00:00	1.35595	1.35704	1.35592	1.35691	1580	0	11
2025.09.12	19:00:00	1.35692	1.35701	1.35601	1.35612	1566	0	11
2025.09.12	20:00:00	1.35613	1.35616	1.35536	1.35580	2280	0	11
2025.09.14	21:00:00	1.35409	1.35542	1.35356	1.35494	938	0	82
2025.09.14	22:00:00	1.35622	1.35623	1.35552	1.35563	878	0	10
2025.09.14	23:00:00	1.35563	1.35583	1.35513	1.35523	748	0	10
2025.09.15	00:00:00	1.35523	1.35556	1.35483	1.35552	1148	0	10
2025.09.15	01:00:00	1.35552	1.35600	1.35521	1.35585	1668	0	10
2025.09.15	02:00:00	1.35586	1.35608	1.35545	1.35591	1185	0	10
2025.09.15	03:00:00	1.35592	1.35670	1.35583	1.35643	1058	0	10
2025.09.15	04:00:00	1.35644	1.35706	1.35640	1.35671	846	0	10
2025.09.15	05:00:00	1.35670	1.35676	1.35609	1.35610	1088	0	10
2025.09.15	06:00:00	1.35615	1.35677	1.35527	1.35622	2351	0	10
2025.09.15	07:00:00	1.35619	1.35936	1.35611	1.35814	3215	0	10
2025.09.15	08:00:00	1.35811	1.35987	1.35786	1.35814	2875	0	10
2025.09.15	09:00:00	1.35814	1.36001	1.35781	1.35915	2796	0	10
2025.09.15	10:00:00	1.35913	1.36129	1.35912	1.36065	3268	0	10
2025.09.15	11:00:00	1.36063	1.36188	1.36043	1.36147	2613	0	10
2025.09.15	12:00:00	1.36149	1.36196	1.36080	1.36141	3226	0	10
2025.09.15	13:00:00	1.36140	1.36174	1.35948	1.35956	3283	0	10
2025.09.15	14:00:00	1.35958	1.35958	1.35843	1.35891	3843	0	10
2025.09.15	15:00:00	1.35891	1.36069	1.35866	1.36065	2725	0	10
2025.09.15	16:00:00	1.36066	1.36091	1.35940	1.35984	2394	0	10
2025.09.15	17:00:00	1.35983	1.36109	1.35942	1.36084	1940	0	10
2025.09.15	18:00:00	1.36084	1.36100	1.35993	1.36050	1693	0	10
2025.09.15	19:00:00	1.36050	1.36102	1.36034	1.36085	1682	0	10
2025.09.15	20:00:00	1.36089	1.36108	1.35958	1.35964	1373	0	10
2025.09.15	21:00:00	1.35966	1.36005	1.35914	1.35959	678	0	28
2025.09.15	22:00:00	1.36011	1.36041	1.35995	1.36035	764	0	10
2025.09.15	23:00:00	1.36038	1.36045	1.36003	1.36003	549	0	10
2025.09.16	00:00:00	1.36004	1.36055	1.35974	1.36015	1572	0	10
2025.09.16	01:00:00	1.36017	1.36060	1.35975	1.36028	1756	0	10
2025.09.16	02:00:00	1.36027	1.36139	1.36025	1.36116	1680	0	10
2025.09.16	03:00:00	1.36118	1.36245	1.36100	1.36170	1613	0	10
2025.09.16	04:00:00	1.36170	1.36174	1.36116	1.36153	1496	0	10
2025.09.16	05:00:00	1.36153	1.36205	1.36139	1.36199	1699	0	10
2025.09.16	06:00:00	1.36205	1.36331	1.36204	1.36289	2966	0	10
2025.09.16	07:00:00	1.36293	1.36424	1.36260	1.36274	3061	0	10
2025.09.16	08:00:00	1.36274	1.36377	1.36237	1.36263	3131	0	10
2025.09.16	09:00:00	1.36266	1.36453	1.36257	1.36416	3234	0	10
2025.09.16	10:00:00	1.36414	1.36418	1.36254	1.36265	2740	0	10
2025.09.16	11:00:00	1.36267	1.36492	1.36236	1.36428	3206	0	10
2025.09.16	12:00:00	1.36428	1.36456	1.36246	1.36401	4630	0	10
2025.09.16	13:00:00	1.36403	1.36592	1.36383	1.36575	4026	0	10
2025.09.16	14:00:00	1.36574	1.36716	1.36490	1.36563	5381	0	10
2025.09.16	15:00:00	1.36563	1.36577	1.36379	1.36523	3775	0	10
2025.09.16	16:00:00	1.36523	1.36637	1.36500	1.36571	2728	0	10
2025.09.16	17:00:00	1.36572	1.36676	1.36523	1.36582	2586	0	10
2025.09.16	18:00:00	1.36581	1.36637	1.36555	1.36589	1903	0	10
2025.09.16	19:00:00	1.36593	1.36610	1.36495	1.36504	1560	0	10
2025.09.16	20:00:00	1.36503	1.36538	1.36417	1.36427	1580	0	10
2025.09.16	21:00:00	1.36428	1.36479	1.36348	1.36431	828	0	28
2025.09.16	22:00:00	1.36491	1.36540	1.36439	1.36498	956	0	10
2025.09.16	23:00:00	1.36498	1.36550	1.36487	1.36521	724	0	10
2025.09.17	00:00:00	1.36520	1.36587	1.36443	1.36445	1736	0	10
2025.09.17	01:00:00	1.36447	1.36478	1.36390	1.36428	1673	0	10
2025.09.17	02:00:00	1.36428	1.36450	1.36402	1.36427	1321	0	10
2025.09.17	03:00:00	1.36426	1.36459	1.36403	1.36426	927	0	10
2025.09.17	04:00:00	1.36425	1.36440	1.36404	1.36413	850	0	10
2025.09.17	05:00:00	1.36413	1.36492	1.36413	1.36485	1078	0	10
2025.09.17	06:00:00	1.36478	1.36526	1.36343	1.36395	2905	0	10
2025.09.17	07:00:00	1.36396	1.36415	1.36295	1.36341	2855	0	10
2025.09.17	08:00:00	1.36343	1.36519	1.36317	1.36398	2309	0	10
2025.09.17	09:00:00	1.36395	1.36562	1.36395	1.36486	2449	0	10
2025.09.17	10:00:00	1.36486	1.36521	1.36379	1.36439	2530	0	10
2025.09.17	11:00:00	1.36441	1.36521	1.36393	1.36464	2209	0	10
2025.09.17	12:00:00	1.36465	1.36539	1.36430	1.36539	2545	0	10
2025.09.17	13:00:00	1.36542	1.36642	1.36476	1.36618	2837	0	10
2025.09.17	14:00:00	1.36623	1.36692	1.36572	1.36589	3125	0	10
2025.09.17	15:00:00	1.36587	1.36663	1.36547	1.36585	2609	0	10
2025.09.17	16:00:00	1.36583	1.36691	1.36568	1.36647	1946	0	10
2025.09.17	17:00:00	1.36646	1.36682	1.36592	1.36663	2080	0	10
2025.09.17	18:00:00	1.36664	1.37261	1.36245	1.36394	21295	0	10
2025.09.17	19:00:00	1.36395	1.36651	1.36338	1.36370	10755	0	10
2025.09.17	20:00:00	1.36372	1.36381	1.36192	1.36204	3347	0	10
2025.09.17	21:00:00	1.36202	1.36263	1.36147	1.36241	918	0	47
2025.09.17	22:00:00	1.36274	1.36327	1.36240	1.36293	1399	0	10
2025.09.17	23:00:00	1.36293	1.36350	1.36273	1.36290	1454	0	10
2025.09.18	00:00:00	1.36293	1.36295	1.36202	1.36266	2681	0	10
2025.09.18	01:00:00	1.36269	1.36303	1.36098	1.36170	3112	0	10
2025.09.18	02:00:00	1.36172	1.36280	1.36172	1.36273	1821	0	10
2025.09.18	03:00:00	1.36273	1.36301	1.36196	1.36203	1321	0	10
2025.09.18	04:00:00	1.36203	1.36215	1.36045	1.36060	1550	0	10
2025.09.18	05:00:00	1.36060	1.36098	1.35914	1.35966	2029	0	10
2025.09.18	06:00:00	1.35968	1.36043	1.35857	1.35950	3796	0	10
2025.09.18	07:00:00	1.35949	1.36400	1.35943	1.36329	4166	0	10
2025.09.18	08:00:00	1.36329	1.36482	1.36261	1.36393	3741	0	10
2025.09.18	09:00:00	1.36395	1.36546	1.36364	1.36449	3227	0	10
2025.09.18	10:00:00	1.36448	1.36535	1.36410	1.36486	2839	0	10
2025.09.18	11:00:00	1.36489	1.36607	1.36121	1.36215	4730	0	10
2025.09.18	12:00:00	1.36215	1.36228	1.35940	1.35941	4919	0	10
2025.09.18	13:00:00	1.35940	1.35956	1.35336	1.35510	6273	0	10
2025.09.18	14:00:00	1.35512	1.35708	1.35448	1.35518	6860	0	10
2025.09.18	15:00:00	1.35521	1.35615	1.35354	1.35472	4995	0	10
2025.09.18	16:00:00	1.35473	1.35576	1.35416	1.35524	3180	0	10
2025.09.18	17:00:00	1.35521	1.35629	1.35502	1.35550	2595	0	10
2025.09.18	18:00:00	1.35547	1.35564	1.35437	1.35527	1912	0	10
2025.09.18	19:00:00	1.35524	1.35568	1.35469	1.35482	1649	0	10
2025.09.18	20:00:00	1.35480	1.35544	1.35448	1.35510	1644	0	10
2025.09.18	21:00:00	1.35507	1.35532	1.35433	1.35482	1060	0	20
2025.09.18	22:00:00	1.35537	1.35555	1.35507	1.35513	1261	0	10
2025.09.18	23:00:00	1.35513	1.35563	1.35509	1.35546	744	0	10
2025.09.19	00:00:00	1.35548	1.35556	1.35395	1.35482	2007	0	10
2025.09.19	01:00:00	1.35482	1.35500	1.35357	1.35381	2106	0	10
2025.09.19	02:00:00	1.35381	1.35421	1.35307	1.35407	1859	0	10
2025.09.19	03:00:00	1.35405	1.35588	1.35405	1.35501	2680	0	10
2025.09.19	04:00:00	1.35503	1.35591	1.35415	1.35439	2700	0	10
2025.09.19	05:00:00	1.35439	1.35512	1.35404	1.35439	1963	0	10
2025.09.19	06:00:00	1.35442	1.35454	1.34968	1.35073	5602	0	10
2025.09.19	07:00:00	1.35072	1.35140	1.34844	1.34907	5366	0	10
2025.09.19	08:00:00	1.34910	1.35017	1.34819	1.34991	3703	0	10
2025.09.19	09:00:00	1.34992	1.35099	1.34947	1.35045	3463	0	10
2025.09.19	10:00:00	1.35043	1.35083	1.34936	1.34962	2425	0	10
2025.09.19	11:00:00	1.34964	1.34984	1.34724	1.34772	3101	0	10
2025.09.19	12:00:00	1.34772	1.34829	1.34624	1.34683	4155	0	10
2025.09.19	13:00:00	1.34684	1.34944	1.34677	1.34891	4522	0	10
2025.09.19	14:00:00	1.34888	1.34976	1.34801	1.34818	4760	0	10
2025.09.19	15:00:00	1.34817	1.34848	1.34716	1.34820	3920	0	10
2025.09.19	16:00:00	1.34820	1.34849	1.34697	1.34822	2639	0	10
2025.09.19	17:00:00	1.34823	1.34848	1.34730	1.34758	1919	0	10
2025.09.19	18:00:00	1.34759	1.34762	1.34661	1.34688	1702	0	10
2025.09.19	19:00:00	1.34688	1.34751	1.34665	1.34718	1450	0	10
2025.09.19	20:00:00	1.34719	1.34742	1.34667	1.34693	2503	0	10
2025.09.21	21:00:00	1.34587	1.34662	1.34578	1.34646	683	0	52
2025.09.21	22:00:00	1.34673	1.34731	1.34673	1.34708	928	0	10
2025.09.21	23:00:00	1.34708	1.34716	1.34621	1.34623	885	0	10
2025.09.22	00:00:00	1.34624	1.34675	1.34569	1.34672	1774	0	10
2025.09.22	01:00:00	1.34674	1.34744	1.34653	1.34658	2506	0	10
2025.09.22	02:00:00	1.34657	1.34665	1.34582	1.34589	1948	0	10
2025.09.22	03:00:00	1.34587	1.34670	1.34570	1.34620	1236	0	10
2025.09.22	04:00:00	1.34618	1.34624	1.34525	1.34606	1287	0	10
2025.09.22	05:00:00	1.34602	1.34733	1.34586	1.34710	1279	0	10
2025.09.22	06:00:00	1.34710	1.34824	1.34696	1.34745	3136	0	10
2025.09.22	07:00:00	1.34747	1.34828	1.34709	1.34782	3775	0	10
2025.09.22	08:00:00	1.34780	1.35030	1.34763	1.34957	3413	0	10
2025.09.22	09:00:00	1.34959	1.35041	1.34896	1.35018	2616	0	10
2025.09.22	10:00:00	1.35018	1.35062	1.34943	1.34988	2484	0	10
2025.09.22	11:00:00	1.34986	1.34996	1.34918	1.34978	2225	0	10
2025.09.22	12:00:00	1.34980	1.35157	1.34894	1.35077	3612	0	10
2025.09.22	13:00:00	1.35077	1.35143	1.34977	1.35065	4467	0	10
2025.09.22	14:00:00	1.35063	1.35071	1.34920	1.34945	3394	0	10
2025.09.22	15:00:00	1.34941	1.35051	1.34916	1.35022	2689	0	10
2025.09.22	16:00:00	1.35019	1.35200	1.34992	1.35079	2717	0	10
2025.09.22	17:00:00	1.35079	1.35171	1.35061	1.35157	1561	0	10
2025.09.22	18:00:00	1.35155	1.35190	1.35141	1.35163	1336	0	10
2025.09.22	19:00:00	1.35164	1.35190	1.35141	1.35154	1090	0	10
2025.09.22	20:00:00	1.35153	1.35164	1.35093	1.35096	1089	0	10
2025.09.22	21:00:00	1.35098	1.35119	1.35008	1.35093	850	0	17
2025.09.22	22:00:00	1.35116	1.35166	1.35108	1.35138	766	0	10
2025.09.22	23:00:00	1.35142	1.35158	1.35130	1.35134	640	0	10
2025.09.23	00:00:00	1.35134	1.35203	1.35104	1.35200	1367	0	10
2025.09.23	01:00:00	1.35200	1.35269	1.35155	1.35223	1649	0	10
2025.09.23	02:00:00	1.35224	1.35240	1.35047	1.35088	1720	0	10
2025.09.23	03:00:00	1.35088	1.35153	1.35025	1.35151	1384	0	10
2025.09.23	04:00:00	1.35152	1.35169	1.35040	1.35069	1266	0	10
2025.09.23	05:00:00	1.35066	1.35144	1.35030	1.35068	1540	0	10
2025.09.23	06:00:00	1.35066	1.35218	1.35018	1.35149	2879	0	10
2025.09.23	07:00:00	1.35153	1.35226	1.35046	1.35194	4832	0	10
2025.09.23	08:00:00	1.35198	1.35278	1.34864	1.35033	4639	0	10
2025.09.23	09:00:00	1.35037	1.35139	1.34964	1.35048	3289	0	10
2025.09.23	10:00:00	1.35050	1.35159	1.34984	1.35099	3021	0	10
2025.09.23	11:00:00	1.35100	1.35197	1.35057	1.35140	2597	0	10
2025.09.23	12:00:00	1.35140	1.35292	1.35090	1.35244	3074	0	10
2025.09.23	13:00:00	1.35246	1.35362	1.35053	1.35169	4888	0	10
2025.09.23	14:00:00	1.35172	1.35254	1.35086	1.35240	4959	0	10
2025.09.23	15:00:00	1.35240	1.35251	1.35075	1.35159	3251	0	10
2025.09.23	16:00:00	1.35161	1.35234	1.35064	1.35202	3384	0	10
2025.09.23	17:00:00	1.35199	1.35252	1.35147	1.35164	3191	0	10
2025.09.23	18:00:00	1.35160	1.35213	1.35126	1.35164	2168	0	10
2025.09.23	19:00:00	1.35164	1.35268	1.35138	1.35244	1817	0	10
2025.09.23	20:00:00	1.35240	1.35269	1.35200	1.35223	922	0	10
2025.09.23	21:00:00	1.35225	1.35238	1.35090	1.35152	924	0	28
2025.09.23	22:00:00	1.35192	1.35279	1.35185	1.35244	1091	0	10
2025.09.23	23:00:00	1.35243	1.35270	1.35217	1.35239	889	0	10
2025.09.24	00:00:00	1.35238	1.35257	1.35136	1.35147	1965	0	10
2025.09.24	01:00:00	1.35147	1.35157	1.35076	1.35108	2338	0	10
2025.09.24	02:00:00	1.35107	1.35160	1.35094	1.35107	1648	0	10
2025.09.24	03:00:00	1.35107	1.35140	1.35060	1.35064	1132	0	10
2025.09.24	04:00:00	1.35065	1.35100	1.35046	1.35086	1024	0	10
2025.09.24	05:00:00	1.35086	1.35119	1.35005	1.35059	1361	0	10
2025.09.24	06:00:00	1.35059	1.35110	1.34917	1.34980	2832	0	10
2025.09.24	07:00:00	1.34980	1.35016	1.34811	1.34841	3224	0	10
2025.09.24	08:00:00	1.34842	1.34846	1.34727	1.34832	3257	0	10
2025.09.24	09:00:00	1.34828	1.34872	1.34706	1.34770	2412	0	10
2025.09.24	10:00:00	1.34772	1.34794	1.34640	1.34641	2400	0	10
2025.09.24	11:00:00	1.34639	1.34694	1.34546	1.34570	2743	0	10
2025.09.24	12:00:00	1.34570	1.34705	1.34357	1.34452	3893	0	10
2025.09.24	13:00:00	1.34452	1.34474	1.34259	1.34371	4285	0	10
2025.09.24	14:00:00	1.34376	1.34571	1.34264	1.34509	4703	0	10
2025.09.24	15:00:00	1.34507	1.34562	1.34435	1.34469	3646	0	10
2025.09.24	16:00:00	1.34471	1.34494	1.34385	1.34424	2851	0	10
2025.09.24	17:00:00	1.34424	1.34553	1.34416	1.34531	1949	0	10
2025.09.24	18:00:00	1.34530	1.34544	1.34429	1.34477	2073	0	10
2025.09.24	19:00:00	1.34477	1.34504	1.34426	1.34456	1642	0	10
2025.09.24	20:00:00	1.34460	1.34483	1.34432	1.34460	1124	0	10
2025.09.24	21:00:00	1.34457	1.34483	1.34417	1.34424	1055	0	28
2025.09.24	22:00:00	1.34474	1.34514	1.34450	1.34504	805	0	10
2025.09.24	23:00:00	1.34502	1.34533	1.34482	1.34489	667	0	10
2025.09.25	00:00:00	1.34485	1.34573	1.34480	1.34563	1942	0	10
2025.09.25	01:00:00	1.34561	1.34588	1.34484	1.34535	1861	0	10
2025.09.25	02:00:00	1.34536	1.34615	1.34532	1.34582	1621	0	10
2025.09.25	03:00:00	1.34581	1.34624	1.34548	1.34610	1091	0	10
2025.09.25	04:00:00	1.34611	1.34644	1.34595	1.34623	962	0	10
2025.09.25	05:00:00	1.34623	1.34623	1.34528	1.34539	1145	0	10
2025.09.25	06:00:00	1.34537	1.34670	1.34491	1.34642	2618	0	10
2025.09.25	07:00:00	1.34645	1.34648	1.34358	1.34372	3571	0	10
2025.09.25	08:00:00	1.34374	1.34532	1.34339	1.34521	3277	0	10
2025.09.25	09:00:00	1.34523	1.34592	1.34458	1.34490	2565	0	10
2025.09.25	10:00:00	1.34493	1.34561	1.34455	1.34455	2239	0	10
2025.09.25	11:00:00	1.34456	1.34477	1.34175	1.34211	2851	0	10
2025.09.25	12:00:00	1.34212	1.34229	1.33719	1.33832	5874	0	10
2025.09.25	13:00:00	1.33831	1.33940	1.33629	1.33702	6250	0	10
2025.09.25	14:00:00	1.33706	1.33838	1.33470	1.33473	5652	0	10
2025.09.25	15:00:00	1.33475	1.33514	1.33407	1.33480	3900	0	10
2025.09.25	16:00:00	1.33481	1.33568	1.33354	1.33390	2764	0	10
2025.09.25	17:00:00	1.33387	1.33431	1.33264	1.33346	2975	0	10
2025.09.25	18:00:00	1.33348	1.33378	1.33231	1.33336	2720	0	10
2025.09.25	19:00:00	1.33334	1.33404	1.33331	1.33361	1979	0	10
2025.09.25	20:00:00	1.33361	1.33465	1.33359	1.33390	1154	0	10
2025.09.25	21:00:00	1.33387	1.33422	1.33268	1.33268	1136	0	28
2025.09.25	22:00:00	1.33367	1.33456	1.33367	1.33433	708	0	10
2025.09.25	23:00:00	1.33433	1.33434	1.33314	1.33348	1012	0	10
2025.09.26	00:00:00	1.33348	1.33452	1.33290	1.33445	1714	0	10
2025.09.26	01:00:00	1.33445	1.33475	1.33387	1.33411	1793	0	10
2025.09.26	02:00:00	1.33412	1.33550	1.33412	1.33495	1352	0	10
2025.09.26	03:00:00	1.33495	1.33539	1.33479	1.33535	1001	0	10
2025.09.26	04:00:00	1.33535	1.33553	1.33490	1.33539	1076	0	10
2025.09.26	05:00:00	1.33542	1.33574	1.33519	1.33531	1231	0	10
2025.09.26	06:00:00	1.33528	1.33636	1.33502	1.33629	2747	0	10
2025.09.26	07:00:00	1.33627	1.33693	1.33443	1.33522	3512	0	10
2025.09.26	08:00:00	1.33520	1.33704	1.33505	1.33644	2670	0	10
2025.09.26	09:00:00	1.33645	1.33657	1.33501	1.33521	2385	0	10
2025.09.26	10:00:00	1.33520	1.33554	1.33426	1.33456	2379	0	10
2025.09.26	11:00:00	1.33458	1.33561	1.33431	1.33498	2185	0	10
2025.09.26	12:00:00	1.33498	1.33768	1.33480	1.33765	4607	0	10
2025.09.26	13:00:00	1.33770	1.33877	1.33747	1.33842	4941	0	10
2025.09.26	14:00:00	1.33844	1.34062	1.33840	1.34010	4802	0	10
2025.09.26	15:00:00	1.34011	1.34127	1.33937	1.34010	3401	0	10
2025.09.26	16:00:00	1.34009	1.34094	1.33959	1.33977	2547	0	10
2025.09.26	17:00:00	1.33980	1.34072	1.33973	1.34043	1600	0	10
2025.09.26	18:00:00	1.34042	1.34110	1.34003	1.34091	1596	0	10
2025.09.26	19:00:00	1.34091	1.34092	1.34031	1.34073	1403	0	10
2025.09.26	20:00:00	1.34072	1.34088	1.33978	1.33999	1504	0	10
2025.09.28	21:00:00	1.33841	1.33979	1.33830	1.33919	622	0	54
2025.09.28	22:00:00	1.34016	1.34058	1.33981	1.34039	918	0	10
2025.09.28	23:00:00	1.34039	1.34109	1.34032	1.34068	730	0	10
2025.09.29	00:00:00	1.34067	1.34244	1.34060	1.34233	1710	0	10
2025.09.29	01:00:00	1.34230	1.34280	1.34158	1.34261	2023	0	10
2025.09.29	02:00:00	1.34261	1.34336	1.34254	1.34289	1646	0	10
2025.09.29	03:00:00	1.34292	1.34343	1.34280	1.34315	1143	0	10
2025.09.29	04:00:00	1.34315	1.34412	1.34278	1.34370	1037	0	10
2025.09.29	05:00:00	1.34370	1.34429	1.34338	1.34414	1676	0	10
2025.09.29	06:00:00	1.34416	1.34420	1.34337	1.34373	2669	0	10
2025.09.29	07:00:00	1.34372	1.34494	1.34358	1.34459	2729	0	10
2025.09.29	08:00:00	1.34461	1.34500	1.34310	1.34348	2631	0	10
2025.09.29	09:00:00	1.34348	1.34423	1.34296	1.34309	2386	0	10
2025.09.29	10:00:00	1.34308	1.34329	1.34245	1.34278	2015	0	10
2025.09.29	11:00:00	1.34277	1.34472	1.34238	1.34467	2399	0	10
2025.09.29	12:00:00	1.34469	1.34563	1.34336	1.34511	3664	0	10
2025.09.29	13:00:00	1.34509	1.34516	1.34369	1.34381	3959	0	10
2025.09.29	14:00:00	1.34378	1.34397	1.34153	1.34176	3849	0	10
2025.09.29	15:00:00	1.34178	1.34362	1.34166	1.34312	3232	0	10
2025.09.29	16:00:00	1.34317	1.34358	1.34256	1.34307	1894	0	10
2025.09.29	17:00:00	1.34307	1.34338	1.34230	1.34248	1708	0	10
2025.09.29	18:00:00	1.34251	1.34384	1.34225	1.34371	1330	0	10
2025.09.29	19:00:00	1.34372	1.34383	1.34337	1.34357	1161	0	10
2025.09.29	20:00:00	1.34356	1.34356	1.34252	1.34252	970	0	10
2025.09.29	21:00:00	1.34254	1.34286	1.34224	1.34231	743	0	28
2025.09.29	22:00:00	1.34269	1.34336	1.34262	1.34335	584	0	10
2025.09.29	23:00:00	1.34335	1.34375	1.34331	1.34344	505	0	10
2025.09.30	00:00:00	1.34344	1.34359	1.34200	1.34247	2131	0	10
2025.09.30	01:00:00	1.34247	1.34344	1.34220	1.34224	2131	0	10
2025.09.30	02:00:00	1.34224	1.34316	1.34200	1.34307	1369	0	10
2025.09.30	03:00:00	1.34308	1.34386	1.34271	1.34350	1378	0	10
2025.09.30	04:00:00	1.34350	1.34383	1.34271	1.34381	1607	0	10
2025.09.30	05:00:00	1.34383	1.34464	1.34327	1.34330	2052	0	10
2025.09.30	06:00:00	1.34331	1.34514	1.34279	1.34400	3300	0	10
2025.09.30	07:00:00	1.34399	1.34514	1.34315	1.34461	3602	0	10
2025.09.30	08:00:00	1.34466	1.34521	1.34402	1.34454	3291	0	10
2025.09.30	09:00:00	1.34450	1.34495	1.34401	1.34439	2701	0	10
2025.09.30	10:00:00	1.34439	1.34505	1.34360	1.34375	2309	0	10
2025.09.30	11:00:00	1.34377	1.34435	1.34242	1.34366	2536	0	10
2025.09.30	12:00:00	1.34367	1.34516	1.34359	1.34416	3256	0	10
2025.09.30	13:00:00	1.34420	1.34501	1.34131	1.34423	4469	0	10
2025.09.30	14:00:00	1.34425	1.34669	1.34341	1.34617	6148	0	10
2025.09.30	15:00:00	1.34614	1.34626	1.34357	1.34428	4201	0	10
2025.09.30	16:00:00	1.34430	1.34621	1.34389	1.34580	3006	0	10
2025.09.30	17:00:00	1.34580	1.34634	1.34492	1.34502	2386	0	10
2025.09.30	18:00:00	1.34500	1.34531	1.34401	1.34484	2137	0	10
2025.09.30	19:00:00	1.34483	1.34518	1.34433	1.34486	1789	0	10
2025.09.30	20:00:00	1.34488	1.34494	1.34390	1.34426	1451	0	10
2025.09.30	21:00:00	1.34427	1.34432	1.34363	1.34368	799	0	28
2025.09.30	22:00:00	1.34441	1.34518	1.34423	1.34435	999	0	10
2025.09.30	23:00:00	1.34439	1.34497	1.34417	1.34422	981	0	10
2025.10.01	00:00:00	1.34420	1.34439	1.34353	1.34403	1856	0	10
2025.10.01	01:00:00	1.34403	1.34420	1.34343	1.34415	1346	0	10
2025.10.01	02:00:00	1.34415	1.34434	1.34345	1.34408	1366	0	10
2025.10.01	03:00:00	1.34411	1.34423	1.34353	1.34403	1199	0	10
2025.10.01	04:00:00	1.34403	1.34638	1.34403	1.34626	1382	0	10
2025.10.01	05:00:00	1.34628	1.34719	1.34550	1.34553	2074	0	10
2025.10.01	06:00:00	1.34553	1.34775	1.34546	1.34656	3659	0	10
2025.10.01	07:00:00	1.34655	1.34772	1.34530	1.34667	4958	0	10
2025.10.01	08:00:00	1.34671	1.34799	1.34659	1.34670	3964	0	10
2025.10.01	09:00:00	1.34668	1.34748	1.34619	1.34643	3014	0	10
2025.10.01	10:00:00	1.34639	1.34759	1.34572	1.34709	3247	0	10
2025.10.01	11:00:00	1.34708	1.34881	1.34700	1.34819	2785	0	10
2025.10.01	12:00:00	1.34815	1.35214	1.34690	1.35120	9039	0	10
2025.10.01	13:00:00	1.35122	1.35272	1.35060	1.35167	5118	0	10
2025.10.01	14:00:00	1.35164	1.35240	1.34923	1.35063	8114	0	10
2025.10.01	15:00:00	1.35060	1.35077	1.34702	1.34716	5034	0	10
2025.10.01	16:00:00	1.34711	1.34766	1.34649	1.34737	2814	0	10
2025.10.01	17:00:00	1.34737	1.34786	1.34709	1.34722	1853	0	10
2025.10.01	18:00:00	1.34722	1.34892	1.34678	1.34853	2164	0	10
2025.10.01	19:00:00	1.34855	1.34877	1.34778	1.34793	1350	0	10
2025.10.01	20:00:00	1.34794	1.34798	1.34712	1.34748	1779	0	10
2025.10.01	21:00:00	1.34744	1.34773	1.34696	1.34696	611	0	17
2025.10.01	22:00:00	1.34801	1.34814	1.34754	1.34789	643	0	10
2025.10.01	23:00:00	1.34789	1.34828	1.34774	1.34779	675	0	10
2025.10.02	00:00:00	1.34777	1.34783	1.34687	1.34689	1838	0	10
2025.10.02	01:00:00	1.34692	1.34838	1.34667	1.34836	1752	0	10
2025.10.02	02:00:00	1.34837	1.34874	1.34788	1.34805	1165	0	10
2025.10.02	03:00:00	1.34807	1.34809	1.34754	1.34777	1028	0	10
2025.10.02	04:00:00	1.34777	1.34786	1.34736	1.34750	956	0	10
2025.10.02	05:00:00	1.34750	1.34785	1.34683	1.34745	1500	0	10
2025.10.02	06:00:00	1.34746	1.34892	1.34726	1.34892	3070	0	10
2025.10.02	07:00:00	1.34890	1.35005	1.34867	1.34940	3312	0	10
2025.10.02	08:00:00	1.34942	1.35099	1.34910	1.35039	2820	0	10
2025.10.02	09:00:00	1.35036	1.35075	1.34965	1.34985	2687	0	10
2025.10.02	10:00:00	1.34985	1.34985	1.34795	1.34797	2357	0	10
2025.10.02	11:00:00	1.34798	1.34829	1.34702	1.34759	2966	0	10
2025.10.02	12:00:00	1.34760	1.34828	1.34633	1.34657	3188	0	10
2025.10.02	13:00:00	1.34658	1.34685	1.34259	1.34302	4488	0	10
2025.10.02	14:00:00	1.34301	1.34304	1.34111	1.34204	5127	0	10
2025.10.02	15:00:00	1.34202	1.34268	1.34003	1.34206	3945	0	10
2025.10.02	16:00:00	1.34203	1.34391	1.34196	1.34386	2702	0	10
2025.10.02	17:00:00	1.34384	1.34453	1.34351	1.34371	1966	0	10
2025.10.02	18:00:00	1.34369	1.34476	1.34356	1.34460	1668	0	10
2025.10.02	19:00:00	1.34460	1.34516	1.34424	1.34426	1191	0	10
2025.10.02	20:00:00	1.34426	1.34496	1.34358	1.34360	1406	0	10
2025.10.02	21:00:00	1.34360	1.34387	1.34268	1.34344	878	0	47
2025.10.02	22:00:00	1.34391	1.34532	1.34380	1.34405	757	0	10
2025.10.02	23:00:00	1.34405	1.34463	1.34400	1.34460	458	0	10
2025.10.03	00:00:00	1.34461	1.34461	1.34386	1.34446	1380	0	10
2025.10.03	01:00:00	1.34444	1.34503	1.34326	1.34448	2216	0	10
2025.10.03	02:00:00	1.34451	1.34457	1.34355	1.34392	1187	0	10
2025.10.03	03:00:00	1.34388	1.34448	1.34350	1.34441	1107	0	10
2025.10.03	04:00:00	1.34441	1.34458	1.34345	1.34346	978	0	10
2025.10.03	05:00:00	1.34346	1.34367	1.34302	1.34318	1696	0	10
2025.10.03	06:00:00	1.34320	1.34436	1.34284	1.34336	2296	0	10
2025.10.03	07:00:00	1.34335	1.34609	1.34335	1.34599	2629	0	10
2025.10.03	08:00:00	1.34599	1.34678	1.34521	1.34573	3133	0	10
2025.10.03	09:00:00	1.34573	1.34577	1.34414	1.34536	2351	0	10
2025.10.03	10:00:00	1.34538	1.34559	1.34476	1.34522	1792	0	10
2025.10.03	11:00:00	1.34523	1.34552	1.34440	1.34489	2557	0	10
2025.10.03	12:00:00	1.34490	1.34594	1.34365	1.34576	3381	0	10
2025.10.03	13:00:00	1.34580	1.34687	1.34500	1.34629	4150	0	10
2025.10.03	14:00:00	1.34637	1.34775	1.34564	1.34715	6205	0	10
2025.10.03	15:00:00	1.34713	1.34849	1.34650	1.34787	3318	0	10
2025.10.03	16:00:00	1.34785	1.34841	1.34725	1.34771	1906	0	10
2025.10.03	17:00:00	1.34770	1.34822	1.34666	1.34705	1977	0	10
2025.10.03	18:00:00	1.34707	1.34803	1.34623	1.34795	1907	0	10
2025.10.03	19:00:00	1.34796	1.34837	1.34762	1.34828	1368	0	10
2025.10.03	20:00:00	1.34826	1.34867	1.34762	1.34781	1752	0	10
2025.10.05	21:00:00	1.34560	1.34560	1.34290	1.34364	1018	0	47
2025.10.05	22:00:00	1.34430	1.34450	1.34215	1.34343	1823	0	17
2025.10.05	23:00:00	1.34345	1.34387	1.34259	1.34315	3573	0	10
2025.10.06	00:00:00	1.34317	1.34399	1.34270	1.34397	2883	0	10
2025.10.06	01:00:00	1.34397	1.34503	1.34352	1.34496	2112	0	10
2025.10.06	02:00:00	1.34494	1.34572	1.34485	1.34543	1357	0	10
2025.10.06	03:00:00	1.34543	1.34579	1.34509	1.34513	1330	0	10
2025.10.06	04:00:00	1.34512	1.34548	1.34452	1.34464	1820	0	10
2025.10.06	05:00:00	1.34464	1.34526	1.34394	1.34433	1721	0	10
2025.10.06	06:00:00	1.34435	1.34483	1.34299	1.34409	3744	0	10
2025.10.06	07:00:00	1.34412	1.34638	1.34356	1.34430	6265	0	10
2025.10.06	08:00:00	1.34426	1.34447	1.34177	1.34354	4464	0	10
2025.10.06	09:00:00	1.34351	1.34387	1.34235	1.34364	3048	0	10
2025.10.06	10:00:00	1.34364	1.34374	1.34216	1.34216	3050	0	10
2025.10.06	11:00:00	1.34217	1.34314	1.34157	1.34245	3054	0	10
2025.10.06	12:00:00	1.34245	1.34402	1.34228	1.34370	4162	0	10
2025.10.06	13:00:00	1.34372	1.34645	1.34369	1.34607	3859	0	10
2025.10.06	14:00:00	1.34609	1.34838	1.34581	1.34795	3958	0	10
2025.10.06	15:00:00	1.34797	1.34837	1.34677	1.34745	3207	0	10
2025.10.06	16:00:00	1.34746	1.34765	1.34654	1.34749	1988	0	10
2025.10.06	17:00:00	1.34751	1.34837	1.34746	1.34835	1567	0	10
2025.10.06	18:00:00	1.34832	1.34865	1.34792	1.34820	1277	0	10
2025.10.06	19:00:00	1.34820	1.34897	1.34800	1.34812	1449	0	10
2025.10.06	20:00:00	1.34809	1.34866	1.34799	1.34836	1148	0	10
2025.10.06	21:00:00	1.34834	1.34840	1.34775	1.34793	817	0	17
2025.10.06	22:00:00	1.34801	1.34863	1.34793	1.34812	1424	0	10
2025.10.06	23:00:00	1.34812	1.34867	1.34795	1.34835	801	0	10
2025.10.07	00:00:00	1.34835	1.34843	1.34770	1.34821	1609	0	10
2025.10.07	01:00:00	1.34820	1.34820	1.34721	1.34736	1595	0	10
2025.10.07	02:00:00	1.34738	1.34795	1.34722	1.34756	1076	0	10
2025.10.07	03:00:00	1.34755	1.34806	1.34740	1.34755	1004	0	10
2025.10.07	04:00:00	1.34755	1.34802	1.34673	1.34695	1182	0	10
2025.10.07	05:00:00	1.34695	1.34706	1.34541	1.34596	1702	0	10
2025.10.07	06:00:00	1.34596	1.34598	1.34444	1.34525	2970	0	10
2025.10.07	07:00:00	1.34523	1.34534	1.34285	1.34366	3451	0	10
2025.10.07	08:00:00	1.34367	1.34448	1.34321	1.34365	2641	0	10
2025.10.07	09:00:00	1.34364	1.34438	1.34320	1.34433	2383	0	10
2025.10.07	10:00:00	1.34436	1.34439	1.34237	1.34255	2378	0	10
2025.10.07	11:00:00	1.34255	1.34280	1.33917	1.34010	3233	0	10
2025.10.07	12:00:00	1.34008	1.34148	1.33932	1.34138	3612	0	10
2025.10.07	13:00:00	1.34140	1.34276	1.34091	1.34175	3981	0	10
2025.10.07	14:00:00	1.34172	1.34336	1.34136	1.34306	3729	0	10
2025.10.07	15:00:00	1.34305	1.34541	1.34305	1.34397	3827	0	10
2025.10.07	16:00:00	1.34400	1.34498	1.34384	1.34419	3017	0	10
2025.10.07	17:00:00	1.34420	1.34518	1.34393	1.34401	2297	0	10
2025.10.07	18:00:00	1.34402	1.34410	1.34284	1.34299	2352	0	10
2025.10.07	19:00:00	1.34297	1.34307	1.34154	1.34210	1891	0	10
2025.10.07	20:00:00	1.34209	1.34259	1.34182	1.34214	1287	0	10
2025.10.07	21:00:00	1.34211	1.34273	1.34188	1.34250	934	0	20
2025.10.07	22:00:00	1.34283	1.34299	1.34246	1.34251	671	0	10
2025.10.07	23:00:00	1.34250	1.34261	1.34191	1.34197	1031	0	10
2025.10.08	00:00:00	1.34197	1.34213	1.34113	1.34151	1785	0	10
2025.10.08	01:00:00	1.34153	1.34153	1.33960	1.33970	3856	0	10
2025.10.08	02:00:00	1.33972	1.34027	1.33913	1.33968	2012	0	10
2025.10.08	03:00:00	1.33968	1.33997	1.33898	1.33989	1406	0	10
2025.10.08	04:00:00	1.33989	1.34003	1.33897	1.33931	1226	0	10
2025.10.08	05:00:00	1.33931	1.33931	1.33843	1.33913	1437	0	10
2025.10.08	06:00:00	1.33915	1.33971	1.33833	1.33963	3439	0	10
2025.10.08	07:00:00	1.33965	1.34174	1.33939	1.34168	3849	0	10
2025.10.08	08:00:00	1.34167	1.34258	1.34052	1.34080	3052	0	10
2025.10.08	09:00:00	1.34081	1.34134	1.33999	1.34028	3068	0	10
2025.10.08	10:00:00	1.34028	1.34271	1.34009	1.34121	2756	0	10
2025.10.08	11:00:00	1.34119	1.34161	1.34004	1.34068	2905	0	10
2025.10.08	12:00:00	1.34069	1.34210	1.34068	1.34186	3199	0	10
2025.10.08	13:00:00	1.34188	1.34304	1.34164	1.34237	3498	0	10
2025.10.08	14:00:00	1.34236	1.34381	1.34183	1.34205	3543	0	10
2025.10.08	15:00:00	1.34204	1.34229	1.33865	1.33882	3317	0	10
2025.10.08	16:00:00	1.33886	1.33904	1.33715	1.33869	2605	0	10
2025.10.08	17:00:00	1.33873	1.33873	1.33784	1.33802	1853	0	10
2025.10.08	18:00:00	1.33802	1.33894	1.33704	1.33891	3345	0	10
2025.10.08	19:00:00	1.33893	1.34002	1.33892	1.33991	1752	0	10
2025.10.08	20:00:00	1.33990	1.34060	1.33957	1.34013	1417	0	10
2025.10.08	21:00:00	1.34012	1.34029	1.33951	1.34011	1092	0	15
2025.10.08	22:00:00	1.34029	1.34073	1.34011	1.34059	972	0	10
2025.10.08	23:00:00	1.34061	1.34062	1.33985	1.33994	1096	0	10
2025.10.09	00:00:00	1.33994	1.34125	1.33985	1.34093	1655	0	10
2025.10.09	01:00:00	1.34093	1.34186	1.34073	1.34094	2398	0	10
2025.10.09	02:00:00	1.34092	1.34188	1.34058	1.34155	1329	0	10
2025.10.09	03:00:00	1.34158	1.34178	1.34079	1.34143	1120	0	10
2025.10.09	04:00:00	1.34143	1.34154	1.34080	1.34121	920	0	10
2025.10.09	05:00:00	1.34121	1.34164	1.34045	1.34050	1265	0	10
2025.10.09	06:00:00	1.34050	1.34067	1.33572	1.33639	4312	0	10
2025.10.09	07:00:00	1.33639	1.33721	1.33490	1.33523	4235	0	10
2025.10.09	08:00:00	1.33523	1.33639	1.33423	1.33615	3429	0	10
2025.10.09	09:00:00	1.33614	1.33884	1.33581	1.33864	4206	0	10
2025.10.09	10:00:00	1.33868	1.33898	1.33685	1.33691	3128	0	10
2025.10.09	11:00:00	1.33692	1.33816	1.33582	1.33745	2792	0	10
2025.10.09	12:00:00	1.33745	1.33882	1.33679	1.33843	3812	0	10
2025.10.09	13:00:00	1.33845	1.33953	1.33553	1.33684	6776	0	10
2025.10.09	14:00:00	1.33680	1.33681	1.33258	1.33320	6208	0	10
2025.10.09	15:00:00	1.33320	1.33341	1.32905	1.33088	5659	0	10
2025.10.09	16:00:00	1.33089	1.33146	1.32904	1.32937	3732	0	10
2025.10.09	17:00:00	1.32935	1.33031	1.32878	1.32978	3520	0	10
2025.10.09	18:00:00	1.32978	1.32982	1.32792	1.32811	2358	0	10
2025.10.09	19:00:00	1.32813	1.32978	1.32808	1.32960	2042	0	10
2025.10.09	20:00:00	1.32960	1.33055	1.32950	1.33016	1522	0	7
2025.10.09	21:00:00	1.33019	1.33042	1.32946	1.33036	761	0	24
2025.10.09	22:00:00	1.33056	1.33073	1.32974	1.32998	861	0	10
2025.10.09	23:00:00	1.32998	1.33037	1.32925	1.33022	1164	0	10
2025.10.10	00:00:00	1.33020	1.33055	1.32955	1.33039	1739	0	10
2025.10.10	01:00:00	1.33043	1.33082	1.32993	1.33018	1941	0	10
2025.10.10	02:00:00	1.33017	1.33106	1.33002	1.33080	1490	0	10
2025.10.10	03:00:00	1.33078	1.33134	1.33059	1.33113	1304	0	10
2025.10.10	04:00:00	1.33113	1.33128	1.33045	1.33084	1183	0	10
2025.10.10	05:00:00	1.33085	1.33140	1.33061	1.33061	1482	0	10
2025.10.10	06:00:00	1.33059	1.33109	1.32875	1.32960	3846	0	10
2025.10.10	07:00:00	1.32955	1.33059	1.32786	1.33026	4357	0	10
2025.10.10	08:00:00	1.33025	1.33126	1.32972	1.33076	3280	0	10
2025.10.10	09:00:00	1.33073	1.33087	1.32866	1.32907	2798	0	10
2025.10.10	10:00:00	1.32908	1.32985	1.32607	1.32611	3630	0	10
2025.10.10	11:00:00	1.32613	1.32776	1.32613	1.32716	3508	0	10
2025.10.10	12:00:00	1.32718	1.32875	1.32713	1.32789	3239	0	10
2025.10.10	13:00:00	1.32785	1.32815	1.32678	1.32768	3482	0	10
2025.10.10	14:00:00	1.32766	1.33089	1.32717	1.33022	4920	0	10
2025.10.10	15:00:00	1.33020	1.33704	1.33007	1.33423	14610	0	10
2025.10.10	16:00:00	1.33419	1.33569	1.33377	1.33445	5804	0	10
2025.10.10	17:00:00	1.33444	1.33469	1.33311	1.33442	3374	0	10
2025.10.10	18:00:00	1.33446	1.33534	1.33424	1.33460	2566	0	10
2025.10.10	19:00:00	1.33456	1.33547	1.33416	1.33495	2222	0	10
2025.10.10	20:00:00	1.33492	1.33621	1.33346	1.33578	5589	0	10
2025.10.12	21:00:00	1.33462	1.33469	1.33189	1.33279	931	0	30
2025.10.12	22:00:00	1.33351	1.33533	1.33351	1.33414	2651	0	10
2025.10.12	23:00:00	1.33414	1.33477	1.33343	1.33349	2162	0	10
2025.10.13	00:00:00	1.33348	1.33504	1.33345	1.33502	2785	0	10
2025.10.13	01:00:00	1.33505	1.33571	1.33443	1.33544	2697	0	10
2025.10.13	02:00:00	1.33544	1.33627	1.33496	1.33515	1869	0	10
2025.10.13	03:00:00	1.33515	1.33547	1.33479	1.33528	1477	0	10
2025.10.13	04:00:00	1.33529	1.33597	1.33517	1.33562	1135	0	10
2025.10.13	05:00:00	1.33563	1.33611	1.33465	1.33478	1954	0	10
2025.10.13	06:00:00	1.33477	1.33660	1.33455	1.33482	3311	0	10
2025.10.13	07:00:00	1.33485	1.33499	1.33294	1.33348	4645	0	10
2025.10.13	08:00:00	1.33346	1.33389	1.33146	1.33257	3573	0	10
2025.10.13	09:00:00	1.33257	1.33431	1.33238	1.33367	2578	0	10
2025.10.13	10:00:00	1.33369	1.33425	1.33279	1.33361	2599	0	10
2025.10.13	11:00:00	1.33361	1.33523	1.33268	1.33307	4372	0	10
2025.10.13	12:00:00	1.33306	1.33397	1.33241	1.33335	3520	0	10
2025.10.13	13:00:00	1.33334	1.33383	1.33247	1.33322	4187	0	10
2025.10.13	14:00:00	1.33325	1.33328	1.33185	1.33262	4142	0	10
2025.10.13	15:00:00	1.33265	1.33351	1.33232	1.33279	2851	0	10
2025.10.13	16:00:00	1.33278	1.33369	1.33252	1.33298	2436	0	10
2025.10.13	17:00:00	1.33297	1.33340	1.33256	1.33315	1750	0	10
2025.10.13	18:00:00	1.33314	1.33402	1.33305	1.33339	1543	0	10
2025.10.13	19:00:00	1.33340	1.33388	1.33296	1.33302	1349	0	10
2025.10.13	20:00:00	1.33302	1.33348	1.33293	1.33307	1454	0	10
2025.10.13	21:00:00	1.33318	1.33354	1.33247	1.33313	664	0	17
2025.10.13	22:00:00	1.33340	1.33372	1.33290	1.33309	806	0	10
2025.10.13	23:00:00	1.33309	1.33348	1.33263	1.33317	1098	0	10
2025.10.14	00:00:00	1.33317	1.33380	1.33250	1.33358	2385	0	10
2025.10.14	01:00:00	1.33357	1.33470	1.33347	1.33431	2257	0	10
2025.10.14	02:00:00	1.33433	1.33457	1.33391	1.33433	1317	0	10
2025.10.14	03:00:00	1.33430	1.33498	1.33393	1.33446	1597	0	10
2025.10.14	04:00:00	1.33445	1.33521	1.33430	1.33516	2332	0	10
2025.10.14	05:00:00	1.33517	1.33518	1.33395	1.33398	2512	0	10
2025.10.14	06:00:00	1.33397	1.33403	1.32744	1.32798	6163	0	10
2025.10.14	07:00:00	1.32800	1.32830	1.32519	1.32566	5804	0	10
2025.10.14	08:00:00	1.32564	1.32837	1.32530	1.32835	3901	0	10
2025.10.14	09:00:00	1.32831	1.32837	1.32636	1.32676	3510	0	10
2025.10.14	10:00:00	1.32673	1.32715	1.32578	1.32642	3664	0	10
2025.10.14	11:00:00	1.32644	1.32756	1.32607	1.32684	3475	0	10
2025.10.14	12:00:00	1.32685	1.32725	1.32479	1.32608	4549	0	10
2025.10.14	13:00:00	1.32607	1.32954	1.32601	1.32814	6035	0	10
2025.10.14	14:00:00	1.32815	1.33030	1.32790	1.32961	5400	0	10
2025.10.14	15:00:00	1.32960	1.33185	1.32878	1.33172	4701	0	10
2025.10.14	16:00:00	1.33175	1.33290	1.33064	1.33173	4721	0	10
2025.10.14	17:00:00	1.33170	1.33293	1.33116	1.33271	3128	0	10
2025.10.14	18:00:00	1.33270	1.33312	1.33195	1.33269	2479	0	10
2025.10.14	19:00:00	1.33269	1.33317	1.33218	1.33253	2988	0	10
2025.10.14	20:00:00	1.33249	1.33267	1.33137	1.33173	1244	0	10
2025.10.14	21:00:00	1.33171	1.33195	1.33159	1.33163	740	0	13
2025.10.14	22:00:00	1.33182	1.33223	1.33171	1.33187	954	0	10
2025.10.14	23:00:00	1.33188	1.33244	1.33164	1.33214	892	0	10
2025.10.15	00:00:00	1.33214	1.33305	1.33194	1.33283	2090	0	10
2025.10.15	01:00:00	1.33283	1.33403	1.33250	1.33396	2246	0	10
2025.10.15	02:00:00	1.33400	1.33506	1.33392	1.33488	1902	0	10
2025.10.15	03:00:00	1.33488	1.33537	1.33473	1.33506	1438	0	10
2025.10.15	04:00:00	1.33509	1.33536	1.33438	1.33483	1415	0	10
2025.10.15	05:00:00	1.33485	1.33585	1.33459	1.33520	1703	0	10
2025.10.15	06:00:00	1.33517	1.33733	1.33497	1.33621	3713	0	10
2025.10.15	07:00:00	1.33624	1.33634	1.33412	1.33495	4136	0	10
2025.10.15	08:00:00	1.33495	1.33553	1.33409	1.33450	3550	0	10
2025.10.15	09:00:00	1.33450	1.33572	1.33357	1.33505	3249	0	10
2025.10.15	10:00:00	1.33504	1.33654	1.33459	1.33640	2564	0	10
2025.10.15	11:00:00	1.33643	1.33663	1.33493	1.33513	2633	0	10
2025.10.15	12:00:00	1.33517	1.33561	1.33408	1.33454	4041	0	10
2025.10.15	13:00:00	1.33452	1.33524	1.33339	1.33491	5398	0	10
2025.10.15	14:00:00	1.33494	1.33666	1.33457	1.33648	3861	0	10
2025.10.15	15:00:00	1.33647	1.34031	1.33613	1.33933	4512	0	10
2025.10.15	16:00:00	1.33935	1.33941	1.33841	1.33904	3479	0	10
2025.10.15	17:00:00	1.33904	1.33904	1.33710	1.33766	3743	0	10
2025.10.15	18:00:00	1.33769	1.33864	1.33697	1.33825	2201	0	10
2025.10.15	19:00:00	1.33826	1.33935	1.33824	1.33930	1675	0	10
2025.10.15	20:00:00	1.33929	1.34077	1.33913	1.34008	1819	0	9
2025.10.15	21:00:00	1.34010	1.34010	1.33879	1.33879	917	0	18
2025.10.15	22:00:00	1.33929	1.34076	1.33929	1.34032	1172	0	10
2025.10.15	23:00:00	1.34033	1.34045	1.33997	1.34029	1048	0	10
2025.10.16	00:00:00	1.34027	1.34280	1.33991	1.34213	2932	0	10
2025.10.16	01:00:00	1.34213	1.34417	1.34212	1.34359	2911	0	10
2025.10.16	02:00:00	1.34359	1.34396	1.34282	1.34305	1973	0	10
2025.10.16	03:00:00	1.34305	1.34318	1.34214	1.34217	1398	0	10
2025.10.16	04:00:00	1.34216	1.34228	1.34121	1.34138	1154	0	10
2025.10.16	05:00:00	1.34140	1.34208	1.34112	1.34164	1884	0	10
2025.10.16	06:00:00	1.34164	1.34226	1.34036	1.34105	3822	0	10
2025.10.16	07:00:00	1.34102	1.34277	1.34075	1.34259	4728	0	10
2025.10.16	08:00:00	1.34262	1.34427	1.34230	1.34375	3609	0	10
2025.10.16	09:00:00	1.34377	1.34409	1.34320	1.34358	2456	0	10
2025.10.16	10:00:00	1.34358	1.34478	1.34293	1.34336	2723	0	10
2025.10.16	11:00:00	1.34339	1.34451	1.34211	1.34401	3368	0	10
2025.10.16	12:00:00	1.34397	1.34486	1.34241	1.34470	4179	0	10
2025.10.16	13:00:00	1.34468	1.34543	1.34199	1.34206	5303	0	10
2025.10.16	14:00:00	1.34204	1.34358	1.34112	1.34331	5374	0	10
2025.10.16	15:00:00	1.34335	1.34359	1.34170	1.34224	4230	0	10
2025.10.16	16:00:00	1.34221	1.34329	1.34141	1.34262	4974	0	10
2025.10.16	17:00:00	1.34259	1.34475	1.34249	1.34379	3649	0	10
2025.10.16	18:00:00	1.34378	1.34380	1.34194	1.34342	3108	0	10
2025.10.16	19:00:00	1.34345	1.34382	1.34292	1.34335	2553	0	10
2025.10.16	20:00:00	1.34333	1.34367	1.34305	1.34324	1358	0	10
2025.10.16	21:00:00	1.34322	1.34337	1.34249	1.34326	799	0	20
2025.10.16	22:00:00	1.34328	1.34449	1.34328	1.34368	1193	0	10
2025.10.16	23:00:00	1.34368	1.34452	1.34355	1.34434	1130	0	10
2025.10.17	00:00:00	1.34436	1.34519	1.34395	1.34465	2289	0	10
2025.10.17	01:00:00	1.34463	1.34510	1.34376	1.34384	2879	0	10
2025.10.17	02:00:00	1.34381	1.34486	1.34305	1.34438	2037	0	10
2025.10.17	03:00:00	1.34437	1.34507	1.34432	1.34479	1628	0	10
2025.10.17	04:00:00	1.34482	1.34535	1.34452	1.34519	1441	0	10
2025.10.17	05:00:00	1.34520	1.34707	1.34513	1.34683	1964	0	10
2025.10.17	06:00:00	1.34685	1.34712	1.34497	1.34552	3968	0	10
2025.10.17	07:00:00	1.34549	1.34578	1.34239	1.34319	6513	0	10
2025.10.17	08:00:00	1.34323	1.34369	1.34104	1.34238	4189	0	10
2025.10.17	09:00:00	1.34237	1.34391	1.34230	1.34350	3147	0	10
2025.10.17	10:00:00	1.34350	1.34413	1.34270	1.34335	3258	0	10
2025.10.17	11:00:00	1.34340	1.34431	1.34295	1.34342	4878	0	10
2025.10.17	12:00:00	1.34342	1.34353	1.34079	1.34117	4458	0	10
2025.10.17	13:00:00	1.34116	1.34224	1.34010	1.34034	4602	0	10
2025.10.17	14:00:00	1.34030	1.34088	1.33908	1.33916	5144	0	10
2025.10.17	15:00:00	1.33916	1.34215	1.33904	1.34215	4094	0	10
2025.10.17	16:00:00	1.34219	1.34305	1.34123	1.34169	3206	0	10
2025.10.17	17:00:00	1.34166	1.34246	1.34102	1.34162	2642	0	10
2025.10.17	18:00:00	1.34163	1.34384	1.34133	1.34334	2512	0	10
2025.10.17	19:00:00	1.34334	1.34374	1.34282	1.34371	1802	0	10
2025.10.17	20:00:00	1.34372	1.34376	1.34204	1.34250	2980	0	10
2025.10.19	21:00:00	1.34303	1.34303	1.34157	1.34226	558	0	30
2025.10.19	22:00:00	1.34246	1.34294	1.34235	1.34277	1161	0	10
2025.10.19	23:00:00	1.34278	1.34306	1.34242	1.34244	1082	0	10
2025.10.20	00:00:00	1.34244	1.34346	1.34210	1.34339	2069	0	10
2025.10.20	01:00:00	1.34337	1.34370	1.34265	1.34321	2003	0	10
2025.10.20	02:00:00	1.34323	1.34426	1.34321	1.34354	1359	0	10
2025.10.20	03:00:00	1.34351	1.34407	1.34336	1.34398	941	0	10
2025.10.20	04:00:00	1.34399	1.34426	1.34350	1.34352	1159	0	10
2025.10.20	05:00:00	1.34350	1.34408	1.34321	1.34398	1339	0	10
2025.10.20	06:00:00	1.34402	1.34402	1.34150	1.34160	2869	0	10
2025.10.20	07:00:00	1.34163	1.34277	1.34052	1.34153	3694	0	10
2025.10.20	08:00:00	1.34154	1.34281	1.34110	1.34274	2931	0	10
2025.10.20	09:00:00	1.34276	1.34386	1.34242	1.34276	3299	0	10
2025.10.20	10:00:00	1.34275	1.34318	1.34094	1.34100	2617	0	10
2025.10.20	11:00:00	1.34098	1.34131	1.33993	1.34116	2824	0	10
2025.10.20	12:00:00	1.34116	1.34296	1.34090	1.34251	3531	0	10
2025.10.20	13:00:00	1.34252	1.34264	1.34017	1.34039	3826	0	10
2025.10.20	14:00:00	1.34040	1.34249	1.34016	1.34159	3547	0	10
2025.10.20	15:00:00	1.34158	1.34275	1.34104	1.34192	3336	0	10
2025.10.20	16:00:00	1.34192	1.34233	1.34112	1.34152	2346	0	10
2025.10.20	17:00:00	1.34149	1.34160	1.34016	1.34019	1820	0	10
2025.10.20	18:00:00	1.34018	1.34109	1.33995	1.34087	1582	0	10
2025.10.20	19:00:00	1.34088	1.34126	1.34045	1.34058	1331	0	10
2025.10.20	20:00:00	1.34058	1.34107	1.34021	1.34027	926	0	7
2025.10.20	21:00:00	1.34028	1.34075	1.33994	1.34048	861	0	13
2025.10.20	22:00:00	1.34067	1.34085	1.34032	1.34034	739	0	10
2025.10.20	23:00:00	1.34035	1.34049	1.34024	1.34038	658	0	10
2025.10.21	00:00:00	1.34038	1.34157	1.34023	1.34139	1686	0	10
2025.10.21	01:00:00	1.34137	1.34137	1.33985	1.33998	1759	0	10
2025.10.21	02:00:00	1.34001	1.34003	1.33899	1.33926	1806	0	10
2025.10.21	03:00:00	1.33926	1.33937	1.33891	1.33926	1111	0	10
2025.10.21	04:00:00	1.33927	1.33937	1.33869	1.33919	1453	0	10
2025.10.21	05:00:00	1.33922	1.33939	1.33735	1.33749	2168	0	10
2025.10.21	06:00:00	1.33746	1.33920	1.33715	1.33893	3359	0	10
2025.10.21	07:00:00	1.33892	1.33968	1.33790	1.33923	4381	0	10
2025.10.21	08:00:00	1.33926	1.33926	1.33730	1.33792	4441	0	10
2025.10.21	09:00:00	1.33795	1.33913	1.33747	1.33839	3079	0	10
2025.10.21	10:00:00	1.33842	1.33873	1.33657	1.33821	3263	0	10
2025.10.21	11:00:00	1.33822	1.33942	1.33718	1.33840	3289	0	10
2025.10.21	12:00:00	1.33843	1.33887	1.33687	1.33859	4706	0	10
2025.10.21	13:00:00	1.33857	1.33878	1.33606	1.33760	5277	0	10
2025.10.21	14:00:00	1.33761	1.33863	1.33637	1.33722	5532	0	10
2025.10.21	15:00:00	1.33724	1.33936	1.33724	1.33883	4037	0	10
2025.10.21	16:00:00	1.33885	1.33981	1.33711	1.33728	4066	0	10
2025.10.21	17:00:00	1.33729	1.33730	1.33648	1.33717	2740	0	10
2025.10.21	18:00:00	1.33716	1.33764	1.33706	1.33718	1848	0	10
2025.10.21	19:00:00	1.33719	1.33751	1.33686	1.33716	1549	0	10
2025.10.21	20:00:00	1.33714	1.33718	1.33655	1.33692	988	0	4
2025.10.21	21:00:00	1.33689	1.33700	1.33651	1.33687	710	0	11
2025.10.21	22:00:00	1.33697	1.33714	1.33659	1.33683	703	0	10
2025.10.21	23:00:00	1.33683	1.33697	1.33635	1.33645	790	0	10
2025.10.22	00:00:00	1.33645	1.33741	1.33631	1.33709	2223	0	10
2025.10.22	01:00:00	1.33710	1.33769	1.33670	1.33706	1819	0	10
2025.10.22	02:00:00	1.33709	1.33800	1.33705	1.33760	1255	0	10
2025.10.22	03:00:00	1.33760	1.33766	1.33704	1.33740	1025	0	10
2025.10.22	04:00:00	1.33739	1.33796	1.33735	1.33786	972	0	10
2025.10.22	05:00:00	1.33786	1.33868	1.33784	1.33831	1239	0	10
2025.10.22	06:00:00	1.33828	1.33841	1.33288	1.33340	6576	0	10
2025.10.22	07:00:00	1.33343	1.33375	1.33188	1.33217	4930	0	10
2025.10.22	08:00:00	1.33214	1.33257	1.33120	1.33203	4869	0	10
2025.10.22	09:00:00	1.33203	1.33270	1.33162	1.33186	3025	0	10
2025.10.22	10:00:00	1.33183	1.33226	1.33052	1.33123	2789	0	10
2025.10.22	11:00:00	1.33120	1.33327	1.33107	1.33271	3281	0	10
2025.10.22	12:00:00	1.33270	1.33399	1.33095	1.33232	4442	0	10
2025.10.22	13:00:00	1.33236	1.33433	1.33156	1.33413	4731	0	10
2025.10.22	14:00:00	1.33412	1.33570	1.33410	1.33542	4750	0	10
2025.10.22	15:00:00	1.33544	1.33740	1.33536	1.33699	4619	0	10
2025.10.22	16:00:00	1.33700	1.33760	1.33637	1.33709	3802	0	10
2025.10.22	17:00:00	1.33705	1.33722	1.33574	1.33601	2842	0	10
2025.10.22	18:00:00	1.33602	1.33615	1.33533	1.33554	2014	0	10
2025.10.22	19:00:00	1.33553	1.33606	1.33521	1.33563	1785	0	10
2025.10.22	20:00:00	1.33563	1.33617	1.33549	1.33553	875	0	9
2025.10.22	21:00:00	1.33554	1.33554	1.33518	1.33528	722	0	13
2025.10.22	22:00:00	1.33544	1.33596	1.33542	1.33552	747	0	10
2025.10.22	23:00:00	1.33553	1.33557	1.33490	1.33501	905	0	10
2025.10.23	00:00:00	1.33501	1.33502	1.33390	1.33449	1612	0	10
2025.10.23	01:00:00	1.33452	1.33469	1.33381	1.33389	1577	0	10
2025.10.23	02:00:00	1.33389	1.33395	1.33341	1.33365	1240	0	10
2025.10.23	03:00:00	1.33366	1.33397	1.33322	1.33326	1003	0	10
2025.10.23	04:00:00	1.33326	1.33392	1.33291	1.33384	841	0	10
2025.10.23	05:00:00	1.33384	1.33505	1.33375	1.33472	1020	0	10
2025.10.23	06:00:00	1.33467	1.33566	1.33442	1.33489	2606	0	10
2025.10.23	07:00:00	1.33489	1.33557	1.33439	1.33502	2823	0	10
2025.10.23	08:00:00	1.33505	1.33551	1.33433	1.33492	2489	0	10
2025.10.23	09:00:00	1.33491	1.33545	1.33472	1.33485	1869	0	10
2025.10.23	10:00:00	1.33483	1.33518	1.33344	1.33369	1922	0	10
2025.10.23	11:00:00	1.33366	1.33419	1.33331	1.33359	2027	0	10
2025.10.23	12:00:00	1.33360	1.33500	1.33259	1.33427	2910	0	10
2025.10.23	13:00:00	1.33431	1.33477	1.33239	1.33268	4011	0	10
2025.10.23	14:00:00	1.33268	1.33368	1.33196	1.33216	4098	0	10
2025.10.23	15:00:00	1.33218	1.33254	1.33105	1.33204	3441	0	10
2025.10.23	16:00:00	1.33206	1.33259	1.33115	1.33122	2213	0	10
2025.10.23	17:00:00	1.33124	1.33210	1.33073	1.33164	2170	0	10
2025.10.23	18:00:00	1.33167	1.33239	1.33154	1.33226	1351	0	10
2025.10.23	19:00:00	1.33225	1.33262	1.33222	1.33235	1225	0	10
2025.10.23	20:00:00	1.33234	1.33278	1.33203	1.33245	849	0	7
2025.10.23	21:00:00	1.33240	1.33251	1.33219	1.33238	1010	0	9
2025.10.23	22:00:00	1.33254	1.33296	1.33254	1.33261	727	0	10
2025.10.23	23:00:00	1.33261	1.33279	1.33235	1.33264	672	0	10
2025.10.24	00:00:00	1.33265	1.33319	1.33249	1.33295	1535	0	10
2025.10.24	01:00:00	1.33296	1.33307	1.33204	1.33207	1579	0	10
2025.10.24	02:00:00	1.33209	1.33259	1.33173	1.33183	1447	0	10
2025.10.24	03:00:00	1.33183	1.33278	1.33182	1.33247	968	0	10
2025.10.24	04:00:00	1.33250	1.33252	1.33185	1.33208	812	0	10
2025.10.24	05:00:00	1.33208	1.33210	1.33110	1.33180	1131	0	10
2025.10.24	06:00:00	1.33176	1.33333	1.33115	1.33320	3816	0	10
2025.10.24	07:00:00	1.33317	1.33329	1.33136	1.33151	4287	0	10
2025.10.24	08:00:00	1.33150	1.33264	1.33000	1.33202	3817	0	10
2025.10.24	09:00:00	1.33203	1.33248	1.33127	1.33212	2658	0	10
2025.10.24	10:00:00	1.33212	1.33252	1.33133	1.33172	2086	0	10
2025.10.24	11:00:00	1.33170	1.33195	1.32993	1.33058	2644	0	10
2025.10.24	12:00:00	1.33060	1.33722	1.33039	1.33450	7455	0	10
2025.10.24	13:00:00	1.33452	1.33586	1.33284	1.33379	6082	0	10
2025.10.24	14:00:00	1.33380	1.33392	1.32931	1.32998	5485	0	10
2025.10.24	15:00:00	1.32999	1.33075	1.32904	1.32958	4075	0	10
2025.10.24	16:00:00	1.32959	1.32990	1.32868	1.32949	2314	0	10
2025.10.24	17:00:00	1.32948	1.33062	1.32948	1.33021	1744	0	10
2025.10.24	18:00:00	1.33021	1.33062	1.33001	1.33039	1456	0	10
2025.10.24	19:00:00	1.33040	1.33122	1.33019	1.33111	1261	0	10
2025.10.24	20:00:00	1.33113	1.33172	1.33062	1.33107	3202	0	10
2025.10.26	21:00:00	1.33217	1.33220	1.33117	1.33209	556	0	30
2025.10.26	22:00:00	1.33235	1.33271	1.33168	1.33226	1910	0	10
2025.10.26	23:00:00	1.33225	1.33248	1.33179	1.33211	1466	0	10
2025.10.27	00:00:00	1.33212	1.33280	1.33172	1.33236	1980	0	10
2025.10.27	01:00:00	1.33238	1.33355	1.33210	1.33275	1975	0	10
2025.10.27	02:00:00	1.33275	1.33279	1.33206	1.33227	1092	0	10
2025.10.27	03:00:00	1.33225	1.33263	1.33193	1.33211	1039	0	10
2025.10.27	04:00:00	1.33211	1.33221	1.33126	1.33157	1000	0	10
2025.10.27	05:00:00	1.33157	1.33219	1.33120	1.33201	1111	0	10
2025.10.27	06:00:00	1.33201	1.33342	1.33201	1.33234	2018	0	10
2025.10.27	07:00:00	1.33234	1.33256	1.33098	1.33149	2533	0	10
2025.10.27	08:00:00	1.33147	1.33339	1.33103	1.33260	3204	0	10
2025.10.27	09:00:00	1.33264	1.33463	1.33223	1.33445	3013	0	10
2025.10.27	10:00:00	1.33445	1.33507	1.33412	1.33441	2153	0	10
2025.10.27	11:00:00	1.33441	1.33528	1.33367	1.33473	2494	0	10
2025.10.27	12:00:00	1.33471	1.33516	1.33400	1.33475	2820	0	10
2025.10.27	13:00:00	1.33475	1.33514	1.33248	1.33344	3354	0	10
2025.10.27	14:00:00	1.33341	1.33365	1.33256	1.33305	3082	0	10
2025.10.27	15:00:00	1.33305	1.33322	1.33172	1.33284	3056	0	10
2025.10.27	16:00:00	1.33285	1.33349	1.33227	1.33345	2110	0	10
2025.10.27	17:00:00	1.33349	1.33385	1.33320	1.33330	1489	0	10
2025.10.27	18:00:00	1.33330	1.33385	1.33241	1.33374	1763	0	10
2025.10.27	19:00:00	1.33374	1.33381	1.33282	1.33345	1449	0	10
2025.10.27	20:00:00	1.33345	1.33385	1.33318	1.33337	863	0	7
2025.10.27	21:00:00	1.33336	1.33371	1.33310	1.33353	636	0	13
2025.10.27	22:00:00	1.33373	1.33397	1.33350	1.33391	883	0	10
2025.10.27	23:00:00	1.33391	1.33442	1.33379	1.33401	880	0	10
2025.10.28	00:00:00	1.33400	1.33535	1.33362	1.33493	1466	0	10
2025.10.28	01:00:00	1.33491	1.33579	1.33470	1.33515	1796	0	10
2025.10.28	02:00:00	1.33515	1.33580	1.33481	1.33485	1520	0	10
2025.10.28	03:00:00	1.33485	1.33574	1.33481	1.33555	1232	0	10
2025.10.28	04:00:00	1.33555	1.33665	1.33544	1.33657	1741	0	10
2025.10.28	05:00:00	1.33660	1.33693	1.33602	1.33616	1631	0	10
2025.10.28	06:00:00	1.33619	1.33668	1.33520	1.33520	1974	0	10
2025.10.28	07:00:00	1.33518	1.33526	1.33309	1.33359	2715	0	10
2025.10.28	08:00:00	1.33356	1.33380	1.33004	1.33070	4553	0	10
2025.10.28	09:00:00	1.33068	1.33221	1.33000	1.33171	2966	0	10
2025.10.28	10:00:00	1.33169	1.33282	1.33111	1.33247	2804	0	10
2025.10.28	11:00:00	1.33249	1.33256	1.33036	1.33075	2706	0	10
2025.10.28	12:00:00	1.33079	1.33135	1.32790	1.32840	4200	0	10
2025.10.28	13:00:00	1.32841	1.32851	1.32469	1.32557	4880	0	10
2025.10.28	14:00:00	1.32556	1.32785	1.32537	1.32757	4103	0	10
2025.10.28	15:00:00	1.32761	1.32828	1.32668	1.32766	3255	0	10
2025.10.28	16:00:00	1.32766	1.32909	1.32736	1.32896	3364	0	10
2025.10.28	17:00:00	1.32898	1.32898	1.32751	1.32764	2194	0	10
2025.10.28	18:00:00	1.32764	1.32825	1.32693	1.32792	1624	0	10
2025.10.28	19:00:00	1.32791	1.32834	1.32721	1.32729	1507	0	10
2025.10.28	20:00:00	1.32728	1.32786	1.32696	1.32697	917	0	9
2025.10.28	21:00:00	1.32695	1.32746	1.32659	1.32732	435	0	24
2025.10.28	22:00:00	1.32752	1.32753	1.32699	1.32714	1108	0	10
2025.10.28	23:00:00	1.32714	1.32782	1.32689	1.32782	744	0	10
2025.10.29	00:00:00	1.32779	1.32803	1.32675	1.32717	2737	0	10
2025.10.29	01:00:00	1.32714	1.32741	1.32632	1.32639	2146	0	10
2025.10.29	02:00:00	1.32636	1.32680	1.32564	1.32637	1508	0	10
2025.10.29	03:00:00	1.32638	1.32639	1.32503	1.32521	1134	0	10
2025.10.29	04:00:00	1.32521	1.32545	1.32487	1.32510	1176	0	10
2025.10.29	05:00:00	1.32510	1.32511	1.32328	1.32350	1910	0	10
2025.10.29	06:00:00	1.32350	1.32406	1.32246	1.32267	1966	0	10
2025.10.29	07:00:00	1.32263	1.32340	1.32198	1.32280	3128	0	10
2025.10.29	08:00:00	1.32278	1.32291	1.32079	1.32083	2925	0	10
2025.10.29	09:00:00	1.32080	1.32280	1.31971	1.32196	2993	0	10
2025.10.29	10:00:00	1.32192	1.32227	1.32136	1.32181	2333	0	10
2025.10.29	11:00:00	1.32181	1.32247	1.32136	1.32172	2762	0	10
2025.10.29	12:00:00	1.32175	1.32211	1.31963	1.32035	3254	0	10
2025.10.29	13:00:00	1.32034	1.32237	1.31939	1.32061	4630	0	10
2025.10.29	14:00:00	1.32061	1.32269	1.32015	1.32269	3847	0	10
2025.10.29	15:00:00	1.32271	1.32469	1.32248	1.32412	4235	0	10
2025.10.29	16:00:00	1.32411	1.32440	1.32262	1.32273	3087	0	10
2025.10.29	17:00:00	1.32273	1.32315	1.32161	1.32248	2325	0	10
2025.10.29	18:00:00	1.32256	1.32276	1.31394	1.31606	17336	0	10
2025.10.29	19:00:00	1.31607	1.31946	1.31451	1.31936	10725	0	10
2025.10.29	20:00:00	1.31934	1.32005	1.31802	1.31931	3763	0	10
2025.10.29	21:00:00	1.31930	1.31941	1.31828	1.31923	927	0	24
2025.10.29	22:00:00	1.31944	1.31975	1.31918	1.31931	900	0	10
2025.10.29	23:00:00	1.31930	1.31982	1.31913	1.31943	949	0	10
2025.10.30	00:00:00	1.31943	1.32070	1.31870	1.32032	2181	0	10
2025.10.30	01:00:00	1.32029	1.32072	1.31960	1.32058	2190	0	10
2025.10.30	02:00:00	1.32058	1.32101	1.32020	1.32038	1810	0	10
2025.10.30	03:00:00	1.32038	1.32091	1.31961	1.32022	2221	0	10
2025.10.30	04:00:00	1.32025	1.32176	1.31999	1.32161	3206	0	10
2025.10.30	05:00:00	1.32158	1.32183	1.32079	1.32099	2049	0	10
2025.10.30	06:00:00	1.32096	1.32139	1.31961	1.32019	2782	0	10
2025.10.30	07:00:00	1.32019	1.32116	1.31916	1.31974	3790	0	10
2025.10.30	08:00:00	1.31973	1.32110	1.31847	1.32073	4438	0	10
2025.10.30	09:00:00	1.32072	1.32089	1.31836	1.31882	3233	0	10
2025.10.30	10:00:00	1.31886	1.31892	1.31739	1.31760	2630	0	10
2025.10.30	11:00:00	1.31760	1.31904	1.31739	1.31782	2848	0	10
2025.10.30	12:00:00	1.31782	1.31851	1.31345	1.31373	4008	0	10
2025.10.30	13:00:00	1.31374	1.31640	1.31160	1.31562	6333	0	10
2025.10.30	14:00:00	1.31564	1.31806	1.31515	1.31570	5915	0	10
2025.10.30	15:00:00	1.31571	1.31690	1.31443	1.31458	3166	0	10
2025.10.30	16:00:00	1.31456	1.31599	1.31343	1.31549	3061	0	10
2025.10.30	17:00:00	1.31552	1.31591	1.31456	1.31524	2386	0	10
2025.10.30	18:00:00	1.31527	1.31575	1.31451	1.31467	2015	0	10
2025.10.30	19:00:00	1.31468	1.31499	1.31387	1.31441	1978	0	10
2025.10.30	20:00:00	1.31440	1.31554	1.31427	1.31504	1092	0	9
2025.10.30	21:00:00	1.31500	1.31519	1.31484	1.31493	706	0	13
2025.10.30	22:00:00	1.31520	1.31541	1.31495	1.31528	681	0	10
2025.10.30	23:00:00	1.31528	1.31598	1.31503	1.31580	811	0	10
2025.10.31	00:00:00	1.31581	1.31610	1.31544	1.31588	1672	0	10
2025.10.31	01:00:00	1.31588	1.31644	1.31524	1.31529	1791	0	10
2025.10.31	02:00:00	1.31529	1.31579	1.31495	1.31524	1516	0	10
2025.10.31	03:00:00	1.31523	1.31550	1.31495	1.31513	1057	0	10
2025.10.31	04:00:00	1.31511	1.31571	1.31505	1.31564	906	0	10
2025.10.31	05:00:00	1.31564	1.31569	1.31473	1.31493	1184	0	10
2025.10.31	06:00:00	1.31494	1.31568	1.31363	1.31400	1947	0	10
2025.10.31	07:00:00	1.31396	1.31503	1.31247	1.31449	3078	0	10
2025.10.31	08:00:00	1.31449	1.31465	1.31378	1.31404	2749	0	10
2025.10.31	09:00:00	1.31405	1.31480	1.31324	1.31428	2320	0	10
2025.10.31	10:00:00	1.31432	1.31475	1.31293	1.31300	2195	0	10
2025.10.31	11:00:00	1.31300	1.31395	1.31144	1.31279	2919	0	10
2025.10.31	12:00:00	1.31279	1.31285	1.31040	1.31060	3699	0	10
2025.10.31	13:00:00	1.31058	1.31161	1.30964	1.31133	4078	0	10
2025.10.31	14:00:00	1.31130	1.31265	1.31033	1.31239	3695	0	10
2025.10.31	15:00:00	1.31239	1.31389	1.31157	1.31378	4509	0	10
2025.10.31	16:00:00	1.31381	1.31426	1.31256	1.31280	3387	0	10
2025.10.31	17:00:00	1.31277	1.31373	1.31224	1.31308	2290	0	10
2025.10.31	18:00:00	1.31308	1.31422	1.31290	1.31389	1904	0	10
2025.10.31	19:00:00	1.31392	1.31434	1.31353	1.31362	1450	0	10
2025.10.31	20:00:00	1.31359	1.31503	1.31355	1.31494	2911	0	10
2025.11.02	22:00:00	1.31341	1.31402	1.31269	1.31396	749	0	28
2025.11.02	23:00:00	1.31409	1.31421	1.31314	1.31336	3732	0	10
2025.11.03	00:00:00	1.31336	1.31367	1.31295	1.31349	1457	0	10
2025.11.03	01:00:00	1.31347	1.31367	1.31320	1.31345	1368	0	10
2025.11.03	02:00:00	1.31343	1.31421	1.31326	1.31380	1282	0	10
2025.11.03	03:00:00	1.31380	1.31413	1.31371	1.31388	936	0	10
2025.11.03	04:00:00	1.31388	1.31445	1.31379	1.31410	877	0	10
2025.11.03	05:00:00	1.31409	1.31454	1.31391	1.31414	1022	0	10
2025.11.03	06:00:00	1.31414	1.31486	1.31411	1.31459	1150	0	10
2025.11.03	07:00:00	1.31457	1.31487	1.31338	1.31376	2179	0	10
2025.11.03	08:00:00	1.31377	1.31383	1.31166	1.31228	2565	0	10
2025.11.03	09:00:00	1.31232	1.31344	1.31178	1.31249	2049	0	10
2025.11.03	10:00:00	1.31249	1.31386	1.31200	1.31296	2486	0	10
2025.11.03	11:00:00	1.31294	1.31386	1.31235	1.31273	2087	0	10
2025.11.03	12:00:00	1.31275	1.31468	1.31252	1.31398	2049	0	10
2025.11.03	13:00:00	1.31398	1.31398	1.31204	1.31265	2620	0	10
2025.11.03	14:00:00	1.31263	1.31288	1.31078	1.31127	3261	0	10
2025.11.03	15:00:00	1.31131	1.31471	1.31131	1.31458	4380	0	10
2025.11.03	16:00:00	1.31459	1.31508	1.31402	1.31472	3103	0	10
2025.11.03	17:00:00	1.31473	1.31620	1.31417	1.31443	2293	0	10
2025.11.03	18:00:00	1.31446	1.31479	1.31344	1.31380	1744	0	10
2025.11.03	19:00:00	1.31379	1.31416	1.31340	1.31373	1711	0	10
2025.11.03	20:00:00	1.31374	1.31415	1.31363	1.31371	1178	0	10
2025.11.03	21:00:00	1.31361	1.31388	1.31318	1.31385	517	0	9
2025.11.03	22:00:00	1.31384	1.31387	1.31331	1.31370	632	0	18
2025.11.03	23:00:00	1.31374	1.31394	1.31339	1.31341	1440	0	10
2025.11.04	00:00:00	1.31340	1.31340	1.31184	1.31240	1873	0	10
2025.11.04	01:00:00	1.31241	1.31269	1.31178	1.31245	1860	0	10
2025.11.04	02:00:00	1.31240	1.31259	1.31173	1.31224	1659	0	10
2025.11.04	03:00:00	1.31227	1.31333	1.31227	1.31275	1615	0	10
2025.11.04	04:00:00	1.31276	1.31328	1.31226	1.31235	1226	0	10
2025.11.04	05:00:00	1.31230	1.31249	1.31177	1.31206	1695	0	10
2025.11.04	06:00:00	1.31208	1.31266	1.31158	1.31236	2392	0	10
2025.11.04	07:00:00	1.31235	1.31386	1.31171	1.31209	3019	0	10
2025.11.04	08:00:00	1.31205	1.31213	1.30852	1.30914	4971	0	10
2025.11.04	09:00:00	1.30918	1.30955	1.30585	1.30626	3710	0	10
2025.11.04	10:00:00	1.30626	1.30785	1.30607	1.30721	2670	0	10
2025.11.04	11:00:00	1.30724	1.30748	1.30564	1.30584	2363	0	10
2025.11.04	12:00:00	1.30586	1.30679	1.30523	1.30664	2883	0	10
2025.11.04	13:00:00	1.30662	1.30677	1.30567	1.30575	2595	0	10
2025.11.04	14:00:00	1.30571	1.30645	1.30331	1.30475	3703	0	10
2025.11.04	15:00:00	1.30477	1.30577	1.30401	1.30456	4233	0	10
2025.11.04	16:00:00	1.30458	1.30514	1.30396	1.30424	3177	0	10
2025.11.04	17:00:00	1.30426	1.30446	1.30254	1.30285	1964	0	10
2025.11.04	18:00:00	1.30285	1.30285	1.30165	1.30229	1932	0	10
2025.11.04	19:00:00	1.30228	1.30262	1.30128	1.30146	1753	0	10
2025.11.04	20:00:00	1.30149	1.30246	1.30095	1.30171	1557	0	10
2025.11.04	21:00:00	1.30173	1.30195	1.30104	1.30193	695	0	15
2025.11.04	22:00:00	1.30191	1.30252	1.30119	1.30251	906	0	20
2025.11.04	23:00:00	1.30257	1.30268	1.30189	1.30208	711	0	10
2025.11.05	00:00:00	1.30207	1.30226	1.30143	1.30184	1372	0	10
2025.11.05	01:00:00	1.30184	1.30240	1.30095	1.30153	2563	0	10
2025.11.05	02:00:00	1.30153	1.30224	1.30132	1.30152	1861	0	10
2025.11.05	03:00:00	1.30152	1.30199	1.30150	1.30195	1624	0	10
2025.11.05	04:00:00	1.30199	1.30265	1.30192	1.30252	1176	0	10
2025.11.05	05:00:00	1.30256	1.30297	1.30212	1.30212	1213	0	10
2025.11.05	06:00:00	1.30212	1.30307	1.30208	1.30277	1425	0	10
2025.11.05	07:00:00	1.30274	1.30308	1.30189	1.30264	2203	0	10
2025.11.05	08:00:00	1.30264	1.30489	1.30262	1.30447	3133	0	10
2025.11.05	09:00:00	1.30445	1.30528	1.30333	1.30394	2673	0	10
2025.11.05	10:00:00	1.30393	1.30398	1.30234	1.30250	2290	0	10
2025.11.05	11:00:00	1.30249	1.30364	1.30111	1.30346	2096	0	10
2025.11.05	12:00:00	1.30349	1.30462	1.30331	1.30415	2487	0	10
2025.11.05	13:00:00	1.30412	1.30465	1.30247	1.30249	3303	0	10
2025.11.05	14:00:00	1.30248	1.30353	1.30181	1.30317	3483	0	10
2025.11.05	15:00:00	1.30312	1.30470	1.30129	1.30407	4977	0	10
2025.11.05	16:00:00	1.30407	1.30488	1.30307	1.30475	3286	0	10
2025.11.05	17:00:00	1.30475	1.30490	1.30341	1.30381	2110	0	10
2025.11.05	18:00:00	1.30381	1.30455	1.30374	1.30449	1828	0	10
2025.11.05	19:00:00	1.30449	1.30475	1.30410	1.30443	1219	0	10
2025.11.05	20:00:00	1.30448	1.30515	1.30448	1.30474	1180	0	10
2025.11.05	21:00:00	1.30465	1.30511	1.30439	1.30495	667	0	15
2025.11.05	22:00:00	1.30494	1.30498	1.30436	1.30485	555	0	13
2025.11.05	23:00:00	1.30484	1.30527	1.30451	1.30515	656	0	10
2025.11.06	00:00:00	1.30515	1.30593	1.30497	1.30592	1166	0	10
2025.11.06	01:00:00	1.30592	1.30648	1.30581	1.30628	1610	0	10
2025.11.06	02:00:00	1.30628	1.30636	1.30568	1.30590	1139	0	10
2025.11.06	03:00:00	1.30591	1.30645	1.30568	1.30628	986	0	10
2025.11.06	04:00:00	1.30630	1.30655	1.30581	1.30623	769	0	10
2025.11.06	05:00:00	1.30619	1.30643	1.30569	1.30602	1078	0	10
2025.11.06	06:00:00	1.30601	1.30671	1.30526	1.30541	1442	0	10
2025.11.06	07:00:00	1.30542	1.30716	1.30530	1.30622	2436	0	10
2025.11.06	08:00:00	1.30625	1.30868	1.30584	1.30839	3010	0	10
2025.11.06	09:00:00	1.30838	1.30888	1.30768	1.30799	2791	0	10
2025.11.06	10:00:00	1.30799	1.30868	1.30765	1.30784	2161	0	10
2025.11.06	11:00:00	1.30787	1.30943	1.30761	1.30912	2423	0	10
2025.11.06	12:00:00	1.30916	1.31041	1.30590	1.30996	6174	0	10
2025.11.06	13:00:00	1.30995	1.31249	1.30927	1.31075	4479	0	10
2025.11.06	14:00:00	1.31074	1.31102	1.30827	1.30831	4057	0	10
2025.11.06	15:00:00	1.30831	1.31046	1.30799	1.31014	4643	0	10
2025.11.06	16:00:00	1.31012	1.31103	1.30964	1.31047	3525	0	10
2025.11.06	17:00:00	1.31048	1.31246	1.31017	1.31220	3077	0	10
2025.11.06	18:00:00	1.31220	1.31420	1.31195	1.31389	2403	0	10
2025.11.06	19:00:00	1.31389	1.31421	1.31292	1.31320	1804	0	10
2025.11.06	20:00:00	1.31320	1.31395	1.31315	1.31356	1779	0	10
2025.11.06	21:00:00	1.31357	1.31391	1.31331	1.31375	1892	0	10
2025.11.06	22:00:00	1.31377	1.31377	1.31266	1.31281	1149	0	11
2025.11.06	23:00:00	1.31306	1.31418	1.31306	1.31393	724	0	10
2025.11.07	00:00:00	1.31393	1.31415	1.31289	1.31290	1524	0	10
2025.11.07	01:00:00	1.31288	1.31294	1.31230	1.31249	1876	0	10
2025.11.07	02:00:00	1.31249	1.31304	1.31193	1.31212	1490	0	10
2025.11.07	03:00:00	1.31213	1.31233	1.31152	1.31185	1326	0	10
2025.11.07	04:00:00	1.31185	1.31185	1.31148	1.31167	1169	0	10
2025.11.07	05:00:00	1.31169	1.31220	1.31163	1.31188	1021	0	10
2025.11.07	06:00:00	1.31188	1.31204	1.31129	1.31132	1535	0	10
2025.11.07	07:00:00	1.31132	1.31248	1.31131	1.31247	1895	0	10
2025.11.07	08:00:00	1.31247	1.31274	1.31011	1.31026	3083	0	10
2025.11.07	09:00:00	1.31027	1.31059	1.30944	1.30972	2275	0	10
2025.11.07	10:00:00	1.30969	1.31098	1.30957	1.31088	2471	0	10
2025.11.07	11:00:00	1.31088	1.31234	1.31052	1.31199	2571	0	10
2025.11.07	12:00:00	1.31203	1.31282	1.31091	1.31147	2849	0	10
2025.11.07	13:00:00	1.31150	1.31374	1.31146	1.31301	3996	0	10
2025.11.07	14:00:00	1.31300	1.31495	1.31270	1.31487	3865	0	10
2025.11.07	15:00:00	1.31483	1.31740	1.31446	1.31508	4978	0	10
2025.11.07	16:00:00	1.31511	1.31703	1.31502	1.31616	3332	0	10
2025.11.07	17:00:00	1.31617	1.31720	1.31561	1.31697	2379	0	10
2025.11.07	18:00:00	1.31700	1.31747	1.31652	1.31675	2128	0	10
2025.11.07	19:00:00	1.31674	1.31725	1.31563	1.31576	2488	0	10
2025.11.07	20:00:00	1.31574	1.31647	1.31564	1.31630	2042	0	10
2025.11.07	21:00:00	1.31629	1.31673	1.31524	1.31647	2766	0	10
2025.11.09	22:00:00	1.31450	1.31561	1.31368	1.31523	509	0	70
2025.11.09	23:00:00	1.31544	1.31593	1.31383	1.31411	1804	0	10
2025.11.10	00:00:00	1.31411	1.31535	1.31362	1.31444	2939	0	10
2025.11.10	01:00:00	1.31444	1.31549	1.31396	1.31506	2576	0	10
2025.11.10	02:00:00	1.31508	1.31519	1.31452	1.31478	2017	0	10
2025.11.10	03:00:00	1.31476	1.31493	1.31416	1.31466	1929	0	10
2025.11.10	04:00:00	1.31466	1.31540	1.31443	1.31521	1714	0	10
2025.11.10	05:00:00	1.31517	1.31599	1.31501	1.31549	1684	0	10
2025.11.10	06:00:00	1.31549	1.31588	1.31386	1.31410	1896	0	10
2025.11.10	07:00:00	1.31414	1.31663	1.31410	1.31567	3678	0	10
2025.11.10	08:00:00	1.31564	1.31839	1.31549	1.31737	3501	0	10
2025.11.10	09:00:00	1.31739	1.31790	1.31663	1.31731	2956	0	10
2025.11.10	10:00:00	1.31730	1.31752	1.31568	1.31595	2316	0	10
2025.11.10	11:00:00	1.31595	1.31767	1.31514	1.31753	2365	0	10
2025.11.10	12:00:00	1.31753	1.31877	1.31750	1.31805	2196	0	10
2025.11.10	13:00:00	1.31805	1.31909	1.31701	1.31745	2783	0	10
2025.11.10	14:00:00	1.31745	1.31748	1.31520	1.31652	3363	0	10
2025.11.10	15:00:00	1.31654	1.31700	1.31450	1.31478	3908	0	10
2025.11.10	16:00:00	1.31475	1.31629	1.31466	1.31554	2902	0	10
2025.11.10	17:00:00	1.31557	1.31795	1.31545	1.31780	2749	0	10
2025.11.10	18:00:00	1.31782	1.31843	1.31765	1.31791	1720	0	10
2025.11.10	19:00:00	1.31791	1.31841	1.31784	1.31795	1552	0	10
2025.11.10	20:00:00	1.31793	1.31838	1.31787	1.31806	1361	0	10
2025.11.10	21:00:00	1.31806	1.31815	1.31729	1.31743	1163	0	7
2025.11.10	22:00:00	1.31745	1.31751	1.31677	1.31677	1067	0	18
2025.11.10	23:00:00	1.31710	1.31771	1.31710	1.31717	825	0	10
2025.11.11	00:00:00	1.31718	1.31749	1.31644	1.31645	1249	0	10
2025.11.11	01:00:00	1.31645	1.31664	1.31570	1.31646	1872	0	10
2025.11.11	02:00:00	1.31644	1.31679	1.31604	1.31631	1338	0	10
2025.11.11	03:00:00	1.31629	1.31700	1.31627	1.31677	1345	0	10
2025.11.11	04:00:00	1.31677	1.31715	1.31623	1.31657	1115	0	10
2025.11.11	05:00:00	1.31658	1.31718	1.31617	1.31658	1430	0	10
2025.11.11	06:00:00	1.31657	1.31714	1.31511	1.31536	1980	0	10
2025.11.11	07:00:00	1.31540	1.31583	1.31204	1.31255	5353	0	10
2025.11.11	08:00:00	1.31257	1.31348	1.31199	1.31229	3519	0	10
2025.11.11	09:00:00	1.31229	1.31339	1.31159	1.31295	2675	0	10
2025.11.11	10:00:00	1.31290	1.31406	1.31206	1.31381	2338	0	10
2025.11.11	11:00:00	1.31383	1.31516	1.31330	1.31478	2322	0	10
2025.11.11	12:00:00	1.31477	1.31540	1.31385	1.31415	2469	0	10
2025.11.11	13:00:00	1.31417	1.31778	1.31415	1.31706	4255	0	10
2025.11.11	14:00:00	1.31710	1.31841	1.31602	1.31800	3460	0	10
2025.11.11	15:00:00	1.31800	1.31803	1.31583	1.31727	3851	0	10
2025.11.11	16:00:00	1.31726	1.31790	1.31670	1.31723	2759	0	10
2025.11.11	17:00:00	1.31722	1.31786	1.31683	1.31734	1919	0	10
2025.11.11	18:00:00	1.31732	1.31778	1.31712	1.31746	1719	0	10
2025.11.11	19:00:00	1.31744	1.31750	1.31647	1.31666	1926	0	10
2025.11.11	20:00:00	1.31668	1.31714	1.31606	1.31612	1481	0	10
2025.11.11	21:00:00	1.31611	1.31624	1.31474	1.31487	1262	0	9
2025.11.11	22:00:00	1.31488	1.31510	1.31413	1.31465	697	0	20
2025.11.11	23:00:00	1.31502	1.31535	1.31467	1.31518	640	0	10
2025.11.12	00:00:00	1.31516	1.31529	1.31407	1.31408	1262	0	10
2025.11.12	01:00:00	1.31408	1.31443	1.31366	1.31383	1773	0	10
2025.11.12	02:00:00	1.31386	1.31438	1.31370	1.31379	1110	0	10
2025.11.12	03:00:00	1.31379	1.31422	1.31346	1.31396	1031	0	10
2025.11.12	04:00:00	1.31396	1.31406	1.31283	1.31299	1295	0	10
2025.11.12	05:00:00	1.31298	1.31391	1.31283	1.31331	1575	0	10
2025.11.12	06:00:00	1.31330	1.31417	1.31301	1.31404	1475	0	10
2025.11.12	07:00:00	1.31407	1.31485	1.31382	1.31454	2403	0	10
2025.11.12	08:00:00	1.31455	1.31551	1.31158	1.31164	3587	0	10
2025.11.12	09:00:00	1.31163	1.31309	1.31145	1.31156	3624	0	10
2025.11.12	10:00:00	1.31158	1.31279	1.31101	1.31253	2485	0	10
2025.11.12	11:00:00	1.31252	1.31385	1.31152	1.31370	2453	0	10
2025.11.12	12:00:00	1.31371	1.31396	1.31073	1.31175	3362	0	10
2025.11.12	13:00:00	1.31175	1.31226	1.30953	1.31045	3318	0	10
2025.11.12	14:00:00	1.31045	1.31075	1.30839	1.30988	4039	0	10
2025.11.12	15:00:00	1.30985	1.31318	1.30972	1.31300	4061	0	10
2025.11.12	16:00:00	1.31303	1.31357	1.31272	1.31296	3037	0	10
2025.11.12	17:00:00	1.31296	1.31396	1.31291	1.31387	2069	0	10
2025.11.12	18:00:00	1.31390	1.31436	1.31369	1.31396	1728	0	10
2025.11.12	19:00:00	1.31392	1.31407	1.31275	1.31293	1879	0	10
2025.11.12	20:00:00	1.31291	1.31329	1.31272	1.31305	1498	0	10
2025.11.12	21:00:00	1.31305	1.31339	1.31238	1.31313	1331	0	9
2025.11.12	22:00:00	1.31309	1.31320	1.31259	1.31288	812	0	13
2025.11.12	23:00:00	1.31302	1.31321	1.31258	1.31272	684	0	10
2025.11.13	00:00:00	1.31275	1.31279	1.31152	1.31173	1946	0	10
2025.11.13	01:00:00	1.31171	1.31244	1.31104	1.31233	2212	0	10
2025.11.13	02:00:00	1.31233	1.31276	1.31171	1.31243	1679	0	10
2025.11.13	03:00:00	1.31246	1.31284	1.31210	1.31257	1529	0	10
2025.11.13	04:00:00	1.31256	1.31275	1.31197	1.31229	1180	0	10
2025.11.13	05:00:00	1.31230	1.31247	1.31147	1.31169	1353	0	10
2025.11.13	06:00:00	1.31170	1.31227	1.31142	1.31207	1840	0	10
2025.11.13	07:00:00	1.31209	1.31432	1.31003	1.31401	3789	0	10
2025.11.13	08:00:00	1.31400	1.31682	1.31300	1.31673	3979	0	10
2025.11.13	09:00:00	1.31672	1.31704	1.31425	1.31556	4031	0	10
2025.11.13	10:00:00	1.31555	1.31635	1.31508	1.31563	2672	0	10
2025.11.13	11:00:00	1.31563	1.31600	1.31432	1.31475	2907	0	10
2025.11.13	12:00:00	1.31474	1.31826	1.31463	1.31807	3506	0	10
2025.11.13	13:00:00	1.31809	1.31841	1.31578	1.31685	3783	0	10
2025.11.13	14:00:00	1.31688	1.31812	1.31650	1.31805	4382	0	10
2025.11.13	15:00:00	1.31804	1.31988	1.31729	1.31976	4322	0	10
2025.11.13	16:00:00	1.31976	1.32127	1.31904	1.32116	3650	0	10
2025.11.13	17:00:00	1.32117	1.32155	1.32030	1.32112	3657	0	10
2025.11.13	18:00:00	1.32113	1.32140	1.31915	1.31959	3208	0	10
2025.11.13	19:00:00	1.31958	1.31971	1.31891	1.31895	2360	0	10
2025.11.13	20:00:00	1.31899	1.31943	1.31840	1.31848	2036	0	10
2025.11.13	21:00:00	1.31846	1.31941	1.31841	1.31918	1124	0	10
2025.11.13	22:00:00	1.31916	1.31916	1.31517	1.31517	1065	0	22
2025.11.13	23:00:00	1.31644	1.31776	1.31359	1.31524	2080	0	10
2025.11.14	00:00:00	1.31524	1.31609	1.31349	1.31474	2665	0	10
2025.11.14	01:00:00	1.31475	1.31504	1.31412	1.31465	2865	0	10
2025.11.14	02:00:00	1.31465	1.31513	1.31417	1.31494	2137	0	10
2025.11.14	03:00:00	1.31492	1.31588	1.31435	1.31455	1729	0	10
2025.11.14	04:00:00	1.31453	1.31496	1.31384	1.31442	1544	0	10
2025.11.14	05:00:00	1.31442	1.31509	1.31405	1.31475	1731	0	10
2025.11.14	06:00:00	1.31476	1.31584	1.31402	1.31446	2463	0	10
2025.11.14	07:00:00	1.31440	1.31583	1.31258	1.31463	4708	0	10
2025.11.14	08:00:00	1.31460	1.32001	1.31076	1.31655	13622	0	10
2025.11.14	09:00:00	1.31651	1.31815	1.31477	1.31546	4394	0	10
2025.11.14	10:00:00	1.31545	1.31604	1.31407	1.31418	3177	0	10
2025.11.14	11:00:00	1.31419	1.31430	1.31220	1.31377	3282	0	10
2025.11.14	12:00:00	1.31378	1.31806	1.31304	1.31796	4073	0	10
2025.11.14	13:00:00	1.31792	1.31798	1.31575	1.31668	4900	0	10
2025.11.14	14:00:00	1.31671	1.31781	1.31478	1.31589	5827	0	10
2025.11.14	15:00:00	1.31590	1.31590	1.31247	1.31389	5502	0	10
2025.11.14	16:00:00	1.31390	1.31629	1.31382	1.31545	3637	0	10
2025.11.14	17:00:00	1.31542	1.31627	1.31503	1.31606	2833	0	10
2025.11.14	18:00:00	1.31603	1.31630	1.31494	1.31600	2517	0	10
2025.11.14	19:00:00	1.31602	1.31673	1.31558	1.31641	2012	0	10
2025.11.14	20:00:00	1.31642	1.31708	1.31612	1.31674	1535	0	10
2025.11.14	21:00:00	1.31674	1.31754	1.31647	1.31736	2558	0	10
2025.11.16	22:00:00	1.31538	1.31650	1.31496	1.31650	683	0	58
2025.11.16	23:00:00	1.31672	1.31704	1.31557	1.31588	1095	0	10
2025.11.17	00:00:00	1.31587	1.31587	1.31494	1.31556	1939	0	10
2025.11.17	01:00:00	1.31556	1.31648	1.31531	1.31557	1833	0	10
2025.11.17	02:00:00	1.31555	1.31557	1.31511	1.31513	1379	0	10
2025.11.17	03:00:00	1.31511	1.31515	1.31412	1.31446	1199	0	10
2025.11.17	04:00:00	1.31444	1.31513	1.31434	1.31506	883	0	10
2025.11.17	05:00:00	1.31507	1.31544	1.31423	1.31426	1176	0	10
2025.11.17	06:00:00	1.31429	1.31514	1.31353	1.31483	1831	0	10
2025.11.17	07:00:00	1.31482	1.31767	1.31480	1.31755	2603	0	10
2025.11.17	08:00:00	1.31757	1.31805	1.31586	1.31644	3577	0	10
2025.11.17	09:00:00	1.31644	1.31756	1.31577	1.31642	3100	0	10
2025.11.17	10:00:00	1.31642	1.31710	1.31509	1.31537	2774	0	10
2025.11.17	11:00:00	1.31538	1.31801	1.31487	1.31799	3184	0	10
2025.11.17	12:00:00	1.31795	1.31927	1.31761	1.31796	3051	0	10
2025.11.17	13:00:00	1.31797	1.31875	1.31715	1.31727	3340	0	10
2025.11.17	14:00:00	1.31727	1.31773	1.31617	1.31650	3548	0	10
2025.11.17	15:00:00	1.31649	1.31774	1.31606	1.31769	3954	0	10
2025.11.17	16:00:00	1.31767	1.31785	1.31644	1.31774	3062	0	10
2025.11.17	17:00:00	1.31778	1.31787	1.31667	1.31695	2309	0	10
2025.11.17	18:00:00	1.31697	1.31706	1.31583	1.31596	2236	0	10
2025.11.17	19:00:00	1.31596	1.31643	1.31451	1.31460	2303	0	10
2025.11.17	20:00:00	1.31460	1.31569	1.31441	1.31544	2023	0	10
2025.11.17	21:00:00	1.31543	1.31588	1.31520	1.31524	1010	0	10
2025.11.17	22:00:00	1.31524	1.31561	1.31489	1.31523	679	0	15
2025.11.17	23:00:00	1.31562	1.31566	1.31518	1.31551	929	0	10
2025.11.18	00:00:00	1.31550	1.31550	1.31454	1.31480	1450	0	10
2025.11.18	01:00:00	1.31479	1.31543	1.31446	1.31508	1697	0	10
2025.11.18	02:00:00	1.31506	1.31544	1.31487	1.31527	1428	0	10
2025.11.18	03:00:00	1.31531	1.31553	1.31475	1.31488	1489	0	10
2025.11.18	04:00:00	1.31487	1.31629	1.31446	1.31624	2125	0	10
2025.11.18	05:00:00	1.31622	1.31639	1.31601	1.31603	1585	0	10
2025.11.18	06:00:00	1.31603	1.31620	1.31476	1.31491	2018	0	10
2025.11.18	07:00:00	1.31490	1.31628	1.31474	1.31497	3232	0	10
2025.11.18	08:00:00	1.31496	1.31765	1.31475	1.31554	4065	0	10
2025.11.18	09:00:00	1.31558	1.31634	1.31490	1.31523	3349	0	10
2025.11.18	10:00:00	1.31525	1.31555	1.31426	1.31473	2772	0	10
2025.11.18	11:00:00	1.31471	1.31490	1.31367	1.31405	2226	0	10
2025.11.18	12:00:00	1.31406	1.31536	1.31372	1.31523	2708	0	10
2025.11.18	13:00:00	1.31527	1.31607	1.31333	1.31536	4797	0	10
2025.11.18	14:00:00	1.31537	1.31631	1.31494	1.31570	3718	0	10
2025.11.18	15:00:00	1.31568	1.31709	1.31430	1.31439	4390	0	10
2025.11.18	16:00:00	1.31436	1.31497	1.31347	1.31497	3824	0	10
2025.11.18	17:00:00	1.31494	1.31507	1.31375	1.31405	2566	0	10
2025.11.18	18:00:00	1.31407	1.31560	1.31392	1.31519	2523	0	10
2025.11.18	19:00:00	1.31519	1.31566	1.31486	1.31547	1905	0	10
2025.11.18	20:00:00	1.31547	1.31564	1.31446	1.31459	1752	0	10
2025.11.18	21:00:00	1.31460	1.31490	1.31434	1.31440	1061	0	4
2025.11.18	22:00:00	1.31437	1.31471	1.31389	1.31460	451	0	22
2025.11.18	23:00:00	1.31480	1.31480	1.31428	1.31469	804	0	10
2025.11.19	00:00:00	1.31468	1.31487	1.31397	1.31405	1520	0	10
2025.11.19	01:00:00	1.31403	1.31426	1.31310	1.31326	1960	0	10
2025.11.19	02:00:00	1.31329	1.31397	1.31287	1.31365	1767	0	10
2025.11.19	03:00:00	1.31366	1.31442	1.31355	1.31396	1382	0	10
2025.11.19	04:00:00	1.31396	1.31400	1.31319	1.31395	1499	0	10
2025.11.19	05:00:00	1.31394	1.31467	1.31384	1.31455	1503	0	10
2025.11.19	06:00:00	1.31456	1.31548	1.31442	1.31517	1539	0	10
2025.11.19	07:00:00	1.31512	1.31547	1.31314	1.31418	4265	0	10
2025.11.19	08:00:00	1.31420	1.31480	1.31228	1.31237	3385	0	10
2025.11.19	09:00:00	1.31235	1.31369	1.31173	1.31265	3287	0	10
2025.11.19	10:00:00	1.31263	1.31280	1.30921	1.31048	4102	0	10
2025.11.19	11:00:00	1.31048	1.31267	1.31029	1.31267	3540	0	10
2025.11.19	12:00:00	1.31268	1.31300	1.31148	1.31176	2600	0	10
2025.11.19	13:00:00	1.31177	1.31288	1.31126	1.31186	3246	0	10
2025.11.19	14:00:00	1.31184	1.31219	1.31050	1.31084	3646	0	10
2025.11.19	15:00:00	1.31087	1.31157	1.30708	1.30790	4355	0	10
2025.11.19	16:00:00	1.30788	1.30851	1.30666	1.30750	3794	0	10
2025.11.19	17:00:00	1.30747	1.30800	1.30563	1.30678	3074	0	10
2025.11.19	18:00:00	1.30679	1.30760	1.30625	1.30652	2341	0	10
2025.11.19	19:00:00	1.30654	1.30682	1.30430	1.30458	3008	0	10
2025.11.19	20:00:00	1.30454	1.30545	1.30438	1.30492	1867	0	10
2025.11.19	21:00:00	1.30492	1.30612	1.30437	1.30570	1996	0	4
2025.11.19	22:00:00	1.30571	1.30583	1.30558	1.30561	453	0	13
2025.11.19	23:00:00	1.30572	1.30620	1.30523	1.30596	1158	0	10
2025.11.20	00:00:00	1.30596	1.30596	1.30490	1.30542	1624	0	10
2025.11.20	01:00:00	1.30543	1.30556	1.30446	1.30458	1984	0	10
2025.11.20	02:00:00	1.30458	1.30526	1.30372	1.30521	1727	0	10
2025.11.20	03:00:00	1.30521	1.30557	1.30402	1.30463	1805	0	10
2025.11.20	04:00:00	1.30463	1.30617	1.30434	1.30583	1368	0	10
2025.11.20	05:00:00	1.30582	1.30589	1.30516	1.30524	1394	0	10
2025.11.20	06:00:00	1.30524	1.30640	1.30494	1.30626	1905	0	10
2025.11.20	07:00:00	1.30628	1.30702	1.30566	1.30687	2627	0	10
2025.11.20	08:00:00	1.30686	1.30764	1.30590	1.30645	3444	0	10
2025.11.20	09:00:00	1.30645	1.30794	1.30606	1.30784	2898	0	10
2025.11.20	10:00:00	1.30785	1.30844	1.30715	1.30727	2162	0	10
2025.11.20	11:00:00	1.30729	1.30765	1.30628	1.30644	2230	0	10
2025.11.20	12:00:00	1.30643	1.30653	1.30558	1.30567	2235	0	10
2025.11.20	13:00:00	1.30567	1.30992	1.30480	1.30950	7628	0	10
2025.11.20	14:00:00	1.30950	1.31233	1.30806	1.31115	6802	0	10
2025.11.20	15:00:00	1.31114	1.31127	1.30803	1.30943	4136	0	10
2025.11.20	16:00:00	1.30943	1.31025	1.30742	1.30766	4435	0	10
2025.11.20	17:00:00	1.30765	1.30818	1.30654	1.30676	4072	0	10
2025.11.20	18:00:00	1.30673	1.30800	1.30664	1.30748	2777	0	10
2025.11.20	19:00:00	1.30746	1.30874	1.30704	1.30869	2046	0	10
2025.11.20	20:00:00	1.30869	1.30873	1.30689	1.30697	1929	0	10
2025.11.20	21:00:00	1.30696	1.30733	1.30674	1.30714	1094	0	9
2025.11.20	22:00:00	1.30715	1.30743	1.30699	1.30699	458	0	11
2025.11.20	23:00:00	1.30719	1.30848	1.30681	1.30825	1489	0	10
2025.11.21	00:00:00	1.30825	1.30872	1.30743	1.30841	2333	0	10
2025.11.21	01:00:00	1.30840	1.30870	1.30787	1.30817	2446	0	10
2025.11.21	02:00:00	1.30817	1.30864	1.30743	1.30797	1834	0	10
2025.11.21	03:00:00	1.30796	1.30879	1.30760	1.30862	1588	0	10
2025.11.21	04:00:00	1.30862	1.30920	1.30850	1.30899	1589	0	10
2025.11.21	05:00:00	1.30901	1.30959	1.30875	1.30890	1630	0	10
2025.11.21	06:00:00	1.30893	1.30970	1.30878	1.30904	2356	0	10
2025.11.21	07:00:00	1.30904	1.30910	1.30655	1.30804	3943	0	10
2025.11.21	08:00:00	1.30808	1.31028	1.30727	1.30979	5344	0	10
2025.11.21	09:00:00	1.30983	1.30993	1.30587	1.30614	4300	0	10
2025.11.21	10:00:00	1.30609	1.30651	1.30498	1.30642	4294	0	10
2025.11.21	11:00:00	1.30643	1.30687	1.30416	1.30448	3279	0	10
2025.11.21	12:00:00	1.30447	1.30888	1.30384	1.30886	6665	0	10
2025.11.21	13:00:00	1.30883	1.30947	1.30795	1.30840	3572	0	10
2025.11.21	14:00:00	1.30835	1.30918	1.30693	1.30893	5139	0	10
2025.11.21	15:00:00	1.30891	1.30995	1.30759	1.30847	5382	0	10
2025.11.21	16:00:00	1.30844	1.30995	1.30726	1.30972	3740	0	10
2025.11.21	17:00:00	1.30975	1.31074	1.30882	1.31002	3162	0	10
2025.11.21	18:00:00	1.31002	1.31007	1.30910	1.30962	2435	0	10
2025.11.21	19:00:00	1.30962	1.31093	1.30960	1.31022	2014	0	10
2025.11.21	20:00:00	1.31024	1.31050	1.30985	1.31050	1594	0	10
2025.11.21	21:00:00	1.31046	1.31080	1.30948	1.30972	2933	0	10
2025.11.23	22:00:00	1.30920	1.30983	1.30887	1.30963	419	0	55
2025.11.23	23:00:00	1.30986	1.30996	1.30920	1.30957	1189	0	10
2025.11.24	00:00:00	1.30957	1.30961	1.30852	1.30883	1287	0	10
2025.11.24	01:00:00	1.30883	1.30933	1.30870	1.30881	2085	0	10
2025.11.24	02:00:00	1.30881	1.30989	1.30881	1.30954	2421	0	10
2025.11.24	03:00:00	1.30955	1.31017	1.30933	1.30972	1311	0	10
2025.11.24	04:00:00	1.30972	1.31026	1.30961	1.31008	1201	0	10
2025.11.24	05:00:00	1.31007	1.31070	1.31002	1.31019	1844	0	10
2025.11.24	06:00:00	1.31018	1.31114	1.30982	1.30990	1832	0	10
2025.11.24	07:00:00	1.30989	1.30999	1.30883	1.30895	2735	0	10
2025.11.24	08:00:00	1.30899	1.31098	1.30886	1.30952	3927	0	10
2025.11.24	09:00:00	1.30951	1.30983	1.30870	1.30896	3104	0	10
2025.11.24	10:00:00	1.30896	1.30984	1.30884	1.30936	2977	0	10
2025.11.24	11:00:00	1.30937	1.30960	1.30883	1.30908	2490	0	10
2025.11.24	12:00:00	1.30908	1.31157	1.30872	1.31109	2834	0	10
2025.11.24	13:00:00	1.31112	1.31178	1.31040	1.31052	2762	0	10
2025.11.24	14:00:00	1.31048	1.31061	1.30844	1.30915	4025	0	10
2025.11.24	15:00:00	1.30917	1.30996	1.30800	1.30977	3701	0	10
2025.11.24	16:00:00	1.30973	1.31071	1.30938	1.30951	2763	0	10
2025.11.24	17:00:00	1.30952	1.31043	1.30851	1.31001	2711	0	10
2025.11.24	18:00:00	1.31000	1.31153	1.30992	1.31151	1849	0	10
2025.11.24	19:00:00	1.31153	1.31162	1.31050	1.31081	1813	0	10
2025.11.24	20:00:00	1.31082	1.31115	1.31065	1.31085	1503	0	10
2025.11.24	21:00:00	1.31083	1.31099	1.31027	1.31027	820	0	4
2025.11.24	22:00:00	1.31029	1.31085	1.31003	1.31062	862	0	18
2025.11.24	23:00:00	1.31075	1.31083	1.31033	1.31053	869	0	10
2025.11.25	00:00:00	1.31053	1.31076	1.31018	1.31075	1274	0	10
2025.11.25	01:00:00	1.31074	1.31154	1.31066	1.31075	1883	0	10
2025.11.25	02:00:00	1.31075	1.31124	1.31048	1.31122	1374	0	10
2025.11.25	03:00:00	1.31120	1.31152	1.30986	1.30997	1697	0	10
2025.11.25	04:00:00	1.30998	1.30998	1.30962	1.30978	811	0	10
2025.11.25	05:00:00	1.30978	1.31035	1.30950	1.31014	1162	0	10
2025.11.25	06:00:00	1.31015	1.31059	1.30977	1.31035	1759	0	10
2025.11.25	07:00:00	1.31038	1.31282	1.31034	1.31215	2853	0	10
2025.11.25	08:00:00	1.31216	1.31284	1.31087	1.31093	3616	0	10
2025.11.25	09:00:00	1.31096	1.31380	1.31083	1.31344	2920	0	10
2025.11.25	10:00:00	1.31341	1.31402	1.31230	1.31292	2459	0	10
2025.11.25	11:00:00	1.31290	1.31290	1.31090	1.31119	2372	0	10
2025.11.25	12:00:00	1.31119	1.31383	1.31085	1.31340	4472	0	10
2025.11.25	13:00:00	1.31344	1.31597	1.31314	1.31533	5157	0	10
2025.11.25	14:00:00	1.31532	1.31828	1.31522	1.31777	5537	0	10
2025.11.25	15:00:00	1.31773	1.31953	1.31729	1.31763	4863	0	10
2025.11.25	16:00:00	1.31762	1.31850	1.31705	1.31718	2622	0	10
2025.11.25	17:00:00	1.31719	1.32038	1.31711	1.32003	5428	0	10
2025.11.25	18:00:00	1.32007	1.32134	1.31976	1.32055	2930	0	10
2025.11.25	19:00:00	1.32055	1.32137	1.32002	1.32114	1817	0	10
2025.11.25	20:00:00	1.32115	1.32137	1.31530	1.31615	4081	0	10
2025.11.25	21:00:00	1.31617	1.31714	1.31612	1.31641	1776	0	7
2025.11.25	22:00:00	1.31639	1.31672	1.31576	1.31625	636	0	22
2025.11.25	23:00:00	1.31653	1.31721	1.31573	1.31577	1352	0	10
2025.11.26	00:00:00	1.31578	1.31734	1.31578	1.31669	2319	0	10
2025.11.26	01:00:00	1.31677	1.31874	1.31652	1.31785	4809	0	10
2025.11.26	02:00:00	1.31781	1.31933	1.31764	1.31870	3507	0	10
2025.11.26	03:00:00	1.31873	1.31966	1.31861	1.31958	1900	0	10
2025.11.26	04:00:00	1.31958	1.31966	1.31869	1.31871	1151	0	10
2025.11.26	05:00:00	1.31871	1.31917	1.31869	1.31911	1154	0	10
2025.11.26	06:00:00	1.31912	1.31978	1.31830	1.31885	2054	0	10
2025.11.26	07:00:00	1.31882	1.31942	1.31651	1.31788	3559	0	10
2025.11.26	08:00:00	1.31790	1.31869	1.31671	1.31731	4242	0	10
2025.11.26	09:00:00	1.31732	1.31804	1.31679	1.31737	2985	0	10
2025.11.26	10:00:00	1.31739	1.31767	1.31569	1.31615	2765	0	10
2025.11.26	11:00:00	1.31615	1.32016	1.31498	1.31725	9468	0	10
2025.11.26	12:00:00	1.31720	1.31888	1.31241	1.31836	13575	0	10
2025.11.26	13:00:00	1.31837	1.32237	1.31763	1.31922	9646	0	10
2025.11.26	14:00:00	1.31924	1.32071	1.31846	1.31977	5454	0	10
2025.11.26	15:00:00	1.31975	1.32346	1.31951	1.32252	5932	0	10
2025.11.26	16:00:00	1.32255	1.32380	1.32190	1.32250	3912	0	10
2025.11.26	17:00:00	1.32251	1.32298	1.32187	1.32255	2782	0	10
2025.11.26	18:00:00	1.32258	1.32336	1.32231	1.32332	2093	0	10
2025.11.26	19:00:00	1.32333	1.32369	1.32295	1.32339	1627	0	10
2025.11.26	20:00:00	1.32335	1.32415	1.32320	1.32352	1337	0	10
2025.11.26	21:00:00	1.32352	1.32440	1.32338	1.32400	1225	0	9
2025.11.26	22:00:00	1.32395	1.32398	1.32344	1.32366	1025	0	11
2025.11.26	23:00:00	1.32385	1.32470	1.32385	1.32442	841	0	10
2025.11.27	00:00:00	1.32442	1.32499	1.32429	1.32477	1421	0	10
2025.11.27	01:00:00	1.32479	1.32603	1.32479	1.32566	2396	0	10
2025.11.27	02:00:00	1.32568	1.32622	1.32486	1.32511	2288	0	10
2025.11.27	03:00:00	1.32511	1.32570	1.32475	1.32551	1611	0	10
2025.11.27	04:00:00	1.32551	1.32680	1.32535	1.32567	1664	0	10
2025.11.27	05:00:00	1.32564	1.32684	1.32562	1.32586	2065	0	10
2025.11.27	06:00:00	1.32589	1.32635	1.32388	1.32428	2630	0	10
2025.11.27	07:00:00	1.32428	1.32467	1.32291	1.32385	2382	0	10
2025.11.27	08:00:00	1.32385	1.32418	1.32175	1.32230	2787	0	10
2025.11.27	09:00:00	1.32226	1.32235	1.32094	1.32134	2504	0	10
2025.11.27	10:00:00	1.32135	1.32270	1.32112	1.32237	2073	0	10
2025.11.27	11:00:00	1.32237	1.32318	1.32200	1.32291	2069	0	10
2025.11.27	12:00:00	1.32291	1.32342	1.32252	1.32327	1781	0	10
2025.11.27	13:00:00	1.32326	1.32489	1.32324	1.32427	2587	0	10
2025.11.27	14:00:00	1.32427	1.32451	1.32284	1.32333	2226	0	10
2025.11.27	15:00:00	1.32330	1.32520	1.32322	1.32507	2152	0	10
2025.11.27	16:00:00	1.32503	1.32546	1.32393	1.32436	1663	0	10
2025.11.27	17:00:00	1.32436	1.32474	1.32300	1.32377	1242	0	10
2025.11.27	18:00:00	1.32376	1.32384	1.32333	1.32342	662	0	10
2025.11.27	19:00:00	1.32341	1.32379	1.32339	1.32368	573	0	10
2025.11.27	20:00:00	1.32368	1.32386	1.32351	1.32369	1108	0	10
2025.11.27	21:00:00	1.32369	1.32402	1.32359	1.32384	506	0	9
2025.11.27	22:00:00	1.32381	1.32385	1.32295	1.32333	761	0	22
2025.11.27	23:00:00	1.32353	1.32407	1.32352	1.32395	545	0	10
2025.11.28	00:00:00	1.32395	1.32440	1.32323	1.32359	1973	0	10
2025.11.28	01:00:00	1.32358	1.32422	1.32277	1.32325	1960	0	10
2025.11.28	02:00:00	1.32326	1.32402	1.32283	1.32350	8806	0	10
2025.11.28	03:00:00	1.32346	1.32445	1.32321	1.32379	9198	0	10
2025.11.28	04:00:00	1.32377	1.32438	1.32328	1.32384	8878	0	10
2025.11.28	05:00:00	1.32386	1.32405	1.32267	1.32325	7372	0	10
2025.11.28	06:00:00	1.32327	1.32341	1.32140	1.32165	10385	0	10
2025.11.28	07:00:00	1.32161	1.32197	1.32101	1.32135	10579	0	10
2025.11.28	08:00:00	1.32131	1.32144	1.32017	1.32026	8847	0	10
2025.11.28	09:00:00	1.32030	1.32274	1.32003	1.32077	12974	0	10
2025.11.28	10:00:00	1.32080	1.32147	1.32021	1.32066	13968	0	10
2025.11.28	11:00:00	1.32073	1.32127	1.32008	1.32021	14279	0	10
2025.11.28	12:00:00	1.32017	1.32194	1.31998	1.32162	5837	0	10
2025.11.28	13:00:00	1.32159	1.32269	1.32095	1.32234	6257	0	29
2025.11.28	14:00:00	1.32238	1.32297	1.32142	1.32290	2633	0	29
2025.11.28	15:00:00	1.32290	1.32536	1.32055	1.32493	4038	0	29
2025.11.28	16:00:00	1.32490	1.32504	1.32333	1.32351	2576	0	29
2025.11.28	17:00:00	1.32355	1.32383	1.32255	1.32349	1798	0	29
2025.11.28	18:00:00	1.32343	1.32366	1.32282	1.32363	1446	0	29
2025.11.28	19:00:00	1.32364	1.32444	1.32347	1.32432	1224	0	38
2025.11.28	20:00:00	1.32435	1.32440	1.32391	1.32391	721	0	38
2025.11.28	21:00:00	1.32391	1.32431	1.32277	1.32292	1801	0	58
2025.11.30	22:00:00	1.32261	1.32279	1.32145	1.32273	818	0	93
2025.11.30	23:00:00	1.32307	1.32478	1.32295	1.32388	1525	0	10
2025.12.01	00:00:00	1.32388	1.32437	1.32356	1.32364	2493	0	10
2025.12.01	01:00:00	1.32363	1.32467	1.32305	1.32374	3478	0	10
2025.12.01	02:00:00	1.32373	1.32398	1.32241	1.32271	2280	0	10
2025.12.01	03:00:00	1.32272	1.32307	1.32216	1.32304	1526	0	10
2025.12.01	04:00:00	1.32306	1.32335	1.32256	1.32266	1366	0	10
2025.12.01	05:00:00	1.32264	1.32310	1.32182	1.32208	1902	0	10
2025.12.01	06:00:00	1.32207	1.32223	1.32102	1.32156	2283	0	10
2025.12.01	07:00:00	1.32158	1.32363	1.32124	1.32195	3015	0	10
2025.12.01	08:00:00	1.32199	1.32291	1.32050	1.32106	4647	0	10
2025.12.01	09:00:00	1.32108	1.32351	1.32105	1.32324	3750	0	10
2025.12.01	10:00:00	1.32323	1.32332	1.32172	1.32277	3082	0	10
2025.12.01	11:00:00	1.32274	1.32365	1.32201	1.32332	2949	0	10
2025.12.01	12:00:00	1.32331	1.32695	1.32327	1.32669	3290	0	10
2025.12.01	13:00:00	1.32668	1.32754	1.32589	1.32656	3794	0	10
2025.12.01	14:00:00	1.32653	1.32658	1.32434	1.32500	4420	0	10
2025.12.01	15:00:00	1.32503	1.32593	1.32297	1.32514	4785	0	10
2025.12.01	16:00:00	1.32514	1.32523	1.32222	1.32267	3546	0	10
2025.12.01	17:00:00	1.32266	1.32318	1.32209	1.32245	2410	0	10
2025.12.01	18:00:00	1.32243	1.32277	1.32122	1.32150	2003	0	10
2025.12.01	19:00:00	1.32148	1.32150	1.32077	1.32124	1845	0	10
2025.12.01	20:00:00	1.32121	1.32144	1.32089	1.32126	1158	0	10
2025.12.01	21:00:00	1.32124	1.32145	1.32097	1.32121	890	0	9
2025.12.01	22:00:00	1.32123	1.32123	1.32086	1.32108	621	0	13
2025.12.01	23:00:00	1.32118	1.32127	1.32083	1.32085	561	0	10
2025.12.02	00:00:00	1.32085	1.32116	1.32047	1.32062	995	0	10
2025.12.02	01:00:00	1.32062	1.32137	1.32027	1.32115	1305	0	10
2025.12.02	02:00:00	1.32114	1.32168	1.32105	1.32156	903	0	10
2025.12.02	03:00:00	1.32157	1.32176	1.32124	1.32167	1088	0	10
2025.12.02	04:00:00	1.32167	1.32213	1.32152	1.32154	777	0	10
2025.12.02	05:00:00	1.32154	1.32168	1.32104	1.32140	830	0	10
2025.12.02	06:00:00	1.32138	1.32158	1.32073	1.32126	1365	0	10
2025.12.02	07:00:00	1.32123	1.32196	1.32083	1.32149	2231	0	10
2025.12.02	08:00:00	1.32151	1.32198	1.32074	1.32115	2788	0	10
2025.12.02	09:00:00	1.32112	1.32207	1.32005	1.32098	2822	0	10
2025.12.02	10:00:00	1.32096	1.32120	1.31804	1.31950	3559	0	10
2025.12.02	11:00:00	1.31950	1.32016	1.31913	1.31980	2473	0	10
2025.12.02	12:00:00	1.31976	1.32097	1.31942	1.32085	2391	0	10
2025.12.02	13:00:00	1.32088	1.32089	1.31971	1.32063	2471	0	10
2025.12.02	14:00:00	1.32064	1.32129	1.31991	1.32105	3579	0	10
2025.12.02	15:00:00	1.32103	1.32132	1.31851	1.32005	4398	0	10
2025.12.02	16:00:00	1.32003	1.32039	1.31802	1.31835	3292	0	10
2025.12.02	17:00:00	1.31833	1.31949	1.31789	1.31938	2261	0	10
2025.12.02	18:00:00	1.31937	1.32016	1.31901	1.31971	1602	0	10
2025.12.02	19:00:00	1.31970	1.32129	1.31966	1.32093	1657	0	10
2025.12.02	20:00:00	1.32092	1.32143	1.32060	1.32112	1409	0	10
2025.12.02	21:00:00	1.32112	1.32153	1.32060	1.32113	928	0	10
2025.12.02	22:00:00	1.32112	1.32119	1.31994	1.32054	819	0	20
2025.12.02	23:00:00	1.32049	1.32207	1.32049	1.32196	751	0	10
2025.12.03	00:00:00	1.32196	1.32224	1.32168	1.32214	1366	0	10
2025.12.03	01:00:00	1.32213	1.32267	1.32212	1.32264	1311	0	10
2025.12.03	02:00:00	1.32264	1.32302	1.32238	1.32292	1039	0	10
2025.12.03	03:00:00	1.32291	1.32317	1.32279	1.32286	921	0	10
2025.12.03	04:00:00	1.32286	1.32326	1.32263	1.32312	741	0	10
2025.12.03	05:00:00	1.32312	1.32377	1.32312	1.32361	978	0	10
2025.12.03	06:00:00	1.32362	1.32424	1.32346	1.32421	1337	0	10
2025.12.03	07:00:00	1.32420	1.32521	1.32379	1.32424	2280	0	10
2025.12.03	08:00:00	1.32423	1.32629	1.32369	1.32585	2593	0	10
2025.12.03	09:00:00	1.32585	1.32844	1.32558	1.32784	3407	0	10
2025.12.03	10:00:00	1.32781	1.32895	1.32736	1.32829	2629	0	10
2025.12.03	11:00:00	1.32830	1.32962	1.32788	1.32958	2054	0	10
2025.12.03	12:00:00	1.32959	1.33036	1.32937	1.32985	2216	0	10
2025.12.03	13:00:00	1.32985	1.33151	1.32962	1.32990	3519	0	10
2025.12.03	14:00:00	1.32991	1.33163	1.32919	1.33130	3515	0	10
2025.12.03	15:00:00	1.33126	1.33310	1.33040	1.33304	4462	0	10
2025.12.03	16:00:00	1.33305	1.33470	1.33288	1.33314	3264	0	10
2025.12.03	17:00:00	1.33311	1.33475	1.33280	1.33418	2331	0	10
2025.12.03	18:00:00	1.33420	1.33529	1.33382	1.33471	2284	0	10
2025.12.03	19:00:00	1.33474	1.33526	1.33462	1.33505	1431	0	10
2025.12.03	20:00:00	1.33502	1.33520	1.33468	1.33476	1257	0	10
2025.12.03	21:00:00	1.33475	1.33536	1.33469	1.33518	1018	0	7
2025.12.03	22:00:00	1.33517	1.33519	1.33483	1.33483	546	0	11
2025.12.03	23:00:00	1.33505	1.33515	1.33443	1.33472	699	0	10
2025.12.04	00:00:00	1.33469	1.33469	1.33370	1.33395	1331	0	10
2025.12.04	01:00:00	1.33395	1.33436	1.33344	1.33395	1544	0	10
2025.12.04	02:00:00	1.33395	1.33398	1.33339	1.33361	1378	0	10
2025.12.04	03:00:00	1.33362	1.33362	1.33272	1.33319	1106	0	10
2025.12.04	04:00:00	1.33318	1.33335	1.33311	1.33312	798	0	10
2025.12.04	05:00:00	1.33312	1.33399	1.33311	1.33377	1362	0	10
2025.12.04	06:00:00	1.33377	1.33386	1.33314	1.33377	1430	0	10
2025.12.04	07:00:00	1.33378	1.33413	1.33308	1.33365	1669	0	10
2025.12.04	08:00:00	1.33366	1.33586	1.33330	1.33425	3311	0	10
2025.12.04	09:00:00	1.33424	1.33494	1.33360	1.33455	2783	0	10
2025.12.04	10:00:00	1.33455	1.33506	1.33367	1.33435	2541	0	10
2025.12.04	11:00:00	1.33435	1.33634	1.33402	1.33602	2581	0	10
2025.12.04	12:00:00	1.33598	1.33614	1.33398	1.33483	2616	0	10
2025.12.04	13:00:00	1.33486	1.33498	1.33216	1.33416	3977	0	10
2025.12.04	14:00:00	1.33419	1.33739	1.33419	1.33701	4307	0	10
2025.12.04	15:00:00	1.33697	1.33852	1.33536	1.33725	3803	0	10
2025.12.04	16:00:00	1.33723	1.33728	1.33471	1.33519	2952	0	10
2025.12.04	17:00:00	1.33521	1.33525	1.33404	1.33429	1727	0	10
2025.12.04	18:00:00	1.33429	1.33508	1.33354	1.33429	1821	0	10
2025.12.04	19:00:00	1.33426	1.33459	1.33373	1.33398	1604	0	10
2025.12.04	20:00:00	1.33395	1.33395	1.33265	1.33284	1501	0	10
2025.12.04	21:00:00	1.33284	1.33317	1.33242	1.33253	852	0	9
2025.12.04	22:00:00	1.33251	1.33251	1.33196	1.33231	966	0	15
2025.12.04	23:00:00	1.33243	1.33259	1.33200	1.33219	598	0	10
2025.12.05	00:00:00	1.33219	1.33296	1.33216	1.33294	1003	0	10
2025.12.05	01:00:00	1.33294	1.33330	1.33275	1.33329	1391	0	10
2025.12.05	02:00:00	1.33328	1.33339	1.33296	1.33319	989	0	10
2025.12.05	03:00:00	1.33317	1.33319	1.33244	1.33265	658	0	10
2025.12.05	04:00:00	1.33265	1.33367	1.33264	1.33360	1075	0	10
2025.12.05	05:00:00	1.33360	1.33452	1.33352	1.33446	1209	0	10
2025.12.05	06:00:00	1.33444	1.33520	1.33415	1.33485	1156	0	10
2025.12.05	07:00:00	1.33483	1.33622	1.33476	1.33526	2384	0	10
2025.12.05	08:00:00	1.33524	1.33598	1.33451	1.33495	2867	0	10
2025.12.05	09:00:00	1.33492	1.33535	1.33421	1.33452	2074	0	10
2025.12.05	10:00:00	1.33453	1.33482	1.33323	1.33378	2037	0	10
2025.12.05	11:00:00	1.33376	1.33398	1.33275	1.33397	2005	0	10
2025.12.05	12:00:00	1.33400	1.33485	1.33381	1.33479	2395	0	10
2025.12.05	13:00:00	1.33480	1.33554	1.33393	1.33502	2674	0	10
2025.12.05	14:00:00	1.33501	1.33617	1.33424	1.33474	3351	0	10
2025.12.05	15:00:00	1.33477	1.33591	1.33384	1.33423	3725	0	10
2025.12.05	16:00:00	1.33426	1.33431	1.33159	1.33222	3699	0	10
2025.12.05	17:00:00	1.33222	1.33311	1.33180	1.33302	2153	0	10
2025.12.05	18:00:00	1.33305	1.33403	1.33290	1.33330	1726	0	10
2025.12.05	19:00:00	1.33333	1.33358	1.33286	1.33335	1452	0	10
2025.12.05	20:00:00	1.33333	1.33336	1.33255	1.33324	1350	0	10
2025.12.05	21:00:00	1.33324	1.33367	1.33266	1.33333	1859	0	10
2025.12.07	22:00:00	1.33213	1.33286	1.33190	1.33278	487	0	47
2025.12.07	23:00:00	1.33297	1.33316	1.33226	1.33256	2527	0	10
2025.12.08	00:00:00	1.33257	1.33334	1.33221	1.33330	1692	0	10
2025.12.08	01:00:00	1.33332	1.33376	1.33304	1.33364	1762	0	10
2025.12.08	02:00:00	1.33365	1.33408	1.33343	1.33406	1303	0	10
2025.12.08	03:00:00	1.33408	1.33420	1.33356	1.33367	1017	0	10
2025.12.08	04:00:00	1.33367	1.33418	1.33362	1.33396	778	0	10
2025.12.08	05:00:00	1.33396	1.33406	1.33351	1.33365	1020	0	10
2025.12.08	06:00:00	1.33365	1.33462	1.33270	1.33305	2339	0	10
2025.12.08	07:00:00	1.33308	1.33346	1.33214	1.33243	2221	0	10
2025.12.08	08:00:00	1.33244	1.33332	1.33185	1.33273	2448	0	10
2025.12.08	09:00:00	1.33268	1.33284	1.33131	1.33168	2364	0	10
2025.12.08	10:00:00	1.33169	1.33290	1.33153	1.33185	1933	0	10
2025.12.08	11:00:00	1.33184	1.33263	1.33137	1.33172	2285	0	10
2025.12.08	12:00:00	1.33170	1.33219	1.33138	1.33195	2040	0	10
2025.12.08	13:00:00	1.33196	1.33287	1.33145	1.33194	2517	0	10
2025.12.08	14:00:00	1.33195	1.33381	1.33149	1.33262	3859	0	10
2025.12.08	15:00:00	1.33263	1.33274	1.33051	1.33111	4008	0	10
2025.12.08	16:00:00	1.33112	1.33245	1.33080	1.33184	2915	0	10
2025.12.08	17:00:00	1.33186	1.33241	1.33104	1.33232	2182	0	10
2025.12.08	18:00:00	1.33232	1.33304	1.33186	1.33241	1796	0	10
2025.12.08	19:00:00	1.33238	1.33287	1.33213	1.33263	1414	0	10
2025.12.08	20:00:00	1.33265	1.33291	1.33226	1.33248	1191	0	10
2025.12.08	21:00:00	1.33247	1.33255	1.33192	1.33208	838	0	9
2025.12.08	22:00:00	1.33210	1.33212	1.33166	1.33169	814	0	15
2025.12.08	23:00:00	1.33186	1.33267	1.33176	1.33267	644	0	10
2025.12.09	00:00:00	1.33266	1.33283	1.33184	1.33216	1053	0	10
2025.12.09	01:00:00	1.33218	1.33327	1.33179	1.33325	1442	0	10
2025.12.09	02:00:00	1.33325	1.33345	1.33258	1.33282	1243	0	10
2025.12.09	03:00:00	1.33282	1.33311	1.33256	1.33279	1308	0	10
2025.12.09	04:00:00	1.33279	1.33306	1.33262	1.33296	1236	0	10
2025.12.09	05:00:00	1.33296	1.33364	1.33264	1.33331	1305	0	10
2025.12.09	06:00:00	1.33330	1.33340	1.33272	1.33304	1780	0	10
2025.12.09	07:00:00	1.33306	1.33323	1.33228	1.33276	1626	0	10
2025.12.09	08:00:00	1.33279	1.33508	1.33260	1.33435	2412	0	10
2025.12.09	09:00:00	1.33432	1.33558	1.33410	1.33464	2783	0	10
2025.12.09	10:00:00	1.33462	1.33484	1.33294	1.33365	2439	0	10
2025.12.09	11:00:00	1.33365	1.33373	1.33238	1.33285	2322	0	10
2025.12.09	12:00:00	1.33284	1.33305	1.33154	1.33193	2311	0	10
2025.12.09	13:00:00	1.33194	1.33272	1.33095	1.33144	3184	0	10
2025.12.09	14:00:00	1.33141	1.33197	1.33008	1.33152	4809	0	10
2025.12.09	15:00:00	1.33148	1.33157	1.32865	1.32966	5005	0	10
2025.12.09	16:00:00	1.32965	1.33181	1.32964	1.33172	2921	0	10
2025.12.09	17:00:00	1.33175	1.33190	1.32960	1.32975	2400	0	10
2025.12.09	18:00:00	1.32974	1.33028	1.32908	1.33005	2013	0	10
2025.12.09	19:00:00	1.33006	1.33042	1.32951	1.33012	1754	0	10
2025.12.09	20:00:00	1.33009	1.33066	1.32971	1.32997	1352	0	10
2025.12.09	21:00:00	1.32998	1.33043	1.32970	1.32971	1203	0	7
2025.12.09	22:00:00	1.32970	1.32995	1.32960	1.32984	671	0	11
2025.12.09	23:00:00	1.32997	1.33034	1.32978	1.33024	587	0	10
2025.12.10	00:00:00	1.33024	1.33045	1.32982	1.33033	1138	0	10
2025.12.10	01:00:00	1.33033	1.33035	1.32954	1.32982	1442	0	10
2025.12.10	02:00:00	1.32981	1.33049	1.32973	1.32990	1173	0	10
2025.12.10	03:00:00	1.32987	1.33043	1.32981	1.33021	1220	0	10
2025.12.10	04:00:00	1.33021	1.33076	1.33020	1.33050	980	0	10
2025.12.10	05:00:00	1.33047	1.33093	1.33034	1.33067	1231	0	10
2025.12.10	06:00:00	1.33066	1.33136	1.33051	1.33130	1264	0	10
2025.12.10	07:00:00	1.33134	1.33254	1.33124	1.33235	1811	0	10
2025.12.10	08:00:00	1.33235	1.33269	1.33161	1.33181	2739	0	10
2025.12.10	09:00:00	1.33181	1.33182	1.33068	1.33127	2561	0	10
2025.12.10	10:00:00	1.33126	1.33154	1.33058	1.33124	2235	0	10
2025.12.10	11:00:00	1.33123	1.33159	1.33010	1.33097	2268	0	10
2025.12.10	12:00:00	1.33099	1.33169	1.33066	1.33140	2118	0	10
2025.12.10	13:00:00	1.33140	1.33315	1.33042	1.33296	3196	0	10
2025.12.10	14:00:00	1.33295	1.33339	1.33223	1.33292	3836	0	10
2025.12.10	15:00:00	1.33292	1.33363	1.33144	1.33201	3607	0	10
2025.12.10	16:00:00	1.33199	1.33388	1.33150	1.33376	2754	0	10
2025.12.10	17:00:00	1.33375	1.33473	1.33314	1.33452	2172	0	10
2025.12.10	18:00:00	1.33451	1.33465	1.33294	1.33344	2010	0	10
2025.12.10	19:00:00	1.33343	1.33694	1.33268	1.33643	15167	0	10
2025.12.10	20:00:00	1.33641	1.33884	1.33591	1.33842	5945	0	10
2025.12.10	21:00:00	1.33842	1.33863	1.33794	1.33800	2007	0	7
2025.12.10	22:00:00	1.33800	1.33803	1.33775	1.33788	742	0	15
2025.12.10	23:00:00	1.33795	1.33910	1.33783	1.33879	1518	0	10
2025.12.11	00:00:00	1.33879	1.33915	1.33759	1.33773	1829	0	10
2025.12.11	01:00:00	1.33775	1.33870	1.33771	1.33818	2226	0	10
2025.12.11	02:00:00	1.33817	1.33870	1.33694	1.33703	1707	0	10
2025.12.11	03:00:00	1.33702	1.33734	1.33656	1.33667	1827	0	10
2025.12.11	04:00:00	1.33668	1.33694	1.33625	1.33687	1513	0	10
2025.12.11	05:00:00	1.33686	1.33704	1.33610	1.33613	1335	0	10
2025.12.11	06:00:00	1.33613	1.33700	1.33590	1.33683	1583	0	10
2025.12.11	07:00:00	1.33688	1.33786	1.33653	1.33695	2913	0	10
2025.12.11	08:00:00	1.33693	1.33786	1.33651	1.33663	3143	0	10
2025.12.11	09:00:00	1.33663	1.33728	1.33540	1.33710	3199	0	10
2025.12.11	10:00:00	1.33712	1.33810	1.33673	1.33777	2585	0	10
2025.12.11	11:00:00	1.33777	1.33869	1.33748	1.33850	2215	0	10
2025.12.11	12:00:00	1.33850	1.33934	1.33784	1.33886	2649	0	10
2025.12.11	13:00:00	1.33889	1.34151	1.33839	1.34070	3763	0	10
2025.12.11	14:00:00	1.34073	1.34263	1.34062	1.34169	4075	0	10
2025.12.11	15:00:00	1.34169	1.34349	1.34111	1.34336	4099	0	10
2025.12.11	16:00:00	1.34339	1.34377	1.34156	1.34249	3376	0	10
2025.12.11	17:00:00	1.34248	1.34295	1.34161	1.34206	2783	0	10
2025.12.11	18:00:00	1.34203	1.34244	1.34119	1.34131	2150	0	10
2025.12.11	19:00:00	1.34130	1.34132	1.33893	1.33904	1940	0	10
2025.12.11	20:00:00	1.33903	1.33945	1.33819	1.33935	1992	0	10
2025.12.11	21:00:00	1.33934	1.33957	1.33855	1.33858	1125	0	7
2025.12.11	22:00:00	1.33857	1.33917	1.33810	1.33891	784	0	13
2025.12.11	23:00:00	1.33908	1.33936	1.33887	1.33930	675	0	10
2025.12.12	00:00:00	1.33930	1.33960	1.33919	1.33926	1692	0	10
2025.12.12	01:00:00	1.33929	1.33995	1.33894	1.33917	1738	0	10
2025.12.12	02:00:00	1.33916	1.33945	1.33896	1.33908	1134	0	10
2025.12.12	03:00:00	1.33907	1.33937	1.33889	1.33906	760	0	10
2025.12.12	04:00:00	1.33906	1.33937	1.33880	1.33884	805	0	10
2025.12.12	05:00:00	1.33884	1.33968	1.33880	1.33954	973	0	10
2025.12.12	06:00:00	1.33955	1.33987	1.33903	1.33951	1304	0	10
2025.12.12	07:00:00	1.33947	1.33947	1.33743	1.33840	2856	0	10
2025.12.12	08:00:00	1.33839	1.33885	1.33766	1.33781	3120	0	10
2025.12.12	09:00:00	1.33779	1.33854	1.33727	1.33826	2291	0	10
2025.12.12	10:00:00	1.33825	1.33831	1.33685	1.33757	2004	0	10
2025.12.12	11:00:00	1.33754	1.33778	1.33671	1.33747	1789	0	10
2025.12.12	12:00:00	1.33746	1.33769	1.33641	1.33728	2148	0	10
2025.12.12	13:00:00	1.33725	1.33831	1.33678	1.33693	2617	0	10
2025.12.12	14:00:00	1.33692	1.33780	1.33623	1.33721	3513	0	10
2025.12.12	15:00:00	1.33720	1.33781	1.33518	1.33543	4084	0	10
2025.12.12	16:00:00	1.33546	1.33595	1.33417	1.33483	3652	0	10
2025.12.12	17:00:00	1.33482	1.33730	1.33474	1.33726	2644	0	10
2025.12.12	18:00:00	1.33726	1.33765	1.33603	1.33607	2168	0	10
2025.12.12	19:00:00	1.33605	1.33663	1.33561	1.33652	1844	0	10
2025.12.12	20:00:00	1.33652	1.33743	1.33643	1.33661	2123	0	10
2025.12.12	21:00:00	1.33660	1.33723	1.33633	1.33718	1555	0	10
2025.12.14	22:00:00	1.33515	1.33702	1.33515	1.33674	976	0	66
2025.12.14	23:00:00	1.33701	1.33717	1.33638	1.33668	917	0	10
2025.12.15	00:00:00	1.33671	1.33675	1.33553	1.33652	1435	0	10
2025.12.15	01:00:00	1.33653	1.33737	1.33572	1.33729	1809	0	10
2025.12.15	02:00:00	1.33727	1.33740	1.33640	1.33678	1950	0	10
2025.12.15	03:00:00	1.33678	1.33700	1.33548	1.33564	1610	0	10
2025.12.15	04:00:00	1.33564	1.33601	1.33543	1.33575	1182	0	10
2025.12.15	05:00:00	1.33575	1.33658	1.33550	1.33636	1349	0	10
2025.12.15	06:00:00	1.33636	1.33669	1.33571	1.33653	1621	0	10
2025.12.15	07:00:00	1.33653	1.33697	1.33578	1.33631	2105	0	10
2025.12.15	08:00:00	1.33631	1.33734	1.33608	1.33673	2580	0	10
2025.12.15	09:00:00	1.33672	1.33880	1.33666	1.33871	2310	0	10
2025.12.15	10:00:00	1.33870	1.33876	1.33744	1.33797	2081	0	10
2025.12.15	11:00:00	1.33794	1.33896	1.33790	1.33826	1616	0	10
2025.12.15	12:00:00	1.33826	1.33940	1.33826	1.33895	1832	0	10
2025.12.15	13:00:00	1.33893	1.33960	1.33849	1.33865	2300	0	10
2025.12.15	14:00:00	1.33865	1.34014	1.33819	1.33961	3285	0	10
2025.12.15	15:00:00	1.33962	1.33975	1.33804	1.33942	4816	0	10
2025.12.15	16:00:00	1.33942	1.33952	1.33730	1.33793	3497	0	10
2025.12.15	17:00:00	1.33792	1.33808	1.33652	1.33674	2315	0	10
2025.12.15	18:00:00	1.33674	1.33747	1.33591	1.33656	2357	0	10
2025.12.15	19:00:00	1.33658	1.33729	1.33615	1.33723	1555	0	10
2025.12.15	20:00:00	1.33720	1.33751	1.33694	1.33734	1594	0	10
2025.12.15	21:00:00	1.33733	1.33780	1.33712	1.33747	1340	0	4
2025.12.15	22:00:00	1.33748	1.33753	1.33658	1.33720	911	0	18
2025.12.15	23:00:00	1.33719	1.33806	1.33719	1.33786	791	0	10
2025.12.16	00:00:00	1.33786	1.33830	1.33673	1.33696	1496	0	10
2025.12.16	01:00:00	1.33697	1.33726	1.33612	1.33677	2418	0	10
2025.12.16	02:00:00	1.33675	1.33706	1.33650	1.33684	1839	0	10
2025.12.16	03:00:00	1.33684	1.33738	1.33623	1.33652	1844	0	10
2025.12.16	04:00:00	1.33652	1.33697	1.33642	1.33674	1214	0	10
2025.12.16	05:00:00	1.33673	1.33695	1.33603	1.33619	1539	0	10
2025.12.16	06:00:00	1.33616	1.33662	1.33546	1.33645	1655	0	10
2025.12.16	07:00:00	1.33650	1.33783	1.33620	1.33750	2669	0	10
2025.12.16	08:00:00	1.33752	1.33943	1.33745	1.33932	3566	0	10
2025.12.16	09:00:00	1.33928	1.34150	1.33917	1.34097	3513	0	10
2025.12.16	10:00:00	1.34095	1.34266	1.34059	1.34226	3166	0	10
2025.12.16	11:00:00	1.34225	1.34307	1.34114	1.34307	2405	0	10
2025.12.16	12:00:00	1.34308	1.34369	1.34258	1.34362	2578	0	10
2025.12.16	13:00:00	1.34365	1.34555	1.34101	1.34254	7788	0	10
2025.12.16	14:00:00	1.34252	1.34456	1.34157	1.34423	5910	0	10
2025.12.16	15:00:00	1.34425	1.34472	1.34035	1.34153	5393	0	10
2025.12.16	16:00:00	1.34151	1.34288	1.34112	1.34261	3794	0	10
2025.12.16	17:00:00	1.34263	1.34400	1.34198	1.34236	3292	0	10
2025.12.16	18:00:00	1.34235	1.34264	1.34085	1.34242	3052	0	10
2025.12.16	19:00:00	1.34238	1.34313	1.33996	1.34253	3736	0	10
2025.12.16	20:00:00	1.34252	1.34354	1.34218	1.34245	2961	0	10
2025.12.16	21:00:00	1.34247	1.34256	1.34169	1.34169	1198	0	10
2025.12.16	22:00:00	1.34170	1.34218	1.34166	1.34200	712	0	13
2025.12.16	23:00:00	1.34199	1.34265	1.34199	1.34249	623	0	10
2025.12.17	00:00:00	1.34249	1.34265	1.34192	1.34205	1086	0	10
2025.12.17	01:00:00	1.34207	1.34256	1.34198	1.34243	1720	0	10
2025.12.17	02:00:00	1.34243	1.34245	1.34061	1.34085	1672	0	10
2025.12.17	03:00:00	1.34084	1.34122	1.34061	1.34092	1183	0	10
2025.12.17	04:00:00	1.34092	1.34093	1.33928	1.33944	1585	0	10
2025.12.17	05:00:00	1.33944	1.33954	1.33793	1.33831	2371	0	10
2025.12.17	06:00:00	1.33830	1.33895	1.33717	1.33763	2283	0	10
2025.12.17	07:00:00	1.33764	1.33773	1.33150	1.33219	5808	0	10
2025.12.17	08:00:00	1.33218	1.33316	1.33112	1.33265	3662	0	10
2025.12.17	09:00:00	1.33262	1.33348	1.33221	1.33254	3191	0	10
2025.12.17	10:00:00	1.33255	1.33350	1.33195	1.33346	2529	0	10
2025.12.17	11:00:00	1.33347	1.33371	1.33207	1.33271	2437	0	10
2025.12.17	12:00:00	1.33269	1.33459	1.33256	1.33439	2437	0	10
2025.12.17	13:00:00	1.33441	1.33585	1.33391	1.33558	3864	0	10
2025.12.17	14:00:00	1.33559	1.33659	1.33480	1.33622	3908	0	10
2025.12.17	15:00:00	1.33621	1.33999	1.33553	1.33986	5380	0	10
2025.12.17	16:00:00	1.33985	1.34062	1.33847	1.33893	4446	0	10
2025.12.17	17:00:00	1.33891	1.33951	1.33815	1.33866	2880	0	10
2025.12.17	18:00:00	1.33863	1.33946	1.33731	1.33757	2806	0	10
2025.12.17	19:00:00	1.33754	1.33805	1.33722	1.33764	2198	0	10
2025.12.17	20:00:00	1.33763	1.33836	1.33742	1.33779	1496	0	10
2025.12.17	21:00:00	1.33779	1.33799	1.33735	1.33741	1064	0	9
2025.12.17	22:00:00	1.33740	1.33759	1.33703	1.33747	773	0	18
2025.12.17	23:00:00	1.33769	1.33776	1.33725	1.33733	686	0	10
2025.12.18	00:00:00	1.33733	1.33765	1.33690	1.33755	1234	0	10
2025.12.18	01:00:00	1.33755	1.33786	1.33612	1.33639	2160	0	10
2025.12.18	02:00:00	1.33641	1.33704	1.33635	1.33685	1926	0	10
2025.12.18	03:00:00	1.33685	1.33707	1.33611	1.33643	1227	0	10
2025.12.18	04:00:00	1.33642	1.33690	1.33631	1.33679	966	0	10
2025.12.18	05:00:00	1.33684	1.33737	1.33663	1.33696	1379	0	10
2025.12.18	06:00:00	1.33695	1.33707	1.33618	1.33667	1664	0	10
2025.12.18	07:00:00	1.33667	1.33750	1.33632	1.33658	2741	0	10
2025.12.18	08:00:00	1.33657	1.33730	1.33544	1.33590	2881	0	10
2025.12.18	09:00:00	1.33589	1.33589	1.33405	1.33483	2895	0	10
2025.12.18	10:00:00	1.33480	1.33528	1.33432	1.33521	1958	0	10
2025.12.18	11:00:00	1.33524	1.33578	1.33486	1.33536	2231	0	10
2025.12.18	12:00:00	1.33526	1.33969	1.33481	1.33947	5524	0	10
2025.12.18	13:00:00	1.33947	1.34422	1.33907	1.34268	8230	0	10
2025.12.18	14:00:00	1.34272	1.34460	1.34091	1.34151	6729	0	10
2025.12.18	15:00:00	1.34151	1.34153	1.33855	1.33942	5649	0	10
2025.12.18	16:00:00	1.33945	1.34050	1.33809	1.33858	3962	0	10
2025.12.18	17:00:00	1.33860	1.33865	1.33697	1.33811	3409	0	10
2025.12.18	18:00:00	1.33812	1.33845	1.33745	1.33809	2444	0	10
2025.12.18	19:00:00	1.33807	1.33902	1.33795	1.33856	2412	0	10
2025.12.18	20:00:00	1.33854	1.33893	1.33769	1.33776	1935	0	10
2025.12.18	21:00:00	1.33774	1.33824	1.33772	1.33814	1194	0	7
2025.12.18	22:00:00	1.33813	1.33815	1.33761	1.33791	706	0	15
2025.12.18	23:00:00	1.33808	1.33866	1.33792	1.33831	1442	0	10
2025.12.19	00:00:00	1.33831	1.33856	1.33774	1.33846	1222	0	10
2025.12.19	01:00:00	1.33848	1.33865	1.33784	1.33819	1723	0	10
2025.12.19	02:00:00	1.33817	1.33858	1.33771	1.33789	1579	0	10
2025.12.19	03:00:00	1.33790	1.33821	1.33727	1.33774	1948	0	10
2025.12.19	04:00:00	1.33774	1.33803	1.33691	1.33720	1403	0	10
2025.12.19	05:00:00	1.33720	1.33767	1.33720	1.33754	1103	0	10
2025.12.19	06:00:00	1.33752	1.33852	1.33698	1.33828	2591	0	10
2025.12.19	07:00:00	1.33828	1.33854	1.33625	1.33647	2747	0	10
2025.12.19	08:00:00	1.33650	1.33805	1.33646	1.33737	2937	0	10
2025.12.19	09:00:00	1.33734	1.33876	1.33719	1.33814	2796	0	10
2025.12.19	10:00:00	1.33813	1.33864	1.33736	1.33806	2443	0	10
2025.12.19	11:00:00	1.33809	1.33817	1.33687	1.33723	2411	0	10
2025.12.19	12:00:00	1.33723	1.33784	1.33676	1.33730	2234	0	10
2025.12.19	13:00:00	1.33730	1.33738	1.33567	1.33720	3401	0	10
2025.12.19	14:00:00	1.33721	1.33865	1.33664	1.33704	4413	0	10
2025.12.19	15:00:00	1.33707	1.33726	1.33566	1.33613	4019	0	10
2025.12.19	16:00:00	1.33610	1.33774	1.33593	1.33771	3009	0	10
2025.12.19	17:00:00	1.33771	1.33807	1.33687	1.33769	2403	0	10
2025.12.19	18:00:00	1.33769	1.33898	1.33753	1.33856	2233	0	10
2025.12.19	19:00:00	1.33857	1.33915	1.33811	1.33901	1809	0	10
2025.12.19	20:00:00	1.33898	1.33937	1.33731	1.33738	1882	0	10
2025.12.19	21:00:00	1.33740	1.33799	1.33724	1.33748	1893	0	10
2025.12.21	22:00:00	1.33689	1.33787	1.33579	1.33767	624	0	60
2025.12.21	23:00:00	1.33790	1.33833	1.33737	1.33785	4201	0	10
2025.12.22	00:00:00	1.33789	1.33902	1.33782	1.33892	6357	0	10
2025.12.22	01:00:00	1.33888	1.33974	1.33887	1.33955	6999	0	10
2025.12.22	02:00:00	1.33955	1.33993	1.33911	1.33924	1126	0	10
2025.12.22	03:00:00	1.33924	1.33969	1.33913	1.33927	1406	0	10
2025.12.22	04:00:00	1.33927	1.34014	1.33915	1.33984	1193	0	10
2025.12.22	05:00:00	1.33983	1.34007	1.33952	1.33969	1132	0	10
2025.12.22	06:00:00	1.33968	1.33998	1.33910	1.33936	1532	0	10
2025.12.22	07:00:00	1.33934	1.34187	1.33934	1.34133	2668	0	10
2025.12.22	08:00:00	1.34130	1.34235	1.34088	1.34195	3001	0	10
2025.12.22	09:00:00	1.34191	1.34244	1.34099	1.34237	2347	0	10
2025.12.22	10:00:00	1.34237	1.34399	1.34237	1.34346	2796	0	10
2025.12.22	11:00:00	1.34348	1.34418	1.34315	1.34385	2304	0	10
2025.12.22	12:00:00	1.34385	1.34419	1.34256	1.34327	2670	0	10
2025.12.22	13:00:00	1.34331	1.34439	1.34310	1.34371	3018	0	10
2025.12.22	14:00:00	1.34372	1.34571	1.34311	1.34497	3109	0	10
2025.12.22	15:00:00	1.34498	1.34587	1.34438	1.34533	3289	0	10
2025.12.22	16:00:00	1.34531	1.34578	1.34460	1.34552	3078	0	10
2025.12.22	17:00:00	1.34551	1.34772	1.34549	1.34705	2859	0	10
2025.12.22	18:00:00	1.34703	1.34706	1.34561	1.34617	2025	0	10
2025.12.22	19:00:00	1.34616	1.34637	1.34535	1.34581	1743	0	10
2025.12.22	20:00:00	1.34583	1.34626	1.34541	1.34568	1584	0	10
2025.12.22	21:00:00	1.34567	1.34621	1.34559	1.34617	922	0	2
2025.12.22	22:00:00	1.34613	1.34615	1.34574	1.34602	888	0	13
2025.12.22	23:00:00	1.34623	1.34693	1.34619	1.34672	912	0	10
2025.12.23	00:00:00	1.34673	1.34758	1.34673	1.34714	1318	0	10
2025.12.23	01:00:00	1.34716	1.34832	1.34691	1.34765	1802	0	10
2025.12.23	02:00:00	1.34765	1.34857	1.34762	1.34822	1530	0	10
2025.12.23	03:00:00	1.34824	1.34894	1.34795	1.34884	1734	0	10
2025.12.23	04:00:00	1.34884	1.34920	1.34848	1.34875	1663	0	10
2025.12.23	05:00:00	1.34872	1.34933	1.34863	1.34884	1414	0	10
2025.12.23	06:00:00	1.34883	1.34896	1.34792	1.34804	1679	0	10
2025.12.23	07:00:00	1.34802	1.35024	1.34800	1.35010	2662	0	10
2025.12.23	08:00:00	1.35009	1.35112	1.34958	1.35094	3194	0	10
2025.12.23	09:00:00	1.35095	1.35182	1.34963	1.35051	3459	0	10
2025.12.23	10:00:00	1.35053	1.35170	1.35004	1.35148	2979	0	10
2025.12.23	11:00:00	1.35148	1.35184	1.35025	1.35031	2326	0	10
2025.12.23	12:00:00	1.35030	1.35109	1.35013	1.35017	2375	0	10
2025.12.23	13:00:00	1.35016	1.35125	1.34939	1.34941	4382	0	10
2025.12.23	14:00:00	1.34944	1.35002	1.34828	1.34841	4547	0	10
2025.12.23	15:00:00	1.34840	1.34960	1.34718	1.34830	4123	0	10
2025.12.23	16:00:00	1.34829	1.34873	1.34786	1.34845	2925	0	10
2025.12.23	17:00:00	1.34844	1.34870	1.34704	1.34729	2276	0	10
2025.12.23	18:00:00	1.34732	1.34891	1.34715	1.34891	1883	0	10
2025.12.23	19:00:00	1.34889	1.34971	1.34878	1.34962	1723	0	10
2025.12.23	20:00:00	1.34961	1.35001	1.34937	1.34986	1400	0	10
2025.12.23	21:00:00	1.34984	1.35238	1.34983	1.35153	1315	0	9
2025.12.23	22:00:00	1.35163	1.35171	1.35016	1.35135	853	0	15
2025.12.23	23:00:00	1.35151	1.35167	1.35092	1.35126	981	0	10
2025.12.24	00:00:00	1.35126	1.35170	1.35066	1.35145	1750	0	10
2025.12.24	01:00:00	1.35144	1.35314	1.35103	1.35289	2157	0	10
2025.12.24	02:00:00	1.35289	1.35336	1.35261	1.35265	1734	0	10
2025.12.24	03:00:00	1.35269	1.35269	1.35150	1.35159	1658	0	10
2025.12.24	04:00:00	1.35162	1.35162	1.35093	1.35132	1182	0	10
2025.12.24	05:00:00	1.35130	1.35219	1.35122	1.35185	1174	0	10
2025.12.24	06:00:00	1.35182	1.35239	1.35156	1.35202	1908	0	10
2025.12.24	07:00:00	1.35199	1.35228	1.35089	1.35102	2434	0	10
2025.12.24	08:00:00	1.35100	1.35217	1.35022	1.35215	2973	0	10
2025.12.24	09:00:00	1.35214	1.35278	1.35198	1.35217	2014	0	10
2025.12.24	10:00:00	1.35215	1.35235	1.35121	1.35162	2026	0	10
2025.12.24	11:00:00	1.35166	1.35191	1.35105	1.35139	2113	0	10
2025.12.24	12:00:00	1.35140	1.35142	1.35008	1.35033	2222	0	10
2025.12.24	13:00:00	1.35035	1.35090	1.35013	1.35043	3019	0	10
2025.12.24	14:00:00	1.35043	1.35105	1.34963	1.34966	3174	0	10
2025.12.24	15:00:00	1.34963	1.35095	1.34915	1.35067	3331	0	10
2025.12.24	16:00:00	1.35067	1.35105	1.34981	1.35018	2567	0	10
2025.12.24	17:00:00	1.35015	1.35057	1.34922	1.34971	1890	0	10
2025.12.24	18:00:00	1.34967	1.35033	1.34933	1.34994	1543	0	17
2025.12.24	19:00:00	1.34994	1.34999	1.34957	1.34986	1540	0	50
2025.12.24	20:00:00	1.34987	1.35002	1.34957	1.34971	1719	0	67
2025.12.24	21:00:00	1.34974	1.35028	1.34948	1.35021	2174	0	67
2025.12.25	22:00:00	1.34942	1.35130	1.34942	1.35101	474	0	97
2025.12.25	23:00:00	1.35146	1.35146	1.35001	1.35075	2574	0	10
2025.12.26	00:00:00	1.35075	1.35185	1.35045	1.35096	1776	0	10
2025.12.26	01:00:00	1.35099	1.35223	1.35078	1.35124	2291	0	10
2025.12.26	02:00:00	1.35124	1.35186	1.35102	1.35164	1743	0	10
2025.12.26	03:00:00	1.35165	1.35173	1.35045	1.35054	1711	0	10
2025.12.26	04:00:00	1.35054	1.35080	1.34992	1.34998	1226	0	10
2025.12.26	05:00:00	1.34998	1.34998	1.34862	1.34939	1637	0	10
2025.12.26	06:00:00	1.34940	1.35000	1.34869	1.34893	2501	0	10
2025.12.26	07:00:00	1.34893	1.34906	1.34790	1.34822	2539	0	10
2025.12.26	08:00:00	1.34825	1.34960	1.34766	1.34952	2581	0	10
2025.12.26	09:00:00	1.34952	1.34979	1.34826	1.34846	2145	0	10
2025.12.26	10:00:00	1.34846	1.34945	1.34830	1.34878	2290	0	10
2025.12.26	11:00:00	1.34880	1.34974	1.34880	1.34943	2132	0	10
2025.12.26	12:00:00	1.34941	1.34968	1.34879	1.34961	1944	0	10
2025.12.26	13:00:00	1.34963	1.35269	1.34942	1.35165	3238	0	10
2025.12.26	14:00:00	1.35168	1.35210	1.35063	1.35151	3286	0	10
2025.12.26	15:00:00	1.35150	1.35257	1.35031	1.35066	3051	0	10
2025.12.26	16:00:00	1.35064	1.35074	1.34821	1.34872	3327	0	10
2025.12.26	17:00:00	1.34874	1.34966	1.34812	1.34943	2871	0	10
2025.12.26	18:00:00	1.34946	1.34993	1.34920	1.34952	2059	0	10
2025.12.26	19:00:00	1.34949	1.34997	1.34893	1.34997	1697	0	10
2025.12.26	20:00:00	1.34999	1.35060	1.34985	1.35030	1897	0	10
2025.12.26	21:00:00	1.35031	1.35053	1.34920	1.34992	2144	0	10
2025.12.28	22:00:00	1.34904	1.34970	1.34775	1.34947	730	0	65
2025.12.28	23:00:00	1.34995	1.35008	1.34875	1.34964	1638	0	10
2025.12.29	00:00:00	1.34965	1.35078	1.34963	1.35070	2163	0	10
2025.12.29	01:00:00	1.35070	1.35115	1.35053	1.35086	2027	0	10
2025.12.29	02:00:00	1.35083	1.35096	1.35015	1.35062	1643	0	10
2025.12.29	03:00:00	1.35061	1.35093	1.35023	1.35064	1234	0	10
2025.12.29	04:00:00	1.35063	1.35067	1.34934	1.34935	1303	0	10
2025.12.29	05:00:00	1.34934	1.34945	1.34831	1.34903	1481	0	10
2025.12.29	06:00:00	1.34904	1.34974	1.34865	1.34964	2197	0	10
2025.12.29	07:00:00	1.34966	1.34976	1.34812	1.34849	3394	0	10
2025.12.29	08:00:00	1.34846	1.34976	1.34765	1.34852	3395	0	10
2025.12.29	09:00:00	1.34848	1.35075	1.34731	1.34898	4125	0	10
2025.12.29	10:00:00	1.34897	1.35083	1.34883	1.34970	3155	0	10
2025.12.29	11:00:00	1.34971	1.35112	1.34885	1.34889	3162	0	10
2025.12.29	12:00:00	1.34889	1.34895	1.34687	1.34823	3525	0	10
2025.12.29	13:00:00	1.34824	1.34965	1.34788	1.34929	3923	0	10
2025.12.29	14:00:00	1.34928	1.35069	1.34854	1.35001	4307	0	10
2025.12.29	15:00:00	1.35003	1.35125	1.34854	1.35000	5791	0	10
2025.12.29	16:00:00	1.34997	1.35003	1.34850	1.34933	4315	0	10
2025.12.29	17:00:00	1.34934	1.34951	1.34810	1.34852	2947	0	10
2025.12.29	18:00:00	1.34852	1.34954	1.34839	1.34904	2346	0	10
2025.12.29	19:00:00	1.34902	1.35078	1.34886	1.35063	1907	0	10
2025.12.29	20:00:00	1.35061	1.35096	1.35012	1.35045	1881	0	10
2025.12.29	21:00:00	1.35046	1.35155	1.35030	1.35126	1227	0	10
2025.12.29	22:00:00	1.35123	1.35127	1.34977	1.34992	1110	0	18
2025.12.29	23:00:00	1.35028	1.35095	1.35024	1.35084	1086	0	10
2025.12.30	00:00:00	1.35084	1.35098	1.34995	1.35024	1112	0	10
2025.12.30	01:00:00	1.35023	1.35089	1.34973	1.35081	1650	0	10
2025.12.30	02:00:00	1.35084	1.35113	1.35004	1.35024	1392	0	10
2025.12.30	03:00:00	1.35024	1.35072	1.34993	1.35048	1001	0	10
2025.12.30	04:00:00	1.35048	1.35104	1.35036	1.35100	914	0	10
2025.12.30	05:00:00	1.35099	1.35169	1.35099	1.35143	1550	0	10
2025.12.30	06:00:00	1.35144	1.35213	1.35110	1.35151	1836	0	10
2025.12.30	07:00:00	1.35148	1.35148	1.35003	1.35051	2228	0	10
2025.12.30	08:00:00	1.35051	1.35182	1.35042	1.35082	2900	0	10
2025.12.30	09:00:00	1.35082	1.35186	1.35068	1.35139	2587	0	10
2025.12.30	10:00:00	1.35138	1.35304	1.35138	1.35209	2267	0	10
2025.12.30	11:00:00	1.35211	1.35246	1.35027	1.35042	2015	0	10
2025.12.30	12:00:00	1.35044	1.35083	1.34928	1.34963	2414	0	10
2025.12.30	13:00:00	1.34960	1.34989	1.34865	1.34876	3422	0	10
2025.12.30	14:00:00	1.34876	1.34879	1.34709	1.34762	3690	0	10
2025.12.30	15:00:00	1.34761	1.34782	1.34494	1.34731	4089	0	10
2025.12.30	16:00:00	1.34730	1.34831	1.34626	1.34761	3533	0	10
2025.12.30	17:00:00	1.34761	1.34787	1.34647	1.34693	2343	0	10
2025.12.30	18:00:00	1.34693	1.34744	1.34648	1.34674	1769	0	10
2025.12.30	19:00:00	1.34678	1.34724	1.34618	1.34651	1902	0	10
2025.12.30	20:00:00	1.34654	1.34678	1.34606	1.34631	1486	0	10
2025.12.30	21:00:00	1.34635	1.34688	1.34635	1.34677	982	0	2
2025.12.30	22:00:00	1.34678	1.34678	1.34606	1.34631	769	0	20
2025.12.30	23:00:00	1.34633	1.34674	1.34621	1.34660	824	0	10
2025.12.31	00:00:00	1.34662	1.34671	1.34579	1.34632	808	0	10
2025.12.31	01:00:00	1.34634	1.34663	1.34596	1.34609	1815	0	10
2025.12.31	02:00:00	1.34606	1.34638	1.34586	1.34609	1743	0	10
2025.12.31	03:00:00	1.34609	1.34654	1.34596	1.34634	1120	0	10
2025.12.31	04:00:00	1.34635	1.34641	1.34567	1.34580	979	0	10
2025.12.31	05:00:00	1.34579	1.34631	1.34577	1.34602	1336	0	10
2025.12.31	06:00:00	1.34602	1.34607	1.34526	1.34574	1327	0	10
2025.12.31	07:00:00	1.34571	1.34600	1.34508	1.34558	2158	0	10
2025.12.31	08:00:00	1.34561	1.34650	1.34262	1.34288	3377	0	10
2025.12.31	09:00:00	1.34292	1.34442	1.34255	1.34369	2887	0	10
2025.12.31	10:00:00	1.34371	1.34397	1.34320	1.34378	2467	0	10
2025.12.31	11:00:00	1.34376	1.34565	1.34367	1.34547	2617	0	10
2025.12.31	12:00:00	1.34549	1.34685	1.34465	1.34663	3403	0	10
2025.12.31	13:00:00	1.34663	1.34761	1.34479	1.34540	3893	0	10
2025.12.31	14:00:00	1.34542	1.34549	1.34320	1.34337	4107	0	10
2025.12.31	15:00:00	1.34333	1.34532	1.34012	1.34499	6000	0	10
2025.12.31	16:00:00	1.34502	1.34600	1.34373	1.34455	4585	0	10
2025.12.31	17:00:00	1.34459	1.34555	1.34380	1.34514	3008	0	10
2025.12.31	18:00:00	1.34509	1.34571	1.34457	1.34531	2105	0	17
2025.12.31	19:00:00	1.34534	1.34602	1.34517	1.34590	1620	0	17
2025.12.31	20:00:00	1.34590	1.34808	1.34586	1.34790	1597	0	17
2025.12.31	21:00:00	1.34791	1.34828	1.34725	1.34734	1007	0	10
2026.01.01	22:00:00	1.34562	1.34654	1.34542	1.34622	899	0	56
2026.01.01	23:00:00	1.34620	1.34760	1.34620	1.34737	848	0	10
2026.01.02	00:00:00	1.34737	1.34826	1.34711	1.34812	1013	0	10
2026.01.02	01:00:00	1.34813	1.34873	1.34800	1.34869	1359	0	10
2026.01.02	02:00:00	1.34869	1.34907	1.34860	1.34879	1254	0	10
2026.01.02	03:00:00	1.34879	1.34898	1.34836	1.34863	970	0	10
2026.01.02	04:00:00	1.34863	1.34874	1.34774	1.34782	999	0	10
2026.01.02	05:00:00	1.34782	1.34807	1.34694	1.34709	970	0	10
2026.01.02	06:00:00	1.34707	1.34714	1.34629	1.34677	1317	0	10
2026.01.02	07:00:00	1.34674	1.34704	1.34572	1.34637	2370	0	10
2026.01.02	08:00:00	1.34634	1.34684	1.34488	1.34531	3800	0	10
2026.01.02	09:00:00	1.34529	1.34641	1.34500	1.34547	3039	0	10
2026.01.02	10:00:00	1.34548	1.34583	1.34437	1.34494	2740	0	10
2026.01.02	11:00:00	1.34493	1.34524	1.34339	1.34402	2586	0	10
2026.01.02	12:00:00	1.34399	1.34490	1.34356	1.34452	2558	0	10
2026.01.02	13:00:00	1.34456	1.34591	1.34416	1.34569	3258	0	10
2026.01.02	14:00:00	1.34567	1.34677	1.34526	1.34641	3645	0	10
2026.01.02	15:00:00	1.34639	1.35016	1.34637	1.34963	4486	0	10
2026.01.02	16:00:00	1.34963	1.34982	1.34727	1.34773	3553	0	10
2026.01.02	17:00:00	1.34774	1.34777	1.34609	1.34623	2503	0	10
2026.01.02	18:00:00	1.34623	1.34635	1.34459	1.34512	2341	0	10
2026.01.02	19:00:00	1.34512	1.34573	1.34470	1.34545	2230	0	10
2026.01.02	20:00:00	1.34546	1.34571	1.34491	1.34564	2118	0	10
2026.01.02	21:00:00	1.34561	1.34664	1.34555	1.34593	1552	0	10
2026.01.04	22:00:00	1.34485	1.34540	1.34407	1.34501	681	0	47
2026.01.04	23:00:00	1.34522	1.34564	1.34354	1.34378	1813	0	10
2026.01.05	00:00:00	1.34375	1.34476	1.34368	1.34427	2487	0	10
2026.01.05	01:00:00	1.34427	1.34485	1.34380	1.34399	3201	0	10
2026.01.05	02:00:00	1.34398	1.34424	1.34252	1.34307	2524	0	10
2026.01.05	03:00:00	1.34309	1.34356	1.34133	1.34154	2251	0	10
2026.01.05	04:00:00	1.34151	1.34276	1.34137	1.34252	1859	0	10
2026.01.05	05:00:00	1.34252	1.34316	1.34224	1.34277	1605	0	10
2026.01.05	06:00:00	1.34280	1.34368	1.34203	1.34353	2109	0	10
2026.01.05	07:00:00	1.34352	1.34365	1.34199	1.34223	3048	0	10
2026.01.05	08:00:00	1.34226	1.34386	1.34169	1.34252	3900	0	10
2026.01.05	09:00:00	1.34253	1.34431	1.34215	1.34421	3029	0	10
2026.01.05	10:00:00	1.34420	1.34641	1.34400	1.34629	3525	0	10
2026.01.05	11:00:00	1.34624	1.34708	1.34574	1.34588	3011	0	10
2026.01.05	12:00:00	1.34590	1.34738	1.34525	1.34553	3058	0	10
2026.01.05	13:00:00	1.34556	1.34570	1.34246	1.34525	4233	0	10
2026.01.05	14:00:00	1.34527	1.34763	1.34501	1.34718	5144	0	10
2026.01.05	15:00:00	1.34724	1.35039	1.34724	1.35020	4975	0	10
2026.01.05	16:00:00	1.35022	1.35248	1.35022	1.35247	4017	0	10
2026.01.05	17:00:00	1.35245	1.35391	1.35237	1.35320	3416	0	10
2026.01.05	18:00:00	1.35320	1.35393	1.35283	1.35390	2167	0	10
2026.01.05	19:00:00	1.35392	1.35454	1.35349	1.35426	2316	0	10
2026.01.05	20:00:00	1.35424	1.35458	1.35412	1.35426	1490	0	10
2026.01.05	21:00:00	1.35423	1.35478	1.35393	1.35412	1147	0	4
2026.01.05	22:00:00	1.35410	1.35416	1.35382	1.35387	678	0	11
2026.01.05	23:00:00	1.35386	1.35410	1.35312	1.35322	792	0	10
2026.01.06	00:00:00	1.35321	1.35356	1.35273	1.35354	1445	0	10
2026.01.06	01:00:00	1.35353	1.35461	1.35312	1.35458	2425	0	10
2026.01.06	02:00:00	1.35460	1.35573	1.35411	1.35563	1978	0	10
2026.01.06	03:00:00	1.35560	1.35619	1.35503	1.35586	1572	0	10
2026.01.06	04:00:00	1.35585	1.35614	1.35535	1.35553	1288	0	10
2026.01.06	05:00:00	1.35554	1.35577	1.35455	1.35491	1487	0	10
2026.01.06	06:00:00	1.35494	1.35577	1.35481	1.35547	1965	0	10
2026.01.06	07:00:00	1.35549	1.35673	1.35462	1.35505	2759	0	10
2026.01.06	08:00:00	1.35500	1.35665	1.35468	1.35534	4081	0	10
2026.01.06	09:00:00	1.35536	1.35546	1.35353	1.35353	3938	0	10
2026.01.06	10:00:00	1.35354	1.35397	1.35295	1.35327	2936	0	10
2026.01.06	11:00:00	1.35328	1.35347	1.35168	1.35204	2472	0	10
2026.01.06	12:00:00	1.35204	1.35289	1.35078	1.35114	2739	0	10
2026.01.06	13:00:00	1.35115	1.35237	1.35061	1.35235	3915	0	10
2026.01.06	14:00:00	1.35233	1.35342	1.35151	1.35248	4278	0	10
2026.01.06	15:00:00	1.35245	1.35270	1.34936	1.35071	5057	0	10
2026.01.06	16:00:00	1.35068	1.35093	1.34913	1.34946	3673	0	10
2026.01.06	17:00:00	1.34942	1.35108	1.34921	1.35100	2696	0	10
2026.01.06	18:00:00	1.35099	1.35118	1.34975	1.34982	2259	0	10
2026.01.06	19:00:00	1.34981	1.35007	1.34920	1.35001	1929	0	10
2026.01.06	20:00:00	1.35000	1.35058	1.34977	1.34978	1694	0	10
2026.01.06	21:00:00	1.34980	1.35024	1.34969	1.35005	973	0	4
2026.01.06	22:00:00	1.34998	1.35012	1.34905	1.34988	795	0	15
2026.01.06	23:00:00	1.35010	1.35032	1.34988	1.34990	506	0	10
2026.01.07	00:00:00	1.34990	1.35048	1.34970	1.35024	1742	0	10
2026.01.07	01:00:00	1.35026	1.35098	1.34999	1.35055	2062	0	10
2026.01.07	02:00:00	1.35053	1.35133	1.35049	1.35096	1733	0	10
2026.01.07	03:00:00	1.35095	1.35165	1.35092	1.35139	1466	0	10
2026.01.07	04:00:00	1.35137	1.35158	1.35038	1.35045	1872	0	10
2026.01.07	05:00:00	1.35045	1.35095	1.35023	1.35080	1518	0	10
2026.01.07	06:00:00	1.35080	1.35168	1.35040	1.35130	1933	0	10
2026.01.07	07:00:00	1.35133	1.35161	1.34911	1.34923	2760	0	10
2026.01.07	08:00:00	1.34920	1.34964	1.34845	1.34960	2963	0	10
2026.01.07	09:00:00	1.34962	1.34977	1.34860	1.34941	2549	0	10
2026.01.07	10:00:00	1.34940	1.35041	1.34928	1.34973	2548	0	10
2026.01.07	11:00:00	1.34973	1.35055	1.34941	1.34998	2151	0	10
2026.01.07	12:00:00	1.35000	1.35025	1.34857	1.34914	2718	0	10
2026.01.07	13:00:00	1.34913	1.35000	1.34807	1.34943	3861	0	10
2026.01.07	14:00:00	1.34944	1.35014	1.34832	1.35014	4089	0	10
2026.01.07	15:00:00	1.35007	1.35010	1.34722	1.34807	6008	0	10
2026.01.07	16:00:00	1.34806	1.34855	1.34677	1.34713	3384	0	10
2026.01.07	17:00:00	1.34714	1.34792	1.34687	1.34730	2328	0	10
2026.01.07	18:00:00	1.34729	1.34732	1.34676	1.34688	2038	0	10
2026.01.07	19:00:00	1.34690	1.34702	1.34617	1.34640	1987	0	10
2026.01.07	20:00:00	1.34639	1.34676	1.34607	1.34621	1728	0	10
2026.01.07	21:00:00	1.34619	1.34625	1.34558	1.34567	1008	0	10
2026.01.07	22:00:00	1.34569	1.34610	1.34536	1.34582	579	0	13
2026.01.07	23:00:00	1.34595	1.34595	1.34559	1.34581	538	0	10
2026.01.08	00:00:00	1.34581	1.34602	1.34556	1.34579	907	0	10
2026.01.08	01:00:00	1.34580	1.34605	1.34525	1.34555	1449	0	10
2026.01.08	02:00:00	1.34558	1.34592	1.34501	1.34561	1505	0	10
2026.01.08	03:00:00	1.34562	1.34649	1.34557	1.34628	1489	0	10
2026.01.08	04:00:00	1.34628	1.34632	1.34580	1.34600	1103	0	10
2026.01.08	05:00:00	1.34600	1.34606	1.34517	1.34579	1469	0	10
2026.01.08	06:00:00	1.34578	1.34615	1.34517	1.34597	1995	0	10
2026.01.08	07:00:00	1.34592	1.34606	1.34446	1.34451	2516	0	10
2026.01.08	08:00:00	1.34454	1.34465	1.34348	1.34380	3185	0	10
2026.01.08	09:00:00	1.34383	1.34458	1.34317	1.34376	2375	0	10
2026.01.08	10:00:00	1.34380	1.34474	1.34350	1.34465	2540	0	10
2026.01.08	11:00:00	1.34464	1.34503	1.34433	1.34438	2080	0	10
2026.01.08	12:00:00	1.34435	1.34469	1.34368	1.34380	2218	0	10
2026.01.08	13:00:00	1.34384	1.34473	1.34154	1.34229	3355	0	10
2026.01.08	14:00:00	1.34228	1.34354	1.34168	1.34346	4030	0	10
2026.01.08	15:00:00	1.34344	1.34465	1.34256	1.34406	3996	0	10
2026.01.08	16:00:00	1.34405	1.34442	1.34276	1.34293	3230	0	10
2026.01.08	17:00:00	1.34290	1.34369	1.34253	1.34357	2484	0	10
2026.01.08	18:00:00	1.34357	1.34376	1.34215	1.34225	2029	0	10
2026.01.08	19:00:00	1.34225	1.34308	1.34192	1.34305	1702	0	10
2026.01.08	20:00:00	1.34305	1.34377	1.34292	1.34357	1660	0	10
2026.01.08	21:00:00	1.34357	1.34449	1.34345	1.34394	1563	0	4
2026.01.08	22:00:00	1.34393	1.34393	1.34299	1.34337	556	0	18
2026.01.08	23:00:00	1.34329	1.34402	1.34329	1.34358	704	0	10
2026.01.09	00:00:00	1.34357	1.34366	1.34311	1.34316	1272	0	10
2026.01.09	01:00:00	1.34316	1.34358	1.34264	1.34276	1975	0	10
2026.01.09	02:00:00	1.34279	1.34334	1.34241	1.34320	1837	0	10
2026.01.09	03:00:00	1.34320	1.34374	1.34305	1.34363	1502	0	10
2026.01.09	04:00:00	1.34362	1.34376	1.34307	1.34354	1217	0	10
2026.01.09	05:00:00	1.34354	1.34378	1.34271	1.34298	1395	0	10
2026.01.09	06:00:00	1.34298	1.34322	1.34242	1.34275	1698	0	10
2026.01.09	07:00:00	1.34278	1.34289	1.34142	1.34284	2553	0	10
2026.01.09	08:00:00	1.34287	1.34339	1.34113	1.34149	3483	0	10
2026.01.09	09:00:00	1.34151	1.34205	1.34045	1.34098	2431	0	10
2026.01.09	10:00:00	1.34097	1.34122	1.34035	1.34083	2157	0	10
2026.01.09	11:00:00	1.34085	1.34139	1.34041	1.34125	2234	0	10
2026.01.09	12:00:00	1.34125	1.34190	1.34091	1.34187	2672	0	10
2026.01.09	13:00:00	1.34191	1.34507	1.33869	1.34349	8304	0	10
2026.01.09	14:00:00	1.34350	1.34431	1.34057	1.34126	7604	0	10
2026.01.09	15:00:00	1.34118	1.34187	1.33919	1.34174	6330	0	10
2026.01.09	16:00:00	1.34173	1.34224	1.34042	1.34102	3866	0	10
2026.01.09	17:00:00	1.34103	1.34111	1.33974	1.34024	2807	0	10
2026.01.09	18:00:00	1.34024	1.34142	1.33992	1.34054	2442	0	10
2026.01.09	19:00:00	1.34055	1.34111	1.34029	1.34062	1866	0	10
2026.01.09	20:00:00	1.34062	1.34096	1.34043	1.34060	1511	0	10
2026.01.09	21:00:00	1.34060	1.34086	1.33966	1.34021	1514	0	10
2026.01.11	22:00:00	1.33910	1.34001	1.33881	1.33887	609	0	47
2026.01.11	23:00:00	1.33947	1.33994	1.33918	1.33935	914	0	10
2026.01.12	00:00:00	1.33935	1.34350	1.33903	1.34341	3177	0	10
2026.01.12	01:00:00	1.34341	1.34405	1.34261	1.34270	3101	0	10
2026.01.12	02:00:00	1.34273	1.34335	1.34211	1.34228	2195	0	10
2026.01.12	03:00:00	1.34227	1.34280	1.34196	1.34196	1542	0	10
2026.01.12	04:00:00	1.34199	1.34237	1.34159	1.34220	1090	0	10
2026.01.12	05:00:00	1.34224	1.34358	1.34209	1.34330	1598	0	10
2026.01.12	06:00:00	1.34330	1.34408	1.34288	1.34381	1835	0	10
2026.01.12	07:00:00	1.34381	1.34465	1.34334	1.34436	3063	0	10
2026.01.12	08:00:00	1.34433	1.34610	1.34420	1.34567	3713	0	10
2026.01.12	09:00:00	1.34567	1.34689	1.34497	1.34532	3056	0	10
2026.01.12	10:00:00	1.34535	1.34707	1.34475	1.34707	2692	0	10
2026.01.12	11:00:00	1.34703	1.34745	1.34542	1.34594	2414	0	10
2026.01.12	12:00:00	1.34591	1.34733	1.34570	1.34649	3123	0	10
2026.01.12	13:00:00	1.34652	1.34853	1.34608	1.34812	3586	0	10
2026.01.12	14:00:00	1.34810	1.34828	1.34628	1.34727	4378	0	10
2026.01.12	15:00:00	1.34730	1.34800	1.34675	1.34749	3559	0	10
2026.01.12	16:00:00	1.34751	1.34770	1.34631	1.34639	2848	0	10
2026.01.12	17:00:00	1.34636	1.34715	1.34548	1.34636	2954	0	10
2026.01.12	18:00:00	1.34636	1.34636	1.34569	1.34590	1675	0	10
2026.01.12	19:00:00	1.34590	1.34664	1.34568	1.34655	1363	0	10
2026.01.12	20:00:00	1.34656	1.34686	1.34614	1.34632	1326	0	10
2026.01.12	21:00:00	1.34629	1.34700	1.34611	1.34644	1051	0	7
2026.01.12	22:00:00	1.34646	1.34657	1.34602	1.34602	687	0	18
2026.01.12	23:00:00	1.34625	1.34687	1.34620	1.34656	1046	0	10
2026.01.13	00:00:00	1.34656	1.34765	1.34620	1.34754	1383	0	10
2026.01.13	01:00:00	1.34755	1.34768	1.34662	1.34699	2039	0	10
2026.01.13	02:00:00	1.34695	1.34761	1.34692	1.34723	1695	0	10
2026.01.13	03:00:00	1.34723	1.34785	1.34689	1.34701	1463	0	10
2026.01.13	04:00:00	1.34700	1.34768	1.34695	1.34734	1404	0	10
2026.01.13	05:00:00	1.34734	1.34765	1.34701	1.34717	1502	0	10
2026.01.13	06:00:00	1.34716	1.34724	1.34622	1.34723	2148	0	10
2026.01.13	07:00:00	1.34724	1.34733	1.34618	1.34665	2122	0	10
2026.01.13	08:00:00	1.34662	1.34776	1.34626	1.34763	2803	0	10
2026.01.13	09:00:00	1.34761	1.34853	1.34731	1.34801	2487	0	10
2026.01.13	10:00:00	1.34801	1.34829	1.34690	1.34711	2215	0	10
2026.01.13	11:00:00	1.34711	1.34736	1.34671	1.34721	1565	0	10
2026.01.13	12:00:00	1.34720	1.34730	1.34580	1.34605	2089	0	10
2026.01.13	13:00:00	1.34606	1.34942	1.34536	1.34748	6802	0	10
2026.01.13	14:00:00	1.34745	1.34771	1.34510	1.34582	5086	0	10
2026.01.13	15:00:00	1.34581	1.34596	1.34345	1.34416	4738	0	10
2026.01.13	16:00:00	1.34413	1.34446	1.34246	1.34336	3639	0	10
2026.01.13	17:00:00	1.34340	1.34374	1.34268	1.34329	2629	0	10
2026.01.13	18:00:00	1.34330	1.34405	1.34234	1.34391	2237	0	10
2026.01.13	19:00:00	1.34391	1.34395	1.34270	1.34345	2036	0	10
2026.01.13	20:00:00	1.34345	1.34359	1.34286	1.34299	1754	0	10
2026.01.13	21:00:00	1.34300	1.34313	1.34202	1.34217	1048	0	2
2026.01.13	22:00:00	1.34218	1.34229	1.34162	1.34204	650	0	15
2026.01.13	23:00:00	1.34223	1.34278	1.34217	1.34251	664	0	10
2026.01.14	00:00:00	1.34250	1.34269	1.34201	1.34265	1144	0	10
2026.01.14	01:00:00	1.34263	1.34267	1.34191	1.34223	1589	0	10
2026.01.14	02:00:00	1.34222	1.34367	1.34207	1.34352	1622	0	10
2026.01.14	03:00:00	1.34352	1.34479	1.34352	1.34443	1381	0	10
2026.01.14	04:00:00	1.34442	1.34458	1.34384	1.34395	971	0	10
2026.01.14	05:00:00	1.34395	1.34417	1.34350	1.34351	1171	0	10
2026.01.14	06:00:00	1.34351	1.34478	1.34340	1.34467	1557	0	10
2026.01.14	07:00:00	1.34468	1.34494	1.34368	1.34393	1958	0	10
2026.01.14	08:00:00	1.34391	1.34496	1.34365	1.34492	3422	0	10
2026.01.14	09:00:00	1.34492	1.34585	1.34461	1.34561	2724	0	10
2026.01.14	10:00:00	1.34560	1.34583	1.34502	1.34534	2629	0	10
2026.01.14	11:00:00	1.34532	1.34533	1.34445	1.34489	2212	0	10
2026.01.14	12:00:00	1.34491	1.34580	1.34417	1.34516	2718	0	10
2026.01.14	13:00:00	1.34516	1.34525	1.34380	1.34442	3263	0	10
2026.01.14	14:00:00	1.34441	1.34637	1.34430	1.34559	4437	0	10
2026.01.14	15:00:00	1.34556	1.34612	1.34434	1.34556	7429	0	10
2026.01.14	16:00:00	1.34555	1.34583	1.34399	1.34434	3210	0	10
2026.01.14	17:00:00	1.34432	1.34447	1.34298	1.34313	2629	0	10
2026.01.14	18:00:00	1.34312	1.34325	1.34264	1.34268	1794	0	10
2026.01.14	19:00:00	1.34266	1.34327	1.34242	1.34306	1741	0	10
2026.01.14	20:00:00	1.34307	1.34405	1.34294	1.34323	2317	0	10
2026.01.14	21:00:00	1.34324	1.34468	1.34318	1.34416	1581	0	10
2026.01.14	22:00:00	1.34418	1.34420	1.34345	1.34345	1174	0	42
2026.01.14	23:00:00	1.34391	1.34436	1.34380	1.34396	974	0	10
2026.01.15	00:00:00	1.34396	1.34396	1.34302	1.34370	1349	0	10
2026.01.15	01:00:00	1.34368	1.34383	1.34271	1.34349	2489	0	10
2026.01.15	02:00:00	1.34348	1.34348	1.34291	1.34326	1868	0	10
2026.01.15	03:00:00	1.34329	1.34334	1.34252	1.34270	1469	0	10
2026.01.15	04:00:00	1.34273	1.34284	1.34232	1.34237	1079	0	10
2026.01.15	05:00:00	1.34234	1.34316	1.34226	1.34267	1475	0	10
2026.01.15	06:00:00	1.34267	1.34327	1.34231	1.34274	1927	0	10
2026.01.15	07:00:00	1.34276	1.34429	1.34232	1.34341	3111	0	10
2026.01.15	08:00:00	1.34339	1.34436	1.34263	1.34381	2906	0	10
2026.01.15	09:00:00	1.34383	1.34450	1.34349	1.34367	2805	0	10
2026.01.15	10:00:00	1.34369	1.34385	1.34155	1.34197	2451	0	10
2026.01.15	11:00:00	1.34201	1.34274	1.34167	1.34182	2158	0	10
2026.01.15	12:00:00	1.34179	1.34204	1.34011	1.34035	2172	0	10
2026.01.15	13:00:00	1.34032	1.34035	1.33683	1.33723	4094	0	10
2026.01.15	14:00:00	1.33726	1.33867	1.33624	1.33708	4350	0	10
2026.01.15	15:00:00	1.33707	1.33880	1.33686	1.33856	4015	0	10
2026.01.15	16:00:00	1.33855	1.33936	1.33794	1.33844	3062	0	10
2026.01.15	17:00:00	1.33844	1.33935	1.33802	1.33873	2478	0	10
2026.01.15	18:00:00	1.33873	1.33936	1.33870	1.33912	2017	0	10
2026.01.15	19:00:00	1.33911	1.33915	1.33832	1.33853	2220	0	10
2026.01.15	20:00:00	1.33856	1.33858	1.33739	1.33753	1842	0	10
2026.01.15	21:00:00	1.33751	1.33841	1.33747	1.33809	1161	0	4
2026.01.15	22:00:00	1.33811	1.33811	1.33763	1.33789	560	0	15
2026.01.15	23:00:00	1.33799	1.33824	1.33777	1.33807	1547	0	10
2026.01.16	00:00:00	1.33806	1.33822	1.33702	1.33762	1287	0	10
2026.01.16	01:00:00	1.33761	1.33837	1.33746	1.33793	1752	0	10
2026.01.16	02:00:00	1.33790	1.33880	1.33781	1.33838	1954	0	10
2026.01.16	03:00:00	1.33837	1.33904	1.33822	1.33903	1251	0	10
2026.01.16	04:00:00	1.33901	1.33908	1.33876	1.33885	833	0	10
2026.01.16	05:00:00	1.33885	1.33893	1.33810	1.33826	1054	0	10
2026.01.16	06:00:00	1.33825	1.33836	1.33764	1.33802	1268	0	10
2026.01.16	07:00:00	1.33799	1.33917	1.33770	1.33902	2296	0	10
2026.01.16	08:00:00	1.33903	1.33978	1.33890	1.33927	2284	0	10
2026.01.16	09:00:00	1.33927	1.34048	1.33902	1.33965	2049	0	10
2026.01.16	10:00:00	1.33965	1.34126	1.33965	1.34052	2223	0	10
2026.01.16	11:00:00	1.34054	1.34117	1.34041	1.34071	1934	0	10
2026.01.16	12:00:00	1.34068	1.34097	1.33923	1.33996	2798	0	10
2026.01.16	13:00:00	1.33998	1.34076	1.33880	1.34030	3296	0	10
2026.01.16	14:00:00	1.34030	1.34047	1.33946	1.33977	3198	0	10
2026.01.16	15:00:00	1.33974	1.34037	1.33657	1.33777	7013	0	10
2026.01.16	16:00:00	1.33779	1.33898	1.33771	1.33815	3853	0	10
2026.01.16	17:00:00	1.33816	1.33863	1.33759	1.33781	2512	0	10
2026.01.16	18:00:00	1.33782	1.33869	1.33732	1.33792	2026	0	10
2026.01.16	19:00:00	1.33791	1.33845	1.33754	1.33816	1879	0	10
2026.01.16	20:00:00	1.33816	1.33858	1.33784	1.33805	1527	0	10
2026.01.16	21:00:00	1.33802	1.33825	1.33742	1.33782	1911	0	10
2026.01.18	22:00:00	1.33418	1.33539	1.33321	1.33529	689	0	52
2026.01.18	23:00:00	1.33563	1.34062	1.33518	1.34016	3433	0	10
2026.01.19	00:00:00	1.34015	1.34086	1.33821	1.34004	4087	0	10
2026.01.19	01:00:00	1.34002	1.34026	1.33905	1.33915	3232	0	10
2026.01.19	02:00:00	1.33914	1.33930	1.33810	1.33862	2620	0	10
2026.01.19	03:00:00	1.33860	1.33914	1.33850	1.33878	2149	0	10
2026.01.19	04:00:00	1.33879	1.33961	1.33879	1.33944	1794	0	10
2026.01.19	05:00:00	1.33944	1.34054	1.33926	1.33948	2084	0	10
2026.01.19	06:00:00	1.33947	1.34008	1.33938	1.33983	1742	0	10
2026.01.19	07:00:00	1.33981	1.34099	1.33839	1.33882	3429	0	10
2026.01.19	08:00:00	1.33885	1.34092	1.33865	1.34086	3046	0	10
2026.01.19	09:00:00	1.34087	1.34152	1.33901	1.34051	3250	0	10
2026.01.19	10:00:00	1.34055	1.34128	1.34046	1.34096	2235	0	10
2026.01.19	11:00:00	1.34094	1.34103	1.34014	1.34080	2005	0	10
2026.01.19	12:00:00	1.34082	1.34144	1.34041	1.34052	2166	0	10
2026.01.19	13:00:00	1.34052	1.34164	1.34051	1.34134	2226	0	10
2026.01.19	14:00:00	1.34132	1.34240	1.34099	1.34199	2204	0	10
2026.01.19	15:00:00	1.34196	1.34283	1.34180	1.34213	2682	0	10
2026.01.19	16:00:00	1.34214	1.34349	1.34200	1.34277	1933	0	10
2026.01.19	17:00:00	1.34277	1.34334	1.34258	1.34310	1253	0	10
2026.01.19	18:00:00	1.34309	1.34335	1.34259	1.34259	844	0	10
2026.01.19	19:00:00	1.34259	1.34293	1.34249	1.34253	493	0	10
2026.01.19	20:00:00	1.34253	1.34283	1.34242	1.34277	432	0	10
2026.01.19	21:00:00	1.34277	1.34284	1.34220	1.34249	554	0	2
2026.01.19	22:00:00	1.34246	1.34261	1.34228	1.34244	514	0	13
2026.01.19	23:00:00	1.34262	1.34278	1.34162	1.34187	711	0	10
2026.01.20	00:00:00	1.34191	1.34199	1.34095	1.34178	1392	0	10
2026.01.20	01:00:00	1.34177	1.34235	1.34155	1.34231	2035	0	10
2026.01.20	02:00:00	1.34231	1.34279	1.34193	1.34235	1253	0	10
2026.01.20	03:00:00	1.34233	1.34395	1.34226	1.34345	1526	0	10
2026.01.20	04:00:00	1.34347	1.34429	1.34345	1.34404	1484	0	10
2026.01.20	05:00:00	1.34404	1.34494	1.34400	1.34412	1672	0	10
2026.01.20	06:00:00	1.34413	1.34435	1.34311	1.34348	2119	0	10
2026.01.20	07:00:00	1.34345	1.34821	1.34254	1.34745	4879	0	10
2026.01.20	08:00:00	1.34747	1.34911	1.34740	1.34780	6056	0	10
2026.01.20	09:00:00	1.34780	1.34887	1.34697	1.34745	4829	0	10
2026.01.20	10:00:00	1.34745	1.34849	1.34640	1.34794	4132	0	10
2026.01.20	11:00:00	1.34797	1.34825	1.34587	1.34628	3635	0	10
2026.01.20	12:00:00	1.34629	1.34661	1.34390	1.34453	3923	0	10
2026.01.20	13:00:00	1.34456	1.34791	1.34406	1.34519	7895	0	10
2026.01.20	14:00:00	1.34519	1.34625	1.34398	1.34579	6354	0	10
2026.01.20	15:00:00	1.34574	1.34767	1.34518	1.34565	5217	0	10
2026.01.20	16:00:00	1.34564	1.34700	1.34527	1.34685	4123	0	10
2026.01.20	17:00:00	1.34685	1.34753	1.34556	1.34561	3602	0	10
2026.01.20	18:00:00	1.34558	1.34574	1.34418	1.34429	2254	0	10
2026.01.20	19:00:00	1.34430	1.34451	1.34264	1.34273	2558	0	10
2026.01.20	20:00:00	1.34271	1.34353	1.34249	1.34333	2601	0	10
2026.01.20	21:00:00	1.34330	1.34434	1.34316	1.34411	2222	0	4
2026.01.20	22:00:00	1.34415	1.34415	1.34331	1.34390	1027	0	22
2026.01.20	23:00:00	1.34403	1.34434	1.34384	1.34398	920	0	10
2026.01.21	00:00:00	1.34398	1.34422	1.34326	1.34419	1401	0	10
2026.01.21	01:00:00	1.34418	1.34563	1.34393	1.34522	2495	0	10
2026.01.21	02:00:00	1.34523	1.34544	1.34431	1.34434	1705	0	10
2026.01.21	03:00:00	1.34434	1.34460	1.34327	1.34398	2129	0	10
2026.01.21	04:00:00	1.34398	1.34398	1.34324	1.34373	1481	0	10
2026.01.21	05:00:00	1.34373	1.34401	1.34347	1.34369	1500	0	10
2026.01.21	06:00:00	1.34369	1.34423	1.34349	1.34363	1657	0	10
2026.01.21	07:00:00	1.34361	1.34487	1.34287	1.34426	3483	0	10
2026.01.21	08:00:00	1.34422	1.34474	1.34325	1.34383	3284	0	10
2026.01.21	09:00:00	1.34381	1.34384	1.34080	1.34100	2894	0	10
2026.01.21	10:00:00	1.34098	1.34146	1.34028	1.34071	2879	0	10
2026.01.21	11:00:00	1.34068	1.34213	1.34008	1.34092	3091	0	10
2026.01.21	12:00:00	1.34096	1.34261	1.34009	1.34247	3654	0	10
2026.01.21	13:00:00	1.34249	1.34439	1.34117	1.34413	3690	0	10
2026.01.21	14:00:00	1.34416	1.34559	1.34221	1.34505	7588	0	10
2026.01.21	15:00:00	1.34503	1.34589	1.34242	1.34270	4985	0	10
2026.01.21	16:00:00	1.34270	1.34402	1.34233	1.34274	4982	0	10
2026.01.21	17:00:00	1.34278	1.34377	1.34159	1.34271	3926	0	10
2026.01.21	18:00:00	1.34272	1.34275	1.34181	1.34210	2655	0	10
2026.01.21	19:00:00	1.34212	1.34303	1.34091	1.34246	5035	0	10
2026.01.21	20:00:00	1.34249	1.34259	1.34120	1.34244	2788	0	10
2026.01.21	21:00:00	1.34246	1.34326	1.34226	1.34282	1574	0	2
2026.01.21	22:00:00	1.34281	1.34287	1.34195	1.34265	797	0	46
2026.01.21	23:00:00	1.34279	1.34301	1.34173	1.34177	1002	0	10
2026.01.22	00:00:00	1.34176	1.34308	1.34164	1.34288	1859	0	10
2026.01.22	01:00:00	1.34286	1.34316	1.34241	1.34300	2088	0	10
2026.01.22	02:00:00	1.34300	1.34349	1.34221	1.34251	1724	0	10
2026.01.22	03:00:00	1.34250	1.34334	1.34250	1.34318	1322	0	10
2026.01.22	04:00:00	1.34318	1.34390	1.34298	1.34311	1322	0	10
2026.01.22	05:00:00	1.34311	1.34311	1.34231	1.34281	1374	0	10
2026.01.22	06:00:00	1.34284	1.34295	1.34198	1.34255	1847	0	10
2026.01.22	07:00:00	1.34259	1.34369	1.34223	1.34311	2695	0	10
2026.01.22	08:00:00	1.34309	1.34330	1.34092	1.34174	3207	0	10
2026.01.22	09:00:00	1.34177	1.34462	1.34168	1.34432	3012	0	10
2026.01.22	10:00:00	1.34436	1.34501	1.34358	1.34471	2605	0	10
2026.01.22	11:00:00	1.34469	1.34523	1.34009	1.34201	7704	0	10
2026.01.22	12:00:00	1.34199	1.34413	1.34148	1.34249	4509	0	10
2026.01.22	13:00:00	1.34245	1.34379	1.34081	1.34224	5197	0	10
2026.01.22	14:00:00	1.34224	1.34524	1.34215	1.34458	4735	0	10
2026.01.22	15:00:00	1.34463	1.34847	1.34448	1.34771	4790	0	10
2026.01.22	16:00:00	1.34773	1.34985	1.34768	1.34890	3741	0	10
2026.01.22	17:00:00	1.34887	1.34954	1.34729	1.34920	3541	0	10
2026.01.22	18:00:00	1.34918	1.35020	1.34899	1.34982	1949	0	10
2026.01.22	19:00:00	1.34981	1.34991	1.34853	1.34904	1861	0	10
2026.01.22	20:00:00	1.34901	1.35032	1.34878	1.34969	1795	0	10
2026.01.22	21:00:00	1.34966	1.35065	1.34953	1.35008	1722	0	10
2026.01.22	22:00:00	1.35003	1.35003	1.34915	1.34979	886	0	26
2026.01.22	23:00:00	1.34978	1.35082	1.34978	1.34990	831	0	10
2026.01.23	00:00:00	1.34990	1.35006	1.34944	1.34957	1365	0	10
2026.01.23	01:00:00	1.34959	1.35043	1.34952	1.34973	2104	0	10
2026.01.23	02:00:00	1.34971	1.34980	1.34910	1.34923	1719	0	10
2026.01.23	03:00:00	1.34922	1.34946	1.34880	1.34899	1838	0	10
2026.01.23	04:00:00	1.34899	1.34974	1.34891	1.34968	1160	0	10
2026.01.23	05:00:00	1.34967	1.35001	1.34949	1.34980	1261	0	10
2026.01.23	06:00:00	1.34976	1.34995	1.34826	1.34838	2370	0	10
2026.01.23	07:00:00	1.34839	1.35120	1.34837	1.34923	4956	0	10
2026.01.23	08:00:00	1.34924	1.35023	1.34817	1.35006	4495	0	10
2026.01.23	09:00:00	1.35010	1.35344	1.34980	1.35293	4318	0	10
2026.01.23	10:00:00	1.35293	1.35363	1.35220	1.35266	3055	0	10
2026.01.23	11:00:00	1.35267	1.35321	1.35135	1.35174	3795	0	10
2026.01.23	12:00:00	1.35177	1.35317	1.35171	1.35277	2627	0	10
2026.01.23	13:00:00	1.35276	1.35344	1.35237	1.35247	3012	0	10
2026.01.23	14:00:00	1.35244	1.35379	1.35201	1.35361	3191	0	10
2026.01.23	15:00:00	1.35357	1.35670	1.35344	1.35639	3376	0	10
2026.01.23	16:00:00	1.35639	1.35975	1.35604	1.35879	4508	0	10
2026.01.23	17:00:00	1.35880	1.36224	1.35857	1.36078	6242	0	10
2026.01.23	18:00:00	1.36077	1.36088	1.35917	1.36049	4491	0	10
2026.01.23	19:00:00	1.36049	1.36290	1.36045	1.36232	3527	0	10
2026.01.23	20:00:00	1.36229	1.36380	1.36210	1.36361	3415	0	10
2026.01.23	21:00:00	1.36362	1.36454	1.36321	1.36440	6206	0	10
2026.01.25	22:00:00	1.36589	1.36680	1.36529	1.36674	649	0	58
2026.01.25	23:00:00	1.36748	1.36798	1.36541	1.36636	3510	0	10
2026.01.26	00:00:00	1.36642	1.36671	1.36429	1.36668	4690	0	10
2026.01.26	01:00:00	1.36667	1.36740	1.36581	1.36608	4664	0	10
2026.01.26	02:00:00	1.36606	1.36793	1.36580	1.36690	3845	0	10
2026.01.26	03:00:00	1.36690	1.36690	1.36545	1.36596	2602	0	10
2026.01.26	04:00:00	1.36600	1.36674	1.36527	1.36595	2548	0	10
2026.01.26	05:00:00	1.36595	1.36694	1.36577	1.36663	2329	0	10
2026.01.26	06:00:00	1.36662	1.36681	1.36554	1.36561	2907	0	10
2026.01.26	07:00:00	1.36563	1.36758	1.36443	1.36464	4457	0	10
2026.01.26	08:00:00	1.36466	1.36677	1.36424	1.36616	5242	0	10
2026.01.26	09:00:00	1.36620	1.36767	1.36576	1.36718	4577	0	10
2026.01.26	10:00:00	1.36720	1.36752	1.36659	1.36701	3534	0	10
2026.01.26	11:00:00	1.36702	1.36731	1.36645	1.36658	3102	0	10
2026.01.26	12:00:00	1.36658	1.36722	1.36475	1.36530	3313	0	10
2026.01.26	13:00:00	1.36526	1.36614	1.36428	1.36610	3714	0	10
2026.01.26	14:00:00	1.36609	1.36912	1.36574	1.36907	4319	0	10
2026.01.26	15:00:00	1.36907	1.37126	1.36878	1.37071	4975	0	10
2026.01.26	16:00:00	1.37070	1.37129	1.36928	1.36961	4687	0	10
2026.01.26	17:00:00	1.36964	1.37038	1.36852	1.36875	3478	0	10
2026.01.26	18:00:00	1.36877	1.37011	1.36846	1.36881	3099	0	10
2026.01.26	19:00:00	1.36880	1.36887	1.36750	1.36821	3060	0	10
2026.01.26	20:00:00	1.36821	1.36858	1.36785	1.36803	2502	0	10
2026.01.26	21:00:00	1.36802	1.36865	1.36740	1.36781	1915	0	7
2026.01.26	22:00:00	1.36782	1.36782	1.36702	1.36735	955	0	24
2026.01.26	23:00:00	1.36746	1.36794	1.36734	1.36746	929	0	10
2026.01.27	00:00:00	1.36747	1.36814	1.36721	1.36728	1918	0	10
2026.01.27	01:00:00	1.36727	1.36824	1.36696	1.36795	2351	0	10
2026.01.27	02:00:00	1.36794	1.37002	1.36764	1.36950	2328	0	10
2026.01.27	03:00:00	1.36948	1.36950	1.36820	1.36830	2135	0	10
2026.01.27	04:00:00	1.36826	1.36882	1.36719	1.36744	1851	0	10
2026.01.27	05:00:00	1.36744	1.36814	1.36709	1.36779	1781	0	10
2026.01.27	06:00:00	1.36780	1.36899	1.36768	1.36813	2304	0	10
2026.01.27	07:00:00	1.36809	1.36897	1.36695	1.36738	3554	0	10
2026.01.27	08:00:00	1.36742	1.36770	1.36634	1.36742	3782	0	10
2026.01.27	09:00:00	1.36739	1.36996	1.36675	1.36985	4450	0	10
2026.01.27	10:00:00	1.36983	1.37029	1.36828	1.37024	4199	0	10
2026.01.27	11:00:00	1.37027	1.37119	1.37000	1.37102	2851	0	10
2026.01.27	12:00:00	1.37102	1.37410	1.37075	1.37401	5526	0	10
2026.01.27	13:00:00	1.37401	1.37484	1.37252	1.37347	5946	0	10
2026.01.27	14:00:00	1.37348	1.37760	1.37308	1.37696	6929	0	10
2026.01.27	15:00:00	1.37700	1.37906	1.37471	1.37514	7195	0	10
2026.01.27	16:00:00	1.37511	1.37904	1.37502	1.37795	5377	0	10
2026.01.27	17:00:00	1.37799	1.37877	1.37606	1.37869	5025	0	10
2026.01.27	18:00:00	1.37869	1.37908	1.37753	1.37766	4049	0	10
2026.01.27	19:00:00	1.37765	1.37840	1.37738	1.37824	2979	0	10
2026.01.27	20:00:00	1.37823	1.38701	1.37756	1.38359	13213	0	10
2026.01.27	21:00:00	1.38357	1.38561	1.38285	1.38465	7619	0	9
2026.01.27	22:00:00	1.38463	1.38463	1.38289	1.38396	770	0	35
2026.01.27	23:00:00	1.38394	1.38469	1.38211	1.38265	2047	0	10
2026.01.28	00:00:00	1.38264	1.38308	1.38135	1.38172	4070	0	10
2026.01.28	01:00:00	1.38170	1.38186	1.37989	1.37998	3844	0	10
2026.01.28	02:00:00	1.38000	1.38071	1.37916	1.38032	3074	0	10
2026.01.28	03:00:00	1.38035	1.38101	1.37966	1.37993	2285	0	10
2026.01.28	04:00:00	1.37994	1.38029	1.37936	1.38015	1853	0	10
2026.01.28	05:00:00	1.38014	1.38053	1.37885	1.38045	3357	0	10
2026.01.28	06:00:00	1.38044	1.38154	1.38032	1.38059	3306	0	10
2026.01.28	07:00:00	1.38061	1.38306	1.37921	1.38011	5058	0	10
2026.01.28	08:00:00	1.38012	1.38111	1.37749	1.37865	5998	0	10
2026.01.28	09:00:00	1.37866	1.37924	1.37754	1.37868	4651	0	10
2026.01.28	10:00:00	1.37867	1.37997	1.37759	1.37923	4089	0	10
2026.01.28	11:00:00	1.37925	1.37925	1.37673	1.37695	4132	0	10
2026.01.28	12:00:00	1.37695	1.37937	1.37681	1.37929	4183	0	10
2026.01.28	13:00:00	1.37931	1.37940	1.37643	1.37700	4938	0	10
2026.01.28	14:00:00	1.37701	1.38012	1.37671	1.37860	5353	0	10
2026.01.28	15:00:00	1.37861	1.37990	1.37492	1.37892	15480	0	10
2026.01.28	16:00:00	1.37891	1.37938	1.37635	1.37838	6762	0	10
2026.01.28	17:00:00	1.37836	1.37905	1.37716	1.37890	3875	0	10
2026.01.28	18:00:00	1.37892	1.37922	1.37631	1.37751	4100	0	10
2026.01.28	19:00:00	1.37755	1.37962	1.37523	1.37931	10958	0	10
2026.01.28	20:00:00	1.37927	1.38022	1.37855	1.37986	4347	0	10
2026.01.28	21:00:00	1.37989	1.38111	1.37969	1.38070	2732	0	9
2026.01.28	22:00:00	1.38071	1.38071	1.37949	1.38018	1500	0	15
2026.01.28	23:00:00	1.38025	1.38296	1.38007	1.38265	2339	0	10
2026.01.29	00:00:00	1.38271	1.38346	1.38135	1.38201	3617	0	10
2026.01.29	01:00:00	1.38201	1.38201	1.37995	1.38028	3773	0	10
2026.01.29	02:00:00	1.38027	1.38155	1.37926	1.38123	2972	0	10
2026.01.29	03:00:00	1.38120	1.38329	1.38108	1.38320	2814	0	10
2026.01.29	04:00:00	1.38324	1.38399	1.38238	1.38390	2892	0	10
2026.01.29	05:00:00	1.38388	1.38435	1.38352	1.38373	2309	0	10
2026.01.29	06:00:00	1.38371	1.38399	1.38275	1.38372	3085	0	10
2026.01.29	07:00:00	1.38370	1.38477	1.38233	1.38311	4338	0	10
2026.01.29	08:00:00	1.38309	1.38463	1.38136	1.38207	5723	0	10
2026.01.29	09:00:00	1.38208	1.38242	1.37997	1.38033	4173	0	10
2026.01.29	10:00:00	1.38031	1.38067	1.37806	1.37826	3982	0	10
2026.01.29	11:00:00	1.37829	1.37981	1.37801	1.37938	3756	0	10
2026.01.29	12:00:00	1.37938	1.38138	1.37884	1.38125	3682	0	10
2026.01.29	13:00:00	1.38127	1.38181	1.37971	1.38056	5299	0	10
2026.01.29	14:00:00	1.38057	1.38337	1.38038	1.38258	6267	0	10
2026.01.29	15:00:00	1.38263	1.38270	1.37419	1.37632	18335	0	10
2026.01.29	16:00:00	1.37629	1.37989	1.37594	1.37919	9364	0	10
2026.01.29	17:00:00	1.37922	1.38072	1.37917	1.37971	6470	0	10
2026.01.29	18:00:00	1.37970	1.38046	1.37877	1.37971	4829	0	10
2026.01.29	19:00:00	1.37970	1.38002	1.37915	1.37926	3586	0	10
2026.01.29	20:00:00	1.37928	1.38082	1.37878	1.38043	2802	0	10
2026.01.29	21:00:00	1.38045	1.38136	1.37988	1.38098	2272	0	7
2026.01.29	22:00:00	1.38097	1.38097	1.37949	1.38046	1038	0	15
2026.01.29	23:00:00	1.38047	1.38142	1.38045	1.38077	1401	0	10
2026.01.30	00:00:00	1.38078	1.38138	1.37736	1.37771	4069	0	10
2026.01.30	01:00:00	1.37774	1.37798	1.37580	1.37608	6010	0	10
2026.01.30	02:00:00	1.37611	1.37666	1.37310	1.37617	8221	0	10
2026.01.30	03:00:00	1.37619	1.37660	1.37474	1.37525	4029	0	10
2026.01.30	04:00:00	1.37523	1.37671	1.37479	1.37522	2589	0	10
2026.01.30	05:00:00	1.37526	1.37627	1.37459	1.37554	3061	0	10
2026.01.30	06:00:00	1.37554	1.37637	1.37397	1.37503	4837	0	10
2026.01.30	07:00:00	1.37499	1.37827	1.37459	1.37693	5289	0	10
2026.01.30	08:00:00	1.37696	1.37799	1.37583	1.37640	5516	0	10
2026.01.30	09:00:00	1.37638	1.37673	1.37246	1.37332	6387	0	10
2026.01.30	10:00:00	1.37330	1.37506	1.37317	1.37479	4777	0	10
2026.01.30	11:00:00	1.37481	1.37797	1.37442	1.37785	4478	0	10
2026.01.30	12:00:00	1.37781	1.37874	1.37564	1.37619	4745	0	10
2026.01.30	13:00:00	1.37615	1.37673	1.37347	1.37443	6612	0	10
2026.01.30	14:00:00	1.37445	1.37577	1.37354	1.37390	7235	0	10
2026.01.30	15:00:00	1.37388	1.37434	1.37096	1.37192	10213	0	10
2026.01.30	16:00:00	1.37192	1.37296	1.37119	1.37267	7869	0	10
2026.01.30	17:00:00	1.37267	1.37279	1.36992	1.37089	7097	0	10
2026.01.30	18:00:00	1.37087	1.37157	1.36801	1.37110	7081	0	10
2026.01.30	19:00:00	1.37109	1.37183	1.36896	1.36977	5514	0	10
2026.01.30	20:00:00	1.36975	1.36979	1.36826	1.36826	4637	0	10
2026.01.30	21:00:00	1.36831	1.36906	1.36790	1.36845	5145	0	10
2026.02.01	22:00:00	1.36770	1.36850	1.36714	1.36814	891	0	51
2026.02.01	23:00:00	1.36839	1.36908	1.36613	1.36756	4658	0	10
2026.02.02	00:00:00	1.36760	1.37054	1.36760	1.36999	5763	0	10
2026.02.02	01:00:00	1.37002	1.37002	1.36762	1.36929	6998	0	10
2026.02.02	02:00:00	1.36929	1.36995	1.36811	1.36820	4948	0	10
2026.02.02	03:00:00	1.36819	1.36924	1.36783	1.36841	3926	0	10
2026.02.02	04:00:00	1.36842	1.36878	1.36765	1.36823	3509	0	10
2026.02.02	05:00:00	1.36818	1.36830	1.36599	1.36720	3742	0	10
2026.02.02	06:00:00	1.36722	1.36758	1.36611	1.36754	5732	0	10
2026.02.02	07:00:00	1.36757	1.36886	1.36729	1.36791	5452	0	10
2026.02.02	08:00:00	1.36792	1.37009	1.36776	1.36922	5854	0	10
2026.02.02	09:00:00	1.36918	1.37105	1.36815	1.37087	4994	0	10
2026.02.02	10:00:00	1.37084	1.37148	1.36958	1.37015	4432	0	10
2026.02.02	11:00:00	1.37014	1.37118	1.36945	1.36998	3582	0	10
2026.02.02	12:00:00	1.36997	1.37065	1.36850	1.36877	4338	0	10
2026.02.02	13:00:00	1.36880	1.36882	1.36489	1.36511	5650	0	10
2026.02.02	14:00:00	1.36509	1.36767	1.36308	1.36677	6143	0	10
2026.02.02	15:00:00	1.36670	1.36670	1.36261	1.36274	8870	0	10
2026.02.02	16:00:00	1.36274	1.36566	1.36225	1.36523	5959	0	10
2026.02.02	17:00:00	1.36526	1.36625	1.36497	1.36595	4204	0	10
2026.02.02	18:00:00	1.36595	1.36615	1.36476	1.36494	3800	0	10
2026.02.02	19:00:00	1.36498	1.36613	1.36431	1.36586	2617	0	10
2026.02.02	20:00:00	1.36587	1.36676	1.36532	1.36655	2551	0	10
2026.02.02	21:00:00	1.36658	1.36687	1.36638	1.36658	1266	0	7
2026.02.02	22:00:00	1.36655	1.36657	1.36611	1.36640	863	0	45
2026.02.02	23:00:00	1.36646	1.36729	1.36592	1.36727	1127	0	10
2026.02.03	00:00:00	1.36726	1.36802	1.36704	1.36796	1841	0	10
2026.02.03	01:00:00	1.36797	1.36858	1.36738	1.36856	2537	0	10
2026.02.03	02:00:00	1.36856	1.36859	1.36710	1.36724	2148	0	10
2026.02.03	03:00:00	1.36724	1.36884	1.36706	1.36844	2765	0	10
2026.02.03	04:00:00	1.36842	1.36939	1.36842	1.36871	2040	0	10
2026.02.03	05:00:00	1.36870	1.36919	1.36827	1.36891	2072	0	10
2026.02.03	06:00:00	1.36891	1.37007	1.36884	1.36927	2691	0	10
2026.02.03	07:00:00	1.36924	1.37064	1.36828	1.36964	4083	0	10
2026.02.03	08:00:00	1.36962	1.36996	1.36763	1.36854	3934	0	10
2026.02.03	09:00:00	1.36854	1.36910	1.36661	1.36666	4425	0	10
2026.02.03	10:00:00	1.36668	1.36735	1.36546	1.36551	3146	0	10
2026.02.03	11:00:00	1.36550	1.36621	1.36501	1.36501	2909	0	10
2026.02.03	12:00:00	1.36500	1.36829	1.36500	1.36813	3267	0	10
2026.02.03	13:00:00	1.36810	1.36893	1.36695	1.36697	3856	0	10
2026.02.03	14:00:00	1.36701	1.36845	1.36560	1.36681	4947	0	10
2026.02.03	15:00:00	1.36681	1.37041	1.36636	1.37029	5543	0	10
2026.02.03	16:00:00	1.37030	1.37066	1.36926	1.36987	4458	0	10
2026.02.03	17:00:00	1.36989	1.37071	1.36924	1.36955	4121	0	10
2026.02.03	18:00:00	1.36953	1.37018	1.36765	1.36772	3696	0	10
2026.02.03	19:00:00	1.36770	1.36912	1.36729	1.36876	3199	0	10
2026.02.03	20:00:00	1.36877	1.36992	1.36835	1.36956	2508	0	10
2026.02.03	21:00:00	1.36954	1.37019	1.36947	1.36967	1289	0	4
2026.02.03	22:00:00	1.36967	1.36972	1.36919	1.36926	957	0	18
2026.02.03	23:00:00	1.36954	1.37015	1.36913	1.36966	1053	0	10
2026.02.04	00:00:00	1.36966	1.36976	1.36905	1.36935	1832	0	10
2026.02.04	01:00:00	1.36934	1.37098	1.36907	1.37062	2649	0	10
2026.02.04	02:00:00	1.37065	1.37123	1.36973	1.36999	2109	0	10
2026.02.04	03:00:00	1.37000	1.37049	1.36962	1.37039	1913	0	10
2026.02.04	04:00:00	1.37039	1.37166	1.37026	1.37155	1478	0	10
2026.02.04	05:00:00	1.37154	1.37195	1.37113	1.37145	1637	0	10
2026.02.04	06:00:00	1.37145	1.37214	1.37121	1.37126	2081	0	10
2026.02.04	07:00:00	1.37126	1.37186	1.37055	1.37153	2734	0	10
2026.02.04	08:00:00	1.37150	1.37328	1.37112	1.37287	3550	0	10
2026.02.04	09:00:00	1.37287	1.37330	1.37006	1.37083	3116	0	10
2026.02.04	10:00:00	1.37082	1.37156	1.36943	1.37156	2838	0	10
2026.02.04	11:00:00	1.37157	1.37161	1.37011	1.37085	3059	0	10
2026.02.04	12:00:00	1.37084	1.37242	1.37054	1.37195	2626	0	10
2026.02.04	13:00:00	1.37195	1.37287	1.37016	1.37130	4230	0	10
2026.02.04	14:00:00	1.37130	1.37175	1.36856	1.36876	6005	0	10
2026.02.04	15:00:00	1.36873	1.36950	1.36609	1.36638	7282	0	10
2026.02.04	16:00:00	1.36638	1.36640	1.36425	1.36569	5281	0	10
2026.02.04	17:00:00	1.36569	1.36719	1.36440	1.36461	5174	0	10
2026.02.04	18:00:00	1.36458	1.36549	1.36418	1.36499	3534	0	10
2026.02.04	19:00:00	1.36501	1.36628	1.36434	1.36625	3326	0	10
2026.02.04	20:00:00	1.36621	1.36634	1.36475	1.36506	2001	0	10
2026.02.04	21:00:00	1.36503	1.36564	1.36487	1.36508	1546	0	2
2026.02.04	22:00:00	1.36507	1.36523	1.36460	1.36496	900	0	15
2026.02.04	23:00:00	1.36505	1.36519	1.36424	1.36456	1333	0	10
2026.02.05	00:00:00	1.36457	1.36519	1.36437	1.36516	1493	0	10
2026.02.05	01:00:00	1.36518	1.36537	1.36439	1.36479	2194	0	10
2026.02.05	02:00:00	1.36479	1.36482	1.36194	1.36207	3342	0	10
2026.02.05	03:00:00	1.36210	1.36299	1.36187	1.36245	2652	0	10
2026.02.05	04:00:00	1.36248	1.36286	1.36220	1.36250	1444	0	10
2026.02.05	05:00:00	1.36248	1.36262	1.36158	1.36198	1638	0	10
2026.02.05	06:00:00	1.36197	1.36200	1.36063	1.36176	2584	0	10
2026.02.05	07:00:00	1.36174	1.36290	1.36156	1.36198	3793	0	10
2026.02.05	08:00:00	1.36196	1.36325	1.35985	1.36028	4418	0	10
2026.02.05	09:00:00	1.36026	1.36038	1.35562	1.35652	4692	0	10
2026.02.05	10:00:00	1.35652	1.35968	1.35613	1.35870	3589	0	10
2026.02.05	11:00:00	1.35869	1.36148	1.35806	1.36120	3616	0	10
2026.02.05	12:00:00	1.36126	1.36126	1.35401	1.35813	11288	0	10
2026.02.05	13:00:00	1.35809	1.35946	1.35664	1.35850	7847	0	10
2026.02.05	14:00:00	1.35846	1.35889	1.35334	1.35367	9363	0	10
2026.02.05	15:00:00	1.35366	1.35566	1.35209	1.35278	9399	0	10
2026.02.05	16:00:00	1.35277	1.35558	1.35170	1.35496	6141	0	10
2026.02.05	17:00:00	1.35496	1.35572	1.35394	1.35506	4147	0	10
2026.02.05	18:00:00	1.35506	1.35568	1.35375	1.35423	2817	0	10
2026.02.05	19:00:00	1.35423	1.35518	1.35414	1.35483	2592	0	10
2026.02.05	20:00:00	1.35484	1.35515	1.35372	1.35384	2475	0	10
2026.02.05	21:00:00	1.35381	1.35398	1.35247	1.35281	1760	0	10
2026.02.05	22:00:00	1.35280	1.35306	1.35245	1.35306	776	0	40
2026.02.05	23:00:00	1.35313	1.35351	1.35202	1.35208	1459	0	10
2026.02.06	00:00:00	1.35209	1.35304	1.35080	1.35295	2548	0	10
2026.02.06	01:00:00	1.35293	1.35426	1.35246	1.35395	2960	0	10
2026.02.06	02:00:00	1.35399	1.35497	1.35396	1.35452	2154	0	10
2026.02.06	03:00:00	1.35450	1.35488	1.35432	1.35460	1552	0	10
2026.02.06	04:00:00	1.35463	1.35594	1.35447	1.35591	1635	0	10
2026.02.06	05:00:00	1.35591	1.35695	1.35576	1.35687	1694	0	10
2026.02.06	06:00:00	1.35685	1.35780	1.35668	1.35712	2263	0	10
2026.02.06	07:00:00	1.35714	1.35786	1.35630	1.35660	2697	0	10
2026.02.06	08:00:00	1.35662	1.35721	1.35576	1.35678	3720	0	10
2026.02.06	09:00:00	1.35679	1.35821	1.35655	1.35766	3268	0	10
2026.02.06	10:00:00	1.35765	1.35837	1.35712	1.35760	2302	0	10
2026.02.06	11:00:00	1.35757	1.35917	1.35752	1.35839	2550	0	10
2026.02.06	12:00:00	1.35839	1.35943	1.35829	1.35884	2460	0	10
2026.02.06	13:00:00	1.35886	1.35960	1.35811	1.35882	3468	0	10
2026.02.06	14:00:00	1.35878	1.36091	1.35870	1.36086	4287	0	10
2026.02.06	15:00:00	1.36087	1.36152	1.35935	1.36140	4198	0	10
2026.02.06	16:00:00	1.36139	1.36162	1.36012	1.36038	3524	0	10
2026.02.06	17:00:00	1.36040	1.36229	1.36011	1.36180	2718	0	10
2026.02.06	18:00:00	1.36180	1.36229	1.36125	1.36137	2236	0	10
2026.02.06	19:00:00	1.36136	1.36204	1.36116	1.36156	1675	0	10
2026.02.06	20:00:00	1.36154	1.36197	1.36122	1.36185	1613	0	10
2026.02.06	21:00:00	1.36188	1.36217	1.36074	1.36115	1651	0	10
2026.02.08	22:00:00	1.35904	1.36020	1.35899	1.36018	452	0	47
2026.02.08	23:00:00	1.36027	1.36112	1.35876	1.36095	2744	0	10
2026.02.09	00:00:00	1.36097	1.36201	1.36054	1.36112	3391	0	10
2026.02.09	01:00:00	1.36114	1.36124	1.35978	1.36006	3299	0	10
2026.02.09	02:00:00	1.36005	1.36087	1.35902	1.36039	2089	0	10
2026.02.09	03:00:00	1.36039	1.36076	1.35984	1.35984	1300	0	10
2026.02.09	04:00:00	1.35984	1.36054	1.35984	1.36042	1084	0	10
2026.02.09	05:00:00	1.36041	1.36168	1.36029	1.36138	1178	0	10
2026.02.09	06:00:00	1.36137	1.36285	1.36048	1.36157	4144	0	10
2026.02.09	07:00:00	1.36153	1.36158	1.35876	1.36036	4679	0	10
2026.02.09	08:00:00	1.36036	1.36106	1.35861	1.36016	5022	0	10
2026.02.09	09:00:00	1.36015	1.36122	1.35954	1.36004	3320	0	10
2026.02.09	10:00:00	1.36005	1.36139	1.35932	1.36084	3507	0	10
2026.02.09	11:00:00	1.36082	1.36449	1.35929	1.36369	6282	0	10
2026.02.09	12:00:00	1.36372	1.36620	1.36372	1.36598	3337	0	10
2026.02.09	13:00:00	1.36596	1.36695	1.36423	1.36502	6050	0	10
2026.02.09	14:00:00	1.36506	1.36523	1.36212	1.36438	9266	0	10
2026.02.09	15:00:00	1.36435	1.36871	1.36432	1.36772	7029	0	10
2026.02.09	16:00:00	1.36772	1.36908	1.36620	1.36655	4173	0	10
2026.02.09	17:00:00	1.36655	1.36756	1.36631	1.36715	2402	0	10
2026.02.09	18:00:00	1.36713	1.36910	1.36639	1.36893	2974	0	10
2026.02.09	19:00:00	1.36893	1.36998	1.36840	1.36967	2171	0	10
2026.02.09	20:00:00	1.36965	1.36987	1.36915	1.36945	1974	0	10
2026.02.09	21:00:00	1.36946	1.36997	1.36903	1.36946	1631	0	9
2026.02.09	22:00:00	1.36947	1.36949	1.36878	1.36906	852	0	11
2026.02.09	23:00:00	1.36943	1.36965	1.36813	1.36821	1013	0	10
2026.02.10	00:00:00	1.36822	1.36839	1.36717	1.36803	1539	0	10
2026.02.10	01:00:00	1.36805	1.36894	1.36738	1.36842	2452	0	10
2026.02.10	02:00:00	1.36845	1.36930	1.36835	1.36927	1937	0	10
2026.02.10	03:00:00	1.36925	1.36958	1.36836	1.36852	1984	0	10
2026.02.10	04:00:00	1.36851	1.36864	1.36794	1.36810	1355	0	10
2026.02.10	05:00:00	1.36814	1.36839	1.36739	1.36781	1401	0	10
2026.02.10	06:00:00	1.36778	1.36814	1.36675	1.36718	2006	0	10
2026.02.10	07:00:00	1.36720	1.36795	1.36665	1.36721	2681	0	10
2026.02.10	08:00:00	1.36722	1.36795	1.36631	1.36706	3238	0	10
2026.02.10	09:00:00	1.36702	1.36842	1.36648	1.36679	2609	0	10
2026.02.10	10:00:00	1.36681	1.36734	1.36573	1.36645	2516	0	10
2026.02.10	11:00:00	1.36645	1.36650	1.36579	1.36630	1853	0	10
2026.02.10	12:00:00	1.36633	1.36927	1.36617	1.36854	4059	0	10
2026.02.10	13:00:00	1.36854	1.36910	1.36655	1.36813	4866	0	10
2026.02.10	14:00:00	1.36814	1.36965	1.36697	1.36768	4746	0	10
2026.02.10	15:00:00	1.36767	1.36804	1.36525	1.36734	5550	0	10
2026.02.10	16:00:00	1.36736	1.36740	1.36589	1.36633	3808	0	10
2026.02.10	17:00:00	1.36631	1.36659	1.36432	1.36531	3028	0	10
2026.02.10	18:00:00	1.36530	1.36547	1.36419	1.36436	2346	0	10
2026.02.10	19:00:00	1.36438	1.36564	1.36395	1.36564	2075	0	10
2026.02.10	20:00:00	1.36563	1.36571	1.36422	1.36428	1939	0	10
2026.02.10	21:00:00	1.36430	1.36447	1.36382	1.36416	1153	0	10
2026.02.10	22:00:00	1.36415	1.36417	1.36361	1.36384	1054	0	22
2026.02.10	23:00:00	1.36397	1.36397	1.36311	1.36324	730	0	10
2026.02.11	00:00:00	1.36324	1.36427	1.36310	1.36385	1985	0	10
2026.02.11	01:00:00	1.36388	1.36489	1.36382	1.36439	3584	0	10
2026.02.11	02:00:00	1.36439	1.36607	1.36439	1.36576	1993	0	10
2026.02.11	03:00:00	1.36579	1.36677	1.36542	1.36647	1571	0	10
2026.02.11	04:00:00	1.36646	1.36695	1.36581	1.36590	1238	0	10
2026.02.11	05:00:00	1.36588	1.36700	1.36575	1.36696	1492	0	10
2026.02.11	06:00:00	1.36695	1.36776	1.36662	1.36699	2106	0	10
2026.02.11	07:00:00	1.36699	1.36744	1.36638	1.36738	2437	0	10
2026.02.11	08:00:00	1.36739	1.36929	1.36684	1.36919	3183	0	10
2026.02.11	09:00:00	1.36921	1.36987	1.36834	1.36954	2517	0	10
2026.02.11	10:00:00	1.36954	1.37121	1.36860	1.37062	2786	0	10
2026.02.11	11:00:00	1.37058	1.37063	1.36902	1.36908	2425	0	10
2026.02.11	12:00:00	1.36910	1.36918	1.36750	1.36797	2689	0	10
2026.02.11	13:00:00	1.36800	1.36901	1.36091	1.36412	11561	0	10
2026.02.11	14:00:00	1.36410	1.36699	1.36373	1.36549	9119	0	10
2026.02.11	15:00:00	1.36548	1.36667	1.36261	1.36331	7950	0	10
2026.02.11	16:00:00	1.36331	1.36565	1.36281	1.36519	4798	0	10
2026.02.11	17:00:00	1.36516	1.36671	1.36441	1.36574	4207	0	10
2026.02.11	18:00:00	1.36575	1.36588	1.36391	1.36391	3299	0	10
2026.02.11	19:00:00	1.36390	1.36412	1.36318	1.36321	2588	0	10
2026.02.11	20:00:00	1.36320	1.36345	1.36204	1.36212	1885	0	10
2026.02.11	21:00:00	1.36211	1.36288	1.36185	1.36266	1424	0	9
2026.02.11	22:00:00	1.36263	1.36277	1.36215	1.36258	619	0	22
2026.02.11	23:00:00	1.36261	1.36279	1.36188	1.36226	1091	0	10
2026.02.12	00:00:00	1.36226	1.36315	1.36149	1.36315	1977	0	10
2026.02.12	01:00:00	1.36312	1.36397	1.36262	1.36397	2539	0	10
2026.02.12	02:00:00	1.36396	1.36419	1.36301	1.36350	2049	0	10
2026.02.12	03:00:00	1.36348	1.36369	1.36260	1.36313	2050	0	10
2026.02.12	04:00:00	1.36312	1.36355	1.36195	1.36246	1885	0	10
2026.02.12	05:00:00	1.36246	1.36259	1.36170	1.36218	1652	0	10
2026.02.12	06:00:00	1.36217	1.36255	1.36042	1.36165	3187	0	10
2026.02.12	07:00:00	1.36161	1.36344	1.36111	1.36321	2870	0	10
2026.02.12	08:00:00	1.36323	1.36467	1.36262	1.36369	2957	0	10
2026.02.12	09:00:00	1.36371	1.36536	1.36365	1.36487	2792	0	10
2026.02.12	10:00:00	1.36487	1.36498	1.36360	1.36384	2391	0	10
2026.02.12	11:00:00	1.36384	1.36506	1.36346	1.36487	2099	0	10
2026.02.12	12:00:00	1.36487	1.36497	1.36214	1.36289	2578	0	10
2026.02.12	13:00:00	1.36289	1.36517	1.36280	1.36498	3259	0	10
2026.02.12	14:00:00	1.36498	1.36690	1.36419	1.36641	4762	0	10
2026.02.12	15:00:00	1.36640	1.36711	1.36493	1.36537	4453	0	10
2026.02.12	16:00:00	1.36536	1.36576	1.36157	1.36315	8041	0	10
2026.02.12	17:00:00	1.36311	1.36327	1.36173	1.36186	5384	0	10
2026.02.12	18:00:00	1.36185	1.36239	1.36043	1.36162	3748	0	10
2026.02.12	19:00:00	1.36159	1.36262	1.36146	1.36236	2588	0	10
2026.02.12	20:00:00	1.36233	1.36245	1.36142	1.36207	1908	0	10
2026.02.12	21:00:00	1.36206	1.36240	1.36166	1.36213	1430	0	9
2026.02.12	22:00:00	1.36214	1.36217	1.36163	1.36188	541	0	22
2026.02.12	23:00:00	1.36200	1.36223	1.36160	1.36179	1052	0	10
2026.02.13	00:00:00	1.36178	1.36216	1.36144	1.36210	1831	0	10
2026.02.13	01:00:00	1.36209	1.36220	1.36114	1.36163	2269	0	10
2026.02.13	02:00:00	1.36166	1.36238	1.36122	1.36198	1601	0	10
2026.02.13	03:00:00	1.36197	1.36226	1.36136	1.36148	1301	0	10
2026.02.13	04:00:00	1.36146	1.36170	1.36083	1.36115	1222	0	10
2026.02.13	05:00:00	1.36115	1.36146	1.35990	1.36035	1810	0	10
2026.02.13	06:00:00	1.36036	1.36062	1.35940	1.36014	2368	0	10
2026.02.13	07:00:00	1.36010	1.36165	1.35899	1.36138	3330	0	10
2026.02.13	08:00:00	1.36136	1.36285	1.36107	1.36230	3314	0	10
2026.02.13	09:00:00	1.36231	1.36295	1.36202	1.36221	2317	0	10
2026.02.13	10:00:00	1.36221	1.36269	1.36142	1.36179	2249	0	10
2026.02.13	11:00:00	1.36181	1.36189	1.36006	1.36029	2736	0	10
2026.02.13	12:00:00	1.36025	1.36089	1.35983	1.36070	2526	0	10
2026.02.13	13:00:00	1.36072	1.36453	1.36044	1.36326	6140	0	10
2026.02.13	14:00:00	1.36326	1.36388	1.36151	1.36257	6086	0	10
2026.02.13	15:00:00	1.36259	1.36472	1.36102	1.36124	6179	0	10
2026.02.13	16:00:00	1.36125	1.36435	1.36063	1.36414	4072	0	10
2026.02.13	17:00:00	1.36417	1.36591	1.36377	1.36483	3232	0	10
2026.02.13	18:00:00	1.36485	1.36537	1.36456	1.36513	2240	0	10
2026.02.13	19:00:00	1.36514	1.36550	1.36419	1.36426	1838	0	10
2026.02.13	20:00:00	1.36427	1.36560	1.36407	1.36559	2096	0	10
2026.02.13	21:00:00	1.36562	1.36579	1.36477	1.36549	2910	0	10
2026.02.15	22:00:00	1.36426	1.36452	1.36347	1.36433	896	0	61
2026.02.15	23:00:00	1.36455	1.36488	1.36421	1.36471	1616	0	10
2026.02.16	00:00:00	1.36471	1.36483	1.36402	1.36405	1762	0	10
2026.02.16	01:00:00	1.36404	1.36440	1.36364	1.36432	1611	0	10
2026.02.16	02:00:00	1.36428	1.36454	1.36383	1.36418	1550	0	10
2026.02.16	03:00:00	1.36418	1.36451	1.36373	1.36415	1095	0	10
2026.02.16	04:00:00	1.36415	1.36433	1.36352	1.36388	954	0	10
2026.02.16	05:00:00	1.36389	1.36407	1.36348	1.36387	863	0	10
2026.02.16	06:00:00	1.36386	1.36485	1.36377	1.36428	1106	0	10
2026.02.16	07:00:00	1.36424	1.36507	1.36349	1.36437	1890	0	10
2026.02.16	08:00:00	1.36437	1.36599	1.36394	1.36515	3272	0	10
2026.02.16	09:00:00	1.36515	1.36616	1.36404	1.36446	2362	0	10
2026.02.16	10:00:00	1.36444	1.36513	1.36405	1.36500	2139	0	10
2026.02.16	11:00:00	1.36497	1.36506	1.36424	1.36441	1748	0	10
2026.02.16	12:00:00	1.36438	1.36510	1.36392	1.36424	1713	0	10
2026.02.16	13:00:00	1.36426	1.36473	1.36282	1.36327	1996	0	10
2026.02.16	14:00:00	1.36327	1.36399	1.36295	1.36352	2088	0	10
2026.02.16	15:00:00	1.36353	1.36379	1.36272	1.36321	1887	0	10
2026.02.16	16:00:00	1.36325	1.36350	1.36252	1.36283	1669	0	10
2026.02.16	17:00:00	1.36283	1.36299	1.36254	1.36270	905	0	10
2026.02.16	18:00:00	1.36269	1.36310	1.36260	1.36284	411	0	10
2026.02.16	19:00:00	1.36284	1.36329	1.36284	1.36317	474	0	10
2026.02.16	20:00:00	1.36314	1.36321	1.36294	1.36299	413	0	10
2026.02.16	21:00:00	1.36299	1.36303	1.36245	1.36290	624	0	4
2026.02.16	22:00:00	1.36287	1.36301	1.36268	1.36288	697	0	20
2026.02.16	23:00:00	1.36299	1.36299	1.36218	1.36267	825	0	10
2026.02.17	00:00:00	1.36267	1.36289	1.36182	1.36190	1709	0	10
2026.02.17	01:00:00	1.36191	1.36210	1.36134	1.36164	2046	0	10
2026.02.17	02:00:00	1.36161	1.36201	1.36114	1.36134	1392	0	10
2026.02.17	03:00:00	1.36134	1.36136	1.36054	1.36122	1477	0	10
2026.02.17	04:00:00	1.36123	1.36131	1.36064	1.36111	1163	0	10
2026.02.17	05:00:00	1.36110	1.36117	1.36026	1.36070	1581	0	10
2026.02.17	06:00:00	1.36070	1.36148	1.36070	1.36117	1344	0	10
2026.02.17	07:00:00	1.36113	1.36117	1.35516	1.35623	4257	0	10
2026.02.17	08:00:00	1.35625	1.35902	1.35606	1.35851	3761	0	10
2026.02.17	09:00:00	1.35852	1.35971	1.35832	1.35906	2641	0	10
2026.02.17	10:00:00	1.35904	1.36059	1.35888	1.35945	2532	0	10
2026.02.17	11:00:00	1.35948	1.35977	1.35596	1.35644	3006	0	10
2026.02.17	12:00:00	1.35642	1.35711	1.35464	1.35483	2797	0	10
2026.02.17	13:00:00	1.35483	1.35500	1.35239	1.35244	4201	0	10
2026.02.17	14:00:00	1.35243	1.35319	1.35171	1.35202	5334	0	10
2026.02.17	15:00:00	1.35203	1.35252	1.34951	1.35029	5463	0	10
2026.02.17	16:00:00	1.35026	1.35411	1.35021	1.35376	3890	0	10
2026.02.17	17:00:00	1.35376	1.35498	1.35340	1.35460	3318	0	10
2026.02.17	18:00:00	1.35459	1.35607	1.35404	1.35584	2837	0	10
2026.02.17	19:00:00	1.35583	1.35627	1.35553	1.35607	1709	0	10
2026.02.17	20:00:00	1.35611	1.35637	1.35571	1.35617	1467	0	10
2026.02.17	21:00:00	1.35619	1.35686	1.35592	1.35662	1079	0	4
2026.02.17	22:00:00	1.35659	1.35659	1.35542	1.35613	675	0	31
2026.02.17	23:00:00	1.35613	1.35720	1.35609	1.35622	1104	0	10
2026.02.18	00:00:00	1.35622	1.35661	1.35601	1.35615	1610	0	10
2026.02.18	01:00:00	1.35615	1.35617	1.35536	1.35581	1659	0	10
2026.02.18	02:00:00	1.35582	1.35585	1.35511	1.35540	1298	0	10
2026.02.18	03:00:00	1.35539	1.35576	1.35521	1.35526	1114	0	10
2026.02.18	04:00:00	1.35526	1.35557	1.35492	1.35534	1030	0	10
2026.02.18	05:00:00	1.35533	1.35594	1.35531	1.35587	787	0	10
2026.02.18	06:00:00	1.35587	1.35665	1.35530	1.35639	1282	0	10
2026.02.18	07:00:00	1.35632	1.35776	1.35529	1.35611	2874	0	10
2026.02.18	08:00:00	1.35606	1.35679	1.35563	1.35651	2959	0	10
2026.02.18	09:00:00	1.35649	1.35790	1.35646	1.35741	2394	0	10
2026.02.18	10:00:00	1.35741	1.35819	1.35652	1.35655	2075	0	10
2026.02.18	11:00:00	1.35656	1.35748	1.35651	1.35729	1500	0	10
2026.02.18	12:00:00	1.35729	1.35799	1.35692	1.35727	2309	0	10
2026.02.18	13:00:00	1.35730	1.35813	1.35517	1.35518	2773	0	10
2026.02.18	14:00:00	1.35518	1.35584	1.35326	1.35367	4364	0	10
2026.02.18	15:00:00	1.35363	1.35535	1.35349	1.35453	3745	0	10
2026.02.18	16:00:00	1.35453	1.35573	1.35328	1.35334	2914	0	10
2026.02.18	17:00:00	1.35336	1.35364	1.35121	1.35217	2588	0	10
2026.02.18	18:00:00	1.35218	1.35254	1.35056	1.35129	2588	0	10
2026.02.18	19:00:00	1.35131	1.35147	1.34967	1.34997	3354	0	10
2026.02.18	20:00:00	1.34997	1.35046	1.34944	1.34993	1638	0	10
2026.02.18	21:00:00	1.34992	1.35018	1.34908	1.34920	1103	0	4
2026.02.18	22:00:00	1.34918	1.34937	1.34851	1.34937	772	0	35
2026.02.18	23:00:00	1.34961	1.34979	1.34936	1.34947	669	0	10
2026.02.19	00:00:00	1.34948	1.34977	1.34880	1.34894	1290	0	10
2026.02.19	01:00:00	1.34894	1.34987	1.34894	1.34962	1692	0	10
2026.02.19	02:00:00	1.34961	1.34968	1.34913	1.34943	1165	0	10
2026.02.19	03:00:00	1.34945	1.34971	1.34875	1.34906	1166	0	10
2026.02.19	04:00:00	1.34906	1.34924	1.34813	1.34834	1075	0	10
2026.02.19	05:00:00	1.34834	1.34875	1.34802	1.34870	1024	0	10
2026.02.19	06:00:00	1.34870	1.35019	1.34842	1.34995	1360	0	10
2026.02.19	07:00:00	1.34995	1.35120	1.34938	1.35096	1783	0	10
2026.02.19	08:00:00	1.35096	1.35155	1.35013	1.35057	2217	0	10
2026.02.19	09:00:00	1.35056	1.35165	1.34939	1.35042	2538	0	10
2026.02.19	10:00:00	1.35038	1.35070	1.34846	1.34885	2719	0	10
2026.02.19	11:00:00	1.34884	1.34917	1.34649	1.34657	2716	0	10
2026.02.19	12:00:00	1.34656	1.34739	1.34565	1.34627	2707	0	10
2026.02.19	13:00:00	1.34627	1.34688	1.34487	1.34666	3938	0	10
2026.02.19	14:00:00	1.34665	1.34676	1.34334	1.34452	5109	0	10
2026.02.19	15:00:00	1.34450	1.34736	1.34408	1.34536	6497	0	10
2026.02.19	16:00:00	1.34536	1.34577	1.34390	1.34447	3698	0	10
2026.02.19	17:00:00	1.34448	1.34557	1.34382	1.34521	3164	0	10
2026.02.19	18:00:00	1.34519	1.34657	1.34501	1.34593	2314	0	10
2026.02.19	19:00:00	1.34596	1.34656	1.34464	1.34514	2302	0	10
2026.02.19	20:00:00	1.34515	1.34598	1.34510	1.34588	1476	0	10
2026.02.19	21:00:00	1.34588	1.34728	1.34575	1.34611	1713	0	4
2026.02.19	22:00:00	1.34612	1.34636	1.34595	1.34636	827	0	22
2026.02.19	23:00:00	1.34658	1.34705	1.34590	1.34593	951	0	10
2026.02.20	00:00:00	1.34593	1.34637	1.34552	1.34613	1624	0	10
2026.02.20	01:00:00	1.34611	1.34627	1.34411	1.34463	2375	0	10
2026.02.20	02:00:00	1.34464	1.34475	1.34342	1.34405	2140	0	10
2026.02.20	03:00:00	1.34405	1.34461	1.34381	1.34420	1335	0	10
2026.02.20	04:00:00	1.34420	1.34470	1.34379	1.34387	1106	0	10
2026.02.20	05:00:00	1.34388	1.34486	1.34366	1.34453	1423	0	10
2026.02.20	06:00:00	1.34452	1.34489	1.34410	1.34473	1564	0	10
2026.02.20	07:00:00	1.34469	1.34669	1.34445	1.34455	3198	0	10
2026.02.20	08:00:00	1.34454	1.34549	1.34355	1.34521	3607	0	10
2026.02.20	09:00:00	1.34517	1.34787	1.34501	1.34662	3063	0	10
2026.02.20	10:00:00	1.34665	1.34822	1.34612	1.34751	2641	0	10
2026.02.20	11:00:00	1.34750	1.34775	1.34656	1.34697	2512	0	10
2026.02.20	12:00:00	1.34695	1.34829	1.34679	1.34725	2941	0	10
2026.02.20	13:00:00	1.34729	1.34970	1.34663	1.34859	4921	0	10
2026.02.20	14:00:00	1.34857	1.34882	1.34671	1.34768	4884	0	10
2026.02.20	15:00:00	1.34765	1.35146	1.34602	1.35005	16027	0	10
2026.02.20	16:00:00	1.35007	1.35145	1.34858	1.34981	5768	0	10
2026.02.20	17:00:00	1.34983	1.35002	1.34745	1.34892	4598	0	10
2026.02.20	18:00:00	1.34891	1.35063	1.34845	1.34942	6406	0	10
2026.02.20	19:00:00	1.34945	1.34989	1.34833	1.34853	2983	0	10
2026.02.20	20:00:00	1.34854	1.34909	1.34809	1.34891	1892	0	10
2026.02.20	21:00:00	1.34890	1.34967	1.34760	1.34779	2016	0	10
