<DATE>	<TIME>	<OPEN>	<HIGH>	<LOW>	<CLOSE>	<TICKVOL>	<VOL>	<SPREAD>
2025.06.01	22:00:00	74.308	74.308	74.272	74.272	17	0	6
2025.06.01	22:15:00	74.270	74.307	74.270	74.302	28	0	3
2025.06.01	22:30:00	74.303	74.319	74.295	74.307	32	0	2
2025.06.01	22:45:00	74.302	74.302	74.260	74.268	38	0	2
2025.06.01	23:00:00	74.265	74.274	74.245	74.253	42	0	2
2025.06.01	23:15:00	74.252	74.263	74.247	74.250	37	0	2
2025.06.01	23:30:00	74.247	74.257	74.231	74.234	55	0	2
2025.06.01	23:45:00	74.230	74.261	74.218	74.247	49	0	2
2025.06.02	00:00:00	74.247	74.247	74.134	74.137	92	0	2
2025.06.02	00:15:00	74.140	74.140	74.123	74.130	58	0	2
2025.06.02	00:30:00	74.127	74.170	74.127	74.163	94	0	2
2025.06.02	00:45:00	74.159	74.173	74.116	74.137	88	0	2
2025.06.02	01:00:00	74.133	74.152	74.105	74.108	96	0	2
2025.06.02	01:15:00	74.105	74.111	74.046	74.046	105	0	2
2025.06.02	01:30:00	74.049	74.092	74.042	74.074	116	0	2
2025.06.02	01:45:00	74.070	74.128	74.063	74.128	102	0	2
2025.06.02	02:00:00	74.132	74.139	74.097	74.117	85	0	2
2025.06.02	02:15:00	74.113	74.135	74.104	74.129	46	0	2
2025.06.02	02:30:00	74.125	74.125	74.094	74.119	53	0	2
2025.06.02	02:45:00	74.119	74.158	74.116	74.151	44	0	2
2025.06.02	03:00:00	74.154	74.189	74.140	74.186	72	0	2
2025.06.02	03:15:00	74.182	74.194	74.159	74.191	50	0	2
2025.06.02	03:30:00	74.194	74.220	74.194	74.198	54	0	2
2025.06.02	03:45:00	74.194	74.203	74.167	74.167	49	0	2
2025.06.02	04:00:00	74.163	74.175	74.156	74.162	57	0	2
2025.06.02	04:15:00	74.162	74.168	74.138	74.138	40	0	2
2025.06.02	04:30:00	74.134	74.151	74.134	74.141	44	0	2
2025.06.02	04:45:00	74.144	74.153	74.126	74.134	46	0	2
2025.06.02	05:00:00	74.130	74.136	74.097	74.103	59	0	2
2025.06.02	05:15:00	74.100	74.120	74.099	74.109	44	0	2
2025.06.02	05:30:00	74.108	74.126	74.074	74.076	48	0	2
2025.06.02	05:45:00	74.072	74.090	74.052	74.065	95	0	2
2025.06.02	06:00:00	74.069	74.079	74.043	74.049	90	0	2
2025.06.02	06:15:00	74.052	74.055	73.971	73.984	132	0	2
2025.06.02	06:30:00	73.981	73.985	73.889	73.893	144	0	2
2025.06.02	06:45:00	73.896	73.930	73.887	73.902	128	0	2
2025.06.02	07:00:00	73.906	73.914	73.820	73.831	166	0	2
2025.06.02	07:15:00	73.828	73.835	73.798	73.825	171	0	2
2025.06.02	07:30:00	73.829	73.849	73.794	73.801	150	0	2
2025.06.02	07:45:00	73.804	73.826	73.759	73.809	233	0	2
2025.06.02	08:00:00	73.805	73.828	73.788	73.809	153	0	2
2025.06.02	08:15:00	73.806	73.845	73.788	73.831	138	0	2
2025.06.02	08:30:00	73.828	73.855	73.811	73.852	155	0	2
2025.06.02	08:45:00	73.855	73.862	73.818	73.837	150	0	2
2025.06.02	09:00:00	73.834	73.841	73.787	73.792	158	0	2
2025.06.02	09:15:00	73.796	73.811	73.770	73.811	127	0	2
2025.06.02	09:30:00	73.808	73.823	73.786	73.821	137	0	2
2025.06.02	09:45:00	73.818	73.852	73.808	73.848	128	0	2
2025.06.02	10:00:00	73.851	73.879	73.845	73.875	111	0	2
2025.06.02	10:15:00	73.872	73.884	73.824	73.856	86	0	2
2025.06.02	10:30:00	73.860	73.892	73.855	73.872	84	0	2
2025.06.02	10:45:00	73.869	73.905	73.849	73.905	94	0	2
2025.06.02	11:00:00	73.902	73.923	73.861	73.889	122	0	2
2025.06.02	11:15:00	73.886	73.886	73.840	73.850	87	0	2
2025.06.02	11:30:00	73.853	73.892	73.853	73.883	85	0	2
2025.06.02	11:45:00	73.887	73.922	73.867	73.875	114	0	2
2025.06.02	12:00:00	73.872	73.887	73.831	73.876	142	0	2
2025.06.02	12:15:00	73.873	73.900	73.838	73.838	91	0	2
2025.06.02	12:30:00	73.834	73.835	73.796	73.827	110	0	2
2025.06.02	12:45:00	73.830	73.861	73.808	73.841	121	0	2
2025.06.02	13:00:00	73.838	73.893	73.833	73.890	125	0	2
2025.06.02	13:15:00	73.886	73.963	73.883	73.949	149	0	2
2025.06.02	13:30:00	73.953	73.970	73.932	73.940	188	0	2
2025.06.02	13:45:00	73.936	73.968	73.903	73.912	184	0	2
2025.06.02	14:00:00	73.909	73.909	73.780	73.790	385	0	2
2025.06.02	14:15:00	73.787	73.827	73.754	73.793	194	0	2
2025.06.02	14:30:00	73.789	73.792	73.747	73.759	216	0	2
2025.06.02	14:45:00	73.763	73.793	73.748	73.784	191	0	2
2025.06.02	15:00:00	73.787	73.812	73.769	73.784	180	0	2
2025.06.02	15:15:00	73.780	73.801	73.775	73.797	143	0	2
2025.06.02	15:30:00	73.793	73.830	73.772	73.773	143	0	2
2025.06.02	15:45:00	73.776	73.813	73.771	73.813	113	0	2
2025.06.02	16:00:00	73.810	73.868	73.806	73.852	153	0	2
2025.06.02	16:15:00	73.855	73.896	73.851	73.891	92	0	2
2025.06.02	16:30:00	73.893	73.959	73.875	73.942	107	0	2
2025.06.02	16:45:00	73.938	73.966	73.927	73.950	84	0	2
2025.06.02	17:00:00	73.953	73.964	73.921	73.940	97	0	2
2025.06.02	17:15:00	73.937	73.976	73.934	73.971	54	0	2
2025.06.02	17:30:00	73.974	73.974	73.939	73.957	72	0	2
2025.06.02	17:45:00	73.953	73.956	73.930	73.956	72	0	2
2025.06.02	18:00:00	73.959	73.978	73.948	73.960	70	0	2
2025.06.02	18:15:00	73.964	73.967	73.933	73.933	57	0	2
2025.06.02	18:30:00	73.934	73.937	73.895	73.895	62	0	2
2025.06.02	18:45:00	73.899	73.899	73.847	73.850	68	0	2
2025.06.02	19:00:00	73.853	73.879	73.840	73.844	78	0	2
2025.06.02	19:15:00	73.840	73.851	73.821	73.832	42	0	2
2025.06.02	19:30:00	73.836	73.853	73.813	73.821	37	0	2
2025.06.02	19:45:00	73.818	73.828	73.809	73.819	42	0	2
2025.06.02	20:00:00	73.822	73.829	73.812	73.812	25	0	2
2025.06.02	20:15:00	73.812	73.816	73.802	73.802	20	0	2
2025.06.02	20:30:00	73.806	73.822	73.806	73.818	21	0	2
2025.06.02	20:45:00	73.815	73.832	73.812	73.827	31	0	2
2025.06.02	21:00:00	73.824	73.826	73.820	73.820	13	0	10
2025.06.02	21:15:00	73.822	73.823	73.817	73.823	14	0	20
2025.06.02	21:30:00	73.823	73.828	73.820	73.827	14	0	18
2025.06.02	21:45:00	73.830	73.835	73.821	73.832	14	0	9
2025.06.02	22:00:00	73.832	73.858	73.830	73.844	36	0	2
2025.06.02	22:15:00	73.841	73.841	73.811	73.823	29	0	2
2025.06.02	22:30:00	73.820	73.827	73.818	73.827	18	0	2
2025.06.02	22:45:00	73.828	73.831	73.807	73.807	27	0	2
2025.06.02	23:00:00	73.804	73.816	73.786	73.787	29	0	2
2025.06.02	23:15:00	73.783	73.794	73.777	73.786	44	0	2
2025.06.02	23:30:00	73.789	73.790	73.752	73.752	44	0	2
2025.06.02	23:45:00	73.756	73.772	73.750	73.761	36	0	2
2025.06.03	00:00:00	73.758	73.816	73.758	73.805	62	0	2
2025.06.03	00:15:00	73.809	73.821	73.806	73.813	55	0	2
2025.06.03	00:30:00	73.810	73.812	73.787	73.797	51	0	2
2025.06.03	00:45:00	73.799	73.822	73.796	73.812	59	0	2
2025.06.03	01:00:00	73.815	73.853	73.811	73.853	73	0	2
2025.06.03	01:15:00	73.856	73.900	73.856	73.890	95	0	2
2025.06.03	01:30:00	73.886	73.900	73.860	73.869	102	0	2
2025.06.03	01:45:00	73.873	73.898	73.870	73.890	85	0	2
2025.06.03	02:00:00	73.893	73.930	73.893	73.911	72	0	2
2025.06.03	02:15:00	73.908	73.927	73.905	73.920	58	0	2
2025.06.03	02:30:00	73.923	73.968	73.920	73.951	73	0	2
2025.06.03	02:45:00	73.955	73.959	73.935	73.952	61	0	2
2025.06.03	03:00:00	73.956	73.966	73.938	73.946	60	0	2
2025.06.03	03:15:00	73.949	73.976	73.933	73.971	43	0	2
2025.06.03	03:30:00	73.975	73.988	73.961	73.987	54	0	2
2025.06.03	03:45:00	73.984	73.990	73.970	73.970	45	0	2
2025.06.03	04:00:00	73.973	73.987	73.966	73.976	51	0	2
2025.06.03	04:15:00	73.973	73.979	73.958	73.967	36	0	2
2025.06.03	04:30:00	73.971	73.976	73.955	73.962	52	0	2
2025.06.03	04:45:00	73.959	73.965	73.933	73.942	51	0	2
2025.06.03	05:00:00	73.939	73.953	73.927	73.941	36	0	2
2025.06.03	05:15:00	73.944	73.985	73.930	73.982	63	0	2
2025.06.03	05:30:00	73.985	73.992	73.970	73.980	58	0	2
2025.06.03	05:45:00	73.983	74.007	73.932	73.939	71	0	2
2025.06.03	06:00:00	73.936	73.987	73.920	73.961	108	0	2
2025.06.03	06:15:00	73.957	73.957	73.869	73.880	106	0	2
2025.06.03	06:30:00	73.877	73.934	73.877	73.934	107	0	2
2025.06.03	06:45:00	73.931	73.931	73.870	73.897	135	0	2
2025.06.03	07:00:00	73.900	73.983	73.897	73.918	154	0	2
2025.06.03	07:15:00	73.914	73.948	73.893	73.909	210	0	2
2025.06.03	07:30:00	73.913	73.978	73.913	73.959	113	0	2
2025.06.03	07:45:00	73.955	73.971	73.943	73.966	97	0	2
2025.06.03	08:00:00	73.970	74.016	73.962	74.012	150	0	2
2025.06.03	08:15:00	74.015	74.042	74.009	74.023	95	0	2
2025.06.03	08:30:00	74.019	74.019	73.985	74.014	108	0	2
2025.06.03	08:45:00	74.010	74.016	73.969	73.988	63	0	2
2025.06.03	09:00:00	73.991	74.022	73.956	73.961	117	0	2
2025.06.03	09:15:00	73.964	73.985	73.948	73.959	90	0	2
2025.06.03	09:30:00	73.963	73.970	73.927	73.960	104	0	2
2025.06.03	09:45:00	73.957	74.000	73.955	73.991	74	0	2
2025.06.03	10:00:00	73.987	74.026	73.987	74.016	96	0	2
2025.06.03	10:15:00	74.015	74.027	74.003	74.013	63	0	2
2025.06.03	10:30:00	74.009	74.039	73.962	73.983	83	0	2
2025.06.03	10:45:00	73.986	74.049	73.986	74.042	108	0	2
2025.06.03	11:00:00	74.038	74.052	74.031	74.036	95	0	2
2025.06.03	11:15:00	74.040	74.098	74.039	74.098	118	0	2
2025.06.03	11:30:00	74.094	74.098	74.065	74.068	90	0	2
2025.06.03	11:45:00	74.065	74.091	74.053	74.054	78	0	2
2025.06.03	12:00:00	74.051	74.118	74.044	74.108	94	0	2
2025.06.03	12:15:00	74.105	74.108	74.070	74.075	86	0	2
2025.06.03	12:30:00	74.072	74.104	74.052	74.068	110	0	2
2025.06.03	12:45:00	74.072	74.089	74.052	74.052	122	0	2
2025.06.03	13:00:00	74.049	74.071	74.000	74.006	121	0	2
2025.06.03	13:15:00	74.009	74.033	73.981	74.023	111	0	2
2025.06.03	13:30:00	74.026	74.033	73.951	73.952	200	0	2
2025.06.03	13:45:00	73.955	74.010	73.951	74.003	162	0	2
2025.06.03	14:00:00	74.000	74.092	73.968	74.018	409	0	2
2025.06.03	14:15:00	74.022	74.025	73.938	73.938	228	0	2
2025.06.03	14:30:00	73.934	73.934	73.888	73.895	206	0	2
2025.06.03	14:45:00	73.898	73.958	73.898	73.916	193	0	2
2025.06.03	15:00:00	73.913	73.957	73.897	73.940	186	0	2
2025.06.03	15:15:00	73.943	73.983	73.943	73.971	132	0	2
2025.06.03	15:30:00	73.968	73.976	73.928	73.931	134	0	2
2025.06.03	15:45:00	73.934	73.983	73.900	73.965	124	0	2
2025.06.03	16:00:00	73.961	73.961	73.927	73.941	104	0	2
2025.06.03	16:15:00	73.944	73.958	73.936	73.954	79	0	2
2025.06.03	16:30:00	73.958	74.015	73.954	74.005	98	0	2
2025.06.03	16:45:00	74.001	74.008	73.960	73.971	72	0	2
2025.06.03	17:00:00	73.968	73.981	73.923	73.930	79	0	2
2025.06.03	17:15:00	73.933	73.950	73.919	73.928	57	0	2
2025.06.03	17:30:00	73.931	73.937	73.911	73.916	43	0	2
2025.06.03	17:45:00	73.917	73.939	73.915	73.922	63	0	2
2025.06.03	18:00:00	73.919	73.957	73.919	73.949	60	0	2
2025.06.03	18:15:00	73.946	73.952	73.934	73.939	46	0	2
2025.06.03	18:30:00	73.943	73.971	73.938	73.961	43	0	2
2025.06.03	18:45:00	73.964	73.964	73.933	73.937	56	0	2
2025.06.03	19:00:00	73.940	73.947	73.930	73.947	30	0	2
2025.06.03	19:15:00	73.944	73.966	73.944	73.960	32	0	2
2025.06.03	19:30:00	73.956	73.970	73.954	73.970	29	0	2
2025.06.03	19:45:00	73.973	73.997	73.973	73.987	45	0	2
2025.06.03	20:00:00	73.983	73.997	73.968	73.972	28	0	2
2025.06.03	20:15:00	73.968	73.974	73.964	73.969	21	0	2
2025.06.03	20:30:00	73.966	73.966	73.953	73.953	19	0	2
2025.06.03	20:45:00	73.952	73.976	73.949	73.976	58	0	2
2025.06.03	21:00:00	73.971	73.973	73.971	73.972	12	0	8
2025.06.03	21:15:00	73.970	73.973	73.964	73.964	14	0	9
2025.06.03	21:30:00	73.966	73.971	73.966	73.967	15	0	8
2025.06.03	21:45:00	73.969	73.971	73.963	73.963	15	0	7
2025.06.03	22:00:00	73.970	73.970	73.952	73.957	20	0	2
2025.06.03	22:15:00	73.957	73.966	73.953	73.960	21	0	2
2025.06.03	22:30:00	73.957	73.969	73.951	73.952	24	0	2
2025.06.03	22:45:00	73.955	73.957	73.948	73.957	23	0	2
2025.06.03	23:00:00	73.953	73.953	73.933	73.934	31	0	2
2025.06.03	23:15:00	73.933	73.944	73.933	73.939	25	0	2
2025.06.03	23:30:00	73.938	73.938	73.910	73.910	24	0	2
2025.06.03	23:45:00	73.909	73.916	73.899	73.904	45	0	2
2025.06.04	00:00:00	73.901	73.928	73.891	73.917	89	0	2
2025.06.04	00:15:00	73.913	73.919	73.898	73.909	63	0	2
2025.06.04	00:30:00	73.912	73.925	73.904	73.916	51	0	2
2025.06.04	00:45:00	73.913	73.931	73.905	73.927	83	0	2
2025.06.04	01:00:00	73.923	73.988	73.915	73.917	151	0	2
2025.06.04	01:15:00	73.921	73.926	73.872	73.888	89	0	2
2025.06.04	01:30:00	73.892	73.904	73.830	73.868	138	0	2
2025.06.04	01:45:00	73.864	73.879	73.851	73.879	98	0	2
2025.06.04	02:00:00	73.876	73.886	73.862	73.876	73	0	2
2025.06.04	02:15:00	73.880	73.917	73.875	73.916	48	0	3
2025.06.04	02:30:00	73.919	73.959	73.919	73.950	47	0	2
2025.06.04	02:45:00	73.953	73.961	73.936	73.946	31	0	2
2025.06.04	03:00:00	73.947	73.951	73.916	73.924	50	0	2
2025.06.04	03:15:00	73.927	73.938	73.925	73.936	41	0	2
2025.06.04	03:30:00	73.939	73.996	73.939	73.986	62	0	2
2025.06.04	03:45:00	73.982	73.986	73.964	73.982	53	0	2
2025.06.04	04:00:00	73.979	74.002	73.926	73.937	102	0	2
2025.06.04	04:15:00	73.940	73.958	73.935	73.940	68	0	2
2025.06.04	04:30:00	73.943	73.979	73.940	73.978	57	0	2
2025.06.04	04:45:00	73.981	74.014	73.975	74.005	51	0	2
2025.06.04	05:00:00	74.008	74.009	73.983	73.983	49	0	2
2025.06.04	05:15:00	73.987	74.014	73.987	74.010	41	0	2
2025.06.04	05:30:00	74.014	74.067	74.007	74.030	109	0	2
2025.06.04	05:45:00	74.027	74.054	74.002	74.016	95	0	2
2025.06.04	06:00:00	74.013	74.046	73.986	74.013	158	0	2
2025.06.04	06:15:00	74.016	74.027	73.989	73.989	169	0	2
2025.06.04	06:30:00	73.986	74.002	73.958	73.961	123	0	2
2025.06.04	06:45:00	73.965	73.982	73.923	73.927	100	0	2
2025.06.04	07:00:00	73.924	73.949	73.905	73.923	141	0	2
2025.06.04	07:15:00	73.925	73.929	73.855	73.856	107	0	2
2025.06.04	07:30:00	73.853	73.899	73.847	73.877	100	0	2
2025.06.04	07:45:00	73.873	73.932	73.866	73.916	107	0	2
2025.06.04	08:00:00	73.919	73.940	73.881	73.889	120	0	2
2025.06.04	08:15:00	73.885	73.909	73.884	73.897	100	0	2
2025.06.04	08:30:00	73.893	73.893	73.822	73.859	144	0	2
2025.06.04	08:45:00	73.862	73.862	73.822	73.854	105	0	2
2025.06.04	09:00:00	73.857	73.888	73.839	73.884	95	0	2
2025.06.04	09:15:00	73.881	73.909	73.874	73.900	87	0	2
2025.06.04	09:30:00	73.903	73.907	73.854	73.893	114	0	2
2025.06.04	09:45:00	73.890	73.903	73.868	73.878	75	0	2
2025.06.04	10:00:00	73.875	73.900	73.861	73.889	139	0	2
2025.06.04	10:15:00	73.892	73.913	73.862	73.909	91	0	2
2025.06.04	10:30:00	73.912	73.960	73.905	73.953	78	0	2
2025.06.04	10:45:00	73.956	73.961	73.932	73.940	70	0	2
2025.06.04	11:00:00	73.937	73.946	73.929	73.932	54	0	2
2025.06.04	11:15:00	73.928	73.972	73.924	73.972	65	0	2
2025.06.04	11:30:00	73.975	73.982	73.945	73.979	57	0	2
2025.06.04	11:45:00	73.975	74.001	73.968	73.998	62	0	2
2025.06.04	12:00:00	73.995	74.005	73.963	74.002	74	0	2
2025.06.04	12:15:00	73.994	73.999	73.871	73.919	389	0	2
2025.06.04	12:30:00	73.915	73.958	73.899	73.912	206	0	2
2025.06.04	12:45:00	73.915	73.915	73.832	73.836	187	0	2
2025.06.04	13:00:00	73.839	73.883	73.806	73.872	162	0	2
2025.06.04	13:15:00	73.875	73.880	73.830	73.861	115	0	2
2025.06.04	13:30:00	73.858	73.898	73.851	73.855	118	0	2
2025.06.04	13:45:00	73.852	73.887	73.852	73.862	159	0	2
2025.06.04	14:00:00	73.859	73.859	73.699	73.751	528	0	2
2025.06.04	14:15:00	73.754	73.790	73.739	73.764	202	0	2
2025.06.04	14:30:00	73.767	73.774	73.652	73.661	180	0	2
2025.06.04	14:45:00	73.664	73.678	73.637	73.652	173	0	2
2025.06.04	15:00:00	73.656	73.709	73.649	73.709	118	0	2
2025.06.04	15:15:00	73.712	73.725	73.692	73.713	117	0	2
2025.06.04	15:30:00	73.717	73.751	73.703	73.749	134	0	2
2025.06.04	15:45:00	73.746	73.749	73.691	73.701	128	0	2
2025.06.04	16:00:00	73.698	73.726	73.694	73.723	122	0	2
2025.06.04	16:15:00	73.720	73.754	73.710	73.711	97	0	2
2025.06.04	16:30:00	73.708	73.763	73.704	73.752	93	0	2
2025.06.04	16:45:00	73.749	73.760	73.679	73.686	75	0	2
2025.06.04	17:00:00	73.681	73.706	73.668	73.692	69	0	2
2025.06.04	17:15:00	73.696	73.731	73.693	73.721	61	0	2
2025.06.04	17:30:00	73.718	73.718	73.695	73.706	47	0	2
2025.06.04	17:45:00	73.703	73.747	73.684	73.740	62	0	2
2025.06.04	18:00:00	73.736	73.752	73.717	73.730	64	0	2
2025.06.04	18:15:00	73.727	73.736	73.710	73.726	46	0	2
2025.06.04	18:30:00	73.729	73.753	73.729	73.748	41	0	2
2025.06.04	18:45:00	73.751	73.758	73.745	73.753	37	0	2
2025.06.04	19:00:00	73.749	73.782	73.745	73.775	40	0	2
2025.06.04	19:15:00	73.775	73.799	73.775	73.787	41	0	2
2025.06.04	19:30:00	73.790	73.802	73.783	73.797	30	0	3
2025.06.04	19:45:00	73.797	73.819	73.791	73.817	43	0	2
2025.06.04	20:00:00	73.820	73.824	73.801	73.809	33	0	2
2025.06.04	20:15:00	73.805	73.825	73.797	73.797	26	0	2
2025.06.04	20:30:00	73.795	73.795	73.779	73.790	26	0	2
2025.06.04	20:45:00	73.790	73.790	73.767	73.770	39	0	2
2025.06.04	21:00:00	73.768	73.773	73.766	73.769	13	0	7
2025.06.04	21:15:00	73.768	73.771	73.766	73.769	14	0	9
2025.06.04	21:30:00	73.767	73.773	73.764	73.770	14	0	13
2025.06.04	21:45:00	73.770	73.780	73.767	73.773	15	0	12
2025.06.04	22:00:00	73.787	73.798	73.787	73.791	20	0	3
2025.06.04	22:15:00	73.788	73.792	73.780	73.780	17	0	2
2025.06.04	22:30:00	73.780	73.792	73.780	73.783	18	0	3
2025.06.04	22:45:00	73.784	73.795	73.780	73.795	18	0	2
2025.06.04	23:00:00	73.792	73.792	73.783	73.783	19	0	2
2025.06.04	23:15:00	73.783	73.783	73.745	73.762	38	0	2
2025.06.04	23:30:00	73.765	73.789	73.764	73.789	39	0	2
2025.06.04	23:45:00	73.786	73.798	73.782	73.794	41	0	2
2025.06.05	00:00:00	73.791	73.816	73.766	73.766	83	0	2
2025.06.05	00:15:00	73.769	73.800	73.755	73.759	61	0	2
2025.06.05	00:30:00	73.762	73.793	73.758	73.779	72	0	2
2025.06.05	00:45:00	73.775	73.786	73.748	73.748	77	0	2
2025.06.05	01:00:00	73.745	73.752	73.714	73.748	106	0	2
2025.06.05	01:15:00	73.745	73.799	73.745	73.774	93	0	2
2025.06.05	01:30:00	73.771	73.836	73.764	73.817	98	0	2
2025.06.05	01:45:00	73.814	73.825	73.802	73.812	78	0	2
2025.06.05	02:00:00	73.816	73.840	73.809	73.836	65	0	2
2025.06.05	02:15:00	73.834	73.849	73.823	73.823	46	0	2
2025.06.05	02:30:00	73.820	73.838	73.804	73.821	57	0	2
2025.06.05	02:45:00	73.818	73.829	73.804	73.813	48	0	2
2025.06.05	03:00:00	73.809	73.819	73.788	73.810	51	0	2
2025.06.05	03:15:00	73.813	73.813	73.752	73.761	57	0	2
2025.06.05	03:30:00	73.757	73.779	73.739	73.771	113	0	2
2025.06.05	03:45:00	73.768	73.830	73.765	73.826	76	0	2
2025.06.05	04:00:00	73.830	73.835	73.797	73.808	59	0	2
2025.06.05	04:15:00	73.811	73.831	73.806	73.817	64	0	2
2025.06.05	04:30:00	73.821	73.836	73.805	73.805	42	0	2
2025.06.05	04:45:00	73.809	73.835	73.809	73.812	32	0	2
2025.06.05	05:00:00	73.815	73.832	73.811	73.818	39	0	2
2025.06.05	05:15:00	73.815	73.824	73.801	73.816	48	0	2
2025.06.05	05:30:00	73.812	73.827	73.805	73.823	61	0	2
2025.06.05	05:45:00	73.827	73.839	73.813	73.830	51	0	2
2025.06.05	06:00:00	73.827	73.831	73.761	73.771	115	0	2
2025.06.05	06:15:00	73.774	73.781	73.762	73.764	70	0	2
2025.06.05	06:30:00	73.767	73.820	73.751	73.799	116	0	2
2025.06.05	06:45:00	73.802	73.818	73.771	73.818	94	0	2
2025.06.05	07:00:00	73.821	73.826	73.738	73.739	141	0	2
2025.06.05	07:15:00	73.735	73.735	73.669	73.683	114	0	2
2025.06.05	07:30:00	73.680	73.720	73.676	73.707	92	0	2
2025.06.05	07:45:00	73.710	73.762	73.707	73.742	85	0	2
2025.06.05	08:00:00	73.738	73.739	73.673	73.696	126	0	2
2025.06.05	08:15:00	73.693	73.732	73.690	73.706	58	0	2
2025.06.05	08:30:00	73.703	73.725	73.694	73.711	86	0	2
2025.06.05	08:45:00	73.708	73.728	73.703	73.706	76	0	2
2025.06.05	09:00:00	73.703	73.732	73.685	73.690	108	0	2
2025.06.05	09:15:00	73.693	73.717	73.676	73.681	94	0	2
2025.06.05	09:30:00	73.677	73.720	73.677	73.720	75	0	2
2025.06.05	09:45:00	73.716	73.742	73.713	73.717	70	0	2
2025.06.05	10:00:00	73.720	73.721	73.642	73.648	93	0	2
2025.06.05	10:15:00	73.644	73.653	73.628	73.635	79	0	2
2025.06.05	10:30:00	73.632	73.655	73.612	73.646	80	0	2
2025.06.05	10:45:00	73.649	73.691	73.649	73.665	79	0	2
2025.06.05	11:00:00	73.668	73.673	73.645	73.660	82	0	2
2025.06.05	11:15:00	73.657	73.690	73.657	73.687	90	0	2
2025.06.05	11:30:00	73.690	73.698	73.668	73.680	74	0	2
2025.06.05	11:45:00	73.677	73.712	73.670	73.687	83	0	2
2025.06.05	12:00:00	73.690	73.699	73.679	73.689	85	0	2
2025.06.05	12:15:00	73.685	73.711	73.617	73.624	258	0	2
2025.06.05	12:30:00	73.621	73.621	73.558	73.592	383	0	2
2025.06.05	12:45:00	73.588	73.677	73.573	73.643	514	0	2
2025.06.05	13:00:00	73.647	73.683	73.556	73.561	342	0	2
2025.06.05	13:15:00	73.564	73.578	73.438	73.456	384	0	2
2025.06.05	13:30:00	73.452	73.532	73.446	73.486	389	0	2
2025.06.05	13:45:00	73.483	73.526	73.472	73.515	305	0	2
2025.06.05	14:00:00	73.512	73.579	73.491	73.540	288	0	2
2025.06.05	14:15:00	73.537	73.594	73.531	73.557	192	0	2
2025.06.05	14:30:00	73.553	73.584	73.507	73.540	313	0	2
2025.06.05	14:45:00	73.544	73.587	73.540	73.574	248	0	2
2025.06.05	15:00:00	73.577	73.622	73.534	73.579	259	0	2
2025.06.05	15:15:00	73.582	73.593	73.540	73.564	198	0	2
2025.06.05	15:30:00	73.567	73.622	73.566	73.621	172	0	2
2025.06.05	15:45:00	73.624	73.661	73.606	73.623	173	0	2
2025.06.05	16:00:00	73.626	73.657	73.616	73.631	119	0	2
2025.06.05	16:15:00	73.627	73.638	73.594	73.621	119	0	2
2025.06.05	16:30:00	73.624	73.638	73.613	73.630	79	0	2
2025.06.05	16:45:00	73.627	73.637	73.602	73.602	94	0	2
2025.06.05	17:00:00	73.605	73.635	73.595	73.623	85	0	2
2025.06.05	17:15:00	73.619	73.633	73.607	73.610	71	0	2
2025.06.05	17:30:00	73.613	73.639	73.601	73.628	52	0	2
2025.06.05	17:45:00	73.628	73.640	73.584	73.588	76	0	2
2025.06.05	18:00:00	73.590	73.662	73.590	73.659	68	0	2
2025.06.05	18:15:00	73.663	73.669	73.635	73.643	61	0	2
2025.06.05	18:30:00	73.640	73.658	73.630	73.658	53	0	2
2025.06.05	18:45:00	73.655	73.693	73.631	73.636	85	0	2
2025.06.05	19:00:00	73.640	73.676	73.632	73.676	85	0	2
2025.06.05	19:15:00	73.673	73.697	73.648	73.666	103	0	2
2025.06.05	19:30:00	73.669	73.707	73.664	73.698	92	0	2
2025.06.05	19:45:00	73.702	73.702	73.667	73.671	68	0	2
2025.06.05	20:00:00	73.674	73.685	73.661	73.665	47	0	2
2025.06.05	20:15:00	73.661	73.685	73.657	73.685	26	0	2
2025.06.05	20:30:00	73.685	73.688	73.681	73.687	23	0	2
2025.06.05	20:45:00	73.684	73.688	73.669	73.681	41	0	2
2025.06.05	21:00:00	73.683	73.684	73.646	73.646	13	0	7
2025.06.05	21:15:00	73.648	73.668	73.648	73.668	13	0	27
2025.06.05	21:30:00	73.667	73.672	73.662	73.669	14	0	17
2025.06.05	21:45:00	73.667	73.669	73.647	73.647	15	0	13
2025.06.05	22:00:00	73.674	73.677	73.659	73.659	23	0	2
2025.06.05	22:15:00	73.660	73.667	73.653	73.667	23	0	3
2025.06.05	22:30:00	73.664	73.665	73.653	73.653	28	0	2
2025.06.05	22:45:00	73.653	73.657	73.647	73.647	21	0	2
2025.06.05	23:00:00	73.644	73.662	73.637	73.644	32	0	2
2025.06.05	23:15:00	73.644	73.656	73.643	73.653	20	0	2
2025.06.05	23:30:00	73.649	73.652	73.643	73.644	24	0	2
2025.06.05	23:45:00	73.643	73.649	73.631	73.642	43	0	2
2025.06.06	00:00:00	73.639	73.642	73.616	73.621	68	0	2
2025.06.06	00:15:00	73.624	73.632	73.615	73.630	56	0	2
2025.06.06	00:30:00	73.626	73.637	73.610	73.628	46	0	2
2025.06.06	00:45:00	73.632	73.643	73.615	73.640	46	0	2
2025.06.06	01:00:00	73.644	73.661	73.628	73.633	54	0	2
2025.06.06	01:15:00	73.629	73.643	73.615	73.620	53	0	2
2025.06.06	01:30:00	73.617	73.659	73.617	73.647	60	0	2
2025.06.06	01:45:00	73.652	73.675	73.639	73.666	52	0	2
2025.06.06	02:00:00	73.662	73.692	73.662	73.682	59	0	2
2025.06.06	02:15:00	73.685	73.712	73.682	73.699	67	0	2
2025.06.06	02:30:00	73.702	73.714	73.695	73.704	44	0	2
2025.06.06	02:45:00	73.700	73.704	73.683	73.691	35	0	2
2025.06.06	03:00:00	73.693	73.698	73.681	73.684	37	0	2
2025.06.06	03:15:00	73.680	73.687	73.672	73.681	41	0	2
2025.06.06	03:30:00	73.682	73.686	73.664	73.671	32	0	2
2025.06.06	03:45:00	73.667	73.680	73.658	73.680	31	0	2
2025.06.06	04:00:00	73.678	73.683	73.662	73.675	45	0	2
2025.06.06	04:15:00	73.672	73.675	73.662	73.671	32	0	2
2025.06.06	04:30:00	73.674	73.680	73.667	73.674	37	0	2
2025.06.06	04:45:00	73.675	73.675	73.653	73.664	31	0	2
2025.06.06	05:00:00	73.668	73.690	73.664	73.690	50	0	2
2025.06.06	05:15:00	73.687	73.720	73.681	73.720	37	0	2
2025.06.06	05:30:00	73.716	73.728	73.712	73.724	32	0	2
2025.06.06	05:45:00	73.727	73.736	73.708	73.710	44	0	2
2025.06.06	06:00:00	73.713	73.773	73.705	73.763	64	0	2
2025.06.06	06:15:00	73.767	73.819	73.766	73.808	146	0	2
2025.06.06	06:30:00	73.811	73.832	73.802	73.817	113	0	2
2025.06.06	06:45:00	73.814	73.817	73.766	73.799	93	0	2
2025.06.06	07:00:00	73.795	73.881	73.789	73.809	167	0	2
2025.06.06	07:15:00	73.813	73.845	73.795	73.839	163	0	2
2025.06.06	07:30:00	73.842	73.845	73.796	73.796	123	0	2
2025.06.06	07:45:00	73.799	73.843	73.799	73.823	131	0	2
2025.06.06	08:00:00	73.826	73.846	73.817	73.843	94	0	2
2025.06.06	08:15:00	73.846	73.870	73.810	73.834	78	0	2
2025.06.06	08:30:00	73.830	73.864	73.820	73.838	91	0	2
2025.06.06	08:45:00	73.841	73.883	73.841	73.865	87	0	2
2025.06.06	09:00:00	73.862	73.909	73.855	73.903	81	0	2
2025.06.06	09:15:00	73.906	73.906	73.862	73.865	76	0	2
2025.06.06	09:30:00	73.862	73.888	73.857	73.861	72	0	2
2025.06.06	09:45:00	73.858	73.893	73.857	73.888	73	0	2
2025.06.06	10:00:00	73.885	73.888	73.853	73.853	62	0	2
2025.06.06	10:15:00	73.856	73.866	73.816	73.831	70	0	2
2025.06.06	10:30:00	73.832	73.832	73.798	73.807	55	0	2
2025.06.06	10:45:00	73.804	73.821	73.787	73.802	72	0	2
2025.06.06	11:00:00	73.798	73.827	73.796	73.823	84	0	2
2025.06.06	11:15:00	73.819	73.839	73.816	73.838	45	0	2
2025.06.06	11:30:00	73.838	73.838	73.770	73.786	80	0	2
2025.06.06	11:45:00	73.782	73.808	73.782	73.791	72	0	2
2025.06.06	12:00:00	73.795	73.861	73.778	73.853	103	0	2
2025.06.06	12:15:00	73.849	73.853	73.808	73.836	124	0	2
2025.06.06	12:30:00	73.849	73.966	73.724	73.905	763	0	2
2025.06.06	12:45:00	73.909	73.919	73.849	73.870	513	0	2
2025.06.06	13:00:00	73.876	73.935	73.832	73.896	367	0	2
2025.06.06	13:15:00	73.900	74.032	73.877	74.015	252	0	2
2025.06.06	13:30:00	74.012	74.014	73.915	73.945	314	0	2
2025.06.06	13:45:00	73.948	73.974	73.886	73.957	288	0	2
2025.06.06	14:00:00	73.953	73.980	73.872	73.884	358	0	2
2025.06.06	14:15:00	73.881	73.900	73.812	73.818	235	0	2
2025.06.06	14:30:00	73.822	73.888	73.808	73.881	211	0	2
2025.06.06	14:45:00	73.885	73.972	73.885	73.928	222	0	2
2025.06.06	15:00:00	73.931	73.967	73.905	73.943	241	0	2
2025.06.06	15:15:00	73.939	73.978	73.927	73.930	192	0	2
2025.06.06	15:30:00	73.927	73.935	73.881	73.883	143	0	2
2025.06.06	15:45:00	73.887	73.914	73.882	73.902	88	0	2
2025.06.06	16:00:00	73.898	73.915	73.876	73.915	91	0	2
2025.06.06	16:15:00	73.911	73.925	73.884	73.925	103	0	2
2025.06.06	16:30:00	73.929	73.965	73.919	73.922	113	0	2
2025.06.06	16:45:00	73.925	73.974	73.916	73.967	94	0	2
2025.06.06	17:00:00	73.963	73.985	73.938	73.938	83	0	2
2025.06.06	17:15:00	73.941	73.959	73.916	73.948	58	0	2
2025.06.06	17:30:00	73.945	73.974	73.931	73.965	79	0	2
2025.06.06	17:45:00	73.962	73.962	73.919	73.929	79	0	2
2025.06.06	18:00:00	73.926	73.930	73.900	73.913	67	0	2
2025.06.06	18:15:00	73.910	73.927	73.899	73.909	66	0	2
2025.06.06	18:30:00	73.913	73.932	73.890	73.901	96	0	2
2025.06.06	18:45:00	73.905	73.918	73.905	73.908	46	0	2
2025.06.06	19:00:00	73.904	73.904	73.883	73.893	53	0	2
2025.06.06	19:15:00	73.892	73.913	73.892	73.910	33	0	2
2025.06.06	19:30:00	73.906	73.912	73.897	73.908	37	0	2
2025.06.06	19:45:00	73.905	73.926	73.889	73.899	43	0	3
2025.06.06	20:00:00	73.895	73.912	73.895	73.909	32	0	2
2025.06.06	20:15:00	73.910	73.916	73.905	73.916	23	0	3
2025.06.06	20:30:00	73.915	73.937	73.912	73.937	22	0	2
2025.06.06	20:45:00	73.941	73.941	73.913	73.929	69	0	2
2025.06.08	22:00:00	73.904	73.904	73.885	73.896	17	0	2
2025.06.08	22:15:00	73.891	73.901	73.889	73.892	20	0	2
2025.06.08	22:30:00	73.893	73.894	73.881	73.893	23	0	2
2025.06.08	22:45:00	73.889	73.897	73.874	73.877	24	0	2
2025.06.08	23:00:00	73.874	73.880	73.865	73.873	36	0	2
2025.06.08	23:15:00	73.869	73.874	73.858	73.863	28	0	2
2025.06.08	23:30:00	73.861	73.888	73.855	73.884	34	0	2
2025.06.08	23:45:00	73.880	73.881	73.861	73.869	28	0	2
2025.06.09	00:00:00	73.866	73.892	73.859	73.892	37	0	2
2025.06.09	00:15:00	73.895	73.918	73.895	73.908	37	0	2
2025.06.09	00:30:00	73.905	73.905	73.872	73.889	47	0	2
2025.06.09	00:45:00	73.886	73.907	73.875	73.900	50	0	2
2025.06.09	01:00:00	73.897	73.897	73.834	73.838	66	0	2
2025.06.09	01:15:00	73.835	73.852	73.806	73.822	67	0	2
2025.06.09	01:30:00	73.826	73.843	73.804	73.809	71	0	2
2025.06.09	01:45:00	73.806	73.806	73.774	73.781	81	0	2
2025.06.09	02:00:00	73.785	73.788	73.738	73.748	77	0	2
2025.06.09	02:15:00	73.751	73.765	73.734	73.737	59	0	2
2025.06.09	02:30:00	73.734	73.750	73.716	73.746	62	0	2
2025.06.09	02:45:00	73.743	73.767	73.736	73.766	46	0	2
2025.06.09	03:00:00	73.763	73.766	73.742	73.742	52	0	2
2025.06.09	03:15:00	73.738	73.779	73.738	73.776	39	0	2
2025.06.09	03:30:00	73.772	73.783	73.767	73.776	37	0	2
2025.06.09	03:45:00	73.773	73.789	73.770	73.789	30	0	2
2025.06.09	04:00:00	73.792	73.801	73.774	73.786	45	0	2
2025.06.09	04:15:00	73.783	73.788	73.773	73.788	23	0	2
2025.06.09	04:30:00	73.787	73.793	73.775	73.785	29	0	2
2025.06.09	04:45:00	73.789	73.792	73.773	73.777	31	0	2
2025.06.09	05:00:00	73.774	73.781	73.770	73.773	30	0	2
2025.06.09	05:15:00	73.777	73.790	73.773	73.776	32	0	2
2025.06.09	05:30:00	73.773	73.806	73.773	73.785	40	0	3
2025.06.09	05:45:00	73.781	73.788	73.750	73.761	62	0	2
2025.06.09	06:00:00	73.758	73.779	73.752	73.761	71	0	2
2025.06.09	06:15:00	73.764	73.764	73.727	73.746	76	0	2
2025.06.09	06:30:00	73.750	73.757	73.720	73.723	83	0	2
2025.06.09	06:45:00	73.720	73.720	73.679	73.697	74	0	2
2025.06.09	07:00:00	73.701	73.743	73.696	73.739	85	0	2
2025.06.09	07:15:00	73.742	73.752	73.697	73.708	78	0	2
2025.06.09	07:30:00	73.705	73.726	73.692	73.698	95	0	2
2025.06.09	07:45:00	73.695	73.734	73.695	73.719	93	0	2
2025.06.09	08:00:00	73.716	73.725	73.691	73.706	88	0	2
2025.06.09	08:15:00	73.709	73.717	73.675	73.675	84	0	2
2025.06.09	08:30:00	73.672	73.683	73.648	73.661	97	0	2
2025.06.09	08:45:00	73.658	73.689	73.654	73.672	83	0	2
2025.06.09	09:00:00	73.669	73.673	73.630	73.653	89	0	2
2025.06.09	09:15:00	73.657	73.669	73.649	73.665	57	0	2
2025.06.09	09:30:00	73.662	73.672	73.649	73.658	40	0	2
2025.06.09	09:45:00	73.654	73.684	73.649	73.681	64	0	2
2025.06.09	10:00:00	73.684	73.691	73.658	73.665	51	0	2
2025.06.09	10:15:00	73.669	73.702	73.669	73.688	46	0	2
2025.06.09	10:30:00	73.684	73.727	73.681	73.723	44	0	2
2025.06.09	10:45:00	73.726	73.756	73.725	73.751	57	0	2
2025.06.09	11:00:00	73.748	73.763	73.728	73.743	65	0	2
2025.06.09	11:15:00	73.746	73.770	73.746	73.750	84	0	2
2025.06.09	11:30:00	73.754	73.772	73.735	73.747	89	0	2
2025.06.09	11:45:00	73.750	73.757	73.724	73.735	70	0	2
2025.06.09	12:00:00	73.732	73.849	73.732	73.828	153	0	2
2025.06.09	12:15:00	73.832	73.867	73.816	73.844	101	0	2
2025.06.09	12:30:00	73.847	73.851	73.812	73.848	109	0	2
2025.06.09	12:45:00	73.851	73.887	73.851	73.873	108	0	2
2025.06.09	13:00:00	73.876	73.894	73.850	73.882	116	0	2
2025.06.09	13:15:00	73.885	73.937	73.885	73.916	105	0	2
2025.06.09	13:30:00	73.913	73.917	73.871	73.891	147	0	2
2025.06.09	13:45:00	73.894	73.899	73.864	73.877	129	0	2
2025.06.09	14:00:00	73.874	73.882	73.833	73.835	115	0	2
2025.06.09	14:15:00	73.838	73.872	73.827	73.864	102	0	2
2025.06.09	14:30:00	73.867	73.918	73.863	73.887	179	0	2
2025.06.09	14:45:00	73.884	73.884	73.803	73.824	110	0	2
2025.06.09	15:00:00	73.827	73.831	73.787	73.797	133	0	2
2025.06.09	15:15:00	73.794	73.794	73.760	73.761	90	0	2
2025.06.09	15:30:00	73.757	73.773	73.740	73.754	75	0	2
2025.06.09	15:45:00	73.758	73.758	73.720	73.733	74	0	2
2025.06.09	16:00:00	73.730	73.778	73.729	73.778	69	0	2
2025.06.09	16:15:00	73.775	73.775	73.740	73.740	60	0	2
2025.06.09	16:30:00	73.743	73.773	73.738	73.769	54	0	2
2025.06.09	16:45:00	73.769	73.769	73.740	73.752	48	0	2
2025.06.09	17:00:00	73.750	73.791	73.750	73.774	52	0	2
2025.06.09	17:15:00	73.777	73.779	73.747	73.757	55	0	2
2025.06.09	17:30:00	73.758	73.784	73.752	73.755	53	0	2
2025.06.09	17:45:00	73.752	73.758	73.733	73.754	44	0	2
2025.06.09	18:00:00	73.758	73.765	73.737	73.744	40	0	2
2025.06.09	18:15:00	73.746	73.749	73.723	73.723	46	0	2
2025.06.09	18:30:00	73.720	73.744	73.714	73.740	41	0	2
2025.06.09	18:45:00	73.740	73.741	73.720	73.729	37	0	2
2025.06.09	19:00:00	73.733	73.738	73.713	73.724	39	0	2
2025.06.09	19:15:00	73.720	73.740	73.714	73.734	32	0	2
2025.06.09	19:30:00	73.737	73.758	73.736	73.755	36	0	2
2025.06.09	19:45:00	73.756	73.756	73.745	73.755	34	0	2
2025.06.09	20:00:00	73.758	73.772	73.757	73.770	29	0	2
2025.06.09	20:15:00	73.769	73.796	73.769	73.789	21	0	2
2025.06.09	20:30:00	73.792	73.805	73.788	73.790	23	0	2
2025.06.09	20:45:00	73.794	73.806	73.791	73.791	24	0	2
2025.06.09	21:00:00	73.794	73.794	73.770	73.783	14	0	12
2025.06.09	21:15:00	73.782	73.784	73.763	73.766	14	0	20
2025.06.09	21:30:00	73.767	73.781	73.767	73.777	15	0	19
2025.06.09	21:45:00	73.777	73.790	73.777	73.781	15	0	11
2025.06.09	22:00:00	73.795	73.799	73.778	73.782	19	0	2
2025.06.09	22:15:00	73.783	73.788	73.781	73.788	15	0	2
2025.06.09	22:30:00	73.792	73.795	73.788	73.795	19	0	2
2025.06.09	22:45:00	73.795	73.798	73.786	73.786	20	0	2
2025.06.09	23:00:00	73.782	73.799	73.782	73.792	19	0	2
2025.06.09	23:15:00	73.791	73.791	73.771	73.771	21	0	3
2025.06.09	23:30:00	73.772	73.778	73.765	73.778	23	0	2
2025.06.09	23:45:00	73.778	73.781	73.758	73.774	23	0	2
2025.06.10	00:00:00	73.778	73.788	73.746	73.749	66	0	2
2025.06.10	00:15:00	73.753	73.753	73.722	73.732	47	0	2
2025.06.10	00:30:00	73.735	73.779	73.732	73.775	47	0	2
2025.06.10	00:45:00	73.777	73.786	73.765	73.773	75	0	2
2025.06.10	01:00:00	73.777	73.793	73.742	73.786	71	0	2
2025.06.10	01:15:00	73.783	73.835	73.775	73.821	83	0	2
2025.06.10	01:30:00	73.818	73.870	73.808	73.845	103	0	2
2025.06.10	01:45:00	73.849	73.922	73.842	73.906	113	0	2
2025.06.10	02:00:00	73.909	73.964	73.909	73.913	168	0	2
2025.06.10	02:15:00	73.916	73.927	73.894	73.909	107	0	2
2025.06.10	02:30:00	73.912	73.918	73.871	73.894	93	0	2
2025.06.10	02:45:00	73.891	73.895	73.851	73.865	70	0	2
2025.06.10	03:00:00	73.868	73.897	73.855	73.858	80	0	2
2025.06.10	03:15:00	73.862	73.871	73.835	73.843	62	0	2
2025.06.10	03:30:00	73.846	73.863	73.833	73.844	61	0	2
2025.06.10	03:45:00	73.841	73.863	73.833	73.833	50	0	2
2025.06.10	04:00:00	73.830	73.857	73.830	73.847	54	0	2
2025.06.10	04:15:00	73.844	73.890	73.844	73.886	54	0	2
2025.06.10	04:30:00	73.883	73.897	73.870	73.887	48	0	2
2025.06.10	04:45:00	73.886	73.889	73.860	73.864	42	0	2
2025.06.10	05:00:00	73.868	73.875	73.851	73.859	54	0	2
2025.06.10	05:15:00	73.855	73.879	73.827	73.873	93	0	2
2025.06.10	05:30:00	73.876	73.876	73.820	73.857	157	0	2
2025.06.10	05:45:00	73.853	73.877	73.838	73.851	117	0	2
2025.06.10	06:00:00	73.854	73.942	73.854	73.909	231	0	2
2025.06.10	06:15:00	73.906	73.965	73.902	73.947	220	0	2
2025.06.10	06:30:00	73.950	74.036	73.947	74.018	225	0	2
2025.06.10	06:45:00	74.021	74.169	74.018	74.168	200	0	2
2025.06.10	07:00:00	74.172	74.313	74.152	74.274	347	0	2
2025.06.10	07:15:00	74.277	74.298	74.230	74.257	260	0	2
2025.06.10	07:30:00	74.254	74.273	74.219	74.226	184	0	2
2025.06.10	07:45:00	74.230	74.273	74.224	74.224	144	0	2
2025.06.10	08:00:00	74.221	74.221	74.175	74.191	159	0	2
2025.06.10	08:15:00	74.187	74.202	74.154	74.161	121	0	2
2025.06.10	08:30:00	74.165	74.165	74.090	74.125	130	0	2
2025.06.10	08:45:00	74.122	74.166	74.122	74.139	141	0	2
2025.06.10	09:00:00	74.143	74.165	74.098	74.115	117	0	2
2025.06.10	09:15:00	74.111	74.182	74.111	74.171	106	0	2
2025.06.10	09:30:00	74.174	74.174	74.123	74.145	95	0	2
2025.06.10	09:45:00	74.141	74.142	74.111	74.116	82	0	2
2025.06.10	10:00:00	74.113	74.132	74.102	74.122	107	0	2
2025.06.10	10:15:00	74.125	74.125	74.051	74.072	87	0	2
2025.06.10	10:30:00	74.068	74.114	74.067	74.079	80	0	2
2025.06.10	10:45:00	74.075	74.087	74.031	74.039	111	0	2
2025.06.10	11:00:00	74.035	74.096	74.029	74.084	127	0	2
2025.06.10	11:15:00	74.080	74.081	74.038	74.060	96	0	2
2025.06.10	11:30:00	74.060	74.107	74.057	74.107	102	0	2
2025.06.10	11:45:00	74.104	74.104	74.023	74.041	145	0	2
2025.06.10	12:00:00	74.038	74.081	74.004	74.067	150	0	2
2025.06.10	12:15:00	74.064	74.064	74.039	74.045	103	0	2
2025.06.10	12:30:00	74.048	74.070	74.023	74.039	130	0	2
2025.06.10	12:45:00	74.042	74.044	74.005	74.031	115	0	2
2025.06.10	13:00:00	74.034	74.046	73.939	73.976	196	0	2
2025.06.10	13:15:00	73.973	73.983	73.894	73.894	157	0	2
2025.06.10	13:30:00	73.897	73.953	73.897	73.926	179	0	2
2025.06.10	13:45:00	73.923	73.930	73.885	73.891	150	0	2
2025.06.10	14:00:00	73.894	73.956	73.870	73.946	159	0	2
2025.06.10	14:15:00	73.943	73.968	73.900	73.900	128	0	2
2025.06.10	14:30:00	73.897	73.942	73.897	73.929	78	0	2
2025.06.10	14:45:00	73.932	73.996	73.932	73.996	138	0	2
2025.06.10	15:00:00	73.999	74.016	73.982	73.993	105	0	2
2025.06.10	15:15:00	73.996	74.028	73.984	74.026	98	0	2
2025.06.10	15:30:00	74.023	74.042	73.997	74.022	139	0	2
2025.06.10	15:45:00	74.026	74.043	73.997	74.034	104	0	2
2025.06.10	16:00:00	74.030	74.058	74.020	74.037	74	0	2
2025.06.10	16:15:00	74.041	74.068	74.041	74.058	55	0	2
2025.06.10	16:30:00	74.061	74.066	74.044	74.049	40	0	2
2025.06.10	16:45:00	74.046	74.083	74.046	74.082	57	0	2
2025.06.10	17:00:00	74.078	74.088	74.057	74.070	56	0	2
2025.06.10	17:15:00	74.074	74.099	74.065	74.076	53	0	2
2025.06.10	17:30:00	74.079	74.098	74.062	74.063	61	0	2
2025.06.10	17:45:00	74.066	74.072	74.046	74.072	45	0	2
2025.06.10	18:00:00	74.075	74.107	74.075	74.103	57	0	2
2025.06.10	18:15:00	74.106	74.127	74.103	74.106	37	0	2
2025.06.10	18:30:00	74.103	74.103	74.085	74.085	40	0	2
2025.06.10	18:45:00	74.088	74.105	74.084	74.105	55	0	2
2025.06.10	19:00:00	74.106	74.119	74.077	74.083	54	0	2
2025.06.10	19:15:00	74.079	74.079	74.051	74.066	44	0	3
2025.06.10	19:30:00	74.065	74.071	74.038	74.038	42	0	2
2025.06.10	19:45:00	74.034	74.073	74.027	74.061	54	0	2
2025.06.10	20:00:00	74.057	74.076	74.052	74.057	35	0	2
2025.06.10	20:15:00	74.058	74.087	74.054	74.077	33	0	2
2025.06.10	20:30:00	74.079	74.094	74.073	74.083	23	0	2
2025.06.10	20:45:00	74.082	74.082	74.071	74.075	21	0	3
2025.06.10	21:00:00	74.073	74.073	74.035	74.035	14	0	16
2025.06.10	21:15:00	74.039	74.058	74.039	74.042	14	0	36
2025.06.10	21:30:00	74.045	74.064	74.045	74.057	15	0	9
2025.06.10	21:45:00	74.057	74.065	74.048	74.048	15	0	10
2025.06.10	22:00:00	74.081	74.088	74.060	74.065	29	0	2
2025.06.10	22:15:00	74.062	74.067	74.053	74.064	26	0	2
2025.06.10	22:30:00	74.068	74.076	74.062	74.068	25	0	2
2025.06.10	22:45:00	74.064	74.066	74.051	74.057	29	0	2
2025.06.10	23:00:00	74.060	74.075	74.046	74.056	62	0	2
2025.06.10	23:15:00	74.053	74.094	74.050	74.054	69	0	2
2025.06.10	23:30:00	74.051	74.051	74.018	74.027	57	0	2
2025.06.10	23:45:00	74.024	74.040	74.017	74.031	45	0	2
2025.06.11	00:00:00	74.028	74.070	74.026	74.061	100	0	2
2025.06.11	00:15:00	74.058	74.081	74.018	74.076	119	0	2
2025.06.11	00:30:00	74.072	74.096	74.040	74.083	85	0	2
2025.06.11	00:45:00	74.080	74.121	74.073	74.117	95	0	2
2025.06.11	01:00:00	74.114	74.124	74.097	74.104	78	0	2
2025.06.11	01:15:00	74.101	74.125	74.096	74.111	59	0	2
2025.06.11	01:30:00	74.115	74.149	74.109	74.148	60	0	2
2025.06.11	01:45:00	74.145	74.208	74.145	74.201	76	0	2
2025.06.11	02:00:00	74.204	74.211	74.175	74.181	68	0	2
2025.06.11	02:15:00	74.185	74.189	74.170	74.186	41	0	2
2025.06.11	02:30:00	74.182	74.194	74.167	74.171	40	0	2
2025.06.11	02:45:00	74.174	74.184	74.167	74.180	39	0	2
2025.06.11	03:00:00	74.183	74.207	74.183	74.192	48	0	2
2025.06.11	03:15:00	74.195	74.202	74.180	74.200	37	0	2
2025.06.11	03:30:00	74.197	74.197	74.161	74.161	31	0	2
2025.06.11	03:45:00	74.165	74.177	74.164	74.171	38	0	3
2025.06.11	04:00:00	74.174	74.197	74.167	74.168	47	0	2
2025.06.11	04:15:00	74.165	74.174	74.149	74.164	46	0	2
2025.06.11	04:30:00	74.167	74.177	74.153	74.158	44	0	2
2025.06.11	04:45:00	74.154	74.176	74.150	74.166	32	0	2
2025.06.11	05:00:00	74.169	74.171	74.155	74.162	37	0	2
2025.06.11	05:15:00	74.166	74.177	74.154	74.157	35	0	2
2025.06.11	05:30:00	74.154	74.172	74.151	74.162	43	0	2
2025.06.11	05:45:00	74.159	74.165	74.121	74.128	49	0	2
2025.06.11	06:00:00	74.126	74.175	74.123	74.165	74	0	2
2025.06.11	06:15:00	74.162	74.230	74.162	74.226	75	0	2
2025.06.11	06:30:00	74.223	74.223	74.175	74.177	77	0	2
2025.06.11	06:45:00	74.180	74.259	74.173	74.252	92	0	2
2025.06.11	07:00:00	74.256	74.268	74.236	74.255	127	0	2
2025.06.11	07:15:00	74.252	74.252	74.203	74.224	97	0	2
2025.06.11	07:30:00	74.220	74.241	74.185	74.186	115	0	2
2025.06.11	07:45:00	74.183	74.192	74.132	74.165	106	0	2
2025.06.11	08:00:00	74.169	74.183	74.095	74.122	98	0	2
2025.06.11	08:15:00	74.119	74.142	74.106	74.119	94	0	2
2025.06.11	08:30:00	74.115	74.144	74.093	74.102	96	0	2
2025.06.11	08:45:00	74.099	74.127	74.097	74.105	82	0	2
2025.06.11	09:00:00	74.101	74.126	74.083	74.086	121	0	2
2025.06.11	09:15:00	74.083	74.107	74.080	74.088	69	0	2
2025.06.11	09:30:00	74.085	74.103	74.041	74.064	107	0	2
2025.06.11	09:45:00	74.060	74.111	74.049	74.085	101	0	2
2025.06.11	10:00:00	74.081	74.087	74.055	74.087	82	0	2
2025.06.11	10:15:00	74.083	74.096	74.059	74.096	70	0	2
2025.06.11	10:30:00	74.092	74.107	74.074	74.097	79	0	2
2025.06.11	10:45:00	74.094	74.097	74.065	74.090	59	0	2
2025.06.11	11:00:00	74.093	74.115	74.089	74.106	84	0	2
2025.06.11	11:15:00	74.103	74.154	74.097	74.141	59	0	2
2025.06.11	11:30:00	74.144	74.155	74.099	74.109	81	0	2
2025.06.11	11:45:00	74.106	74.141	74.091	74.098	86	0	2
2025.06.11	12:00:00	74.095	74.135	74.088	74.095	214	0	2
2025.06.11	12:15:00	74.098	74.116	74.062	74.072	100	0	2
2025.06.11	12:30:00	74.077	74.100	73.800	73.885	620	0	2
2025.06.11	12:45:00	73.882	73.972	73.851	73.968	314	0	2
2025.06.11	13:00:00	73.964	74.002	73.908	73.911	275	0	2
2025.06.11	13:15:00	73.915	74.023	73.907	74.023	249	0	2
2025.06.11	13:30:00	74.026	74.041	74.004	74.030	222	0	2
2025.06.11	13:45:00	74.033	74.063	73.969	73.972	204	0	2
2025.06.11	14:00:00	73.976	73.983	73.881	73.906	199	0	2
2025.06.11	14:15:00	73.903	73.908	73.863	73.878	187	0	2
2025.06.11	14:30:00	73.882	73.896	73.838	73.838	147	0	2
2025.06.11	14:45:00	73.835	73.892	73.827	73.858	148	0	2
2025.06.11	15:00:00	73.861	73.891	73.827	73.845	188	0	2
2025.06.11	15:15:00	73.849	73.858	73.820	73.823	126	0	2
2025.06.11	15:30:00	73.827	73.833	73.756	73.763	120	0	2
2025.06.11	15:45:00	73.759	73.807	73.755	73.771	150	0	2
2025.06.11	16:00:00	73.768	73.829	73.759	73.826	99	0	2
2025.06.11	16:15:00	73.823	73.847	73.810	73.819	82	0	2
2025.06.11	16:30:00	73.822	73.836	73.786	73.797	77	0	2
2025.06.11	16:45:00	73.801	73.812	73.785	73.802	63	0	2
2025.06.11	17:00:00	73.806	73.813	73.774	73.790	72	0	2
2025.06.11	17:15:00	73.787	73.792	73.731	73.746	56	0	2
2025.06.11	17:30:00	73.744	73.786	73.737	73.749	79	0	2
2025.06.11	17:45:00	73.753	73.757	73.721	73.729	51	0	2
2025.06.11	18:00:00	73.726	73.773	73.706	73.766	111	0	2
2025.06.11	18:15:00	73.769	73.797	73.765	73.791	90	0	2
2025.06.11	18:30:00	73.794	73.804	73.753	73.787	106	0	2
2025.06.11	18:45:00	73.790	73.812	73.790	73.811	90	0	2
2025.06.11	19:00:00	73.814	73.849	73.809	73.845	78	0	2
2025.06.11	19:15:00	73.848	73.857	73.841	73.854	52	0	2
2025.06.11	19:30:00	73.857	73.863	73.838	73.842	59	0	2
2025.06.11	19:45:00	73.846	73.874	73.846	73.862	57	0	2
2025.06.11	20:00:00	73.858	73.862	73.839	73.842	44	0	2
2025.06.11	20:15:00	73.841	73.841	73.828	73.835	31	0	2
2025.06.11	20:30:00	73.832	73.838	73.819	73.823	36	0	2
2025.06.11	20:45:00	73.820	73.826	73.808	73.808	40	0	3
2025.06.11	21:00:00	73.807	73.809	73.806	73.808	12	0	14
2025.06.11	21:15:00	73.809	73.809	73.804	73.806	14	0	12
2025.06.11	21:30:00	73.808	73.818	73.807	73.818	14	0	8
2025.06.11	21:45:00	73.819	73.819	73.792	73.792	16	0	6
2025.06.11	22:00:00	73.805	73.805	73.786	73.788	21	0	2
2025.06.11	22:15:00	73.792	73.792	73.768	73.776	30	0	2
2025.06.11	22:30:00	73.773	73.779	73.759	73.764	34	0	2
2025.06.11	22:45:00	73.764	73.768	73.694	73.712	52	0	2
2025.06.11	23:00:00	73.709	73.722	73.675	73.712	76	0	2
2025.06.11	23:15:00	73.715	73.727	73.715	73.727	37	0	2
2025.06.11	23:30:00	73.731	73.731	73.691	73.701	45	0	2
2025.06.11	23:45:00	73.704	73.723	73.701	73.703	51	0	2
2025.06.12	00:00:00	73.700	73.730	73.683	73.721	115	0	2
2025.06.12	00:15:00	73.724	73.731	73.666	73.666	74	0	2
2025.06.12	00:30:00	73.670	73.699	73.627	73.632	117	0	2
2025.06.12	00:45:00	73.629	73.643	73.589	73.617	120	0	2
2025.06.12	01:00:00	73.620	73.640	73.588	73.604	103	0	2
2025.06.12	01:15:00	73.600	73.602	73.566	73.575	113	0	2
2025.06.12	01:30:00	73.572	73.632	73.563	73.626	132	0	2
2025.06.12	01:45:00	73.623	73.631	73.601	73.618	99	0	2
2025.06.12	02:00:00	73.622	73.693	73.622	73.688	112	0	2
2025.06.12	02:15:00	73.692	73.694	73.645	73.652	81	0	2
2025.06.12	02:30:00	73.648	73.671	73.641	73.666	62	0	2
2025.06.12	02:45:00	73.670	73.707	73.670	73.672	54	0	2
2025.06.12	03:00:00	73.676	73.676	73.625	73.638	44	0	2
2025.06.12	03:15:00	73.641	73.667	73.637	73.641	56	0	2
2025.06.12	03:30:00	73.638	73.639	73.605	73.620	56	0	2
2025.06.12	03:45:00	73.617	73.629	73.608	73.617	53	0	2
2025.06.12	04:00:00	73.617	73.653	73.617	73.643	52	0	2
2025.06.12	04:15:00	73.643	73.643	73.613	73.625	38	0	2
2025.06.12	04:30:00	73.622	73.634	73.615	73.615	38	0	2
2025.06.12	04:45:00	73.612	73.626	73.606	73.622	38	0	2
2025.06.12	05:00:00	73.625	73.645	73.621	73.634	50	0	2
2025.06.12	05:15:00	73.633	73.638	73.584	73.585	54	0	2
2025.06.12	05:30:00	73.589	73.607	73.583	73.596	54	0	2
2025.06.12	05:45:00	73.593	73.606	73.582	73.589	70	0	2
2025.06.12	06:00:00	73.594	73.763	73.594	73.742	302	0	2
2025.06.12	06:15:00	73.745	73.766	73.721	73.727	138	0	2
2025.06.12	06:30:00	73.723	73.757	73.702	73.719	129	0	2
2025.06.12	06:45:00	73.722	73.752	73.701	73.720	150	0	2
2025.06.12	07:00:00	73.723	73.840	73.723	73.836	244	0	2
2025.06.12	07:15:00	73.833	73.848	73.806	73.824	176	0	2
2025.06.12	07:30:00	73.821	73.923	73.814	73.913	158	0	2
2025.06.12	07:45:00	73.916	73.945	73.806	73.839	203	0	2
2025.06.12	08:00:00	73.836	73.862	73.826	73.826	189	0	2
2025.06.12	08:15:00	73.830	73.840	73.794	73.817	152	0	2
2025.06.12	08:30:00	73.821	73.838	73.746	73.746	178	0	2
2025.06.12	08:45:00	73.743	73.760	73.707	73.711	168	0	2
2025.06.12	09:00:00	73.714	73.744	73.675	73.681	180	0	2
2025.06.12	09:15:00	73.684	73.703	73.658	73.688	140	0	2
2025.06.12	09:30:00	73.691	73.704	73.667	73.692	106	0	2
2025.06.12	09:45:00	73.696	73.704	73.599	73.647	184	0	2
2025.06.12	10:00:00	73.650	73.682	73.624	73.647	165	0	2
2025.06.12	10:15:00	73.650	73.667	73.613	73.627	193	0	2
2025.06.12	10:30:00	73.623	73.678	73.602	73.675	203	0	2
2025.06.12	10:45:00	73.678	73.682	73.538	73.585	308	0	2
2025.06.12	11:00:00	73.581	73.593	73.532	73.589	187	0	2
2025.06.12	11:15:00	73.592	73.608	73.567	73.608	144	0	2
2025.06.12	11:30:00	73.611	73.637	73.574	73.625	152	0	2
2025.06.12	11:45:00	73.622	73.640	73.567	73.570	135	0	2
2025.06.12	12:00:00	73.567	73.636	73.563	73.629	167	0	2
2025.06.12	12:15:00	73.626	73.629	73.571	73.575	145	0	2
2025.06.12	12:30:00	73.571	73.576	73.423	73.430	552	0	2
2025.06.12	12:45:00	73.434	73.486	73.432	73.472	270	0	2
2025.06.12	13:00:00	73.475	73.512	73.402	73.512	249	0	2
2025.06.12	13:15:00	73.509	73.560	73.496	73.532	148	0	2
2025.06.12	13:30:00	73.528	73.534	73.470	73.475	254	0	2
2025.06.12	13:45:00	73.478	73.593	73.478	73.550	209	0	2
2025.06.12	14:00:00	73.547	73.561	73.499	73.509	241	0	2
2025.06.12	14:15:00	73.512	73.534	73.487	73.534	174	0	2
2025.06.12	14:30:00	73.531	73.531	73.490	73.515	141	0	2
2025.06.12	14:45:00	73.512	73.559	73.495	73.558	160	0	2
2025.06.12	15:00:00	73.562	73.609	73.547	73.596	176	0	2
2025.06.12	15:15:00	73.599	73.624	73.578	73.605	185	0	2
2025.06.12	15:30:00	73.601	73.619	73.583	73.610	143	0	2
2025.06.12	15:45:00	73.613	73.613	73.574	73.603	133	0	2
2025.06.12	16:00:00	73.599	73.622	73.582	73.587	124	0	2
2025.06.12	16:15:00	73.590	73.606	73.573	73.602	88	0	2
2025.06.12	16:30:00	73.598	73.608	73.586	73.595	101	0	2
2025.06.12	16:45:00	73.598	73.619	73.572	73.573	107	0	2
2025.06.12	17:00:00	73.576	73.598	73.549	73.580	83	0	2
2025.06.12	17:15:00	73.583	73.615	73.577	73.585	74	0	2
2025.06.12	17:30:00	73.582	73.589	73.558	73.572	70	0	2
2025.06.12	17:45:00	73.575	73.589	73.566	73.577	51	0	2
2025.06.12	18:00:00	73.580	73.602	73.565	73.569	64	0	2
2025.06.12	18:15:00	73.565	73.565	73.552	73.557	36	0	2
2025.06.12	18:30:00	73.555	73.583	73.549	73.563	53	0	2
2025.06.12	18:45:00	73.563	73.563	73.545	73.548	40	0	2
2025.06.12	19:00:00	73.551	73.561	73.543	73.543	36	0	2
2025.06.12	19:15:00	73.545	73.550	73.539	73.545	26	0	2
2025.06.12	19:30:00	73.542	73.546	73.509	73.518	41	0	2
2025.06.12	19:45:00	73.514	73.530	73.502	73.513	39	0	2
2025.06.12	20:00:00	73.516	73.522	73.498	73.504	31	0	2
2025.06.12	20:15:00	73.500	73.504	73.492	73.500	20	0	2
2025.06.12	20:30:00	73.496	73.500	73.450	73.451	37	0	2
2025.06.12	20:45:00	73.448	73.462	73.443	73.453	38	0	2
2025.06.12	21:00:00	73.457	73.457	73.440	73.451	13	0	6
2025.06.12	21:15:00	73.450	73.450	73.444	73.444	15	0	22
2025.06.12	21:30:00	73.441	73.442	73.435	73.435	13	0	22
2025.06.12	21:45:00	73.437	73.439	73.423	73.423	15	0	14
2025.06.12	22:00:00	73.430	73.430	73.410	73.417	29	0	2
2025.06.12	22:15:00	73.424	73.432	73.422	73.432	21	0	2
2025.06.12	22:30:00	73.435	73.458	73.432	73.453	25	0	2
2025.06.12	22:45:00	73.450	73.456	73.432	73.433	34	0	2
2025.06.12	23:00:00	73.436	73.455	73.431	73.436	37	0	2
2025.06.12	23:15:00	73.440	73.440	73.428	73.429	26	0	2
2025.06.12	23:30:00	73.429	73.430	73.405	73.411	40	0	2
2025.06.12	23:45:00	73.408	73.422	73.363	73.370	71	0	2
2025.06.13	00:00:00	73.374	73.570	73.352	73.562	398	0	2
2025.06.13	00:15:00	73.566	73.591	73.492	73.546	412	0	2
2025.06.13	00:30:00	73.542	73.747	73.531	73.697	521	0	2
2025.06.13	00:45:00	73.694	73.725	73.642	73.689	376	0	2
2025.06.13	01:00:00	73.686	73.757	73.682	73.739	306	0	2
2025.06.13	01:15:00	73.736	73.781	73.727	73.727	213	0	2
2025.06.13	01:30:00	73.731	73.791	73.724	73.744	215	0	2
2025.06.13	01:45:00	73.747	73.747	73.689	73.715	174	0	2
2025.06.13	02:00:00	73.720	73.744	73.702	73.733	113	0	2
2025.06.13	02:15:00	73.730	73.757	73.697	73.741	152	0	2
2025.06.13	02:30:00	73.744	73.788	73.708	73.780	143	0	2
2025.06.13	02:45:00	73.777	73.782	73.730	73.762	160	0	2
2025.06.13	03:00:00	73.758	73.810	73.755	73.799	174	0	2
2025.06.13	03:15:00	73.803	73.824	73.782	73.808	143	0	2
2025.06.13	03:30:00	73.812	73.848	73.801	73.815	90	0	2
2025.06.13	03:45:00	73.812	73.812	73.775	73.782	122	0	2
2025.06.13	04:00:00	73.786	73.843	73.779	73.842	89	0	2
2025.06.13	04:15:00	73.846	73.906	73.846	73.893	106	0	2
2025.06.13	04:30:00	73.896	73.904	73.856	73.860	85	0	2
2025.06.13	04:45:00	73.863	73.899	73.848	73.886	78	0	2
2025.06.13	05:00:00	73.883	73.893	73.822	73.845	110	0	2
2025.06.13	05:15:00	73.848	73.909	73.826	73.908	144	0	2
2025.06.13	05:30:00	73.911	73.920	73.843	73.879	126	0	2
2025.06.13	05:45:00	73.875	73.882	73.836	73.859	119	0	2
2025.06.13	06:00:00	73.856	73.876	73.779	73.853	240	0	2
2025.06.13	06:15:00	73.856	73.896	73.845	73.896	211	0	2
2025.06.13	06:30:00	73.893	73.954	73.868	73.916	238	0	2
2025.06.13	06:45:00	73.919	73.937	73.851	73.865	217	0	2
2025.06.13	07:00:00	73.869	73.874	73.788	73.824	288	0	2
2025.06.13	07:15:00	73.827	73.839	73.754	73.754	231	0	2
2025.06.13	07:30:00	73.751	73.751	73.689	73.716	147	0	2
2025.06.13	07:45:00	73.713	73.752	73.689	73.748	139	0	2
2025.06.13	08:00:00	73.751	73.784	73.731	73.734	135	0	2
2025.06.13	08:15:00	73.731	73.769	73.694	73.708	137	0	2
2025.06.13	08:30:00	73.711	73.792	73.703	73.785	129	0	2
2025.06.13	08:45:00	73.782	73.785	73.745	73.749	144	0	2
2025.06.13	09:00:00	73.753	73.796	73.729	73.796	165	0	2
2025.06.13	09:15:00	73.792	73.816	73.780	73.809	113	0	2
2025.06.13	09:30:00	73.813	73.839	73.797	73.822	122	0	2
2025.06.13	09:45:00	73.825	73.846	73.794	73.831	132	0	2
2025.06.13	10:00:00	73.834	73.840	73.782	73.792	151	0	2
2025.06.13	10:15:00	73.796	73.849	73.788	73.829	182	0	2
2025.06.13	10:30:00	73.826	73.899	73.822	73.866	191	0	2
2025.06.13	10:45:00	73.869	73.944	73.869	73.882	197	0	2
2025.06.13	11:00:00	73.879	73.942	73.879	73.921	179	0	2
2025.06.13	11:15:00	73.925	73.944	73.903	73.909	146	0	2
2025.06.13	11:30:00	73.913	73.913	73.817	73.817	151	0	2
2025.06.13	11:45:00	73.814	73.882	73.811	73.856	154	0	2
2025.06.13	12:00:00	73.853	73.903	73.842	73.872	127	0	2
2025.06.13	12:15:00	73.876	73.939	73.869	73.907	157	0	2
2025.06.13	12:30:00	73.910	73.916	73.846	73.890	151	0	2
2025.06.13	12:45:00	73.887	73.926	73.884	73.885	126	0	2
2025.06.13	13:00:00	73.882	73.980	73.873	73.951	142	0	2
2025.06.13	13:15:00	73.955	73.965	73.917	73.927	117	0	2
2025.06.13	13:30:00	73.930	73.953	73.880	73.896	214	0	2
2025.06.13	13:45:00	73.893	73.909	73.840	73.847	144	0	2
2025.06.13	14:00:00	73.850	73.860	73.768	73.768	205	0	2
2025.06.13	14:15:00	73.772	73.804	73.750	73.764	153	0	2
2025.06.13	14:30:00	73.761	73.790	73.741	73.752	136	0	2
2025.06.13	14:45:00	73.756	73.768	73.657	73.665	256	0	2
2025.06.13	15:00:00	73.661	73.672	73.637	73.640	206	0	2
2025.06.13	15:15:00	73.637	73.637	73.549	73.562	153	0	2
2025.06.13	15:30:00	73.559	73.562	73.511	73.526	136	0	2
2025.06.13	15:45:00	73.530	73.579	73.524	73.570	150	0	2
2025.06.13	16:00:00	73.567	73.576	73.547	73.573	121	0	2
2025.06.13	16:15:00	73.569	73.569	73.523	73.542	66	0	2
2025.06.13	16:30:00	73.539	73.552	73.521	73.540	80	0	2
2025.06.13	16:45:00	73.537	73.577	73.537	73.557	73	0	2
2025.06.13	17:00:00	73.560	73.587	73.560	73.582	79	0	2
2025.06.13	17:15:00	73.585	73.630	73.585	73.619	71	0	2
2025.06.13	17:30:00	73.622	73.668	73.618	73.668	82	0	2
2025.06.13	17:45:00	73.664	73.672	73.608	73.617	67	0	2
2025.06.13	18:00:00	73.614	73.646	73.604	73.643	99	0	2
2025.06.13	18:15:00	73.640	73.687	73.640	73.687	72	0	2
2025.06.13	18:30:00	73.690	73.746	73.670	73.733	114	0	2
2025.06.13	18:45:00	73.729	73.736	73.676	73.729	113	0	2
2025.06.13	19:00:00	73.732	73.747	73.714	73.715	73	0	2
2025.06.13	19:15:00	73.718	73.751	73.708	73.750	57	0	2
2025.06.13	19:30:00	73.747	73.751	73.719	73.728	58	0	2
2025.06.13	19:45:00	73.725	73.739	73.683	73.687	82	0	2
2025.06.13	20:00:00	73.690	73.740	73.686	73.720	71	0	2
2025.06.13	20:15:00	73.717	73.733	73.707	73.727	33	0	2
2025.06.13	20:30:00	73.730	73.747	73.689	73.692	65	0	2
2025.06.13	20:45:00	73.695	73.713	73.662	73.669	253	0	2
2025.06.15	22:00:00	73.813	73.853	73.813	73.834	17	0	5
2025.06.15	22:15:00	73.844	73.844	73.800	73.805	48	0	2
2025.06.15	22:30:00	73.806	73.806	73.760	73.769	46	0	2
2025.06.15	22:45:00	73.766	73.766	73.735	73.764	37	0	2
2025.06.15	23:00:00	73.760	73.819	73.756	73.819	96	0	2
2025.06.15	23:15:00	73.823	73.845	73.799	73.805	83	0	2
2025.06.15	23:30:00	73.801	73.811	73.769	73.779	86	0	2
2025.06.15	23:45:00	73.782	73.810	73.781	73.802	84	0	2
2025.06.16	00:00:00	73.805	73.832	73.777	73.805	148	0	2
2025.06.16	00:15:00	73.801	73.827	73.767	73.788	78	0	2
2025.06.16	00:30:00	73.791	73.802	73.777	73.802	68	0	2
2025.06.16	00:45:00	73.800	73.829	73.797	73.800	92	0	2
2025.06.16	01:00:00	73.803	73.826	73.771	73.778	109	0	2
2025.06.16	01:15:00	73.781	73.794	73.758	73.782	84	0	2
2025.06.16	01:30:00	73.785	73.814	73.753	73.794	122	0	2
2025.06.16	01:45:00	73.791	73.817	73.784	73.812	72	0	2
2025.06.16	02:00:00	73.808	73.837	73.793	73.807	86	0	2
2025.06.16	02:15:00	73.807	73.812	73.781	73.808	63	0	2
2025.06.16	02:30:00	73.811	73.829	73.808	73.816	53	0	2
2025.06.16	02:45:00	73.813	73.842	73.801	73.838	58	0	2
2025.06.16	03:00:00	73.835	73.857	73.812	73.848	66	0	2
2025.06.16	03:15:00	73.850	73.878	73.842	73.846	61	0	2
2025.06.16	03:30:00	73.849	73.881	73.839	73.867	81	0	2
2025.06.16	03:45:00	73.870	73.881	73.863	73.872	42	0	2
2025.06.16	04:00:00	73.875	73.875	73.839	73.854	57	0	2
2025.06.16	04:15:00	73.851	73.852	73.819	73.828	56	0	2
2025.06.16	04:30:00	73.829	73.829	73.811	73.825	38	0	2
2025.06.16	04:45:00	73.822	73.830	73.812	73.815	48	0	2
2025.06.16	05:00:00	73.812	73.812	73.740	73.749	79	0	2
2025.06.16	05:15:00	73.745	73.751	73.684	73.701	83	0	2
2025.06.16	05:30:00	73.697	73.700	73.673	73.696	92	0	2
2025.06.16	05:45:00	73.692	73.700	73.666	73.685	101	0	2
2025.06.16	06:00:00	73.681	73.722	73.658	73.689	141	0	2
2025.06.16	06:15:00	73.686	73.755	73.674	73.735	125	0	2
2025.06.16	06:30:00	73.739	73.748	73.653	73.653	178	0	2
2025.06.16	06:45:00	73.650	73.663	73.579	73.604	185	0	2
2025.06.16	07:00:00	73.607	73.644	73.588	73.633	208	0	2
2025.06.16	07:15:00	73.630	73.633	73.571	73.590	171	0	2
2025.06.16	07:30:00	73.593	73.614	73.567	73.594	142	0	2
2025.06.16	07:45:00	73.591	73.627	73.574	73.614	149	0	2
2025.06.16	08:00:00	73.611	73.648	73.606	73.637	130	0	2
2025.06.16	08:15:00	73.634	73.641	73.602	73.606	95	0	2
2025.06.16	08:30:00	73.609	73.623	73.587	73.623	94	0	2
2025.06.16	08:45:00	73.626	73.651	73.609	73.641	139	0	2
2025.06.16	09:00:00	73.644	73.648	73.613	73.627	89	0	2
2025.06.16	09:15:00	73.628	73.642	73.608	73.610	92	0	2
2025.06.16	09:30:00	73.613	73.627	73.577	73.612	78	0	2
2025.06.16	09:45:00	73.615	73.646	73.600	73.603	94	0	2
2025.06.16	10:00:00	73.607	73.626	73.594	73.617	93	0	2
2025.06.16	10:15:00	73.621	73.648	73.618	73.636	88	0	2
2025.06.16	10:30:00	73.632	73.637	73.593	73.605	71	0	2
2025.06.16	10:45:00	73.602	73.660	73.593	73.632	104	0	2
2025.06.16	11:00:00	73.635	73.643	73.599	73.605	88	0	2
2025.06.16	11:15:00	73.602	73.612	73.577	73.609	65	0	2
2025.06.16	11:30:00	73.612	73.652	73.606	73.648	95	0	2
2025.06.16	11:45:00	73.645	73.653	73.618	73.647	85	0	2
2025.06.16	12:00:00	73.643	73.652	73.615	73.644	135	0	2
2025.06.16	12:15:00	73.641	73.670	73.620	73.661	94	0	2
2025.06.16	12:30:00	73.658	73.665	73.620	73.651	160	0	2
2025.06.16	12:45:00	73.654	73.654	73.612	73.622	98	0	2
2025.06.16	13:00:00	73.619	73.619	73.547	73.549	152	0	2
2025.06.16	13:15:00	73.545	73.558	73.503	73.514	119	0	2
2025.06.16	13:30:00	73.518	73.525	73.485	73.515	148	0	2
2025.06.16	13:45:00	73.518	73.547	73.448	73.465	244	0	2
2025.06.16	14:00:00	73.462	73.470	73.410	73.440	200	0	2
2025.06.16	14:15:00	73.443	73.495	73.416	73.454	179	0	2
2025.06.16	14:30:00	73.458	73.517	73.424	73.513	235	0	2
2025.06.16	14:45:00	73.517	73.557	73.497	73.549	260	0	2
2025.06.16	15:00:00	73.545	73.576	73.529	73.539	152	0	2
2025.06.16	15:15:00	73.543	73.572	73.537	73.542	137	0	2
2025.06.16	15:30:00	73.538	73.586	73.529	73.551	128	0	2
2025.06.16	15:45:00	73.548	73.567	73.531	73.543	134	0	2
2025.06.16	16:00:00	73.540	73.549	73.504	73.525	91	0	2
2025.06.16	16:15:00	73.528	73.534	73.481	73.504	80	0	2
2025.06.16	16:30:00	73.501	73.505	73.483	73.503	73	0	2
2025.06.16	16:45:00	73.500	73.506	73.481	73.481	60	0	2
2025.06.16	17:00:00	73.478	73.571	73.468	73.546	99	0	2
2025.06.16	17:15:00	73.549	73.564	73.537	73.543	69	0	2
2025.06.16	17:30:00	73.546	73.568	73.533	73.545	67	0	2
2025.06.16	17:45:00	73.542	73.554	73.523	73.545	64	0	2
2025.06.16	18:00:00	73.548	73.559	73.533	73.542	73	0	2
2025.06.16	18:15:00	73.539	73.558	73.535	73.545	63	0	2
2025.06.16	18:30:00	73.542	73.548	73.528	73.531	49	0	2
2025.06.16	18:45:00	73.534	73.552	73.528	73.550	65	0	2
2025.06.16	19:00:00	73.553	73.585	73.549	73.575	64	0	2
2025.06.16	19:15:00	73.572	73.610	73.572	73.594	55	0	2
2025.06.16	19:30:00	73.591	73.628	73.587	73.625	55	0	2
2025.06.16	19:45:00	73.622	73.669	73.621	73.666	69	0	2
2025.06.16	20:00:00	73.669	73.676	73.618	73.643	48	0	2
2025.06.16	20:15:00	73.640	73.660	73.633	73.633	29	0	2
2025.06.16	20:30:00	73.633	73.642	73.629	73.633	23	0	2
2025.06.16	20:45:00	73.630	73.660	73.628	73.648	37	0	2
2025.06.16	21:00:00	73.648	73.650	73.644	73.644	14	0	9
2025.06.16	21:15:00	73.645	73.648	73.640	73.645	14	0	17
2025.06.16	21:30:00	73.643	73.648	73.640	73.648	14	0	13
2025.06.16	21:45:00	73.646	73.649	73.638	73.638	15	0	10
2025.06.16	22:00:00	73.657	73.667	73.640	73.654	70	0	2
2025.06.16	22:15:00	73.651	73.664	73.648	73.659	21	0	2
2025.06.16	22:30:00	73.666	73.691	73.655	73.684	60	0	2
2025.06.16	22:45:00	73.687	73.695	73.654	73.671	52	0	2
2025.06.16	23:00:00	73.667	73.670	73.641	73.650	46	0	2
2025.06.16	23:15:00	73.653	73.663	73.638	73.663	43	0	2
2025.06.16	23:30:00	73.666	73.700	73.666	73.696	44	0	2
2025.06.16	23:45:00	73.697	73.723	73.680	73.698	77	0	2
2025.06.17	00:00:00	73.701	73.752	73.698	73.725	112	0	2
2025.06.17	00:15:00	73.728	73.740	73.714	73.735	98	0	2
2025.06.17	00:30:00	73.738	73.758	73.730	73.746	84	0	2
2025.06.17	00:45:00	73.743	73.750	73.701	73.706	92	0	2
2025.06.17	01:00:00	73.703	73.706	73.684	73.702	69	0	2
2025.06.17	01:15:00	73.706	73.710	73.666	73.689	56	0	2
2025.06.17	01:30:00	73.693	73.700	73.668	73.685	65	0	2
2025.06.17	01:45:00	73.688	73.700	73.660	73.700	66	0	2
2025.06.17	02:00:00	73.704	73.731	73.704	73.727	72	0	2
2025.06.17	02:15:00	73.730	73.739	73.713	73.719	58	0	2
2025.06.17	02:30:00	73.723	73.751	73.716	73.733	59	0	2
2025.06.17	02:45:00	73.736	73.747	73.681	73.692	107	0	2
2025.06.17	03:00:00	73.688	73.706	73.675	73.683	80	0	2
2025.06.17	03:15:00	73.686	73.703	73.674	73.674	62	0	2
2025.06.17	03:30:00	73.671	73.690	73.659	73.669	96	0	2
2025.06.17	03:45:00	73.666	73.690	73.666	73.669	54	0	2
2025.06.17	04:00:00	73.666	73.666	73.640	73.654	45	0	2
2025.06.17	04:15:00	73.652	73.658	73.640	73.648	57	0	2
2025.06.17	04:30:00	73.652	73.677	73.646	73.653	49	0	2
2025.06.17	04:45:00	73.650	73.680	73.650	73.672	40	0	2
2025.06.17	05:00:00	73.669	73.673	73.647	73.649	56	0	2
2025.06.17	05:15:00	73.653	73.687	73.643	73.649	86	0	2
2025.06.17	05:30:00	73.653	73.682	73.653	73.679	58	0	2
2025.06.17	05:45:00	73.682	73.714	73.682	73.696	80	0	2
2025.06.17	06:00:00	73.700	73.737	73.688	73.691	97	0	2
2025.06.17	06:15:00	73.687	73.692	73.649	73.672	110	0	2
2025.06.17	06:30:00	73.675	73.682	73.654	73.663	119	0	2
2025.06.17	06:45:00	73.666	73.743	73.657	73.732	118	0	2
2025.06.17	07:00:00	73.728	73.757	73.715	73.742	189	0	2
2025.06.17	07:15:00	73.746	73.759	73.730	73.741	119	0	2
2025.06.17	07:30:00	73.745	73.778	73.730	73.740	116	0	2
2025.06.17	07:45:00	73.737	73.738	73.670	73.717	119	0	2
2025.06.17	08:00:00	73.720	73.739	73.710	73.714	107	0	2
2025.06.17	08:15:00	73.718	73.741	73.707	73.727	97	0	2
2025.06.17	08:30:00	73.724	73.761	73.715	73.754	107	0	2
2025.06.17	08:45:00	73.758	73.810	73.756	73.810	93	0	2
2025.06.17	09:00:00	73.813	73.813	73.752	73.760	154	0	2
2025.06.17	09:15:00	73.756	73.816	73.753	73.802	100	0	2
2025.06.17	09:30:00	73.798	73.806	73.779	73.791	97	0	2
2025.06.17	09:45:00	73.794	73.844	73.792	73.833	80	0	2
2025.06.17	10:00:00	73.836	73.837	73.767	73.779	91	0	2
2025.06.17	10:15:00	73.782	73.787	73.758	73.772	86	0	2
2025.06.17	10:30:00	73.776	73.776	73.728	73.762	91	0	2
2025.06.17	10:45:00	73.760	73.774	73.747	73.753	87	0	2
2025.06.17	11:00:00	73.756	73.764	73.684	73.688	80	0	2
2025.06.17	11:15:00	73.691	73.729	73.684	73.725	54	0	2
2025.06.17	11:30:00	73.729	73.742	73.704	73.715	97	0	2
2025.06.17	11:45:00	73.712	73.768	73.708	73.736	111	0	2
2025.06.17	12:00:00	73.732	73.746	73.680	73.700	135	0	2
2025.06.17	12:15:00	73.697	73.742	73.673	73.742	93	0	2
2025.06.17	12:30:00	73.736	73.767	73.689	73.753	360	0	2
2025.06.17	12:45:00	73.750	73.813	73.746	73.810	202	0	2
2025.06.17	13:00:00	73.806	73.822	73.742	73.752	165	0	2
2025.06.17	13:15:00	73.749	73.757	73.716	73.757	96	0	2
2025.06.17	13:30:00	73.754	73.825	73.754	73.796	192	0	2
2025.06.17	13:45:00	73.799	73.836	73.786	73.833	135	0	2
2025.06.17	14:00:00	73.829	73.877	73.824	73.874	164	0	2
2025.06.17	14:15:00	73.877	73.977	73.877	73.966	247	0	2
2025.06.17	14:30:00	73.970	74.096	73.963	74.091	304	0	2
2025.06.17	14:45:00	74.088	74.092	73.996	74.005	228	0	2
2025.06.17	15:00:00	74.009	74.032	73.970	73.987	206	0	2
2025.06.17	15:15:00	73.983	74.084	73.983	74.078	162	0	2
2025.06.17	15:30:00	74.081	74.081	74.000	74.009	139	0	2
2025.06.17	15:45:00	74.006	74.036	73.994	73.997	120	0	2
2025.06.17	16:00:00	73.994	74.038	73.981	74.000	137	0	2
2025.06.17	16:15:00	74.003	74.093	73.989	74.093	118	0	2
2025.06.17	16:30:00	74.096	74.134	74.082	74.134	95	0	2
2025.06.17	16:45:00	74.131	74.256	74.131	74.228	229	0	2
2025.06.17	17:00:00	74.231	74.252	74.211	74.235	174	0	2
2025.06.17	17:15:00	74.239	74.298	74.235	74.249	183	0	2
2025.06.17	17:30:00	74.252	74.309	74.216	74.308	128	0	2
2025.06.17	17:45:00	74.311	74.436	74.311	74.376	353	0	2
2025.06.17	18:00:00	74.380	74.403	74.361	74.403	157	0	2
2025.06.17	18:15:00	74.406	74.445	74.374	74.445	149	0	2
2025.06.17	18:30:00	74.441	74.441	74.393	74.401	142	0	2
2025.06.17	18:45:00	74.405	74.472	74.405	74.469	194	0	2
2025.06.17	19:00:00	74.466	74.489	74.455	74.488	102	0	2
2025.06.17	19:15:00	74.485	74.497	74.452	74.456	84	0	2
2025.06.17	19:30:00	74.459	74.479	74.429	74.437	98	0	2
2025.06.17	19:45:00	74.440	74.490	74.417	74.480	124	0	2
2025.06.17	20:00:00	74.476	74.525	74.467	74.521	59	0	2
2025.06.17	20:15:00	74.524	74.539	74.461	74.473	65	0	2
2025.06.17	20:30:00	74.476	74.501	74.476	74.498	52	0	2
2025.06.17	20:45:00	74.494	74.494	74.449	74.460	89	0	2
2025.06.17	21:00:00	74.459	74.461	74.456	74.457	10	0	9
2025.06.17	21:15:00	74.457	74.461	74.444	74.446	14	0	10
2025.06.17	21:30:00	74.449	74.450	74.445	74.445	15	0	9
2025.06.17	21:45:00	74.446	74.453	74.420	74.420	16	0	12
2025.06.17	22:00:00	74.485	74.490	74.441	74.451	37	0	2
2025.06.17	22:15:00	74.451	74.455	74.441	74.446	20	0	3
2025.06.17	22:30:00	74.443	74.490	74.439	74.489	33	0	3
2025.06.17	22:45:00	74.486	74.494	74.469	74.494	37	0	2
2025.06.17	23:00:00	74.490	74.497	74.474	74.480	39	0	2
2025.06.17	23:15:00	74.479	74.491	74.464	74.472	36	0	2
2025.06.17	23:30:00	74.469	74.492	74.469	74.485	40	0	2
2025.06.17	23:45:00	74.482	74.486	74.448	74.464	52	0	2
2025.06.18	00:00:00	74.467	74.467	74.418	74.436	162	0	2
2025.06.18	00:15:00	74.439	74.465	74.418	74.431	101	0	2
2025.06.18	00:30:00	74.427	74.455	74.414	74.416	83	0	2
2025.06.18	00:45:00	74.419	74.464	74.413	74.451	108	0	2
2025.06.18	01:00:00	74.448	74.475	74.419	74.459	106	0	2
2025.06.18	01:15:00	74.455	74.474	74.418	74.421	94	0	2
2025.06.18	01:30:00	74.425	74.449	74.403	74.442	62	0	2
2025.06.18	01:45:00	74.446	74.454	74.402	74.415	70	0	2
2025.06.18	02:00:00	74.418	74.454	74.418	74.447	70	0	2
2025.06.18	02:15:00	74.450	74.451	74.409	74.422	64	0	2
2025.06.18	02:30:00	74.425	74.456	74.416	74.424	63	0	2
2025.06.18	02:45:00	74.420	74.435	74.414	74.426	55	0	2
2025.06.18	03:00:00	74.422	74.435	74.410	74.413	54	0	2
2025.06.18	03:15:00	74.416	74.420	74.390	74.413	70	0	2
2025.06.18	03:30:00	74.409	74.413	74.369	74.395	66	0	2
2025.06.18	03:45:00	74.398	74.422	74.397	74.415	52	0	2
2025.06.18	04:00:00	74.411	74.426	74.403	74.410	43	0	2
2025.06.18	04:15:00	74.406	74.419	74.395	74.403	40	0	2
2025.06.18	04:30:00	74.400	74.403	74.362	74.375	48	0	2
2025.06.18	04:45:00	74.371	74.385	74.365	74.381	44	0	2
2025.06.18	05:00:00	74.384	74.402	74.368	74.402	53	0	2
2025.06.18	05:15:00	74.399	74.413	74.395	74.403	40	0	2
2025.06.18	05:30:00	74.406	74.410	74.351	74.351	64	0	2
2025.06.18	05:45:00	74.355	74.397	74.355	74.375	85	0	2
2025.06.18	06:00:00	74.372	74.399	74.278	74.298	307	0	2
2025.06.18	06:15:00	74.301	74.310	74.264	74.274	141	0	2
2025.06.18	06:30:00	74.270	74.314	74.256	74.287	130	0	2
2025.06.18	06:45:00	74.290	74.307	74.258	74.275	118	0	2
2025.06.18	07:00:00	74.278	74.284	74.201	74.255	220	0	2
2025.06.18	07:15:00	74.258	74.291	74.247	74.283	117	0	2
2025.06.18	07:30:00	74.287	74.320	74.265	74.310	105	0	2
2025.06.18	07:45:00	74.314	74.323	74.293	74.301	101	0	2
2025.06.18	08:00:00	74.304	74.308	74.259	74.279	90	0	2
2025.06.18	08:15:00	74.282	74.355	74.275	74.338	115	0	2
2025.06.18	08:30:00	74.334	74.354	74.304	74.332	135	0	2
2025.06.18	08:45:00	74.331	74.342	74.298	74.331	111	0	2
2025.06.18	09:00:00	74.334	74.350	74.291	74.296	126	0	2
2025.06.18	09:15:00	74.300	74.304	74.250	74.258	89	0	2
2025.06.18	09:30:00	74.262	74.297	74.249	74.282	100	0	2
2025.06.18	09:45:00	74.286	74.303	74.264	74.271	76	0	2
2025.06.18	10:00:00	74.275	74.282	74.246	74.272	85	0	2
2025.06.18	10:15:00	74.276	74.293	74.259	74.293	90	0	2
2025.06.18	10:30:00	74.297	74.334	74.297	74.331	80	0	2
2025.06.18	10:45:00	74.334	74.404	74.334	74.396	122	0	2
2025.06.18	11:00:00	74.392	74.413	74.348	74.348	93	0	2
2025.06.18	11:15:00	74.351	74.397	74.347	74.389	91	0	2
2025.06.18	11:30:00	74.386	74.406	74.342	74.352	93	0	2
2025.06.18	11:45:00	74.349	74.360	74.319	74.343	102	0	2
2025.06.18	12:00:00	74.340	74.343	74.269	74.287	97	0	2
2025.06.18	12:15:00	74.290	74.318	74.273	74.298	103	0	2
2025.06.18	12:30:00	74.301	74.345	74.280	74.345	131	0	2
2025.06.18	12:45:00	74.342	74.382	74.341	74.364	126	0	2
2025.06.18	13:00:00	74.367	74.383	74.318	74.339	116	0	2
2025.06.18	13:15:00	74.343	74.387	74.331	74.361	117	0	2
2025.06.18	13:30:00	74.365	74.430	74.364	74.405	194	0	2
2025.06.18	13:45:00	74.402	74.405	74.369	74.399	206	0	2
2025.06.18	14:00:00	74.403	74.415	74.220	74.242	519	0	2
2025.06.18	14:15:00	74.245	74.361	74.245	74.347	312	0	2
2025.06.18	14:30:00	74.350	74.368	74.317	74.328	244	0	2
2025.06.18	14:45:00	74.324	74.364	74.282	74.337	296	0	2
2025.06.18	15:00:00	74.340	74.351	74.283	74.291	136	0	2
2025.06.18	15:15:00	74.288	74.315	74.225	74.225	145	0	2
2025.06.18	15:30:00	74.223	74.267	74.219	74.237	150	0	2
2025.06.18	15:45:00	74.234	74.253	74.230	74.244	97	0	2
2025.06.18	16:00:00	74.241	74.256	74.207	74.248	86	0	2
2025.06.18	16:15:00	74.252	74.286	74.231	74.286	89	0	2
2025.06.18	16:30:00	74.283	74.290	74.245	74.283	118	0	2
2025.06.18	16:45:00	74.286	74.314	74.286	74.310	71	0	2
2025.06.18	17:00:00	74.314	74.314	74.284	74.311	59	0	2
2025.06.18	17:15:00	74.308	74.357	74.308	74.354	57	0	2
2025.06.18	17:30:00	74.357	74.437	74.354	74.410	84	0	2
2025.06.18	17:45:00	74.414	74.414	74.362	74.384	83	0	2
2025.06.18	18:00:00	74.380	74.399	74.202	74.330	1073	0	2
2025.06.18	18:15:00	74.333	74.390	74.322	74.359	449	0	2
2025.06.18	18:30:00	74.355	74.427	74.322	74.419	603	0	2
2025.06.18	18:45:00	74.422	74.565	74.411	74.542	450	0	2
2025.06.18	19:00:00	74.538	74.618	74.505	74.505	484	0	2
2025.06.18	19:15:00	74.501	74.623	74.480	74.603	353	0	2
2025.06.18	19:30:00	74.606	74.617	74.528	74.578	210	0	2
2025.06.18	19:45:00	74.581	74.607	74.559	74.570	175	0	2
2025.06.18	20:00:00	74.573	74.582	74.544	74.545	80	0	2
2025.06.18	20:15:00	74.542	74.547	74.508	74.525	43	0	2
2025.06.18	20:30:00	74.528	74.528	74.503	74.516	48	0	3
2025.06.18	20:45:00	74.513	74.520	74.497	74.508	44	0	2
2025.06.18	21:00:00	74.506	74.506	74.491	74.492	14	0	7
2025.06.18	21:15:00	74.493	74.499	74.486	74.487	14	0	15
2025.06.18	21:30:00	74.489	74.504	74.489	74.502	15	0	33
2025.06.18	21:45:00	74.496	74.506	74.482	74.482	15	0	16
2025.06.18	22:00:00	74.502	74.508	74.475	74.487	26	0	2
2025.06.18	22:15:00	74.490	74.491	74.476	74.479	29	0	2
2025.06.18	22:30:00	74.480	74.501	74.480	74.497	21	0	3
2025.06.18	22:45:00	74.493	74.533	74.493	74.507	34	0	2
2025.06.18	23:00:00	74.511	74.524	74.496	74.514	44	0	2
2025.06.18	23:15:00	74.513	74.560	74.513	74.560	49	0	2
2025.06.18	23:30:00	74.557	74.564	74.516	74.530	66	0	2
2025.06.18	23:45:00	74.527	74.552	74.522	74.547	59	0	3
2025.06.19	00:00:00	74.543	74.556	74.527	74.555	124	0	2
2025.06.19	00:15:00	74.558	74.568	74.546	74.550	68	0	2
2025.06.19	00:30:00	74.547	74.579	74.544	74.555	70	0	2
2025.06.19	00:45:00	74.558	74.571	74.535	74.542	83	0	2
2025.06.19	01:00:00	74.539	74.635	74.539	74.588	235	0	2
2025.06.19	01:15:00	74.585	74.596	74.553	74.585	100	0	2
2025.06.19	01:30:00	74.589	74.608	74.571	74.598	101	0	2
2025.06.19	01:45:00	74.601	74.661	74.587	74.657	126	0	2
2025.06.19	02:00:00	74.661	74.661	74.622	74.650	110	0	2
2025.06.19	02:15:00	74.646	74.665	74.637	74.664	56	0	2
2025.06.19	02:30:00	74.664	74.695	74.653	74.653	68	0	2
2025.06.19	02:45:00	74.657	74.666	74.648	74.648	64	0	2
2025.06.19	03:00:00	74.645	74.651	74.624	74.624	68	0	2
2025.06.19	03:15:00	74.623	74.636	74.608	74.608	57	0	2
2025.06.19	03:30:00	74.605	74.611	74.591	74.595	43	0	2
2025.06.19	03:45:00	74.598	74.606	74.569	74.582	49	0	2
2025.06.19	04:00:00	74.583	74.588	74.566	74.569	40	0	2
2025.06.19	04:15:00	74.566	74.590	74.566	74.579	30	0	2
2025.06.19	04:30:00	74.579	74.599	74.579	74.584	36	0	2
2025.06.19	04:45:00	74.583	74.583	74.560	74.566	34	0	2
2025.06.19	05:00:00	74.563	74.618	74.563	74.614	58	0	2
2025.06.19	05:15:00	74.617	74.617	74.593	74.612	40	0	2
2025.06.19	05:30:00	74.613	74.630	74.605	74.623	63	0	2
2025.06.19	05:45:00	74.620	74.679	74.620	74.654	94	0	2
2025.06.19	06:00:00	74.658	74.702	74.658	74.678	96	0	2
2025.06.19	06:15:00	74.674	74.708	74.656	74.687	106	0	2
2025.06.19	06:30:00	74.691	74.721	74.637	74.637	126	0	2
2025.06.19	06:45:00	74.641	74.641	74.584	74.588	120	0	2
2025.06.19	07:00:00	74.591	74.607	74.576	74.600	115	0	2
2025.06.19	07:15:00	74.596	74.596	74.533	74.543	118	0	2
2025.06.19	07:30:00	74.539	74.561	74.528	74.548	145	0	2
2025.06.19	07:45:00	74.544	74.618	74.538	74.614	142	0	2
2025.06.19	08:00:00	74.611	74.636	74.550	74.563	200	0	2
2025.06.19	08:15:00	74.560	74.564	74.495	74.508	138	0	2
2025.06.19	08:30:00	74.511	74.538	74.502	74.535	114	0	2
2025.06.19	08:45:00	74.531	74.544	74.468	74.474	118	0	2
2025.06.19	09:00:00	74.471	74.519	74.434	74.494	143	0	2
2025.06.19	09:15:00	74.490	74.505	74.482	74.495	110	0	2
2025.06.19	09:30:00	74.491	74.526	74.491	74.502	90	0	2
2025.06.19	09:45:00	74.505	74.509	74.470	74.508	132	0	2
2025.06.19	10:00:00	74.511	74.513	74.447	74.450	140	0	2
2025.06.19	10:15:00	74.446	74.470	74.405	74.421	139	0	2
2025.06.19	10:30:00	74.425	74.457	74.418	74.438	93	0	2
2025.06.19	10:45:00	74.435	74.484	74.418	74.484	130	0	2
2025.06.19	11:00:00	74.488	74.602	74.479	74.549	429	0	2
2025.06.19	11:15:00	74.553	74.557	74.422	74.426	233	0	2
2025.06.19	11:30:00	74.423	74.452	74.352	74.409	200	0	2
2025.06.19	11:45:00	74.406	74.463	74.357	74.364	156	0	2
2025.06.19	12:00:00	74.360	74.439	74.355	74.432	167	0	2
2025.06.19	12:15:00	74.436	74.491	74.434	74.469	124	0	2
2025.06.19	12:30:00	74.466	74.466	74.403	74.407	154	0	2
2025.06.19	12:45:00	74.410	74.430	74.377	74.396	154	0	2
2025.06.19	13:00:00	74.400	74.426	74.372	74.426	133	0	2
2025.06.19	13:15:00	74.429	74.474	74.422	74.464	127	0	2
2025.06.19	13:30:00	74.460	74.507	74.440	74.481	150	0	2
2025.06.19	13:45:00	74.478	74.481	74.417	74.426	153	0	2
2025.06.19	14:00:00	74.429	74.433	74.379	74.389	134	0	2
2025.06.19	14:15:00	74.386	74.466	74.373	74.466	139	0	2
2025.06.19	14:30:00	74.470	74.488	74.450	74.479	126	0	2
2025.06.19	14:45:00	74.476	74.528	74.474	74.480	127	0	2
2025.06.19	15:00:00	74.477	74.484	74.452	74.463	121	0	2
2025.06.19	15:15:00	74.459	74.495	74.446	74.492	68	0	2
2025.06.19	15:30:00	74.488	74.490	74.440	74.445	80	0	2
2025.06.19	15:45:00	74.448	74.478	74.436	74.459	91	0	2
2025.06.19	16:00:00	74.462	74.500	74.462	74.480	69	0	2
2025.06.19	16:15:00	74.476	74.484	74.460	74.478	56	0	2
2025.06.19	16:30:00	74.479	74.489	74.461	74.461	35	0	2
2025.06.19	16:45:00	74.464	74.497	74.460	74.486	36	0	2
2025.06.19	17:00:00	74.489	74.489	74.431	74.434	44	0	2
2025.06.19	17:15:00	74.430	74.461	74.430	74.450	27	0	2
2025.06.19	17:30:00	74.446	74.447	74.385	74.385	58	0	2
2025.06.19	17:45:00	74.381	74.381	74.297	74.324	71	0	2
2025.06.19	18:00:00	74.328	74.335	74.289	74.298	71	0	2
2025.06.19	18:15:00	74.301	74.322	74.300	74.304	32	0	2
2025.06.19	18:30:00	74.300	74.309	74.291	74.308	27	0	2
2025.06.19	18:45:00	74.304	74.310	74.295	74.303	35	0	2
2025.06.19	19:00:00	74.303	74.308	74.270	74.286	28	0	2
2025.06.19	19:15:00	74.282	74.282	74.250	74.257	34	0	2
2025.06.19	19:30:00	74.253	74.269	74.243	74.257	33	0	3
2025.06.19	19:45:00	74.260	74.263	74.239	74.244	50	0	2
2025.06.19	20:00:00	74.247	74.268	74.242	74.268	23	0	2
2025.06.19	20:15:00	74.267	74.268	74.252	74.252	17	0	3
2025.06.19	20:30:00	74.253	74.253	74.237	74.247	24	0	2
2025.06.19	20:45:00	74.244	74.247	74.239	74.242	23	0	2
2025.06.19	21:00:00	74.239	74.242	74.228	74.234	14	0	13
2025.06.19	21:15:00	74.234	74.235	74.230	74.233	14	0	51
2025.06.19	21:30:00	74.237	74.242	74.227	74.242	14	0	34
2025.06.19	21:45:00	74.244	74.269	74.241	74.266	14	0	8
2025.06.22	21:00:00	74.569	74.587	74.551	74.584	10	0	45
2025.06.22	21:15:00	74.561	74.561	74.541	74.551	13	0	54
2025.06.22	21:30:00	74.553	74.572	74.551	74.572	14	0	20
2025.06.22	21:45:00	74.572	74.576	74.571	74.576	13	0	15
2025.06.22	22:00:00	74.587	74.597	74.476	74.495	144	0	2
2025.06.22	22:15:00	74.501	74.514	74.450	74.488	115	0	2
2025.06.22	22:30:00	74.485	74.495	74.449	74.449	75	0	2
2025.06.22	22:45:00	74.452	74.486	74.448	74.468	45	0	2
2025.06.22	23:00:00	74.465	74.491	74.455	74.474	91	0	2
2025.06.22	23:15:00	74.471	74.471	74.429	74.433	71	0	2
2025.06.22	23:30:00	74.436	74.436	74.393	74.418	74	0	2
2025.06.22	23:45:00	74.416	74.441	74.415	74.430	63	0	2
2025.06.23	00:00:00	74.433	74.519	74.411	74.519	128	0	2
2025.06.23	00:15:00	74.516	74.547	74.500	74.525	96	0	2
2025.06.23	00:30:00	74.522	74.561	74.517	74.534	84	0	2
2025.06.23	00:45:00	74.537	74.546	74.502	74.504	108	0	2
2025.06.23	01:00:00	74.501	74.545	74.485	74.537	134	0	2
2025.06.23	01:15:00	74.533	74.607	74.533	74.601	94	0	2
2025.06.23	01:30:00	74.604	74.604	74.510	74.520	92	0	2
2025.06.23	01:45:00	74.523	74.537	74.488	74.500	106	0	2
2025.06.23	02:00:00	74.497	74.497	74.440	74.450	101	0	2
2025.06.23	02:15:00	74.447	74.455	74.428	74.433	89	0	2
2025.06.23	02:30:00	74.429	74.453	74.415	74.443	63	0	2
2025.06.23	02:45:00	74.447	74.485	74.440	74.484	82	0	2
2025.06.23	03:00:00	74.481	74.506	74.460	74.499	90	0	2
2025.06.23	03:15:00	74.503	74.534	74.497	74.528	87	0	2
2025.06.23	03:30:00	74.531	74.535	74.495	74.514	63	0	2
2025.06.23	03:45:00	74.517	74.537	74.504	74.529	73	0	2
2025.06.23	04:00:00	74.533	74.541	74.502	74.541	79	0	2
2025.06.23	04:15:00	74.537	74.553	74.509	74.542	69	0	2
2025.06.23	04:30:00	74.539	74.586	74.523	74.582	88	0	2
2025.06.23	04:45:00	74.585	74.592	74.571	74.572	62	0	2
2025.06.23	05:00:00	74.574	74.574	74.531	74.545	80	0	2
2025.06.23	05:15:00	74.544	74.545	74.512	74.521	89	0	2
2025.06.23	05:30:00	74.524	74.536	74.493	74.496	107	0	2
2025.06.23	05:45:00	74.499	74.500	74.452	74.452	105	0	2
2025.06.23	06:00:00	74.448	74.480	74.399	74.462	158	0	2
2025.06.23	06:15:00	74.459	74.469	74.430	74.447	156	0	2
2025.06.23	06:30:00	74.444	74.472	74.426	74.435	164	0	2
2025.06.23	06:45:00	74.438	74.441	74.394	74.417	126	0	2
2025.06.23	07:00:00	74.414	74.419	74.356	74.412	213	0	2
2025.06.23	07:15:00	74.416	74.440	74.384	74.410	216	0	2
2025.06.23	07:30:00	74.406	74.428	74.364	74.403	169	0	2
2025.06.23	07:45:00	74.400	74.415	74.364	74.406	150	0	2
2025.06.23	08:00:00	74.410	74.439	74.402	74.430	154	0	2
2025.06.23	08:15:00	74.433	74.464	74.417	74.442	128	0	2
2025.06.23	08:30:00	74.439	74.458	74.368	74.454	151	0	2
2025.06.23	08:45:00	74.457	74.549	74.454	74.541	122	0	2
2025.06.23	09:00:00	74.545	74.702	74.529	74.652	252	0	2
2025.06.23	09:15:00	74.656	74.759	74.637	74.759	240	0	2
2025.06.23	09:30:00	74.762	74.789	74.655	74.686	200	0	2
2025.06.23	09:45:00	74.682	74.713	74.652	74.712	157	0	2
2025.06.23	10:00:00	74.715	74.737	74.681	74.690	192	0	2
2025.06.23	10:15:00	74.694	74.729	74.662	74.725	152	0	2
2025.06.23	10:30:00	74.728	74.736	74.699	74.721	120	0	2
2025.06.23	10:45:00	74.724	74.763	74.716	74.735	104	0	2
2025.06.23	11:00:00	74.738	74.752	74.685	74.702	131	0	2
2025.06.23	11:15:00	74.705	74.763	74.692	74.746	116	0	2
2025.06.23	11:30:00	74.743	74.769	74.733	74.749	126	0	2
2025.06.23	11:45:00	74.745	74.782	74.649	74.655	173	0	2
2025.06.23	12:00:00	74.652	74.709	74.638	74.685	189	0	2
2025.06.23	12:15:00	74.681	74.732	74.680	74.732	147	0	2
2025.06.23	12:30:00	74.735	74.771	74.711	74.711	178	0	2
2025.06.23	12:45:00	74.708	74.729	74.661	74.673	138	0	2
2025.06.23	13:00:00	74.669	74.697	74.649	74.690	187	0	2
2025.06.23	13:15:00	74.686	74.695	74.631	74.634	129	0	2
2025.06.23	13:30:00	74.630	74.637	74.482	74.487	254	0	2
2025.06.23	13:45:00	74.491	74.529	74.457	74.490	315	0	2
2025.06.23	14:00:00	74.486	74.486	74.266	74.281	613	0	2
2025.06.23	14:15:00	74.277	74.284	74.182	74.226	303	0	2
2025.06.23	14:30:00	74.229	74.251	74.140	74.140	276	0	2
2025.06.23	14:45:00	74.137	74.197	74.101	74.137	292	0	2
2025.06.23	15:00:00	74.140	74.145	74.075	74.099	200	0	2
2025.06.23	15:15:00	74.095	74.099	74.054	74.064	194	0	2
2025.06.23	15:30:00	74.068	74.086	74.040	74.078	179	0	2
2025.06.23	15:45:00	74.082	74.140	74.082	74.131	148	0	2
2025.06.23	16:00:00	74.128	74.157	74.107	74.157	157	0	2
2025.06.23	16:15:00	74.161	74.161	74.114	74.131	126	0	2
2025.06.23	16:30:00	74.134	74.235	74.082	74.094	254	0	2
2025.06.23	16:45:00	74.091	74.118	74.038	74.114	251	0	2
2025.06.23	17:00:00	74.117	74.128	74.064	74.102	216	0	2
2025.06.23	17:15:00	74.098	74.109	73.986	74.004	186	0	2
2025.06.23	17:30:00	74.001	74.001	73.947	73.953	163	0	2
2025.06.23	17:45:00	73.957	73.981	73.946	73.956	126	0	2
2025.06.23	18:00:00	73.960	73.980	73.938	73.953	106	0	2
2025.06.23	18:15:00	73.956	73.960	73.902	73.943	116	0	2
2025.06.23	18:30:00	73.947	73.981	73.922	73.935	127	0	2
2025.06.23	18:45:00	73.938	73.969	73.919	73.960	100	0	2
2025.06.23	19:00:00	73.964	73.964	73.917	73.924	83	0	2
2025.06.23	19:15:00	73.928	73.956	73.928	73.941	62	0	2
2025.06.23	19:30:00	73.945	73.955	73.914	73.928	71	0	2
2025.06.23	19:45:00	73.931	73.948	73.921	73.924	71	0	2
2025.06.23	20:00:00	73.920	73.944	73.920	73.932	42	0	2
2025.06.23	20:15:00	73.934	73.937	73.910	73.915	30	0	2
2025.06.23	20:30:00	73.912	73.937	73.907	73.929	38	0	2
2025.06.23	20:45:00	73.928	73.944	73.918	73.932	58	0	2
2025.06.23	21:00:00	73.934	73.935	73.929	73.929	12	0	11
2025.06.23	21:15:00	73.931	73.941	73.927	73.941	14	0	21
2025.06.23	21:30:00	73.942	73.942	73.927	73.933	15	0	17
2025.06.23	21:45:00	73.938	73.947	73.933	73.933	15	0	11
2025.06.23	22:00:00	73.945	73.956	73.862	73.873	61	0	2
2025.06.23	22:15:00	73.868	73.877	73.814	73.824	83	0	2
2025.06.23	22:30:00	73.828	73.889	73.824	73.889	65	0	2
2025.06.23	22:45:00	73.885	73.901	73.861	73.861	51	0	2
2025.06.23	23:00:00	73.857	73.899	73.854	73.868	89	0	2
2025.06.23	23:15:00	73.865	73.865	73.804	73.817	113	0	2
2025.06.23	23:30:00	73.820	73.837	73.774	73.774	106	0	2
2025.06.23	23:45:00	73.777	73.845	73.774	73.825	87	0	2
2025.06.24	00:00:00	73.821	73.854	73.811	73.829	141	0	2
2025.06.24	00:15:00	73.833	73.859	73.828	73.841	100	0	2
2025.06.24	00:30:00	73.837	73.837	73.800	73.803	105	0	2
2025.06.24	00:45:00	73.799	73.864	73.782	73.806	233	0	2
2025.06.24	01:00:00	73.810	73.827	73.763	73.778	120	0	2
2025.06.24	01:15:00	73.774	73.812	73.770	73.801	90	0	2
2025.06.24	01:30:00	73.797	73.834	73.791	73.826	102	0	2
2025.06.24	01:45:00	73.823	73.860	73.813	73.850	100	0	2
2025.06.24	02:00:00	73.847	73.876	73.841	73.845	105	0	2
2025.06.24	02:15:00	73.841	73.861	73.811	73.811	80	0	2
2025.06.24	02:30:00	73.808	73.808	73.780	73.791	69	0	2
2025.06.24	02:45:00	73.794	73.800	73.768	73.777	47	0	2
2025.06.24	03:00:00	73.774	73.774	73.732	73.735	49	0	2
2025.06.24	03:15:00	73.731	73.760	73.729	73.751	51	0	2
2025.06.24	03:30:00	73.754	73.759	73.740	73.745	46	0	2
2025.06.24	03:45:00	73.746	73.746	73.709	73.722	50	0	2
2025.06.24	04:00:00	73.719	73.755	73.718	73.749	53	0	2
2025.06.24	04:15:00	73.745	73.751	73.726	73.729	42	0	2
2025.06.24	04:30:00	73.725	73.729	73.716	73.719	29	0	2
2025.06.24	04:45:00	73.722	73.722	73.676	73.716	67	0	2
2025.06.24	05:00:00	73.719	73.739	73.709	73.735	73	0	2
2025.06.24	05:15:00	73.731	73.739	73.714	73.736	38	0	2
2025.06.24	05:30:00	73.733	73.739	73.697	73.725	98	0	2
2025.06.24	05:45:00	73.728	73.747	73.687	73.695	108	0	2
2025.06.24	06:00:00	73.692	73.710	73.648	73.696	192	0	2
2025.06.24	06:15:00	73.693	73.693	73.563	73.580	238	0	2
2025.06.24	06:30:00	73.576	73.618	73.559	73.582	195	0	2
2025.06.24	06:45:00	73.585	73.632	73.580	73.627	170	0	2
2025.06.24	07:00:00	73.624	73.674	73.601	73.617	255	0	2
2025.06.24	07:15:00	73.620	73.647	73.595	73.618	158	0	2
2025.06.24	07:30:00	73.615	73.737	73.615	73.638	337	0	2
2025.06.24	07:45:00	73.642	73.711	73.627	73.638	260	0	2
2025.06.24	08:00:00	73.641	73.641	73.587	73.597	171	0	2
2025.06.24	08:15:00	73.600	73.613	73.542	73.564	138	0	2
2025.06.24	08:30:00	73.561	73.573	73.540	73.559	104	0	2
2025.06.24	08:45:00	73.556	73.559	73.511	73.526	103	0	2
2025.06.24	09:00:00	73.523	73.525	73.458	73.471	102	0	2
2025.06.24	09:15:00	73.468	73.488	73.440	73.463	112	0	2
2025.06.24	09:30:00	73.459	73.466	73.436	73.459	95	0	2
2025.06.24	09:45:00	73.456	73.479	73.432	73.478	93	0	2
2025.06.24	10:00:00	73.481	73.499	73.458	73.481	87	0	2
2025.06.24	10:15:00	73.478	73.494	73.478	73.479	56	0	2
2025.06.24	10:30:00	73.475	73.497	73.467	73.493	50	0	2
2025.06.24	10:45:00	73.490	73.503	73.464	73.484	70	0	2
2025.06.24	11:00:00	73.481	73.483	73.436	73.436	70	0	2
2025.06.24	11:15:00	73.433	73.476	73.426	73.440	98	0	2
2025.06.24	11:30:00	73.436	73.436	73.386	73.433	112	0	2
2025.06.24	11:45:00	73.436	73.468	73.417	73.454	118	0	2
2025.06.24	12:00:00	73.457	73.493	73.449	73.490	77	0	2
2025.06.24	12:15:00	73.493	73.529	73.490	73.529	80	0	2
2025.06.24	12:30:00	73.525	73.555	73.490	73.508	162	0	2
2025.06.24	12:45:00	73.511	73.540	73.490	73.523	106	0	2
2025.06.24	13:00:00	73.519	73.558	73.493	73.551	129	0	2
2025.06.24	13:15:00	73.548	73.575	73.524	73.565	180	0	2
2025.06.24	13:30:00	73.562	73.577	73.536	73.565	183	0	2
2025.06.24	13:45:00	73.562	73.570	73.531	73.531	138	0	2
2025.06.24	14:00:00	73.528	73.541	73.429	73.435	187	0	2
2025.06.24	14:15:00	73.432	73.438	73.266	73.325	451	0	2
2025.06.24	14:30:00	73.322	73.388	73.316	73.335	287	0	2
2025.06.24	14:45:00	73.338	73.436	73.327	73.409	210	0	2
2025.06.24	15:00:00	73.412	73.429	73.374	73.393	253	0	2
2025.06.24	15:15:00	73.396	73.396	73.342	73.386	140	0	2
2025.06.24	15:30:00	73.383	73.432	73.375	73.432	137	0	2
2025.06.24	15:45:00	73.430	73.460	73.422	73.451	135	0	2
2025.06.24	16:00:00	73.454	73.471	73.440	73.441	101	0	2
2025.06.24	16:15:00	73.445	73.451	73.397	73.400	78	0	2
2025.06.24	16:30:00	73.404	73.411	73.383	73.398	85	0	2
2025.06.24	16:45:00	73.402	73.423	73.385	73.392	50	0	2
2025.06.24	17:00:00	73.390	73.402	73.373	73.375	56	0	2
2025.06.24	17:15:00	73.372	73.372	73.342	73.352	59	0	2
2025.06.24	17:30:00	73.349	73.354	73.316	73.327	63	0	2
2025.06.24	17:45:00	73.324	73.348	73.319	73.337	72	0	2
2025.06.24	18:00:00	73.337	73.349	73.323	73.330	63	0	2
2025.06.24	18:15:00	73.327	73.382	73.326	73.353	74	0	2
2025.06.24	18:30:00	73.357	73.386	73.352	73.371	49	0	2
2025.06.24	18:45:00	73.374	73.387	73.353	73.360	56	0	2
2025.06.24	19:00:00	73.364	73.390	73.355	73.386	53	0	2
2025.06.24	19:15:00	73.385	73.385	73.360	73.374	46	0	2
2025.06.24	19:30:00	73.374	73.385	73.372	73.384	37	0	2
2025.06.24	19:45:00	73.388	73.423	73.385	73.420	42	0	2
2025.06.24	20:00:00	73.416	73.439	73.398	73.435	45	0	2
2025.06.24	20:15:00	73.438	73.456	73.430	73.436	33	0	2
2025.06.24	20:30:00	73.439	73.457	73.435	73.451	31	0	2
2025.06.24	20:45:00	73.451	73.457	73.435	73.449	37	0	2
2025.06.24	21:00:00	73.446	73.446	73.387	73.396	11	0	7
2025.06.24	21:15:00	73.395	73.414	73.392	73.414	15	0	51
2025.06.24	21:30:00	73.410	73.424	73.410	73.424	14	0	36
2025.06.24	21:45:00	73.426	73.444	73.424	73.439	15	0	17
2025.06.24	22:00:00	73.454	73.456	73.447	73.455	19	0	2
2025.06.24	22:15:00	73.454	73.460	73.451	73.456	22	0	2
2025.06.24	22:30:00	73.452	73.465	73.452	73.463	18	0	2
2025.06.24	22:45:00	73.462	73.462	73.450	73.454	25	0	2
2025.06.24	23:00:00	73.451	73.454	73.447	73.451	21	0	2
2025.06.24	23:15:00	73.448	73.452	73.441	73.451	24	0	2
2025.06.24	23:30:00	73.448	73.448	73.427	73.436	32	0	2
2025.06.24	23:45:00	73.436	73.454	73.429	73.447	35	0	2
2025.06.25	00:00:00	73.451	73.451	73.422	73.450	81	0	2
2025.06.25	00:15:00	73.446	73.450	73.427	73.431	49	0	2
2025.06.25	00:30:00	73.434	73.453	73.434	73.446	59	0	2
2025.06.25	00:45:00	73.443	73.450	73.427	73.433	65	0	2
2025.06.25	01:00:00	73.436	73.437	73.377	73.387	63	0	2
2025.06.25	01:15:00	73.384	73.431	73.381	73.431	85	0	2
2025.06.25	01:30:00	73.434	73.447	73.385	73.386	94	0	2
2025.06.25	01:45:00	73.389	73.399	73.370	73.373	71	0	2
2025.06.25	02:00:00	73.376	73.414	73.376	73.407	93	0	2
2025.06.25	02:15:00	73.403	73.427	73.397	73.412	71	0	2
2025.06.25	02:30:00	73.416	73.423	73.396	73.414	51	0	2
2025.06.25	02:45:00	73.413	73.425	73.402	73.425	38	0	2
2025.06.25	03:00:00	73.422	73.444	73.422	73.430	48	0	2
2025.06.25	03:15:00	73.427	73.436	73.414	73.419	44	0	2
2025.06.25	03:30:00	73.423	73.434	73.416	73.420	35	0	2
2025.06.25	03:45:00	73.421	73.464	73.421	73.459	57	0	2
2025.06.25	04:00:00	73.462	73.462	73.448	73.456	47	0	2
2025.06.25	04:15:00	73.459	73.459	73.442	73.456	34	0	2
2025.06.25	04:30:00	73.453	73.462	73.448	73.462	38	0	2
2025.06.25	04:45:00	73.464	73.466	73.440	73.440	40	0	2
2025.06.25	05:00:00	73.443	73.450	73.425	73.432	38	0	2
2025.06.25	05:15:00	73.429	73.449	73.429	73.444	46	0	2
2025.06.25	05:30:00	73.441	73.444	73.400	73.400	45	0	2
2025.06.25	05:45:00	73.397	73.410	73.397	73.403	45	0	2
2025.06.25	06:00:00	73.400	73.413	73.391	73.394	60	0	2
2025.06.25	06:15:00	73.398	73.408	73.364	73.377	70	0	2
2025.06.25	06:30:00	73.380	73.404	73.374	73.381	70	0	2
2025.06.25	06:45:00	73.378	73.439	73.375	73.388	103	0	2
2025.06.25	07:00:00	73.385	73.452	73.384	73.416	150	0	2
2025.06.25	07:15:00	73.413	73.427	73.392	73.404	103	0	2
2025.06.25	07:30:00	73.407	73.414	73.347	73.355	126	0	2
2025.06.25	07:45:00	73.358	73.494	73.352	73.449	153	0	2
2025.06.25	08:00:00	73.446	73.458	73.423	73.430	123	0	2
2025.06.25	08:15:00	73.434	73.448	73.423	73.434	103	0	2
2025.06.25	08:30:00	73.437	73.470	73.418	73.419	113	0	2
2025.06.25	08:45:00	73.422	73.425	73.396	73.412	72	0	2
2025.06.25	09:00:00	73.409	73.489	73.409	73.483	124	0	2
2025.06.25	09:15:00	73.486	73.508	73.466	73.492	79	0	2
2025.06.25	09:30:00	73.495	73.504	73.463	73.481	95	0	2
2025.06.25	09:45:00	73.484	73.493	73.460	73.460	75	0	2
2025.06.25	10:00:00	73.457	73.493	73.453	73.477	79	0	2
2025.06.25	10:15:00	73.473	73.484	73.459	73.474	67	0	2
2025.06.25	10:30:00	73.478	73.506	73.478	73.503	69	0	2
2025.06.25	10:45:00	73.507	73.519	73.474	73.499	62	0	2
2025.06.25	11:00:00	73.503	73.506	73.435	73.450	81	0	2
2025.06.25	11:15:00	73.447	73.506	73.433	73.486	121	0	2
2025.06.25	11:30:00	73.490	73.495	73.472	73.485	81	0	2
2025.06.25	11:45:00	73.489	73.497	73.478	73.491	77	0	2
2025.06.25	12:00:00	73.495	73.521	73.488	73.509	85	0	2
2025.06.25	12:15:00	73.513	73.549	73.499	73.549	81	0	2
2025.06.25	12:30:00	73.552	73.578	73.503	73.526	165	0	2
2025.06.25	12:45:00	73.529	73.577	73.529	73.547	106	0	2
2025.06.25	13:00:00	73.550	73.558	73.500	73.503	115	0	2
2025.06.25	13:15:00	73.500	73.503	73.452	73.464	81	0	2
2025.06.25	13:30:00	73.467	73.486	73.434	73.455	103	0	2
2025.06.25	13:45:00	73.452	73.499	73.442	73.480	139	0	2
2025.06.25	14:00:00	73.477	73.487	73.378	73.466	202	0	2
2025.06.25	14:15:00	73.469	73.473	73.423	73.425	178	0	2
2025.06.25	14:30:00	73.422	73.459	73.403	73.410	159	0	2
2025.06.25	14:45:00	73.413	73.431	73.395	73.395	107	0	2
2025.06.25	15:00:00	73.398	73.426	73.383	73.417	121	0	2
2025.06.25	15:15:00	73.414	73.435	73.410	73.418	71	0	2
2025.06.25	15:30:00	73.415	73.426	73.390	73.392	104	0	2
2025.06.25	15:45:00	73.396	73.415	73.393	73.394	66	0	2
2025.06.25	16:00:00	73.390	73.390	73.311	73.316	111	0	2
2025.06.25	16:15:00	73.319	73.329	73.294	73.304	81	0	2
2025.06.25	16:30:00	73.307	73.318	73.294	73.309	73	0	2
2025.06.25	16:45:00	73.305	73.328	73.299	73.311	64	0	2
2025.06.25	17:00:00	73.314	73.330	73.304	73.319	72	0	2
2025.06.25	17:15:00	73.316	73.319	73.287	73.296	59	0	2
2025.06.25	17:30:00	73.293	73.313	73.287	73.293	65	0	2
2025.06.25	17:45:00	73.297	73.303	73.255	73.259	69	0	2
2025.06.25	18:00:00	73.256	73.277	73.254	73.268	49	0	2
2025.06.25	18:15:00	73.265	73.266	73.246	73.246	39	0	2
2025.06.25	18:30:00	73.246	73.246	73.209	73.228	58	0	2
2025.06.25	18:45:00	73.224	73.228	73.191	73.191	54	0	2
2025.06.25	19:00:00	73.188	73.194	73.159	73.159	85	0	2
2025.06.25	19:15:00	73.162	73.168	73.144	73.150	50	0	2
2025.06.25	19:30:00	73.153	73.167	73.149	73.152	50	0	2
2025.06.25	19:45:00	73.155	73.189	73.148	73.175	51	0	2
2025.06.25	20:00:00	73.172	73.192	73.159	73.188	46	0	2
2025.06.25	20:15:00	73.185	73.199	73.181	73.196	31	0	2
2025.06.25	20:30:00	73.199	73.199	73.181	73.183	26	0	2
2025.06.25	20:45:00	73.182	73.193	73.169	73.182	52	0	2
2025.06.25	21:00:00	73.181	73.183	73.173	73.175	14	0	8
2025.06.25	21:15:00	73.170	73.176	73.170	73.176	14	0	47
2025.06.25	21:30:00	73.174	73.179	73.174	73.176	14	0	30
2025.06.25	21:45:00	73.178	73.200	73.177	73.196	15	0	8
2025.06.25	22:00:00	73.214	73.214	73.182	73.185	22	0	2
2025.06.25	22:15:00	73.186	73.190	73.180	73.185	23	0	2
2025.06.25	22:30:00	73.188	73.188	73.169	73.171	21	0	2
2025.06.25	22:45:00	73.174	73.178	73.169	73.170	20	0	2
2025.06.25	23:00:00	73.167	73.167	73.100	73.106	74	0	2
2025.06.25	23:15:00	73.110	73.123	73.100	73.107	52	0	2
2025.06.25	23:30:00	73.107	73.107	73.062	73.072	54	0	2
2025.06.25	23:45:00	73.075	73.078	73.035	73.046	74	0	2
2025.06.26	00:00:00	73.043	73.050	73.014	73.027	74	0	2
2025.06.26	00:15:00	73.030	73.037	73.018	73.028	56	0	2
2025.06.26	00:30:00	73.025	73.043	73.019	73.028	41	0	2
2025.06.26	00:45:00	73.025	73.054	73.025	73.046	56	0	2
2025.06.26	01:00:00	73.046	73.085	73.046	73.077	68	0	2
2025.06.26	01:15:00	73.081	73.112	73.074	73.086	49	0	2
2025.06.26	01:30:00	73.087	73.090	73.049	73.060	63	0	2
2025.06.26	01:45:00	73.063	73.066	73.019	73.034	76	0	2
2025.06.26	02:00:00	73.031	73.040	73.020	73.033	51	0	2
2025.06.26	02:15:00	73.037	73.047	73.004	73.006	51	0	2
2025.06.26	02:30:00	73.003	73.016	72.996	73.002	51	0	2
2025.06.26	02:45:00	72.999	72.999	72.945	72.956	92	0	2
2025.06.26	03:00:00	72.953	72.959	72.857	72.939	194	0	2
2025.06.26	03:15:00	72.936	72.936	72.894	72.935	103	0	2
2025.06.26	03:30:00	72.938	72.960	72.930	72.930	86	0	2
2025.06.26	03:45:00	72.933	72.938	72.919	72.932	49	0	2
2025.06.26	04:00:00	72.936	72.993	72.933	72.980	84	0	2
2025.06.26	04:15:00	72.984	72.993	72.966	72.975	59	0	2
2025.06.26	04:30:00	72.973	72.987	72.963	72.985	49	0	2
2025.06.26	04:45:00	72.989	72.998	72.983	72.988	32	0	2
2025.06.26	05:00:00	72.991	73.007	72.965	72.971	58	0	2
2025.06.26	05:15:00	72.968	72.975	72.956	72.969	54	0	2
2025.06.26	05:30:00	72.966	72.996	72.959	72.992	55	0	2
2025.06.26	05:45:00	72.989	72.995	72.932	72.942	67	0	2
2025.06.26	06:00:00	72.945	72.987	72.928	72.966	208	0	2
2025.06.26	06:15:00	72.962	73.000	72.948	72.977	152	0	2
2025.06.26	06:30:00	72.981	72.994	72.930	72.945	138	0	2
2025.06.26	06:45:00	72.942	72.955	72.890	72.890	139	0	2
2025.06.26	07:00:00	72.887	72.891	72.818	72.821	161	0	2
2025.06.26	07:15:00	72.824	72.850	72.775	72.845	227	0	2
2025.06.26	07:30:00	72.842	72.884	72.833	72.833	153	0	2
2025.06.26	07:45:00	72.829	72.829	72.775	72.797	155	0	2
2025.06.26	08:00:00	72.794	72.814	72.708	72.708	204	0	2
2025.06.26	08:15:00	72.705	72.730	72.695	72.712	139	0	2
2025.06.26	08:30:00	72.709	72.718	72.649	72.681	195	0	2
2025.06.26	08:45:00	72.685	72.728	72.678	72.727	158	0	2
2025.06.26	09:00:00	72.730	72.752	72.718	72.752	134	0	2
2025.06.26	09:15:00	72.749	72.806	72.733	72.782	136	0	2
2025.06.26	09:30:00	72.785	72.785	72.714	72.717	96	0	2
2025.06.26	09:45:00	72.721	72.769	72.706	72.757	122	0	2
2025.06.26	10:00:00	72.760	72.795	72.746	72.771	114	0	2
2025.06.26	10:15:00	72.768	72.781	72.721	72.739	68	0	2
2025.06.26	10:30:00	72.735	72.781	72.723	72.779	74	0	2
2025.06.26	10:45:00	72.776	72.839	72.758	72.838	99	0	2
2025.06.26	11:00:00	72.841	72.909	72.836	72.903	178	0	2
2025.06.26	11:15:00	72.900	72.954	72.892	72.935	152	0	2
2025.06.26	11:30:00	72.932	72.992	72.919	72.989	150	0	2
2025.06.26	11:45:00	72.992	72.992	72.947	72.951	121	0	2
2025.06.26	12:00:00	72.954	72.989	72.938	72.966	136	0	2
2025.06.26	12:15:00	72.963	72.966	72.883	72.886	112	0	2
2025.06.26	12:30:00	72.884	72.993	72.850	72.853	449	0	2
2025.06.26	12:45:00	72.850	72.933	72.839	72.893	265	0	2
2025.06.26	13:00:00	72.890	72.952	72.862	72.915	296	0	2
2025.06.26	13:15:00	72.918	72.930	72.826	72.835	193	0	2
2025.06.26	13:30:00	72.831	72.871	72.826	72.829	213	0	2
2025.06.26	13:45:00	72.826	72.826	72.770	72.773	214	0	2
2025.06.26	14:00:00	72.776	72.843	72.776	72.778	225	0	2
2025.06.26	14:15:00	72.776	72.813	72.742	72.786	263	0	2
2025.06.26	14:30:00	72.789	72.797	72.727	72.740	245	0	2
2025.06.26	14:45:00	72.743	72.824	72.708	72.817	307	0	2
2025.06.26	15:00:00	72.820	72.860	72.789	72.827	246	0	2
2025.06.26	15:15:00	72.824	72.836	72.806	72.825	154	0	2
2025.06.26	15:30:00	72.829	72.829	72.741	72.754	140	0	2
2025.06.26	15:45:00	72.751	72.764	72.711	72.715	99	0	2
2025.06.26	16:00:00	72.718	72.749	72.711	72.733	114	0	2
2025.06.26	16:15:00	72.736	72.788	72.697	72.700	151	0	2
2025.06.26	16:30:00	72.703	72.703	72.616	72.643	127	0	2
2025.06.26	16:45:00	72.647	72.711	72.633	72.700	117	0	2
2025.06.26	17:00:00	72.703	72.703	72.666	72.685	112	0	2
2025.06.26	17:15:00	72.688	72.700	72.675	72.681	93	0	2
2025.06.26	17:30:00	72.678	72.698	72.655	72.680	93	0	2
2025.06.26	17:45:00	72.677	72.693	72.674	72.685	64	0	2
2025.06.26	18:00:00	72.688	72.695	72.670	72.679	68	0	2
2025.06.26	18:15:00	72.682	72.722	72.672	72.722	62	0	2
2025.06.26	18:30:00	72.718	72.739	72.710	72.727	58	0	2
2025.06.26	18:45:00	72.730	72.736	72.702	72.732	62	0	2
2025.06.26	19:00:00	72.736	72.816	72.733	72.806	93	0	2
2025.06.26	19:15:00	72.809	72.835	72.798	72.815	58	0	2
2025.06.26	19:30:00	72.818	72.824	72.801	72.814	59	0	2
2025.06.26	19:45:00	72.817	72.840	72.804	72.819	72	0	2
2025.06.26	20:00:00	72.815	72.851	72.800	72.847	62	0	2
2025.06.26	20:15:00	72.844	72.869	72.844	72.857	32	0	2
2025.06.26	20:30:00	72.854	72.862	72.842	72.842	27	0	2
2025.06.26	20:45:00	72.841	72.851	72.838	72.840	28	0	2
2025.06.26	21:00:00	72.837	72.838	72.832	72.835	13	0	13
2025.06.26	21:15:00	72.835	72.836	72.827	72.827	15	0	16
2025.06.26	21:30:00	72.830	72.832	72.827	72.830	14	0	14
2025.06.26	21:45:00	72.831	72.835	72.828	72.832	14	0	8
2025.06.29	21:00:00	72.901	72.902	72.892	72.893	10	0	58
2025.06.29	21:15:00	72.892	72.895	72.863	72.892	13	0	57
2025.06.29	21:30:00	72.894	72.894	72.853	72.853	14	0	53
2025.06.29	21:45:00	72.850	72.861	72.843	72.844	14	0	52
2025.06.29	22:00:00	72.879	72.902	72.870	72.882	20	0	5
2025.06.29	22:15:00	72.886	72.904	72.880	72.904	21	0	5
2025.06.29	22:30:00	72.898	72.898	72.859	72.861	31	0	2
2025.06.29	22:45:00	72.866	72.872	72.848	72.858	32	0	2
2025.06.29	23:00:00	72.855	72.875	72.839	72.847	61	0	2
2025.06.29	23:15:00	72.844	72.880	72.844	72.880	46	0	2
2025.06.29	23:30:00	72.877	72.889	72.870	72.880	36	0	2
2025.06.29	23:45:00	72.876	72.894	72.866	72.891	43	0	2
2025.06.30	00:00:00	72.894	72.904	72.878	72.881	71	0	2
2025.06.30	00:15:00	72.885	72.895	72.872	72.883	78	0	2
2025.06.30	00:30:00	72.887	72.916	72.886	72.910	54	0	2
2025.06.30	00:45:00	72.910	72.949	72.907	72.914	82	0	2
2025.06.30	01:00:00	72.918	72.928	72.913	72.921	67	0	2
2025.06.30	01:15:00	72.924	72.927	72.872	72.876	64	0	2
2025.06.30	01:30:00	72.873	72.882	72.835	72.842	53	0	2
2025.06.30	01:45:00	72.839	72.892	72.835	72.884	100	0	2
2025.06.30	02:00:00	72.881	72.899	72.858	72.876	99	0	2
2025.06.30	02:15:00	72.872	72.884	72.849	72.865	81	0	2
2025.06.30	02:30:00	72.868	72.897	72.860	72.896	55	0	2
2025.06.30	02:45:00	72.893	72.904	72.878	72.899	55	0	2
2025.06.30	03:00:00	72.902	72.911	72.882	72.892	47	0	2
2025.06.30	03:15:00	72.892	72.903	72.878	72.895	59	0	2
2025.06.30	03:30:00	72.892	72.930	72.892	72.926	45	0	2
2025.06.30	03:45:00	72.922	72.922	72.907	72.921	34	0	2
2025.06.30	04:00:00	72.924	72.927	72.902	72.909	52	0	2
2025.06.30	04:15:00	72.912	72.912	72.891	72.895	36	0	2
2025.06.30	04:30:00	72.892	72.895	72.854	72.858	33	0	2
2025.06.30	04:45:00	72.861	72.874	72.830	72.834	61	0	2
2025.06.30	05:00:00	72.836	72.837	72.794	72.807	66	0	2
2025.06.30	05:15:00	72.804	72.804	72.785	72.793	46	0	2
2025.06.30	05:30:00	72.791	72.825	72.774	72.820	61	0	2
2025.06.30	05:45:00	72.817	72.847	72.807	72.841	76	0	2
2025.06.30	06:00:00	72.838	72.858	72.825	72.845	109	0	2
2025.06.30	06:15:00	72.848	72.871	72.818	72.831	118	0	2
2025.06.30	06:30:00	72.834	72.850	72.807	72.817	145	0	2
2025.06.30	06:45:00	72.814	72.860	72.789	72.806	128	0	2
2025.06.30	07:00:00	72.809	72.917	72.809	72.885	234	0	2
2025.06.30	07:15:00	72.882	72.950	72.881	72.950	156	0	2
2025.06.30	07:30:00	72.953	72.960	72.913	72.948	118	0	2
2025.06.30	07:45:00	72.945	72.979	72.935	72.978	120	0	2
2025.06.30	08:00:00	72.981	73.020	72.964	73.000	178	0	2
2025.06.30	08:15:00	73.003	73.026	72.980	73.002	117	0	2
2025.06.30	08:30:00	72.999	73.011	72.984	72.989	86	0	2
2025.06.30	08:45:00	72.992	73.016	72.977	72.991	95	0	2
2025.06.30	09:00:00	72.994	73.009	72.976	72.991	87	0	2
2025.06.30	09:15:00	72.988	73.003	72.973	72.990	70	0	2
2025.06.30	09:30:00	72.986	73.024	72.985	73.018	71	0	2
2025.06.30	09:45:00	73.022	73.035	73.003	73.022	73	0	2
2025.06.30	10:00:00	73.025	73.040	73.022	73.032	61	0	2
2025.06.30	10:15:00	73.035	73.041	72.999	73.003	50	0	2
2025.06.30	10:30:00	73.000	73.028	72.998	73.024	56	0	2
2025.06.30	10:45:00	73.021	73.025	72.979	72.985	69	0	2
2025.06.30	11:00:00	72.989	73.007	72.966	72.973	79	0	2
2025.06.30	11:15:00	72.971	72.988	72.929	72.937	60	0	2
2025.06.30	11:30:00	72.940	72.984	72.934	72.980	72	0	2
2025.06.30	11:45:00	72.979	72.979	72.932	72.962	71	0	2
2025.06.30	12:00:00	72.959	73.015	72.954	73.012	95	0	2
2025.06.30	12:15:00	73.015	73.056	73.007	73.046	117	0	2
2025.06.30	12:30:00	73.050	73.071	73.037	73.043	104	0	2
2025.06.30	12:45:00	73.040	73.061	73.024	73.027	90	0	2
2025.06.30	13:00:00	73.031	73.068	73.020	73.039	115	0	2
2025.06.30	13:15:00	73.042	73.068	73.035	73.063	104	0	2
2025.06.30	13:30:00	73.059	73.106	73.049	73.052	109	0	2
2025.06.30	13:45:00	73.049	73.113	73.049	73.069	236	0	2
2025.06.30	14:00:00	73.065	73.129	73.035	73.065	214	0	2
2025.06.30	14:15:00	73.061	73.061	72.979	73.002	161	0	2
2025.06.30	14:30:00	72.998	72.998	72.932	72.943	190	0	2
2025.06.30	14:45:00	72.940	73.038	72.912	72.973	375	0	2
2025.06.30	15:00:00	72.970	73.005	72.943	72.943	240	0	2
2025.06.30	15:15:00	72.946	73.008	72.916	72.987	145	0	2
2025.06.30	15:30:00	72.984	72.986	72.938	72.948	146	0	2
2025.06.30	15:45:00	72.945	72.961	72.870	72.884	169	0	2
2025.06.30	16:00:00	72.888	72.941	72.870	72.922	112	0	2
2025.06.30	16:15:00	72.919	72.974	72.907	72.961	95	0	2
2025.06.30	16:30:00	72.958	72.999	72.954	72.973	106	0	2
2025.06.30	16:45:00	72.976	72.979	72.915	72.915	92	0	2
2025.06.30	17:00:00	72.912	72.944	72.898	72.944	99	0	2
2025.06.30	17:15:00	72.941	72.941	72.897	72.907	65	0	2
2025.06.30	17:30:00	72.911	72.950	72.907	72.931	72	0	2
2025.06.30	17:45:00	72.934	72.969	72.931	72.942	114	0	2
2025.06.30	18:00:00	72.939	72.948	72.901	72.915	101	0	2
2025.06.30	18:15:00	72.918	72.921	72.881	72.894	86	0	2
2025.06.30	18:30:00	72.891	72.907	72.883	72.897	55	0	2
2025.06.30	18:45:00	72.893	72.915	72.886	72.896	63	0	2
2025.06.30	19:00:00	72.899	72.906	72.882	72.897	50	0	2
2025.06.30	19:15:00	72.900	72.907	72.864	72.879	65	0	2
2025.06.30	19:30:00	72.876	72.886	72.859	72.866	54	0	2
2025.06.30	19:45:00	72.869	72.882	72.843	72.853	56	0	2
2025.06.30	20:00:00	72.850	72.865	72.823	72.837	70	0	2
2025.06.30	20:15:00	72.834	72.837	72.817	72.818	21	0	2
2025.06.30	20:30:00	72.817	72.822	72.806	72.820	35	0	2
2025.06.30	20:45:00	72.824	72.840	72.799	72.802	58	0	2
2025.06.30	21:00:00	72.804	72.804	72.793	72.794	13	0	14
2025.06.30	21:15:00	72.795	72.796	72.789	72.796	15	0	51
2025.06.30	21:30:00	72.796	72.803	72.794	72.803	14	0	33
2025.06.30	21:45:00	72.801	72.819	72.799	72.816	15	0	13
2025.06.30	22:00:00	72.823	72.847	72.812	72.827	35	0	2
2025.06.30	22:15:00	72.828	72.828	72.801	72.808	26	0	2
2025.06.30	22:30:00	72.807	72.824	72.795	72.818	33	0	2
2025.06.30	22:45:00	72.815	72.826	72.808	72.821	23	0	2
2025.06.30	23:00:00	72.824	72.828	72.814	72.818	28	0	2
2025.06.30	23:15:00	72.815	72.833	72.813	72.829	25	0	2
2025.06.30	23:30:00	72.828	72.831	72.817	72.825	35	0	2
2025.06.30	23:45:00	72.822	72.833	72.813	72.826	50	0	2
2025.07.01	00:00:00	72.822	72.822	72.788	72.788	85	0	2
2025.07.01	00:15:00	72.791	72.821	72.785	72.803	74	0	2
2025.07.01	00:30:00	72.799	72.800	72.775	72.800	70	0	2
2025.07.01	00:45:00	72.803	72.806	72.773	72.776	63	0	2
2025.07.01	01:00:00	72.774	72.784	72.764	72.768	65	0	2
2025.07.01	01:15:00	72.764	72.781	72.731	72.777	123	0	2
2025.07.01	01:30:00	72.781	72.834	72.781	72.816	85	0	2
2025.07.01	01:45:00	72.812	72.856	72.808	72.846	59	0	2
2025.07.01	02:00:00	72.850	72.861	72.838	72.841	84	0	2
2025.07.01	02:15:00	72.837	72.840	72.822	72.832	50	0	2
2025.07.01	02:30:00	72.828	72.836	72.820	72.833	38	0	2
2025.07.01	02:45:00	72.830	72.830	72.789	72.795	36	0	2
2025.07.01	03:00:00	72.798	72.801	72.774	72.775	53	0	2
2025.07.01	03:15:00	72.772	72.775	72.743	72.773	46	0	2
2025.07.01	03:30:00	72.776	72.793	72.758	72.760	48	0	2
2025.07.01	03:45:00	72.757	72.799	72.748	72.790	55	0	2
2025.07.01	04:00:00	72.787	72.792	72.748	72.751	61	0	2
2025.07.01	04:15:00	72.754	72.754	72.738	72.752	39	0	2
2025.07.01	04:30:00	72.755	72.789	72.752	72.786	46	0	2
2025.07.01	04:45:00	72.789	72.795	72.771	72.773	47	0	2
2025.07.01	05:00:00	72.769	72.779	72.755	72.765	53	0	2
2025.07.01	05:15:00	72.768	72.785	72.748	72.753	54	0	2
2025.07.01	05:30:00	72.750	72.766	72.733	72.753	46	0	2
2025.07.01	05:45:00	72.756	72.777	72.739	72.739	102	0	2
2025.07.01	06:00:00	72.742	72.784	72.742	72.765	129	0	2
2025.07.01	06:15:00	72.761	72.784	72.732	72.732	90	0	2
2025.07.01	06:30:00	72.735	72.794	72.725	72.755	96	0	2
2025.07.01	06:45:00	72.758	72.788	72.752	72.781	100	0	2
2025.07.01	07:00:00	72.785	72.818	72.699	72.712	178	0	2
2025.07.01	07:15:00	72.709	72.727	72.679	72.707	119	0	2
2025.07.01	07:30:00	72.703	72.720	72.683	72.698	134	0	2
2025.07.01	07:45:00	72.701	72.718	72.627	72.634	117	0	2
2025.07.01	08:00:00	72.637	72.682	72.629	72.682	177	0	2
2025.07.01	08:15:00	72.678	72.682	72.647	72.658	122	0	2
2025.07.01	08:30:00	72.660	72.688	72.594	72.633	170	0	2
2025.07.01	08:45:00	72.629	72.636	72.549	72.597	184	0	2
2025.07.01	09:00:00	72.600	72.681	72.600	72.668	142	0	2
2025.07.01	09:15:00	72.665	72.665	72.593	72.613	194	0	2
2025.07.01	09:30:00	72.616	72.616	72.558	72.591	155	0	2
2025.07.01	09:45:00	72.594	72.604	72.571	72.589	155	0	2
2025.07.01	10:00:00	72.586	72.593	72.522	72.530	139	0	2
2025.07.01	10:15:00	72.527	72.572	72.527	72.565	87	0	2
2025.07.01	10:30:00	72.561	72.591	72.555	72.560	74	0	2
2025.07.01	10:45:00	72.564	72.590	72.544	72.590	76	0	2
2025.07.01	11:00:00	72.593	72.612	72.574	72.602	96	0	2
2025.07.01	11:15:00	72.605	72.646	72.605	72.640	85	0	2
2025.07.01	11:30:00	72.637	72.657	72.600	72.600	88	0	2
2025.07.01	11:45:00	72.603	72.705	72.597	72.705	199	0	2
2025.07.01	12:00:00	72.702	72.739	72.672	72.724	193	0	2
2025.07.01	12:15:00	72.721	72.744	72.700	72.735	129	0	2
2025.07.01	12:30:00	72.738	72.770	72.728	72.756	104	0	2
2025.07.01	12:45:00	72.760	72.775	72.731	72.772	83	0	2
2025.07.01	13:00:00	72.769	72.812	72.763	72.808	120	0	2
2025.07.01	13:15:00	72.805	72.831	72.784	72.816	93	0	2
2025.07.01	13:30:00	72.819	72.833	72.780	72.811	116	0	2
2025.07.01	13:45:00	72.815	72.839	72.761	72.805	291	0	2
2025.07.01	14:00:00	72.818	72.932	72.811	72.870	483	0	2
2025.07.01	14:15:00	72.867	72.896	72.829	72.864	223	0	2
2025.07.01	14:30:00	72.867	72.948	72.836	72.910	229	0	2
2025.07.01	14:45:00	72.913	72.934	72.887	72.894	282	0	2
2025.07.01	15:00:00	72.897	72.955	72.894	72.936	191	0	2
2025.07.01	15:15:00	72.939	72.962	72.913	72.953	145	0	2
2025.07.01	15:30:00	72.950	72.972	72.912	72.942	152	0	2
2025.07.01	15:45:00	72.939	72.939	72.863	72.863	117	0	2
2025.07.01	16:00:00	72.860	72.912	72.856	72.863	141	0	2
2025.07.01	16:15:00	72.866	72.928	72.863	72.912	133	0	2
2025.07.01	16:30:00	72.915	72.919	72.855	72.866	106	0	2
2025.07.01	16:45:00	72.869	72.882	72.856	72.861	93	0	2
2025.07.01	17:00:00	72.858	72.878	72.830	72.839	104	0	2
2025.07.01	17:15:00	72.842	72.855	72.810	72.821	73	0	2
2025.07.01	17:30:00	72.818	72.818	72.797	72.807	57	0	2
2025.07.01	17:45:00	72.806	72.818	72.785	72.795	56	0	2
2025.07.01	18:00:00	72.792	72.809	72.792	72.802	51	0	2
2025.07.01	18:15:00	72.799	72.825	72.796	72.812	47	0	2
2025.07.01	18:30:00	72.808	72.814	72.798	72.803	50	0	2
2025.07.01	18:45:00	72.806	72.817	72.789	72.789	51	0	2
2025.07.01	19:00:00	72.793	72.807	72.763	72.769	101	0	2
2025.07.01	19:15:00	72.772	72.799	72.770	72.799	66	0	2
2025.07.01	19:30:00	72.795	72.799	72.787	72.787	40	0	2
2025.07.01	19:45:00	72.791	72.793	72.777	72.778	55	0	2
2025.07.01	20:00:00	72.775	72.780	72.764	72.774	40	0	2
2025.07.01	20:15:00	72.777	72.781	72.735	72.737	39	0	2
2025.07.01	20:30:00	72.734	72.750	72.725	72.742	56	0	2
2025.07.01	20:45:00	72.739	72.752	72.734	72.742	41	0	2
2025.07.01	21:00:00	72.740	72.742	72.738	72.738	12	0	13
2025.07.01	21:15:00	72.739	72.740	72.737	72.738	14	0	13
2025.07.01	21:30:00	72.738	72.741	72.736	72.739	14	0	8
2025.07.01	21:45:00	72.738	72.740	72.731	72.731	15	0	8
2025.07.01	22:00:00	72.745	72.763	72.745	72.750	18	0	2
2025.07.01	22:15:00	72.754	72.768	72.752	72.761	27	0	2
2025.07.01	22:30:00	72.756	72.759	72.751	72.754	22	0	2
2025.07.01	22:45:00	72.754	72.765	72.750	72.760	24	0	2
2025.07.01	23:00:00	72.765	72.771	72.755	72.762	27	0	2
2025.07.01	23:15:00	72.759	72.770	72.759	72.760	25	0	2
2025.07.01	23:30:00	72.756	72.759	72.745	72.745	33	0	2
2025.07.01	23:45:00	72.748	72.757	72.740	72.746	31	0	2
2025.07.02	00:00:00	72.750	72.761	72.740	72.751	72	0	2
2025.07.02	00:15:00	72.754	72.764	72.743	72.761	48	0	2
2025.07.02	00:30:00	72.762	72.766	72.745	72.748	43	0	2
2025.07.02	00:45:00	72.746	72.749	72.729	72.734	40	0	2
2025.07.02	01:00:00	72.738	72.743	72.725	72.729	54	0	2
2025.07.02	01:15:00	72.731	72.731	72.712	72.713	34	0	2
2025.07.02	01:30:00	72.716	72.736	72.713	72.730	48	0	2
2025.07.02	01:45:00	72.727	72.796	72.724	72.789	84	0	2
2025.07.02	02:00:00	72.786	72.819	72.783	72.797	75	0	2
2025.07.02	02:15:00	72.794	72.794	72.766	72.766	46	0	2
2025.07.02	02:30:00	72.763	72.769	72.754	72.758	35	0	2
2025.07.02	02:45:00	72.757	72.760	72.732	72.745	52	0	2
2025.07.02	03:00:00	72.742	72.750	72.718	72.731	43	0	2
2025.07.02	03:15:00	72.728	72.747	72.724	72.745	38	0	2
2025.07.02	03:30:00	72.744	72.754	72.733	72.754	32	0	2
2025.07.02	03:45:00	72.755	72.778	72.747	72.750	56	0	2
2025.07.02	04:00:00	72.748	72.754	72.745	72.749	23	0	2
2025.07.02	04:15:00	72.750	72.760	72.749	72.751	23	0	2
2025.07.02	04:30:00	72.748	72.761	72.747	72.751	39	0	2
2025.07.02	04:45:00	72.750	72.757	72.749	72.756	24	0	2
2025.07.02	05:00:00	72.759	72.796	72.750	72.791	46	0	2
2025.07.02	05:15:00	72.794	72.813	72.794	72.800	41	0	2
2025.07.02	05:30:00	72.797	72.801	72.766	72.771	48	0	2
2025.07.02	05:45:00	72.775	72.822	72.775	72.797	70	0	2
2025.07.02	06:00:00	72.799	72.816	72.780	72.784	76	0	2
2025.07.02	06:15:00	72.781	72.808	72.777	72.791	76	0	2
2025.07.02	06:30:00	72.788	72.865	72.778	72.853	100	0	2
2025.07.02	06:45:00	72.850	72.888	72.828	72.841	108	0	2
2025.07.02	07:00:00	72.844	72.886	72.844	72.856	158	0	2
2025.07.02	07:15:00	72.859	72.906	72.854	72.895	121	0	2
2025.07.02	07:30:00	72.899	72.925	72.880	72.910	121	0	2
2025.07.02	07:45:00	72.907	72.960	72.901	72.960	95	0	2
2025.07.02	08:00:00	72.963	72.974	72.934	72.940	81	0	2
2025.07.02	08:15:00	72.940	72.985	72.938	72.956	97	0	2
2025.07.02	08:30:00	72.953	73.004	72.953	72.975	110	0	2
2025.07.02	08:45:00	72.973	73.023	72.972	73.001	111	0	2
2025.07.02	09:00:00	72.998	73.039	72.990	73.035	100	0	2
2025.07.02	09:15:00	73.032	73.052	73.021	73.038	98	0	2
2025.07.02	09:30:00	73.035	73.036	72.997	73.004	77	0	2
2025.07.02	09:45:00	73.007	73.055	73.003	73.044	94	0	2
2025.07.02	10:00:00	73.041	73.045	72.955	72.962	85	0	2
2025.07.02	10:15:00	72.959	72.992	72.956	72.992	76	0	2
2025.07.02	10:30:00	72.996	72.999	72.945	72.958	74	0	2
2025.07.02	10:45:00	72.955	72.993	72.955	72.973	97	0	2
2025.07.02	11:00:00	72.977	72.992	72.924	72.935	103	0	2
2025.07.02	11:15:00	72.932	72.965	72.922	72.965	94	0	2
2025.07.02	11:30:00	72.961	72.985	72.940	72.983	120	0	2
2025.07.02	11:45:00	72.986	73.232	72.978	73.192	480	0	2
2025.07.02	12:00:00	73.196	73.336	73.167	73.319	1031	0	2
2025.07.02	12:15:00	73.322	73.326	73.163	73.240	946	0	2
2025.07.02	12:30:00	73.244	73.588	73.244	73.477	718	0	2
2025.07.02	12:45:00	73.480	73.537	73.413	73.487	591	0	2
2025.07.02	13:00:00	73.490	73.525	73.403	73.485	465	0	2
2025.07.02	13:15:00	73.488	73.611	73.476	73.551	410	0	2
2025.07.02	13:30:00	73.554	73.634	73.485	73.496	366	0	2
2025.07.02	13:45:00	73.499	73.623	73.495	73.603	311	0	2
2025.07.02	14:00:00	73.600	73.678	73.581	73.678	286	0	2
2025.07.02	14:15:00	73.681	73.729	73.648	73.659	239	0	2
2025.07.02	14:30:00	73.656	73.668	73.559	73.586	259	0	2
2025.07.02	14:45:00	73.582	73.623	73.513	73.563	312	0	2
2025.07.02	15:00:00	73.560	73.593	73.496	73.500	226	0	2
2025.07.02	15:15:00	73.497	73.497	73.432	73.455	175	0	2
2025.07.02	15:30:00	73.452	73.486	73.434	73.468	154	0	2
2025.07.02	15:45:00	73.465	73.485	73.402	73.415	151	0	2
2025.07.02	16:00:00	73.412	73.454	73.400	73.439	147	0	2
2025.07.02	16:15:00	73.436	73.439	73.394	73.401	112	0	2
2025.07.02	16:30:00	73.398	73.405	73.373	73.389	114	0	2
2025.07.02	16:45:00	73.386	73.392	73.355	73.360	83	0	2
2025.07.02	17:00:00	73.357	73.362	73.288	73.317	121	0	2
2025.07.02	17:15:00	73.313	73.363	73.305	73.347	92	0	2
2025.07.02	17:30:00	73.344	73.353	73.305	73.353	72	0	2
2025.07.02	17:45:00	73.357	73.357	73.325	73.348	71	0	2
2025.07.02	18:00:00	73.351	73.364	73.328	73.328	63	0	2
2025.07.02	18:15:00	73.331	73.343	73.321	73.324	58	0	2
2025.07.02	18:30:00	73.321	73.326	73.307	73.308	56	0	2
2025.07.02	18:45:00	73.311	73.348	73.308	73.332	83	0	2
2025.07.02	19:00:00	73.335	73.348	73.332	73.334	48	0	2
2025.07.02	19:15:00	73.335	73.368	73.323	73.368	63	0	2
2025.07.02	19:30:00	73.371	73.380	73.347	73.376	50	0	2
2025.07.02	19:45:00	73.379	73.379	73.338	73.338	51	0	2
2025.07.02	20:00:00	73.341	73.382	73.341	73.364	54	0	2
2025.07.02	20:15:00	73.363	73.376	73.361	73.375	26	0	2
2025.07.02	20:30:00	73.375	73.383	73.352	73.352	32	0	2
2025.07.02	20:45:00	73.349	73.357	73.335	73.336	45	0	2
2025.07.02	21:00:00	73.334	73.336	73.308	73.308	14	0	8
2025.07.02	21:15:00	73.315	73.319	73.272	73.273	15	0	31
2025.07.02	21:30:00	73.272	73.272	73.216	73.216	15	0	79
2025.07.02	21:45:00	73.215	73.243	73.209	73.209	12	0	79
2025.07.02	22:00:00	73.241	73.259	73.226	73.226	35	0	2
2025.07.02	22:15:00	73.231	73.239	73.225	73.230	27	0	2
2025.07.02	22:30:00	73.229	73.240	73.225	73.240	21	0	2
2025.07.02	22:45:00	73.237	73.244	73.230	73.234	24	0	2
2025.07.02	23:00:00	73.237	73.258	73.237	73.257	34	0	2
2025.07.02	23:15:00	73.257	73.268	73.257	73.265	19	0	2
2025.07.02	23:30:00	73.262	73.268	73.254	73.255	27	0	2
2025.07.02	23:45:00	73.252	73.266	73.249	73.261	35	0	2
2025.07.03	00:00:00	73.264	73.272	73.243	73.268	61	0	2
2025.07.03	00:15:00	73.268	73.290	73.240	73.280	58	0	2
2025.07.03	00:30:00	73.277	73.290	73.253	73.256	55	0	2
2025.07.03	00:45:00	73.259	73.279	73.250	73.272	60	0	2
2025.07.03	01:00:00	73.269	73.281	73.240	73.259	69	0	2
2025.07.03	01:15:00	73.256	73.266	73.244	73.246	43	0	2
2025.07.03	01:30:00	73.249	73.280	73.246	73.270	50	0	2
2025.07.03	01:45:00	73.267	73.293	73.257	73.264	60	0	2
2025.07.03	02:00:00	73.267	73.337	73.267	73.328	73	0	2
2025.07.03	02:15:00	73.325	73.370	73.325	73.367	68	0	2
2025.07.03	02:30:00	73.366	73.373	73.326	73.336	45	0	2
2025.07.03	02:45:00	73.334	73.346	73.321	73.342	39	0	2
2025.07.03	03:00:00	73.342	73.353	73.333	73.342	34	0	2
2025.07.03	03:15:00	73.345	73.361	73.322	73.356	52	0	2
2025.07.03	03:30:00	73.359	73.382	73.352	73.361	56	0	2
2025.07.03	03:45:00	73.364	73.392	73.357	73.376	44	0	2
2025.07.03	04:00:00	73.380	73.399	73.376	73.383	34	0	2
2025.07.03	04:15:00	73.383	73.387	73.372	73.381	31	0	2
2025.07.03	04:30:00	73.384	73.389	73.377	73.384	33	0	2
2025.07.03	04:45:00	73.381	73.392	73.369	73.371	41	0	2
2025.07.03	05:00:00	73.367	73.392	73.364	73.389	37	0	2
2025.07.03	05:15:00	73.386	73.387	73.363	73.374	31	0	2
2025.07.03	05:30:00	73.371	73.378	73.338	73.338	44	0	2
2025.07.03	05:45:00	73.340	73.340	73.303	73.316	57	0	2
2025.07.03	06:00:00	73.319	73.319	73.253	73.286	110	0	2
2025.07.03	06:15:00	73.282	73.308	73.270	73.286	77	0	2
2025.07.03	06:30:00	73.283	73.324	73.275	73.297	118	0	2
2025.07.03	06:45:00	73.294	73.319	73.254	73.257	100	0	2
2025.07.03	07:00:00	73.260	73.260	73.178	73.189	216	0	2
2025.07.03	07:15:00	73.186	73.190	73.132	73.145	140	0	2
2025.07.03	07:30:00	73.142	73.194	73.124	73.186	165	0	2
2025.07.03	07:45:00	73.190	73.241	73.176	73.231	124	0	2
2025.07.03	08:00:00	73.228	73.231	73.125	73.141	143	0	2
2025.07.03	08:15:00	73.143	73.169	73.120	73.139	133	0	2
2025.07.03	08:30:00	73.135	73.178	73.121	73.173	121	0	2
2025.07.03	08:45:00	73.169	73.192	73.165	73.181	96	0	2
2025.07.03	09:00:00	73.184	73.212	73.171	73.189	119	0	2
2025.07.03	09:15:00	73.185	73.206	73.167	73.206	97	0	2
2025.07.03	09:30:00	73.203	73.236	73.189	73.212	91	0	2
2025.07.03	09:45:00	73.215	73.253	73.211	73.233	126	0	2
2025.07.03	10:00:00	73.230	73.280	73.212	73.266	134	0	2
2025.07.03	10:15:00	73.269	73.272	73.214	73.217	104	0	2
2025.07.03	10:30:00	73.214	73.221	73.173	73.183	86	0	2
2025.07.03	10:45:00	73.186	73.211	73.162	73.201	85	0	2
2025.07.03	11:00:00	73.204	73.227	73.190	73.227	119	0	2
2025.07.03	11:15:00	73.224	73.235	73.203	73.209	81	0	2
2025.07.03	11:30:00	73.212	73.227	73.192	73.192	80	0	2
2025.07.03	11:45:00	73.195	73.228	73.187	73.218	116	0	2
2025.07.03	12:00:00	73.222	73.234	73.210	73.220	124	0	2
2025.07.03	12:15:00	73.223	73.250	73.208	73.225	131	0	2
2025.07.03	12:30:00	73.259	73.602	73.229	73.527	1226	0	2
2025.07.03	12:45:00	73.530	73.580	73.427	73.448	466	0	2
2025.07.03	13:00:00	73.445	73.464	73.340	73.344	447	0	2
2025.07.03	13:15:00	73.340	73.340	73.257	73.263	296	0	2
2025.07.03	13:30:00	73.259	73.290	73.201	73.225	294	0	2
2025.07.03	13:45:00	73.221	73.247	73.191	73.213	256	0	2
2025.07.03	14:00:00	73.209	73.323	73.129	73.323	393	0	2
2025.07.03	14:15:00	73.320	73.353	73.297	73.307	286	0	2
2025.07.03	14:30:00	73.304	73.347	73.270	73.301	229	0	2
2025.07.03	14:45:00	73.304	73.309	73.251	73.278	236	0	2
2025.07.03	15:00:00	73.275	73.313	73.246	73.247	222	0	2
2025.07.03	15:15:00	73.244	73.285	73.223	73.225	110	0	2
2025.07.03	15:30:00	73.222	73.243	73.206	73.215	118	0	2
2025.07.03	15:45:00	73.218	73.268	73.199	73.242	157	0	2
2025.07.03	16:00:00	73.239	73.269	73.233	73.240	104	0	2
2025.07.03	16:15:00	73.243	73.310	73.243	73.310	93	0	2
2025.07.03	16:30:00	73.313	73.333	73.298	73.309	76	0	2
2025.07.03	16:45:00	73.312	73.315	73.242	73.256	78	0	2
2025.07.03	17:00:00	73.252	73.278	73.252	73.265	66	0	2
2025.07.03	17:15:00	73.265	73.265	73.250	73.259	18	0	2
2025.07.03	17:30:00	73.258	73.275	73.258	73.271	23	0	2
2025.07.03	17:45:00	73.270	73.294	73.270	73.275	32	0	2
2025.07.03	18:00:00	73.278	73.285	73.265	73.265	27	0	2
2025.07.03	18:15:00	73.261	73.308	73.261	73.300	30	0	2
2025.07.03	18:30:00	73.296	73.307	73.289	73.303	21	0	2
2025.07.03	18:45:00	73.300	73.310	73.298	73.305	28	0	2
2025.07.03	19:00:00	73.307	73.317	73.296	73.296	27	0	2
2025.07.03	19:15:00	73.293	73.293	73.281	73.289	21	0	2
2025.07.03	19:30:00	73.289	73.299	73.289	73.293	19	0	2
2025.07.03	19:45:00	73.290	73.291	73.276	73.278	29	0	2
2025.07.03	20:00:00	73.281	73.292	73.273	73.292	22	0	2
2025.07.03	20:15:00	73.291	73.291	73.267	73.267	23	0	2
2025.07.03	20:30:00	73.268	73.268	73.240	73.250	24	0	2
2025.07.03	20:45:00	73.251	73.254	73.228	73.228	25	0	2
2025.07.03	21:00:00	73.230	73.233	73.226	73.226	13	0	6
2025.07.03	21:15:00	73.229	73.229	73.220	73.228	14	0	14
2025.07.03	21:30:00	73.231	73.246	73.231	73.244	15	0	14
2025.07.03	21:45:00	73.244	73.248	73.224	73.244	15	0	6
2025.07.06	21:00:00	73.210	73.221	73.187	73.187	10	0	64
2025.07.06	21:15:00	73.186	73.186	73.163	73.163	13	0	79
2025.07.06	21:30:00	73.179	73.207	73.179	73.207	14	0	28
2025.07.06	21:45:00	73.207	73.213	73.207	73.213	14	0	25
2025.07.06	22:00:00	73.182	73.266	73.182	73.254	29	0	3
2025.07.06	22:15:00	73.251	73.257	73.237	73.238	24	0	2
2025.07.06	22:30:00	73.236	73.249	73.231	73.249	22	0	3
2025.07.06	22:45:00	73.245	73.248	73.236	73.241	30	0	2
2025.07.06	23:00:00	73.238	73.252	73.237	73.246	28	0	2
2025.07.06	23:15:00	73.248	73.255	73.243	73.248	22	0	2
2025.07.06	23:30:00	73.251	73.267	73.247	73.260	44	0	2
2025.07.06	23:45:00	73.263	73.276	73.246	73.253	48	0	2
2025.07.07	00:00:00	73.249	73.267	73.217	73.234	93	0	2
2025.07.07	00:15:00	73.230	73.268	73.223	73.265	59	0	2
2025.07.07	00:30:00	73.268	73.283	73.251	73.273	73	0	2
2025.07.07	00:45:00	73.269	73.277	73.253	73.271	79	0	2
2025.07.07	01:00:00	73.274	73.328	73.274	73.316	73	0	2
2025.07.07	01:15:00	73.313	73.313	73.276	73.301	70	0	2
2025.07.07	01:30:00	73.298	73.344	73.284	73.344	68	0	2
2025.07.07	01:45:00	73.347	73.354	73.338	73.347	58	0	2
2025.07.07	02:00:00	73.343	73.353	73.332	73.332	69	0	2
2025.07.07	02:15:00	73.335	73.348	73.323	73.348	44	0	2
2025.07.07	02:30:00	73.351	73.391	73.348	73.351	84	0	2
2025.07.07	02:45:00	73.354	73.376	73.342	73.373	57	0	2
2025.07.07	03:00:00	73.370	73.389	73.352	73.362	54	0	2
2025.07.07	03:15:00	73.363	73.368	73.349	73.350	35	0	2
2025.07.07	03:30:00	73.353	73.387	73.350	73.381	61	0	2
2025.07.07	03:45:00	73.377	73.382	73.372	73.377	52	0	2
2025.07.07	04:00:00	73.374	73.391	73.367	73.384	50	0	2
2025.07.07	04:15:00	73.380	73.398	73.372	73.392	41	0	2
2025.07.07	04:30:00	73.388	73.426	73.385	73.419	54	0	2
2025.07.07	04:45:00	73.416	73.439	73.413	73.435	49	0	2
2025.07.07	05:00:00	73.438	73.458	73.429	73.446	52	0	2
2025.07.07	05:15:00	73.443	73.469	73.442	73.455	73	0	2
2025.07.07	05:30:00	73.452	73.462	73.420	73.429	55	0	2
2025.07.07	05:45:00	73.432	73.432	73.393	73.401	64	0	2
2025.07.07	06:00:00	73.405	73.444	73.386	73.421	145	0	2
2025.07.07	06:15:00	73.424	73.469	73.407	73.466	103	0	2
2025.07.07	06:30:00	73.470	73.510	73.467	73.496	128	0	2
2025.07.07	06:45:00	73.499	73.512	73.453	73.459	96	0	2
2025.07.07	07:00:00	73.456	73.477	73.412	73.425	171	0	2
2025.07.07	07:15:00	73.428	73.468	73.400	73.468	120	0	2
2025.07.07	07:30:00	73.471	73.511	73.456	73.498	164	0	2
2025.07.07	07:45:00	73.495	73.506	73.462	73.505	182	0	2
2025.07.07	08:00:00	73.508	73.558	73.494	73.551	139	0	2
2025.07.07	08:15:00	73.548	73.592	73.534	73.575	158	0	2
2025.07.07	08:30:00	73.579	73.606	73.547	73.577	199	0	2
2025.07.07	08:45:00	73.581	73.641	73.565	73.634	136	0	2
2025.07.07	09:00:00	73.638	73.661	73.624	73.633	81	0	2
2025.07.07	09:15:00	73.629	73.659	73.616	73.618	109	0	2
2025.07.07	09:30:00	73.615	73.628	73.570	73.586	81	0	2
2025.07.07	09:45:00	73.589	73.592	73.462	73.475	186	0	2
2025.07.07	10:00:00	73.479	73.529	73.479	73.503	115	0	2
2025.07.07	10:15:00	73.500	73.525	73.492	73.515	53	0	2
2025.07.07	10:30:00	73.518	73.555	73.516	73.542	63	0	2
2025.07.07	10:45:00	73.538	73.538	73.503	73.512	67	0	2
2025.07.07	11:00:00	73.515	73.527	73.496	73.504	69	0	2
2025.07.07	11:15:00	73.507	73.518	73.463	73.463	75	0	2
2025.07.07	11:30:00	73.466	73.469	73.430	73.430	85	0	2
2025.07.07	11:45:00	73.426	73.453	73.412	73.444	89	0	2
2025.07.07	12:00:00	73.441	73.448	73.415	73.428	85	0	2
2025.07.07	12:15:00	73.425	73.457	73.415	73.442	79	0	2
2025.07.07	12:30:00	73.445	73.449	73.421	73.444	112	0	2
2025.07.07	12:45:00	73.448	73.465	73.430	73.433	80	0	2
2025.07.07	13:00:00	73.437	73.454	73.423	73.442	96	0	2
2025.07.07	13:15:00	73.446	73.446	73.371	73.399	99	0	2
2025.07.07	13:30:00	73.402	73.410	73.377	73.385	136	0	2
2025.07.07	13:45:00	73.389	73.395	73.349	73.378	148	0	2
2025.07.07	14:00:00	73.375	73.377	73.320	73.339	115	0	2
2025.07.07	14:15:00	73.336	73.348	73.325	73.329	95	0	2
2025.07.07	14:30:00	73.332	73.335	73.270	73.288	130	0	2
2025.07.07	14:45:00	73.291	73.356	73.281	73.332	99	0	2
2025.07.07	15:00:00	73.329	73.351	73.317	73.323	128	0	2
2025.07.07	15:15:00	73.324	73.350	73.291	73.291	123	0	2
2025.07.07	15:30:00	73.295	73.346	73.291	73.346	121	0	2
2025.07.07	15:45:00	73.342	73.372	73.331	73.334	97	0	2
2025.07.07	16:00:00	73.330	73.349	73.318	73.318	62	0	2
2025.07.07	16:15:00	73.321	73.464	73.309	73.406	330	0	2
2025.07.07	16:30:00	73.409	73.476	73.397	73.464	188	0	2
2025.07.07	16:45:00	73.461	73.559	73.458	73.556	215	0	2
2025.07.07	17:00:00	73.552	73.586	73.500	73.503	159	0	2
2025.07.07	17:15:00	73.499	73.547	73.489	73.543	120	0	2
2025.07.07	17:30:00	73.539	73.551	73.464	73.502	298	0	2
2025.07.07	17:45:00	73.506	73.526	73.499	73.499	95	0	2
2025.07.07	18:00:00	73.502	73.515	73.459	73.513	102	0	2
2025.07.07	18:15:00	73.516	73.571	73.516	73.561	122	0	2
2025.07.07	18:30:00	73.558	73.578	73.485	73.495	98	0	2
2025.07.07	18:45:00	73.492	73.496	73.449	73.464	100	0	2
2025.07.07	19:00:00	73.467	73.487	73.439	73.448	82	0	2
2025.07.07	19:15:00	73.452	73.475	73.448	73.465	61	0	2
2025.07.07	19:30:00	73.463	73.478	73.448	73.469	63	0	2
2025.07.07	19:45:00	73.472	73.475	73.452	73.475	61	0	2
2025.07.07	20:00:00	73.476	73.519	73.473	73.515	44	0	2
2025.07.07	20:15:00	73.512	73.532	73.507	73.518	38	0	2
2025.07.07	20:30:00	73.522	73.536	73.517	73.532	30	0	2
2025.07.07	20:45:00	73.531	73.535	73.520	73.520	34	0	2
2025.07.07	21:00:00	73.521	73.522	73.468	73.490	14	0	8
2025.07.07	21:15:00	73.491	73.494	73.471	73.490	15	0	40
2025.07.07	21:30:00	73.493	73.493	73.482	73.489	14	0	33
2025.07.07	21:45:00	73.488	73.493	73.482	73.490	15	0	14
2025.07.07	22:00:00	73.499	73.499	73.472	73.474	24	0	2
2025.07.07	22:15:00	73.473	73.480	73.466	73.477	30	0	2
2025.07.07	22:30:00	73.475	73.475	73.438	73.441	51	0	2
2025.07.07	22:45:00	73.437	73.449	73.423	73.428	32	0	2
2025.07.07	23:00:00	73.434	73.445	73.427	73.433	30	0	2
2025.07.07	23:15:00	73.432	73.441	73.425	73.432	29	0	2
2025.07.07	23:30:00	73.431	73.431	73.411	73.411	34	0	2
2025.07.07	23:45:00	73.416	73.419	73.393	73.400	41	0	2
2025.07.08	00:00:00	73.396	73.396	73.330	73.333	89	0	2
2025.07.08	00:15:00	73.329	73.380	73.329	73.377	69	0	2
2025.07.08	00:30:00	73.374	73.390	73.351	73.364	71	0	2
2025.07.08	00:45:00	73.367	73.390	73.354	73.374	79	0	2
2025.07.08	01:00:00	73.370	73.431	73.362	73.416	96	0	2
2025.07.08	01:15:00	73.413	73.423	73.374	73.384	78	0	2
2025.07.08	01:30:00	73.387	73.394	73.349	73.389	63	0	2
2025.07.08	01:45:00	73.392	73.401	73.384	73.391	62	0	2
2025.07.08	02:00:00	73.390	73.401	73.345	73.347	73	0	2
2025.07.08	02:15:00	73.351	73.361	73.326	73.326	59	0	2
2025.07.08	02:30:00	73.323	73.354	73.317	73.350	56	0	2
2025.07.08	02:45:00	73.352	73.368	73.338	73.361	54	0	2
2025.07.08	03:00:00	73.358	73.366	73.345	73.366	54	0	2
2025.07.08	03:15:00	73.369	73.372	73.325	73.325	42	0	2
2025.07.08	03:30:00	73.328	73.344	73.319	73.341	48	0	2
2025.07.08	03:45:00	73.344	73.355	73.342	73.349	49	0	2
2025.07.08	04:00:00	73.352	73.362	73.329	73.343	50	0	2
2025.07.08	04:15:00	73.346	73.351	73.339	73.345	24	0	2
2025.07.08	04:30:00	73.341	73.363	73.299	73.351	217	0	2
2025.07.08	04:45:00	73.354	73.366	73.350	73.357	72	0	2
2025.07.08	05:00:00	73.360	73.379	73.341	73.372	76	0	2
2025.07.08	05:15:00	73.369	73.383	73.367	73.374	50	0	2
2025.07.08	05:30:00	73.371	73.399	73.371	73.388	61	0	2
2025.07.08	05:45:00	73.385	73.391	73.347	73.372	94	0	2
2025.07.08	06:00:00	73.375	73.392	73.362	73.381	121	0	2
2025.07.08	06:15:00	73.384	73.397	73.362	73.374	104	0	2
2025.07.08	06:30:00	73.370	73.384	73.357	73.384	84	0	2
2025.07.08	06:45:00	73.381	73.394	73.351	73.381	75	0	2
2025.07.08	07:00:00	73.378	73.378	73.288	73.308	161	0	2
2025.07.08	07:15:00	73.304	73.341	73.300	73.313	94	0	2
2025.07.08	07:30:00	73.309	73.329	73.278	73.288	107	0	2
2025.07.08	07:45:00	73.292	73.321	73.276	73.308	91	0	2
2025.07.08	08:00:00	73.311	73.356	73.307	73.347	96	0	2
2025.07.08	08:15:00	73.350	73.400	73.342	73.390	88	0	2
2025.07.08	08:30:00	73.387	73.462	73.387	73.462	100	0	2
2025.07.08	08:45:00	73.466	73.473	73.427	73.460	116	0	2
2025.07.08	09:00:00	73.463	73.487	73.450	73.474	96	0	2
2025.07.08	09:15:00	73.477	73.477	73.449	73.461	70	0	2
2025.07.08	09:30:00	73.464	73.497	73.460	73.497	82	0	2
2025.07.08	09:45:00	73.500	73.567	73.496	73.553	95	0	2
2025.07.08	10:00:00	73.550	73.589	73.550	73.586	105	0	2
2025.07.08	10:15:00	73.589	73.614	73.585	73.607	63	0	2
2025.07.08	10:30:00	73.610	73.642	73.597	73.636	84	0	2
2025.07.08	10:45:00	73.632	73.658	73.629	73.649	94	0	2
2025.07.08	11:00:00	73.652	73.655	73.616	73.632	80	0	2
2025.07.08	11:15:00	73.635	73.640	73.606	73.630	82	0	2
2025.07.08	11:30:00	73.629	73.663	73.621	73.654	71	0	2
2025.07.08	11:45:00	73.651	73.671	73.639	73.671	83	0	2
2025.07.08	12:00:00	73.668	73.692	73.641	73.652	130	0	2
2025.07.08	12:15:00	73.656	73.663	73.629	73.633	93	0	2
2025.07.08	12:30:00	73.636	73.672	73.612	73.669	117	0	2
2025.07.08	12:45:00	73.673	73.727	73.638	73.645	152	0	2
2025.07.08	13:00:00	73.649	73.738	73.639	73.738	143	0	2
2025.07.08	13:15:00	73.735	73.809	73.723	73.805	136	0	2
2025.07.08	13:30:00	73.809	73.851	73.769	73.776	247	0	2
2025.07.08	13:45:00	73.779	73.784	73.713	73.784	148	0	2
2025.07.08	14:00:00	73.787	73.912	73.787	73.908	229	0	2
2025.07.08	14:15:00	73.905	73.931	73.836	73.836	182	0	2
2025.07.08	14:30:00	73.833	73.846	73.761	73.764	264	0	2
2025.07.08	14:45:00	73.768	73.847	73.733	73.828	286	0	2
2025.07.08	15:00:00	73.825	73.852	73.766	73.766	212	0	2
2025.07.08	15:15:00	73.769	73.769	73.679	73.726	184	0	2
2025.07.08	15:30:00	73.729	73.735	73.663	73.680	154	0	2
2025.07.08	15:45:00	73.677	73.680	73.641	73.675	119	0	2
2025.07.08	16:00:00	73.679	73.712	73.666	73.666	114	0	2
2025.07.08	16:15:00	73.669	73.679	73.623	73.642	83	0	2
2025.07.08	16:30:00	73.639	73.723	73.637	73.691	244	0	2
2025.07.08	16:45:00	73.694	73.725	73.637	73.644	191	0	2
2025.07.08	17:00:00	73.640	73.651	73.582	73.610	194	0	2
2025.07.08	17:15:00	73.607	73.635	73.595	73.606	131	0	2
2025.07.08	17:30:00	73.603	73.615	73.578	73.582	102	0	2
2025.07.08	17:45:00	73.578	73.597	73.564	73.570	100	0	2
2025.07.08	18:00:00	73.567	73.578	73.544	73.563	88	0	2
2025.07.08	18:15:00	73.566	73.592	73.566	73.589	66	0	2
2025.07.08	18:30:00	73.592	73.607	73.555	73.576	76	0	2
2025.07.08	18:45:00	73.573	73.580	73.548	73.561	84	0	2
2025.07.08	19:00:00	73.558	73.573	73.543	73.572	65	0	2
2025.07.08	19:15:00	73.569	73.575	73.554	73.571	47	0	2
2025.07.08	19:30:00	73.574	73.609	73.566	73.603	47	0	2
2025.07.08	19:45:00	73.600	73.603	73.583	73.584	64	0	2
2025.07.08	20:00:00	73.587	73.591	73.551	73.561	47	0	2
2025.07.08	20:15:00	73.557	73.591	73.555	73.565	44	0	2
2025.07.08	20:30:00	73.568	73.594	73.567	73.579	37	0	2
2025.07.08	20:45:00	73.583	73.589	73.567	73.567	34	0	2
2025.07.08	21:00:00	73.566	73.566	73.555	73.558	13	0	8
2025.07.08	21:15:00	73.557	73.562	73.557	73.561	15	0	27
2025.07.08	21:30:00	73.562	73.572	73.560	73.571	14	0	14
2025.07.08	21:45:00	73.570	73.577	73.562	73.571	15	0	14
2025.07.08	22:00:00	73.569	73.581	73.566	73.576	21	0	2
2025.07.08	22:15:00	73.576	73.576	73.565	73.567	21	0	2
2025.07.08	22:30:00	73.564	73.564	73.557	73.563	24	0	2
2025.07.08	22:45:00	73.566	73.567	73.562	73.566	22	0	2
2025.07.08	23:00:00	73.562	73.572	73.562	73.567	26	0	2
2025.07.08	23:15:00	73.567	73.583	73.565	73.583	23	0	2
2025.07.08	23:30:00	73.586	73.606	73.583	73.600	30	0	2
2025.07.08	23:45:00	73.603	73.612	73.594	73.609	32	0	2
2025.07.09	00:00:00	73.605	73.656	73.594	73.632	77	0	2
2025.07.09	00:15:00	73.633	73.653	73.622	73.630	65	0	2
2025.07.09	00:30:00	73.627	73.656	73.610	73.613	74	0	2
2025.07.09	00:45:00	73.609	73.620	73.599	73.602	51	0	2
2025.07.09	01:00:00	73.605	73.654	73.587	73.635	79	0	2
2025.07.09	01:15:00	73.632	73.641	73.597	73.622	81	0	2
2025.07.09	01:30:00	73.625	73.636	73.576	73.613	114	0	2
2025.07.09	01:45:00	73.616	73.626	73.598	73.601	75	0	2
2025.07.09	02:00:00	73.598	73.615	73.565	73.583	112	0	2
2025.07.09	02:15:00	73.586	73.626	73.586	73.617	72	0	2
2025.07.09	02:30:00	73.620	73.701	73.620	73.690	77	0	2
2025.07.09	02:45:00	73.693	73.716	73.664	73.668	87	0	2
2025.07.09	03:00:00	73.671	73.715	73.668	73.700	82	0	2
2025.07.09	03:15:00	73.701	73.722	73.683	73.688	79	0	2
2025.07.09	03:30:00	73.691	73.706	73.685	73.685	48	0	2
2025.07.09	03:45:00	73.688	73.698	73.681	73.697	50	0	2
2025.07.09	04:00:00	73.694	73.710	73.675	73.678	67	0	2
2025.07.09	04:15:00	73.675	73.688	73.670	73.681	38	0	2
2025.07.09	04:30:00	73.677	73.681	73.623	73.632	83	0	2
2025.07.09	04:45:00	73.636	73.636	73.600	73.607	55	0	2
2025.07.09	05:00:00	73.604	73.613	73.590	73.598	57	0	2
2025.07.09	05:15:00	73.595	73.595	73.573	73.587	54	0	2
2025.07.09	05:30:00	73.584	73.596	73.547	73.560	66	0	2
2025.07.09	05:45:00	73.559	73.598	73.559	73.598	76	0	2
2025.07.09	06:00:00	73.595	73.627	73.588	73.604	80	0	2
2025.07.09	06:15:00	73.604	73.624	73.597	73.614	53	0	2
2025.07.09	06:30:00	73.618	73.627	73.569	73.589	73	0	2
2025.07.09	06:45:00	73.592	73.592	73.493	73.511	130	0	2
2025.07.09	07:00:00	73.514	73.555	73.500	73.539	150	0	2
2025.07.09	07:15:00	73.536	73.542	73.510	73.529	104	0	2
2025.07.09	07:30:00	73.533	73.572	73.518	73.554	100	0	2
2025.07.09	07:45:00	73.556	73.640	73.552	73.605	155	0	2
2025.07.09	08:00:00	73.608	73.623	73.560	73.582	169	0	2
2025.07.09	08:15:00	73.585	73.602	73.555	73.555	95	0	2
2025.07.09	08:30:00	73.558	73.558	73.506	73.510	76	0	2
2025.07.09	08:45:00	73.506	73.550	73.500	73.521	121	0	2
2025.07.09	09:00:00	73.518	73.551	73.482	73.513	116	0	2
2025.07.09	09:15:00	73.509	73.546	73.509	73.543	90	0	2
2025.07.09	09:30:00	73.546	73.566	73.529	73.556	73	0	2
2025.07.09	09:45:00	73.553	73.567	73.538	73.543	81	0	2
2025.07.09	10:00:00	73.546	73.558	73.507	73.547	108	0	2
2025.07.09	10:15:00	73.544	73.578	73.518	73.561	123	0	2
2025.07.09	10:30:00	73.558	73.621	73.553	73.608	78	0	2
2025.07.09	10:45:00	73.611	73.624	73.604	73.620	58	0	2
2025.07.09	11:00:00	73.616	73.644	73.612	73.621	74	0	2
2025.07.09	11:15:00	73.624	73.632	73.597	73.600	63	0	2
2025.07.09	11:30:00	73.597	73.618	73.593	73.601	55	0	2
2025.07.09	11:45:00	73.598	73.667	73.590	73.652	111	0	2
2025.07.09	12:00:00	73.649	73.653	73.613	73.616	120	0	2
2025.07.09	12:15:00	73.613	73.613	73.536	73.581	176	0	2
2025.07.09	12:30:00	73.578	73.604	73.554	73.569	111	0	2
2025.07.09	12:45:00	73.573	73.573	73.457	73.483	152	0	2
2025.07.09	13:00:00	73.479	73.508	73.440	73.452	165	0	2
2025.07.09	13:15:00	73.456	73.514	73.420	73.507	140	0	2
2025.07.09	13:30:00	73.510	73.576	73.496	73.566	174	0	2
2025.07.09	13:45:00	73.563	73.611	73.563	73.605	151	0	2
2025.07.09	14:00:00	73.601	73.617	73.483	73.493	191	0	2
2025.07.09	14:15:00	73.489	73.516	73.438	73.516	220	0	2
2025.07.09	14:30:00	73.519	73.571	73.519	73.544	130	0	2
2025.07.09	14:45:00	73.547	73.622	73.547	73.593	157	0	2
2025.07.09	15:00:00	73.590	73.599	73.558	73.599	124	0	2
2025.07.09	15:15:00	73.603	73.626	73.584	73.619	85	0	2
2025.07.09	15:30:00	73.616	73.624	73.591	73.609	83	0	2
2025.07.09	15:45:00	73.606	73.630	73.595	73.617	58	0	2
2025.07.09	16:00:00	73.614	73.630	73.594	73.616	59	0	2
2025.07.09	16:15:00	73.613	73.640	73.601	73.637	57	0	2
2025.07.09	16:30:00	73.637	73.637	73.602	73.611	52	0	2
2025.07.09	16:45:00	73.607	73.630	73.607	73.615	62	0	2
2025.07.09	17:00:00	73.612	73.631	73.578	73.588	91	0	2
2025.07.09	17:15:00	73.591	73.598	73.580	73.589	40	0	2
2025.07.09	17:30:00	73.590	73.626	73.584	73.619	63	0	2
2025.07.09	17:45:00	73.615	73.615	73.573	73.586	65	0	2
2025.07.09	18:00:00	73.590	73.616	73.531	73.545	129	0	2
2025.07.09	18:15:00	73.542	73.565	73.539	73.551	77	0	2
2025.07.09	18:30:00	73.555	73.604	73.548	73.598	59	0	2
2025.07.09	18:45:00	73.594	73.608	73.582	73.593	98	0	2
2025.07.09	19:00:00	73.590	73.597	73.579	73.586	46	0	2
2025.07.09	19:15:00	73.583	73.590	73.545	73.548	42	0	2
2025.07.09	19:30:00	73.551	73.561	73.525	73.537	42	0	2
2025.07.09	19:45:00	73.535	73.560	73.531	73.552	54	0	2
2025.07.09	20:00:00	73.555	73.582	73.555	73.570	33	0	2
2025.07.09	20:15:00	73.573	73.612	73.570	73.599	42	0	2
2025.07.09	20:30:00	73.595	73.615	73.590	73.597	34	0	2
2025.07.09	20:45:00	73.597	73.607	73.585	73.600	55	0	2
2025.07.09	21:00:00	73.596	73.600	73.594	73.596	11	0	9
2025.07.09	21:15:00	73.596	73.599	73.595	73.599	14	0	8
2025.07.09	21:30:00	73.595	73.596	73.591	73.591	15	0	8
2025.07.09	21:45:00	73.588	73.594	73.576	73.576	15	0	9
2025.07.09	22:00:00	73.590	73.593	73.577	73.581	25	0	2
2025.07.09	22:15:00	73.577	73.579	73.569	73.573	20	0	3
2025.07.09	22:30:00	73.574	73.581	73.568	73.580	18	0	2
2025.07.09	22:45:00	73.577	73.585	73.574	73.585	20	0	2
2025.07.09	23:00:00	73.582	73.591	73.575	73.591	24	0	2
2025.07.09	23:15:00	73.591	73.591	73.565	73.569	26	0	2
2025.07.09	23:30:00	73.572	73.582	73.564	73.572	31	0	2
2025.07.09	23:45:00	73.575	73.575	73.534	73.537	61	0	2
2025.07.10	00:00:00	73.540	73.554	73.494	73.505	96	0	2
2025.07.10	00:15:00	73.508	73.512	73.475	73.479	74	0	2
2025.07.10	00:30:00	73.476	73.489	73.456	73.472	75	0	2
2025.07.10	00:45:00	73.475	73.479	73.466	73.475	56	0	2
2025.07.10	01:00:00	73.478	73.509	73.472	73.508	52	0	2
2025.07.10	01:15:00	73.505	73.510	73.493	73.504	54	0	2
2025.07.10	01:30:00	73.503	73.503	73.463	73.481	47	0	2
2025.07.10	01:45:00	73.485	73.494	73.476	73.490	47	0	2
2025.07.10	02:00:00	73.487	73.493	73.466	73.470	59	0	2
2025.07.10	02:15:00	73.474	73.485	73.470	73.481	40	0	2
2025.07.10	02:30:00	73.478	73.494	73.460	73.494	55	0	2
2025.07.10	02:45:00	73.497	73.500	73.484	73.488	37	0	2
2025.07.10	03:00:00	73.491	73.505	73.487	73.487	44	0	2
2025.07.10	03:15:00	73.491	73.499	73.476	73.495	43	0	2
2025.07.10	03:30:00	73.498	73.505	73.492	73.501	38	0	2
2025.07.10	03:45:00	73.498	73.504	73.487	73.504	36	0	2
2025.07.10	04:00:00	73.507	73.515	73.503	73.512	34	0	2
2025.07.10	04:15:00	73.511	73.520	73.506	73.520	26	0	2
2025.07.10	04:30:00	73.524	73.526	73.500	73.500	26	0	2
2025.07.10	04:45:00	73.498	73.509	73.496	73.499	31	0	2
2025.07.10	05:00:00	73.499	73.504	73.485	73.498	40	0	2
2025.07.10	05:15:00	73.501	73.505	73.488	73.499	30	0	2
2025.07.10	05:30:00	73.495	73.496	73.472	73.485	43	0	2
2025.07.10	05:45:00	73.482	73.492	73.472	73.477	40	0	2
2025.07.10	06:00:00	73.474	73.496	73.449	73.461	93	0	2
2025.07.10	06:15:00	73.457	73.473	73.434	73.448	72	0	2
2025.07.10	06:30:00	73.445	73.492	73.438	73.480	78	0	2
2025.07.10	06:45:00	73.476	73.483	73.447	73.466	86	0	2
2025.07.10	07:00:00	73.463	73.466	73.423	73.432	106	0	2
2025.07.10	07:15:00	73.435	73.456	73.423	73.446	92	0	2
2025.07.10	07:30:00	73.450	73.508	73.440	73.508	71	0	2
2025.07.10	07:45:00	73.505	73.515	73.461	73.462	93	0	2
2025.07.10	08:00:00	73.459	73.497	73.446	73.497	89	0	2
2025.07.10	08:15:00	73.500	73.501	73.484	73.500	62	0	2
2025.07.10	08:30:00	73.496	73.503	73.482	73.486	65	0	2
2025.07.10	08:45:00	73.489	73.496	73.480	73.496	43	0	2
2025.07.10	09:00:00	73.492	73.496	73.472	73.478	45	0	2
2025.07.10	09:15:00	73.475	73.475	73.448	73.468	47	0	2
2025.07.10	09:30:00	73.464	73.481	73.449	73.453	50	0	2
2025.07.10	09:45:00	73.450	73.484	73.440	73.478	47	0	2
2025.07.10	10:00:00	73.479	73.486	73.458	73.470	62	0	2
2025.07.10	10:15:00	73.468	73.497	73.468	73.490	44	0	2
2025.07.10	10:30:00	73.487	73.533	73.482	73.518	56	0	2
2025.07.10	10:45:00	73.515	73.539	73.496	73.531	56	0	2
2025.07.10	11:00:00	73.534	73.602	73.531	73.592	73	0	2
2025.07.10	11:15:00	73.589	73.603	73.576	73.600	62	0	2
2025.07.10	11:30:00	73.603	73.652	73.603	73.639	100	0	2
2025.07.10	11:45:00	73.643	73.676	73.630	73.633	70	0	2
2025.07.10	12:00:00	73.636	73.693	73.601	73.657	131	0	2
2025.07.10	12:15:00	73.660	73.722	73.659	73.722	102	0	2
2025.07.10	12:30:00	73.725	73.762	73.704	73.741	245	0	2
2025.07.10	12:45:00	73.744	73.759	73.723	73.745	117	0	2
2025.07.10	13:00:00	73.741	73.741	73.688	73.698	140	0	2
2025.07.10	13:15:00	73.695	73.766	73.692	73.766	124	0	2
2025.07.10	13:30:00	73.769	73.817	73.745	73.775	153	0	2
2025.07.10	13:45:00	73.778	73.828	73.758	73.782	199	0	2
2025.07.10	14:00:00	73.778	73.843	73.778	73.798	254	0	2
2025.07.10	14:15:00	73.795	73.892	73.769	73.869	216	0	2
2025.07.10	14:30:00	73.866	73.880	73.790	73.813	223	0	2
2025.07.10	14:45:00	73.809	73.828	73.760	73.770	215	0	2
2025.07.10	15:00:00	73.767	73.776	73.714	73.732	176	0	2
2025.07.10	15:15:00	73.728	73.734	73.682	73.724	118	0	2
2025.07.10	15:30:00	73.728	73.771	73.715	73.722	139	0	2
2025.07.10	15:45:00	73.719	73.723	73.691	73.702	104	0	2
2025.07.10	16:00:00	73.706	73.724	73.686	73.708	93	0	2
2025.07.10	16:15:00	73.711	73.714	73.674	73.694	75	0	2
2025.07.10	16:30:00	73.697	73.734	73.697	73.727	96	0	2
2025.07.10	16:45:00	73.724	73.744	73.711	73.722	72	0	2
2025.07.10	17:00:00	73.725	73.737	73.702	73.716	90	0	2
2025.07.10	17:15:00	73.719	73.728	73.691	73.713	63	0	2
2025.07.10	17:30:00	73.717	73.738	73.703	73.709	70	0	2
2025.07.10	17:45:00	73.713	73.713	73.660	73.681	63	0	2
2025.07.10	18:00:00	73.684	73.689	73.667	73.672	62	0	2
2025.07.10	18:15:00	73.673	73.680	73.660	73.670	52	0	2
2025.07.10	18:30:00	73.667	73.694	73.667	73.687	48	0	2
2025.07.10	18:45:00	73.684	73.684	73.659	73.665	60	0	2
2025.07.10	19:00:00	73.662	73.673	73.649	73.649	45	0	2
2025.07.10	19:15:00	73.650	73.660	73.641	73.653	32	0	2
2025.07.10	19:30:00	73.649	73.656	73.635	73.635	26	0	2
2025.07.10	19:45:00	73.632	73.661	73.622	73.657	56	0	2
2025.07.10	20:00:00	73.660	73.667	73.642	73.653	49	0	2
2025.07.10	20:15:00	73.649	73.655	73.627	73.627	42	0	2
2025.07.10	20:30:00	73.623	73.633	73.615	73.623	24	0	2
2025.07.10	20:45:00	73.619	73.635	73.619	73.630	53	0	2
2025.07.10	21:00:00	73.628	73.628	73.619	73.623	13	0	14
2025.07.10	21:15:00	73.624	73.629	73.624	73.628	15	0	24
2025.07.10	21:30:00	73.628	73.633	73.625	73.633	14	0	17
2025.07.10	21:45:00	73.636	73.639	73.632	73.632	15	0	14
2025.07.13	21:00:00	74.079	74.094	74.073	74.094	10	0	55
2025.07.13	21:15:00	74.093	74.109	74.092	74.106	13	0	63
2025.07.13	21:30:00	74.100	74.116	74.100	74.113	15	0	25
2025.07.13	21:45:00	74.112	74.121	74.112	74.121	13	0	19
2025.07.13	22:00:00	74.132	74.167	74.088	74.146	86	0	3
2025.07.13	22:15:00	74.143	74.168	74.136	74.154	51	0	2
2025.07.13	22:30:00	74.157	74.158	74.123	74.137	51	0	2
2025.07.13	22:45:00	74.133	74.156	74.125	74.156	52	0	2
2025.07.13	23:00:00	74.162	74.162	74.147	74.151	47	0	2
2025.07.13	23:15:00	74.155	74.155	74.119	74.129	58	0	2
2025.07.13	23:30:00	74.126	74.132	74.098	74.113	65	0	2
2025.07.13	23:45:00	74.109	74.121	74.097	74.097	52	0	2
2025.07.14	00:00:00	74.100	74.100	74.056	74.056	92	0	2
2025.07.14	00:15:00	74.059	74.073	74.049	74.057	66	0	2
2025.07.14	00:30:00	74.053	74.075	74.049	74.057	60	0	2
2025.07.14	00:45:00	74.061	74.086	74.057	74.080	71	0	2
2025.07.14	01:00:00	74.076	74.095	74.059	74.075	84	0	2
2025.07.14	01:15:00	74.078	74.103	74.062	74.093	88	0	2
2025.07.14	01:30:00	74.090	74.115	74.083	74.090	91	0	2
2025.07.14	01:45:00	74.086	74.135	74.086	74.130	82	0	2
2025.07.14	02:00:00	74.133	74.144	74.113	74.116	63	0	2
2025.07.14	02:15:00	74.112	74.166	74.108	74.163	61	0	2
2025.07.14	02:30:00	74.167	74.226	74.163	74.219	74	0	2
2025.07.14	02:45:00	74.215	74.224	74.197	74.213	67	0	2
2025.07.14	03:00:00	74.217	74.219	74.177	74.184	57	0	2
2025.07.14	03:15:00	74.187	74.197	74.179	74.188	42	0	2
2025.07.14	03:30:00	74.185	74.202	74.180	74.180	39	0	2
2025.07.14	03:45:00	74.176	74.183	74.154	74.173	86	0	2
2025.07.14	04:00:00	74.176	74.202	74.176	74.187	37	0	2
2025.07.14	04:15:00	74.191	74.201	74.183	74.189	43	0	2
2025.07.14	04:30:00	74.193	74.198	74.176	74.193	40	0	2
2025.07.14	04:45:00	74.189	74.204	74.182	74.204	39	0	2
2025.07.14	05:00:00	74.207	74.240	74.190	74.194	74	0	2
2025.07.14	05:15:00	74.191	74.220	74.191	74.213	47	0	2
2025.07.14	05:30:00	74.216	74.260	74.207	74.243	81	0	2
2025.07.14	05:45:00	74.246	74.267	74.244	74.263	55	0	2
2025.07.14	06:00:00	74.266	74.296	74.259	74.284	75	0	2
2025.07.14	06:15:00	74.280	74.334	74.280	74.308	85	0	2
2025.07.14	06:30:00	74.312	74.338	74.306	74.316	87	0	2
2025.07.14	06:45:00	74.319	74.331	74.305	74.312	73	0	2
2025.07.14	07:00:00	74.309	74.312	74.267	74.282	123	0	2
2025.07.14	07:15:00	74.278	74.298	74.171	74.171	118	0	2
2025.07.14	07:30:00	74.175	74.194	74.143	74.152	153	0	2
2025.07.14	07:45:00	74.148	74.170	74.137	74.164	120	0	2
2025.07.14	08:00:00	74.167	74.167	74.138	74.152	102	0	2
2025.07.14	08:15:00	74.148	74.181	74.143	74.163	84	0	2
2025.07.14	08:30:00	74.160	74.173	74.130	74.161	74	0	2
2025.07.14	08:45:00	74.164	74.210	74.157	74.206	84	0	2
2025.07.14	09:00:00	74.209	74.227	74.183	74.192	93	0	2
2025.07.14	09:15:00	74.189	74.205	74.162	74.187	96	0	2
2025.07.14	09:30:00	74.190	74.206	74.161	74.187	89	0	2
2025.07.14	09:45:00	74.184	74.197	74.138	74.160	76	0	2
2025.07.14	10:00:00	74.163	74.178	74.115	74.130	104	0	2
2025.07.14	10:15:00	74.133	74.147	74.109	74.112	69	0	2
2025.07.14	10:30:00	74.116	74.141	74.108	74.141	57	0	2
2025.07.14	10:45:00	74.144	74.163	74.119	74.135	71	0	2
2025.07.14	11:00:00	74.138	74.150	74.120	74.135	70	0	2
2025.07.14	11:15:00	74.131	74.152	74.118	74.144	67	0	2
2025.07.14	11:30:00	74.148	74.190	74.148	74.162	82	0	2
2025.07.14	11:45:00	74.165	74.195	74.152	74.167	121	0	2
2025.07.14	12:00:00	74.170	74.174	74.131	74.142	79	0	2
2025.07.14	12:15:00	74.142	74.168	74.116	74.162	107	0	2
2025.07.14	12:30:00	74.158	74.219	74.155	74.218	106	0	2
2025.07.14	12:45:00	74.221	74.235	74.194	74.195	74	0	2
2025.07.14	13:00:00	74.198	74.249	74.181	74.197	117	0	2
2025.07.14	13:15:00	74.200	74.225	74.193	74.212	86	0	2
2025.07.14	13:30:00	74.215	74.232	74.156	74.195	162	0	2
2025.07.14	13:45:00	74.192	74.212	74.164	74.169	172	0	2
2025.07.14	14:00:00	74.165	74.221	74.165	74.212	134	0	2
2025.07.14	14:15:00	74.208	74.230	74.173	74.214	105	0	2
2025.07.14	14:30:00	74.217	74.308	74.200	74.297	166	0	2
2025.07.14	14:45:00	74.300	74.385	74.290	74.362	212	0	2
2025.07.14	15:00:00	74.358	74.430	74.351	74.379	187	0	2
2025.07.14	15:15:00	74.382	74.396	74.348	74.359	106	0	2
2025.07.14	15:30:00	74.356	74.363	74.298	74.341	150	0	2
2025.07.14	15:45:00	74.345	74.452	74.345	74.441	164	0	2
2025.07.14	16:00:00	74.445	74.461	74.408	74.431	229	0	2
2025.07.14	16:15:00	74.434	74.475	74.403	74.416	118	0	2
2025.07.14	16:30:00	74.413	74.434	74.405	74.417	94	0	2
2025.07.14	16:45:00	74.417	74.432	74.387	74.429	91	0	2
2025.07.14	17:00:00	74.432	74.466	74.397	74.449	71	0	2
2025.07.14	17:15:00	74.452	74.478	74.447	74.447	50	0	2
2025.07.14	17:30:00	74.450	74.468	74.446	74.468	58	0	2
2025.07.14	17:45:00	74.464	74.467	74.425	74.440	69	0	2
2025.07.14	18:00:00	74.437	74.462	74.433	74.452	58	0	3
2025.07.14	18:15:00	74.450	74.472	74.448	74.462	45	0	2
2025.07.14	18:30:00	74.466	74.466	74.430	74.433	62	0	2
2025.07.14	18:45:00	74.432	74.478	74.432	74.465	48	0	2
2025.07.14	19:00:00	74.468	74.468	74.437	74.451	54	0	2
2025.07.14	19:15:00	74.451	74.483	74.451	74.462	38	0	2
2025.07.14	19:30:00	74.462	74.483	74.457	74.483	43	0	2
2025.07.14	19:45:00	74.482	74.490	74.471	74.479	45	0	2
2025.07.14	20:00:00	74.476	74.477	74.455	74.463	32	0	2
2025.07.14	20:15:00	74.467	74.473	74.464	74.466	21	0	2
2025.07.14	20:30:00	74.464	74.470	74.455	74.468	26	0	2
2025.07.14	20:45:00	74.468	74.487	74.465	74.475	33	0	2
2025.07.14	21:00:00	74.474	74.476	74.462	74.465	14	0	8
2025.07.14	21:15:00	74.466	74.466	74.441	74.445	14	0	26
2025.07.14	21:30:00	74.449	74.461	74.445	74.455	15	0	28
2025.07.14	21:45:00	74.452	74.453	74.439	74.441	14	0	16
2025.07.14	22:00:00	74.448	74.479	74.446	74.476	55	0	2
2025.07.14	22:15:00	74.479	74.479	74.464	74.479	37	0	2
2025.07.14	22:30:00	74.474	74.480	74.464	74.473	32	0	3
2025.07.14	22:45:00	74.472	74.478	74.464	74.477	23	0	2
2025.07.14	23:00:00	74.474	74.497	74.474	74.497	33	0	2
2025.07.14	23:15:00	74.498	74.505	74.494	74.495	17	0	3
2025.07.14	23:30:00	74.495	74.505	74.479	74.483	27	0	2
2025.07.14	23:45:00	74.480	74.485	74.462	74.469	33	0	2
2025.07.15	00:00:00	74.472	74.478	74.420	74.426	80	0	2
2025.07.15	00:15:00	74.429	74.430	74.401	74.401	58	0	2
2025.07.15	00:30:00	74.404	74.437	74.403	74.433	46	0	2
2025.07.15	00:45:00	74.433	74.438	74.422	74.429	45	0	2
2025.07.15	01:00:00	74.433	74.467	74.433	74.456	54	0	2
2025.07.15	01:15:00	74.453	74.458	74.440	74.456	48	0	2
2025.07.15	01:30:00	74.456	74.475	74.440	74.440	58	0	2
2025.07.15	01:45:00	74.436	74.449	74.407	74.438	97	0	2
2025.07.15	02:00:00	74.435	74.467	74.435	74.452	66	0	2
2025.07.15	02:15:00	74.455	74.475	74.428	74.430	57	0	2
2025.07.15	02:30:00	74.434	74.448	74.426	74.448	44	0	2
2025.07.15	02:45:00	74.451	74.461	74.433	74.443	55	0	2
2025.07.15	03:00:00	74.440	74.450	74.434	74.450	36	0	2
2025.07.15	03:15:00	74.453	74.453	74.431	74.441	29	0	2
2025.07.15	03:30:00	74.445	74.464	74.442	74.464	28	0	2
2025.07.15	03:45:00	74.465	74.465	74.453	74.460	26	0	2
2025.07.15	04:00:00	74.457	74.460	74.438	74.450	37	0	2
2025.07.15	04:15:00	74.453	74.463	74.445	74.453	23	0	3
2025.07.15	04:30:00	74.450	74.467	74.449	74.454	29	0	2
2025.07.15	04:45:00	74.455	74.455	74.446	74.450	22	0	2
2025.07.15	05:00:00	74.446	74.449	74.415	74.422	33	0	2
2025.07.15	05:15:00	74.419	74.422	74.408	74.410	34	0	2
2025.07.15	05:30:00	74.413	74.413	74.389	74.406	37	0	2
2025.07.15	05:45:00	74.403	74.423	74.389	74.405	45	0	2
2025.07.15	06:00:00	74.409	74.431	74.391	74.404	98	0	2
2025.07.15	06:15:00	74.400	74.413	74.395	74.413	71	0	2
2025.07.15	06:30:00	74.410	74.410	74.384	74.394	58	0	2
2025.07.15	06:45:00	74.398	74.454	74.394	74.431	76	0	2
2025.07.15	07:00:00	74.428	74.467	74.421	74.461	98	0	2
2025.07.15	07:15:00	74.465	74.471	74.376	74.398	124	0	2
2025.07.15	07:30:00	74.395	74.405	74.350	74.380	116	0	2
2025.07.15	07:45:00	74.377	74.393	74.330	74.330	130	0	2
2025.07.15	08:00:00	74.334	74.369	74.334	74.351	117	0	2
2025.07.15	08:15:00	74.348	74.359	74.332	74.348	82	0	2
2025.07.15	08:30:00	74.344	74.397	74.337	74.383	85	0	2
2025.07.15	08:45:00	74.380	74.397	74.362	74.366	80	0	2
2025.07.15	09:00:00	74.370	74.370	74.334	74.346	86	0	2
2025.07.15	09:15:00	74.349	74.371	74.335	74.347	68	0	2
2025.07.15	09:30:00	74.344	74.362	74.314	74.333	82	0	2
2025.07.15	09:45:00	74.337	74.343	74.301	74.320	101	0	2
2025.07.15	10:00:00	74.323	74.328	74.295	74.328	67	0	2
2025.07.15	10:15:00	74.332	74.347	74.311	74.344	75	0	2
2025.07.15	10:30:00	74.341	74.355	74.316	74.319	64	0	2
2025.07.15	10:45:00	74.316	74.337	74.309	74.315	57	0	2
2025.07.15	11:00:00	74.318	74.355	74.312	74.337	69	0	2
2025.07.15	11:15:00	74.334	74.378	74.334	74.378	84	0	2
2025.07.15	11:30:00	74.381	74.385	74.359	74.370	57	0	2
2025.07.15	11:45:00	74.373	74.388	74.363	74.385	86	0	2
2025.07.15	12:00:00	74.388	74.403	74.374	74.379	94	0	2
2025.07.15	12:15:00	74.383	74.386	74.320	74.370	106	0	2
2025.07.15	12:30:00	74.374	74.449	74.250	74.414	707	0	2
2025.07.15	12:45:00	74.410	74.446	74.319	74.357	240	0	2
2025.07.15	13:00:00	74.360	74.465	74.344	74.423	248	0	2
2025.07.15	13:15:00	74.419	74.468	74.400	74.414	174	0	2
2025.07.15	13:30:00	74.410	74.587	74.410	74.572	378	0	2
2025.07.15	13:45:00	74.575	74.628	74.561	74.599	280	0	2
2025.07.15	14:00:00	74.596	74.653	74.578	74.580	361	0	2
2025.07.15	14:15:00	74.583	74.652	74.572	74.647	327	0	2
2025.07.15	14:30:00	74.651	74.696	74.632	74.637	224	0	2
2025.07.15	14:45:00	74.634	74.706	74.634	74.648	201	0	2
2025.07.15	15:00:00	74.645	74.684	74.634	74.643	212	0	2
2025.07.15	15:15:00	74.646	74.667	74.624	74.657	129	0	2
2025.07.15	15:30:00	74.661	74.737	74.657	74.721	133	0	2
2025.07.15	15:45:00	74.724	74.730	74.649	74.649	150	0	2
2025.07.15	16:00:00	74.646	74.711	74.632	74.703	115	0	2
2025.07.15	16:15:00	74.707	74.707	74.666	74.696	119	0	2
2025.07.15	16:30:00	74.699	74.726	74.684	74.684	141	0	2
2025.07.15	16:45:00	74.687	74.713	74.670	74.697	107	0	2
2025.07.15	17:00:00	74.694	74.733	74.690	74.716	111	0	2
2025.07.15	17:15:00	74.720	74.743	74.695	74.729	101	0	2
2025.07.15	17:30:00	74.733	74.735	74.710	74.724	63	0	2
2025.07.15	17:45:00	74.721	74.731	74.706	74.707	70	0	2
2025.07.15	18:00:00	74.711	74.725	74.690	74.697	67	0	2
2025.07.15	18:15:00	74.694	74.707	74.686	74.695	52	0	3
2025.07.15	18:30:00	74.691	74.697	74.680	74.680	41	0	2
2025.07.15	18:45:00	74.684	74.688	74.664	74.683	66	0	2
2025.07.15	19:00:00	74.687	74.717	74.673	74.710	52	0	2
2025.07.15	19:15:00	74.711	74.713	74.686	74.699	31	0	2
2025.07.15	19:30:00	74.696	74.701	74.685	74.692	37	0	2
2025.07.15	19:45:00	74.689	74.703	74.684	74.703	56	0	2
2025.07.15	20:00:00	74.706	74.717	74.695	74.717	33	0	2
2025.07.15	20:15:00	74.717	74.724	74.707	74.723	25	0	3
2025.07.15	20:30:00	74.722	74.732	74.716	74.728	25	0	3
2025.07.15	20:45:00	74.731	74.731	74.707	74.707	30	0	3
2025.07.15	21:00:00	74.706	74.707	74.703	74.705	13	0	15
2025.07.15	21:15:00	74.703	74.707	74.703	74.705	14	0	14
2025.07.15	21:30:00	74.705	74.711	74.704	74.711	14	0	9
2025.07.15	21:45:00	74.707	74.707	74.701	74.702	15	0	15
2025.07.15	22:00:00	74.722	74.723	74.710	74.711	27	0	3
2025.07.15	22:15:00	74.707	74.718	74.707	74.711	20	0	2
2025.07.15	22:30:00	74.710	74.713	74.706	74.711	15	0	3
2025.07.15	22:45:00	74.711	74.712	74.705	74.706	18	0	3
2025.07.15	23:00:00	74.710	74.711	74.701	74.708	17	0	3
2025.07.15	23:15:00	74.705	74.706	74.690	74.694	30	0	3
2025.07.15	23:30:00	74.695	74.695	74.667	74.667	28	0	2
2025.07.15	23:45:00	74.667	74.674	74.661	74.665	27	0	2
2025.07.16	00:00:00	74.661	74.700	74.655	74.699	55	0	2
2025.07.16	00:15:00	74.702	74.706	74.675	74.682	38	0	2
2025.07.16	00:30:00	74.683	74.692	74.637	74.642	62	0	2
2025.07.16	00:45:00	74.638	74.675	74.631	74.660	72	0	2
2025.07.16	01:00:00	74.663	74.673	74.636	74.638	65	0	3
2025.07.16	01:15:00	74.641	74.650	74.622	74.640	51	0	2
2025.07.16	01:30:00	74.636	74.646	74.623	74.643	63	0	2
2025.07.16	01:45:00	74.644	74.654	74.625	74.643	35	0	2
2025.07.16	02:00:00	74.646	74.688	74.643	74.678	46	0	2
2025.07.16	02:15:00	74.681	74.693	74.673	74.692	40	0	3
2025.07.16	02:30:00	74.693	74.709	74.688	74.706	42	0	2
2025.07.16	02:45:00	74.710	74.716	74.698	74.705	34	0	2
2025.07.16	03:00:00	74.701	74.701	74.680	74.684	29	0	2
2025.07.16	03:15:00	74.683	74.683	74.656	74.672	36	0	2
2025.07.16	03:30:00	74.672	74.701	74.669	74.701	41	0	2
2025.07.16	03:45:00	74.697	74.723	74.690	74.690	49	0	3
2025.07.16	04:00:00	74.693	74.700	74.674	74.688	36	0	3
2025.07.16	04:15:00	74.692	74.692	74.680	74.684	33	0	2
2025.07.16	04:30:00	74.681	74.683	74.662	74.683	32	0	2
2025.07.16	04:45:00	74.682	74.682	74.646	74.646	41	0	2
2025.07.16	05:00:00	74.645	74.667	74.645	74.666	47	0	2
2025.07.16	05:15:00	74.662	74.671	74.651	74.667	32	0	2
2025.07.16	05:30:00	74.670	74.675	74.651	74.652	44	0	2
2025.07.16	05:45:00	74.652	74.660	74.619	74.637	60	0	2
2025.07.16	06:00:00	74.640	74.652	74.547	74.600	436	0	2
2025.07.16	06:15:00	74.604	74.604	74.573	74.583	104	0	2
2025.07.16	06:30:00	74.587	74.594	74.533	74.547	151	0	2
2025.07.16	06:45:00	74.550	74.600	74.540	74.577	74	0	2
2025.07.16	07:00:00	74.580	74.602	74.567	74.595	130	0	2
2025.07.16	07:15:00	74.599	74.641	74.570	74.623	93	0	2
2025.07.16	07:30:00	74.627	74.682	74.616	74.671	92	0	2
2025.07.16	07:45:00	74.667	74.687	74.660	74.663	72	0	2
2025.07.16	08:00:00	74.659	74.660	74.616	74.626	98	0	2
2025.07.16	08:15:00	74.630	74.652	74.627	74.641	74	0	2
2025.07.16	08:30:00	74.644	74.678	74.638	74.643	73	0	2
2025.07.16	08:45:00	74.646	74.684	74.642	74.675	60	0	2
2025.07.16	09:00:00	74.678	74.701	74.659	74.695	68	0	2
2025.07.16	09:15:00	74.698	74.714	74.672	74.691	68	0	2
2025.07.16	09:30:00	74.692	74.706	74.670	74.681	77	0	2
2025.07.16	09:45:00	74.678	74.682	74.640	74.644	79	0	2
2025.07.16	10:00:00	74.647	74.676	74.621	74.638	95	0	2
2025.07.16	10:15:00	74.635	74.678	74.626	74.660	85	0	2
2025.07.16	10:30:00	74.657	74.663	74.615	74.629	82	0	2
2025.07.16	10:45:00	74.633	74.633	74.591	74.591	79	0	2
2025.07.16	11:00:00	74.594	74.617	74.561	74.610	94	0	2
2025.07.16	11:15:00	74.606	74.628	74.592	74.627	88	0	2
2025.07.16	11:30:00	74.630	74.645	74.613	74.628	83	0	2
2025.07.16	11:45:00	74.631	74.638	74.601	74.618	77	0	2
2025.07.16	12:00:00	74.621	74.660	74.590	74.653	95	0	2
2025.07.16	12:15:00	74.657	74.719	74.640	74.712	121	0	2
2025.07.16	12:30:00	74.704	74.712	74.559	74.570	519	0	2
2025.07.16	12:45:00	74.567	74.671	74.555	74.667	249	0	2
2025.07.16	13:00:00	74.664	74.706	74.636	74.693	172	0	2
2025.07.16	13:15:00	74.689	74.741	74.675	74.707	180	0	2
2025.07.16	13:30:00	74.711	74.779	74.708	74.756	216	0	2
2025.07.16	13:45:00	74.759	74.821	74.744	74.758	248	0	2
2025.07.16	14:00:00	74.754	74.773	74.721	74.766	186	0	2
2025.07.16	14:15:00	74.770	74.788	74.738	74.749	111	0	2
2025.07.16	14:30:00	74.745	74.797	74.745	74.780	128	0	2
2025.07.16	14:45:00	74.783	74.811	74.616	74.667	747	0	2
2025.07.16	15:00:00	74.664	74.665	74.522	74.546	505	0	2
2025.07.16	15:15:00	74.543	74.553	74.241	74.308	2064	0	2
2025.07.16	15:30:00	74.311	74.332	74.151	74.299	1670	0	2
2025.07.16	15:45:00	74.296	74.636	74.278	74.489	2201	0	2
2025.07.16	16:00:00	74.486	74.560	74.366	74.413	1042	0	2
2025.07.16	16:15:00	74.416	74.533	74.416	74.508	427	0	2
2025.07.16	16:30:00	74.505	74.546	74.484	74.526	277	0	2
2025.07.16	16:45:00	74.530	74.538	74.456	74.504	222	0	2
2025.07.16	17:00:00	74.501	74.514	74.421	74.439	218	0	2
2025.07.16	17:15:00	74.442	74.457	74.407	74.443	222	0	2
2025.07.16	17:30:00	74.440	74.469	74.426	74.458	129	0	2
2025.07.16	17:45:00	74.462	74.517	74.400	74.511	154	0	2
2025.07.16	18:00:00	74.508	74.554	74.497	74.540	142	0	2
2025.07.16	18:15:00	74.536	74.560	74.528	74.556	106	0	2
2025.07.16	18:30:00	74.552	74.561	74.539	74.557	92	0	2
2025.07.16	18:45:00	74.560	74.593	74.543	74.575	84	0	2
2025.07.16	19:00:00	74.572	74.594	74.552	74.577	75	0	2
2025.07.16	19:15:00	74.573	74.597	74.552	74.552	58	0	2
2025.07.16	19:30:00	74.548	74.560	74.538	74.546	66	0	2
2025.07.16	19:45:00	74.549	74.549	74.517	74.526	89	0	2
2025.07.16	20:00:00	74.529	74.543	74.501	74.503	48	0	2
2025.07.16	20:15:00	74.507	74.523	74.502	74.517	28	0	2
2025.07.16	20:30:00	74.520	74.540	74.519	74.522	26	0	2
2025.07.16	20:45:00	74.519	74.527	74.501	74.509	47	0	2
2025.07.16	21:00:00	74.505	74.508	74.501	74.506	12	0	14
2025.07.16	21:15:00	74.506	74.509	74.499	74.500	15	0	14
2025.07.16	21:30:00	74.499	74.511	74.497	74.511	15	0	14
2025.07.16	21:45:00	74.513	74.522	74.509	74.509	15	0	9
2025.07.16	22:00:00	74.528	74.536	74.513	74.513	21	0	3
2025.07.16	22:15:00	74.515	74.533	74.513	74.526	24	0	3
2025.07.16	22:30:00	74.522	74.544	74.515	74.544	24	0	2
2025.07.16	22:45:00	74.546	74.552	74.540	74.546	25	0	2
2025.07.16	23:00:00	74.548	74.553	74.538	74.550	26	0	2
2025.07.16	23:15:00	74.549	74.552	74.531	74.548	32	0	2
2025.07.16	23:30:00	74.547	74.573	74.547	74.571	29	0	2
2025.07.16	23:45:00	74.571	74.575	74.558	74.567	42	0	2
2025.07.17	00:00:00	74.563	74.599	74.563	74.586	78	0	2
2025.07.17	00:15:00	74.585	74.610	74.585	74.601	55	0	2
2025.07.17	00:30:00	74.604	74.649	74.604	74.630	71	0	3
2025.07.17	00:45:00	74.634	74.647	74.619	74.627	61	0	2
2025.07.17	01:00:00	74.624	74.645	74.614	74.618	56	0	2
2025.07.17	01:15:00	74.614	74.640	74.602	74.639	60	0	2
2025.07.17	01:30:00	74.642	74.667	74.624	74.624	112	0	2
2025.07.17	01:45:00	74.620	74.631	74.597	74.600	60	0	2
2025.07.17	02:00:00	74.604	74.669	74.604	74.660	75	0	2
2025.07.17	02:15:00	74.664	74.684	74.654	74.658	55	0	2
2025.07.17	02:30:00	74.656	74.678	74.645	74.671	51	0	2
2025.07.17	02:45:00	74.675	74.697	74.675	74.691	40	0	2
2025.07.17	03:00:00	74.694	74.711	74.688	74.695	52	0	2
2025.07.17	03:15:00	74.691	74.695	74.676	74.676	47	0	2
2025.07.17	03:30:00	74.679	74.708	74.671	74.671	50	0	2
2025.07.17	03:45:00	74.675	74.683	74.664	74.668	42	0	2
2025.07.17	04:00:00	74.664	74.689	74.664	74.683	30	0	2
2025.07.17	04:15:00	74.685	74.688	74.676	74.677	27	0	2
2025.07.17	04:30:00	74.674	74.683	74.674	74.683	21	0	2
2025.07.17	04:45:00	74.679	74.680	74.650	74.651	33	0	2
2025.07.17	05:00:00	74.651	74.659	74.640	74.652	37	0	2
2025.07.17	05:15:00	74.651	74.666	74.641	74.642	47	0	2
2025.07.17	05:30:00	74.646	74.658	74.632	74.645	51	0	2
2025.07.17	05:45:00	74.648	74.675	74.625	74.658	73	0	2
2025.07.17	06:00:00	74.662	74.728	74.612	74.652	393	0	2
2025.07.17	06:15:00	74.649	74.749	74.638	74.749	283	0	2
2025.07.17	06:30:00	74.745	74.768	74.707	74.746	171	0	2
2025.07.17	06:45:00	74.743	74.760	74.716	74.716	119	0	2
2025.07.17	07:00:00	74.713	74.729	74.641	74.645	195	0	2
2025.07.17	07:15:00	74.642	74.698	74.632	74.635	143	0	2
2025.07.17	07:30:00	74.639	74.701	74.635	74.673	105	0	2
2025.07.17	07:45:00	74.669	74.733	74.659	74.718	156	0	2
2025.07.17	08:00:00	74.721	74.733	74.699	74.712	104	0	2
2025.07.17	08:15:00	74.715	74.731	74.665	74.665	105	0	2
2025.07.17	08:30:00	74.669	74.675	74.604	74.617	116	0	2
2025.07.17	08:45:00	74.614	74.621	74.565	74.565	104	0	2
2025.07.17	09:00:00	74.562	74.604	74.548	74.588	94	0	2
2025.07.17	09:15:00	74.585	74.614	74.582	74.609	73	0	2
2025.07.17	09:30:00	74.606	74.651	74.587	74.632	82	0	2
2025.07.17	09:45:00	74.636	74.665	74.610	74.634	100	0	2
2025.07.17	10:00:00	74.637	74.652	74.605	74.633	92	0	2
2025.07.17	10:15:00	74.630	74.669	74.604	74.615	97	0	2
2025.07.17	10:30:00	74.616	74.650	74.611	74.640	64	0	3
2025.07.17	10:45:00	74.637	74.646	74.619	74.622	54	0	2
2025.07.17	11:00:00	74.626	74.644	74.609	74.626	77	0	2
2025.07.17	11:15:00	74.629	74.668	74.619	74.665	71	0	2
2025.07.17	11:30:00	74.669	74.677	74.650	74.662	71	0	2
2025.07.17	11:45:00	74.665	74.702	74.658	74.668	92	0	2
2025.07.17	12:00:00	74.663	74.676	74.620	74.630	95	0	2
2025.07.17	12:15:00	74.627	74.653	74.616	74.648	102	0	2
2025.07.17	12:30:00	74.652	74.734	74.612	74.636	520	0	2
2025.07.17	12:45:00	74.640	74.643	74.565	74.620	214	0	2
2025.07.17	13:00:00	74.616	74.632	74.577	74.620	204	0	2
2025.07.17	13:15:00	74.617	74.666	74.601	74.626	156	0	2
2025.07.17	13:30:00	74.630	74.653	74.586	74.601	204	0	2
2025.07.17	13:45:00	74.597	74.661	74.591	74.631	194	0	2
2025.07.17	14:00:00	74.627	74.654	74.597	74.604	181	0	2
2025.07.17	14:15:00	74.601	74.605	74.548	74.565	162	0	2
2025.07.17	14:30:00	74.562	74.597	74.549	74.556	141	0	2
2025.07.17	14:45:00	74.559	74.580	74.546	74.576	143	0	2
2025.07.17	15:00:00	74.572	74.589	74.564	74.572	107	0	2
2025.07.17	15:15:00	74.575	74.582	74.554	74.565	71	0	2
2025.07.17	15:30:00	74.561	74.570	74.533	74.538	81	0	2
2025.07.17	15:45:00	74.534	74.565	74.521	74.553	82	0	2
2025.07.17	16:00:00	74.550	74.552	74.510	74.531	60	0	2
2025.07.17	16:15:00	74.531	74.541	74.512	74.515	70	0	2
2025.07.17	16:30:00	74.518	74.609	74.516	74.601	89	0	2
2025.07.17	16:45:00	74.597	74.642	74.597	74.620	115	0	3
2025.07.17	17:00:00	74.625	74.628	74.579	74.585	79	0	2
2025.07.17	17:15:00	74.581	74.601	74.576	74.594	55	0	2
2025.07.17	17:30:00	74.597	74.605	74.579	74.595	49	0	2
2025.07.17	17:45:00	74.592	74.616	74.590	74.606	56	0	2
2025.07.17	18:00:00	74.602	74.613	74.578	74.586	51	0	2
2025.07.17	18:15:00	74.581	74.608	74.578	74.578	50	0	2
2025.07.17	18:30:00	74.581	74.582	74.558	74.565	45	0	2
2025.07.17	18:45:00	74.569	74.595	74.562	74.573	51	0	2
2025.07.17	19:00:00	74.570	74.570	74.528	74.537	50	0	3
2025.07.17	19:15:00	74.537	74.538	74.521	74.534	42	0	2
2025.07.17	19:30:00	74.530	74.537	74.521	74.522	33	0	2
2025.07.17	19:45:00	74.525	74.533	74.513	74.520	47	0	2
2025.07.17	20:00:00	74.524	74.541	74.513	74.529	46	0	2
2025.07.17	20:15:00	74.533	74.540	74.520	74.534	35	0	2
2025.07.17	20:30:00	74.534	74.551	74.524	74.528	30	0	2
2025.07.17	20:45:00	74.525	74.543	74.515	74.515	48	0	3
2025.07.17	21:00:00	74.513	74.515	74.510	74.512	14	0	22
2025.07.17	21:15:00	74.512	74.515	74.510	74.512	14	0	23
2025.07.17	21:30:00	74.514	74.526	74.514	74.526	14	0	14
2025.07.17	21:45:00	74.529	74.529	74.510	74.520	16	0	8
2025.07.20	21:00:00	74.470	74.499	74.465	74.472	10	0	66
2025.07.20	21:15:00	74.475	74.475	74.463	74.463	13	0	75
2025.07.20	21:30:00	74.459	74.477	74.433	74.436	15	0	57
2025.07.20	21:45:00	74.431	74.448	74.418	74.448	14	0	55
2025.07.20	22:00:00	74.531	74.550	74.512	74.512	19	0	8
2025.07.20	22:15:00	74.509	74.538	74.509	74.531	21	0	5
2025.07.20	22:30:00	74.536	74.563	74.534	74.552	21	0	5
2025.07.20	22:45:00	74.555	74.579	74.552	74.554	47	0	2
2025.07.20	23:00:00	74.555	74.567	74.538	74.555	40	0	2
2025.07.20	23:15:00	74.550	74.555	74.526	74.539	37	0	2
2025.07.20	23:30:00	74.542	74.555	74.529	74.551	36	0	2
2025.07.20	23:45:00	74.555	74.559	74.536	74.541	33	0	2
2025.07.21	00:00:00	74.538	74.548	74.516	74.516	60	0	2
2025.07.21	00:15:00	74.513	74.545	74.513	74.542	44	0	2
2025.07.21	00:30:00	74.538	74.590	74.538	74.587	41	0	3
2025.07.21	00:45:00	74.584	74.608	74.581	74.604	39	0	2
2025.07.21	01:00:00	74.607	74.610	74.558	74.558	46	0	2
2025.07.21	01:15:00	74.555	74.563	74.538	74.542	50	0	2
2025.07.21	01:30:00	74.543	74.566	74.541	74.561	52	0	2
2025.07.21	01:45:00	74.561	74.573	74.541	74.557	57	0	2
2025.07.21	02:00:00	74.561	74.571	74.540	74.547	63	0	2
2025.07.21	02:15:00	74.551	74.560	74.539	74.542	58	0	2
2025.07.21	02:30:00	74.546	74.557	74.542	74.557	37	0	2
2025.07.21	02:45:00	74.560	74.590	74.547	74.558	43	0	3
2025.07.21	03:00:00	74.555	74.563	74.545	74.554	33	0	2
2025.07.21	03:15:00	74.554	74.560	74.544	74.545	26	0	2
2025.07.21	03:30:00	74.548	74.554	74.528	74.528	34	0	2
2025.07.21	03:45:00	74.525	74.549	74.525	74.537	37	0	2
2025.07.21	04:00:00	74.540	74.540	74.526	74.534	30	0	2
2025.07.21	04:15:00	74.538	74.547	74.531	74.531	24	0	2
2025.07.21	04:30:00	74.531	74.539	74.527	74.529	23	0	2
2025.07.21	04:45:00	74.533	74.538	74.517	74.521	31	0	3
2025.07.21	05:00:00	74.521	74.528	74.510	74.515	38	0	2
2025.07.21	05:15:00	74.512	74.519	74.499	74.500	25	0	3
2025.07.21	05:30:00	74.502	74.521	74.485	74.514	38	0	2
2025.07.21	05:45:00	74.511	74.514	74.485	74.497	39	0	2
2025.07.21	06:00:00	74.498	74.511	74.470	74.478	60	0	2
2025.07.21	06:15:00	74.475	74.493	74.435	74.435	79	0	2
2025.07.21	06:30:00	74.431	74.435	74.410	74.410	80	0	2
2025.07.21	06:45:00	74.414	74.414	74.381	74.386	66	0	2
2025.07.21	07:00:00	74.383	74.394	74.366	74.376	101	0	2
2025.07.21	07:15:00	74.380	74.405	74.380	74.397	63	0	2
2025.07.21	07:30:00	74.400	74.425	74.392	74.403	87	0	2
2025.07.21	07:45:00	74.406	74.426	74.361	74.374	90	0	2
2025.07.21	08:00:00	74.370	74.397	74.366	74.369	78	0	2
2025.07.21	08:15:00	74.368	74.387	74.355	74.362	50	0	2
2025.07.21	08:30:00	74.359	74.362	74.259	74.294	130	0	2
2025.07.21	08:45:00	74.298	74.343	74.294	74.337	75	0	2
2025.07.21	09:00:00	74.333	74.364	74.330	74.361	71	0	2
2025.07.21	09:15:00	74.360	74.369	74.349	74.350	54	0	2
2025.07.21	09:30:00	74.354	74.374	74.299	74.302	78	0	2
2025.07.21	09:45:00	74.299	74.332	74.299	74.307	62	0	2
2025.07.21	10:00:00	74.303	74.338	74.299	74.338	74	0	2
2025.07.21	10:15:00	74.341	74.365	74.331	74.343	57	0	2
2025.07.21	10:30:00	74.346	74.367	74.341	74.341	36	0	2
2025.07.21	10:45:00	74.337	74.337	74.295	74.303	90	0	2
2025.07.21	11:00:00	74.300	74.310	74.239	74.243	106	0	2
2025.07.21	11:15:00	74.246	74.284	74.239	74.260	97	0	2
2025.07.21	11:30:00	74.264	74.267	74.229	74.236	77	0	2
2025.07.21	11:45:00	74.233	74.236	74.183	74.192	86	0	2
2025.07.21	12:00:00	74.189	74.209	74.164	74.180	83	0	2
2025.07.21	12:15:00	74.177	74.211	74.177	74.206	82	0	2
2025.07.21	12:30:00	74.210	74.210	74.175	74.190	62	0	2
2025.07.21	12:45:00	74.194	74.215	74.162	74.181	82	0	2
2025.07.21	13:00:00	74.184	74.237	74.181	74.227	93	0	2
2025.07.21	13:15:00	74.230	74.255	74.221	74.241	72	0	2
2025.07.21	13:30:00	74.244	74.255	74.216	74.244	100	0	2
2025.07.21	13:45:00	74.241	74.247	74.200	74.241	135	0	2
2025.07.21	14:00:00	74.244	74.244	74.142	74.149	194	0	2
2025.07.21	14:15:00	74.146	74.167	74.128	74.139	127	0	2
2025.07.21	14:30:00	74.143	74.143	74.089	74.131	158	0	2
2025.07.21	14:45:00	74.134	74.147	74.099	74.113	149	0	2
2025.07.21	15:00:00	74.116	74.116	74.036	74.046	143	0	2
2025.07.21	15:15:00	74.049	74.056	74.014	74.039	124	0	2
2025.07.21	15:30:00	74.043	74.074	74.037	74.074	100	0	2
2025.07.21	15:45:00	74.070	74.099	74.056	74.094	97	0	2
2025.07.21	16:00:00	74.098	74.127	74.080	74.097	102	0	2
2025.07.21	16:15:00	74.094	74.117	74.085	74.087	89	0	2
2025.07.21	16:30:00	74.084	74.105	74.075	74.085	78	0	2
2025.07.21	16:45:00	74.084	74.108	74.073	74.102	66	0	2
2025.07.21	17:00:00	74.105	74.136	74.096	74.128	62	0	2
2025.07.21	17:15:00	74.131	74.158	74.128	74.152	39	0	2
2025.07.21	17:30:00	74.149	74.160	74.129	74.134	48	0	2
2025.07.21	17:45:00	74.130	74.151	74.128	74.148	48	0	2
2025.07.21	18:00:00	74.145	74.150	74.123	74.144	50	0	2
2025.07.21	18:15:00	74.141	74.141	74.112	74.122	36	0	2
2025.07.21	18:30:00	74.126	74.151	74.122	74.151	35	0	2
2025.07.21	18:45:00	74.155	74.159	74.119	74.127	54	0	2
2025.07.21	19:00:00	74.129	74.129	74.116	74.122	38	0	2
2025.07.21	19:15:00	74.124	74.145	74.122	74.141	28	0	2
2025.07.21	19:30:00	74.144	74.149	74.127	74.137	31	0	3
2025.07.21	19:45:00	74.140	74.163	74.133	74.160	43	0	2
2025.07.21	20:00:00	74.156	74.164	74.145	74.157	28	0	2
2025.07.21	20:15:00	74.161	74.161	74.134	74.147	33	0	2
2025.07.21	20:30:00	74.146	74.150	74.124	74.124	23	0	3
2025.07.21	20:45:00	74.127	74.128	74.110	74.112	34	0	2
2025.07.21	21:00:00	74.112	74.115	74.111	74.111	12	0	8
2025.07.21	21:15:00	74.113	74.113	74.109	74.112	13	0	15
2025.07.21	21:30:00	74.112	74.120	74.112	74.115	15	0	8
2025.07.21	21:45:00	74.110	74.120	74.110	74.115	14	0	8
2025.07.21	22:00:00	74.117	74.142	74.111	74.131	29	0	2
2025.07.21	22:15:00	74.131	74.131	74.127	74.131	18	0	2
2025.07.21	22:30:00	74.131	74.136	74.131	74.134	16	0	2
2025.07.21	22:45:00	74.134	74.140	74.133	74.133	17	0	2
2025.07.21	23:00:00	74.136	74.144	74.132	74.141	21	0	3
2025.07.21	23:15:00	74.145	74.148	74.137	74.144	20	0	2
2025.07.21	23:30:00	74.145	74.145	74.135	74.144	21	0	3
2025.07.21	23:45:00	74.148	74.151	74.127	74.130	29	0	2
2025.07.22	00:00:00	74.127	74.177	74.127	74.176	63	0	2
2025.07.22	00:15:00	74.173	74.185	74.162	74.162	34	0	2
2025.07.22	00:30:00	74.159	74.169	74.145	74.148	54	0	2
2025.07.22	00:45:00	74.152	74.178	74.142	74.164	74	0	2
2025.07.22	01:00:00	74.160	74.172	74.156	74.166	58	0	2
2025.07.22	01:15:00	74.162	74.184	74.159	74.178	48	0	2
2025.07.22	01:30:00	74.174	74.201	74.158	74.188	51	0	2
2025.07.22	01:45:00	74.192	74.196	74.177	74.184	55	0	2
2025.07.22	02:00:00	74.181	74.184	74.146	74.146	42	0	2
2025.07.22	02:15:00	74.149	74.167	74.139	74.166	38	0	2
2025.07.22	02:30:00	74.169	74.185	74.169	74.174	26	0	2
2025.07.22	02:45:00	74.177	74.177	74.163	74.170	36	0	2
2025.07.22	03:00:00	74.167	74.189	74.167	74.186	34	0	2
2025.07.22	03:15:00	74.183	74.188	74.171	74.172	30	0	2
2025.07.22	03:30:00	74.176	74.187	74.168	74.169	31	0	2
2025.07.22	03:45:00	74.167	74.192	74.167	74.188	29	0	2
2025.07.22	04:00:00	74.190	74.216	74.190	74.200	38	0	2
2025.07.22	04:15:00	74.204	74.207	74.174	74.176	37	0	2
2025.07.22	04:30:00	74.173	74.196	74.173	74.185	32	0	2
2025.07.22	04:45:00	74.183	74.199	74.171	74.198	31	0	2
2025.07.22	05:00:00	74.202	74.211	74.186	74.211	28	0	2
2025.07.22	05:15:00	74.215	74.227	74.205	74.212	37	0	2
2025.07.22	05:30:00	74.211	74.229	74.211	74.229	38	0	2
2025.07.22	05:45:00	74.232	74.239	74.212	74.219	46	0	2
2025.07.22	06:00:00	74.222	74.259	74.221	74.239	66	0	2
2025.07.22	06:15:00	74.240	74.244	74.216	74.241	57	0	2
2025.07.22	06:30:00	74.244	74.249	74.216	74.249	83	0	2
2025.07.22	06:45:00	74.245	74.255	74.222	74.229	75	0	2
2025.07.22	07:00:00	74.226	74.256	74.216	74.236	109	0	2
2025.07.22	07:15:00	74.240	74.254	74.224	74.227	61	0	2
2025.07.22	07:30:00	74.230	74.238	74.215	74.227	52	0	3
2025.07.22	07:45:00	74.223	74.282	74.223	74.253	73	0	2
2025.07.22	08:00:00	74.256	74.264	74.181	74.227	91	0	2
2025.07.22	08:15:00	74.224	74.224	74.192	74.199	76	0	2
2025.07.22	08:30:00	74.196	74.197	74.115	74.159	128	0	2
2025.07.22	08:45:00	74.155	74.171	74.129	74.129	71	0	2
2025.07.22	09:00:00	74.126	74.129	74.094	74.104	97	0	2
2025.07.22	09:15:00	74.107	74.130	74.102	74.121	85	0	2
2025.07.22	09:30:00	74.117	74.148	74.110	74.139	62	0	2
2025.07.22	09:45:00	74.136	74.137	74.097	74.100	64	0	2
2025.07.22	10:00:00	74.096	74.103	74.076	74.091	73	0	2
2025.07.22	10:15:00	74.088	74.124	74.088	74.124	38	0	2
2025.07.22	10:30:00	74.125	74.161	74.121	74.151	41	0	2
2025.07.22	10:45:00	74.154	74.204	74.154	74.195	61	0	2
2025.07.22	11:00:00	74.191	74.199	74.169	74.182	55	0	2
2025.07.22	11:15:00	74.181	74.209	74.181	74.202	53	0	2
2025.07.22	11:30:00	74.199	74.203	74.185	74.187	60	0	2
2025.07.22	11:45:00	74.191	74.206	74.136	74.150	103	0	2
2025.07.22	12:00:00	74.146	74.155	74.131	74.148	71	0	2
2025.07.22	12:15:00	74.152	74.199	74.149	74.198	77	0	2
2025.07.22	12:30:00	74.195	74.208	74.176	74.187	74	0	2
2025.07.22	12:45:00	74.184	74.196	74.150	74.175	129	0	2
2025.07.22	13:00:00	74.172	74.194	74.134	74.165	161	0	2
2025.07.22	13:15:00	74.161	74.179	74.134	74.169	130	0	2
2025.07.22	13:30:00	74.172	74.200	74.149	74.169	144	0	2
2025.07.22	13:45:00	74.165	74.201	74.140	74.157	205	0	2
2025.07.22	14:00:00	74.154	74.230	74.154	74.174	192	0	2
2025.07.22	14:15:00	74.178	74.186	74.143	74.155	140	0	2
2025.07.22	14:30:00	74.158	74.182	74.144	74.148	117	0	2
2025.07.22	14:45:00	74.151	74.155	74.029	74.064	289	0	2
2025.07.22	15:00:00	74.068	74.092	74.029	74.040	178	0	2
2025.07.22	15:15:00	74.044	74.054	74.023	74.037	108	0	2
2025.07.22	15:30:00	74.040	74.050	73.967	74.010	132	0	2
2025.07.22	15:45:00	74.007	74.016	73.966	73.966	97	0	2
2025.07.22	16:00:00	73.963	73.975	73.910	73.944	132	0	2
2025.07.22	16:15:00	73.941	73.941	73.904	73.913	101	0	2
2025.07.22	16:30:00	73.910	73.935	73.893	73.900	78	0	2
2025.07.22	16:45:00	73.903	73.926	73.897	73.910	70	0	2
2025.07.22	17:00:00	73.913	73.934	73.905	73.924	67	0	2
2025.07.22	17:15:00	73.921	73.943	73.909	73.943	67	0	2
2025.07.22	17:30:00	73.946	73.960	73.941	73.954	72	0	2
2025.07.22	17:45:00	73.957	73.961	73.931	73.946	55	0	2
2025.07.22	18:00:00	73.949	73.967	73.937	73.955	62	0	2
2025.07.22	18:15:00	73.958	73.962	73.947	73.961	54	0	2
2025.07.22	18:30:00	73.958	73.961	73.923	73.926	50	0	2
2025.07.22	18:45:00	73.930	73.937	73.920	73.923	44	0	2
2025.07.22	19:00:00	73.926	73.936	73.909	73.912	49	0	2
2025.07.22	19:15:00	73.911	73.915	73.895	73.911	38	0	2
2025.07.22	19:30:00	73.914	73.926	73.909	73.910	35	0	2
2025.07.22	19:45:00	73.910	73.914	73.892	73.902	43	0	2
2025.07.22	20:00:00	73.905	73.930	73.893	73.921	42	0	2
2025.07.22	20:15:00	73.917	73.929	73.906	73.909	28	0	2
2025.07.22	20:30:00	73.906	73.911	73.899	73.899	17	0	2
2025.07.22	20:45:00	73.900	73.900	73.885	73.885	18	0	2
2025.07.22	21:00:00	73.879	73.882	73.877	73.881	13	0	14
2025.07.22	21:15:00	73.879	73.879	73.872	73.878	14	0	26
2025.07.22	21:30:00	73.878	73.885	73.875	73.885	14	0	31
2025.07.22	21:45:00	73.886	73.906	73.886	73.899	15	0	8
2025.07.22	22:00:00	73.923	73.927	73.918	73.926	18	0	2
2025.07.22	22:15:00	73.926	73.933	73.920	73.921	20	0	2
2025.07.22	22:30:00	73.925	73.934	73.924	73.926	18	0	2
2025.07.22	22:45:00	73.926	73.934	73.921	73.931	20	0	2
2025.07.22	23:00:00	73.933	73.933	73.888	73.888	56	0	2
2025.07.22	23:15:00	73.891	73.946	73.884	73.946	82	0	2
2025.07.22	23:30:00	73.943	73.959	73.941	73.952	40	0	2
2025.07.22	23:45:00	73.952	73.968	73.952	73.957	35	0	2
2025.07.23	00:00:00	73.954	73.975	73.950	73.965	81	0	2
2025.07.23	00:15:00	73.962	73.968	73.927	73.927	118	0	2
2025.07.23	00:30:00	73.930	73.957	73.927	73.947	58	0	2
2025.07.23	00:45:00	73.948	73.948	73.923	73.927	65	0	2
2025.07.23	01:00:00	73.930	73.949	73.918	73.932	80	0	2
2025.07.23	01:15:00	73.928	73.954	73.928	73.948	83	0	2
2025.07.23	01:30:00	73.952	73.979	73.923	73.970	70	0	2
2025.07.23	01:45:00	73.973	73.980	73.928	73.949	75	0	2
2025.07.23	02:00:00	73.946	73.946	73.911	73.940	47	0	2
2025.07.23	02:15:00	73.943	73.972	73.924	73.960	143	0	2
2025.07.23	02:30:00	73.957	73.982	73.951	73.961	72	0	2
2025.07.23	02:45:00	73.960	73.975	73.956	73.966	48	0	2
2025.07.23	03:00:00	73.963	73.965	73.944	73.944	38	0	2
2025.07.23	03:15:00	73.940	73.943	73.890	73.893	53	0	2
2025.07.23	03:30:00	73.889	73.896	73.881	73.886	53	0	2
2025.07.23	03:45:00	73.883	73.922	73.882	73.922	44	0	2
2025.07.23	04:00:00	73.920	73.937	73.918	73.929	46	0	2
2025.07.23	04:15:00	73.929	73.951	73.919	73.927	39	0	2
2025.07.23	04:30:00	73.926	73.926	73.913	73.914	35	0	2
2025.07.23	04:45:00	73.915	73.930	73.901	73.921	43	0	2
2025.07.23	05:00:00	73.924	73.925	73.904	73.922	40	0	2
2025.07.23	05:15:00	73.921	73.932	73.913	73.916	28	0	2
2025.07.23	05:30:00	73.919	73.953	73.909	73.953	73	0	2
2025.07.23	05:45:00	73.949	73.962	73.932	73.948	59	0	2
2025.07.23	06:00:00	73.944	73.951	73.925	73.951	96	0	2
2025.07.23	06:15:00	73.954	73.986	73.928	73.931	80	0	2
2025.07.23	06:30:00	73.928	73.951	73.914	73.920	111	0	2
2025.07.23	06:45:00	73.916	73.919	73.890	73.890	73	0	2
2025.07.23	07:00:00	73.894	73.895	73.856	73.872	100	0	2
2025.07.23	07:15:00	73.876	73.879	73.807	73.821	127	0	2
2025.07.23	07:30:00	73.824	73.851	73.812	73.850	91	0	2
2025.07.23	07:45:00	73.852	73.869	73.833	73.833	70	0	2
2025.07.23	08:00:00	73.830	73.855	73.807	73.821	78	0	2
2025.07.23	08:15:00	73.821	73.848	73.809	73.825	86	0	2
2025.07.23	08:30:00	73.822	73.862	73.818	73.848	92	0	2
2025.07.23	08:45:00	73.845	73.872	73.842	73.845	64	0	2
2025.07.23	09:00:00	73.842	73.860	73.828	73.840	61	0	2
2025.07.23	09:15:00	73.843	73.871	73.843	73.864	49	0	2
2025.07.23	09:30:00	73.861	73.862	73.842	73.845	55	0	2
2025.07.23	09:45:00	73.842	73.854	73.805	73.822	90	0	2
2025.07.23	10:00:00	73.825	73.882	73.825	73.861	69	0	2
2025.07.23	10:15:00	73.857	73.860	73.819	73.831	74	0	2
2025.07.23	10:30:00	73.834	73.860	73.822	73.844	70	0	2
2025.07.23	10:45:00	73.841	73.882	73.833	73.882	77	0	2
2025.07.23	11:00:00	73.885	73.892	73.855	73.869	93	0	2
2025.07.23	11:15:00	73.872	73.888	73.864	73.882	65	0	2
2025.07.23	11:30:00	73.879	73.888	73.840	73.843	77	0	2
2025.07.23	11:45:00	73.847	73.861	73.833	73.855	68	0	2
2025.07.23	12:00:00	73.859	73.900	73.845	73.888	76	0	2
2025.07.23	12:15:00	73.892	73.892	73.860	73.889	79	0	2
2025.07.23	12:30:00	73.886	73.907	73.865	73.865	78	0	2
2025.07.23	12:45:00	73.862	73.867	73.823	73.823	107	0	2
2025.07.23	13:00:00	73.826	73.898	73.812	73.878	209	0	2
2025.07.23	13:15:00	73.874	73.913	73.860	73.906	135	0	2
2025.07.23	13:30:00	73.903	73.942	73.885	73.893	180	0	2
2025.07.23	13:45:00	73.897	73.899	73.817	73.827	140	0	2
2025.07.23	14:00:00	73.824	73.828	73.756	73.782	137	0	2
2025.07.23	14:15:00	73.786	73.855	73.785	73.834	97	0	2
2025.07.23	14:30:00	73.837	73.848	73.752	73.784	161	0	2
2025.07.23	14:45:00	73.788	73.811	73.726	73.744	173	0	2
2025.07.23	15:00:00	73.747	73.762	73.677	73.681	122	0	2
2025.07.23	15:15:00	73.678	73.711	73.657	73.711	87	0	2
2025.07.23	15:30:00	73.708	73.777	73.708	73.773	143	0	2
2025.07.23	15:45:00	73.770	73.780	73.655	73.712	399	0	2
2025.07.23	16:00:00	73.715	73.749	73.680	73.749	336	0	2
2025.07.23	16:15:00	73.745	73.769	73.718	73.753	187	0	2
2025.07.23	16:30:00	73.750	73.778	73.725	73.734	133	0	2
2025.07.23	16:45:00	73.730	73.773	73.730	73.736	90	0	2
2025.07.23	17:00:00	73.733	73.733	73.671	73.717	156	0	2
2025.07.23	17:15:00	73.714	73.724	73.679	73.720	100	0	2
2025.07.23	17:30:00	73.724	73.738	73.677	73.689	73	0	2
2025.07.23	17:45:00	73.686	73.760	73.673	73.704	222	0	2
2025.07.23	18:00:00	73.701	73.702	73.660	73.660	88	0	2
2025.07.23	18:15:00	73.664	73.664	73.647	73.651	61	0	2
2025.07.23	18:30:00	73.655	73.665	73.632	73.641	53	0	2
2025.07.23	18:45:00	73.642	73.660	73.632	73.644	73	0	2
2025.07.23	19:00:00	73.641	73.650	73.616	73.636	56	0	2
2025.07.23	19:15:00	73.636	73.653	73.625	73.648	35	0	2
2025.07.23	19:30:00	73.651	73.658	73.646	73.646	37	0	2
2025.07.23	19:45:00	73.650	73.650	73.625	73.625	38	0	2
2025.07.23	20:00:00	73.628	73.635	73.613	73.625	34	0	2
2025.07.23	20:15:00	73.629	73.632	73.621	73.629	27	0	2
2025.07.23	20:30:00	73.630	73.641	73.623	73.632	28	0	2
2025.07.23	20:45:00	73.635	73.642	73.617	73.630	66	0	2
2025.07.23	21:00:00	73.628	73.631	73.623	73.625	13	0	14
2025.07.23	21:15:00	73.624	73.633	73.624	73.633	14	0	23
2025.07.23	21:30:00	73.635	73.643	73.623	73.623	14	0	8
2025.07.23	21:45:00	73.623	73.627	73.620	73.624	15	0	14
2025.07.23	22:00:00	73.635	73.638	73.620	73.621	24	0	2
2025.07.23	22:15:00	73.621	73.621	73.608	73.608	19	0	2
2025.07.23	22:30:00	73.608	73.612	73.603	73.612	21	0	2
2025.07.23	22:45:00	73.614	73.620	73.604	73.620	20	0	2
2025.07.23	23:00:00	73.617	73.618	73.606	73.612	25	0	2
2025.07.23	23:15:00	73.614	73.614	73.597	73.607	24	0	2
2025.07.23	23:30:00	73.607	73.625	73.604	73.625	33	0	2
2025.07.23	23:45:00	73.628	73.645	73.625	73.641	31	0	2
2025.07.24	00:00:00	73.645	73.673	73.641	73.670	64	0	2
2025.07.24	00:15:00	73.674	73.674	73.642	73.645	55	0	2
2025.07.24	00:30:00	73.648	73.683	73.648	73.675	70	0	2
2025.07.24	00:45:00	73.675	73.684	73.654	73.669	67	0	2
2025.07.24	01:00:00	73.672	73.672	73.614	73.623	107	0	2
2025.07.24	01:15:00	73.620	73.641	73.603	73.603	61	0	2
2025.07.24	01:30:00	73.606	73.620	73.591	73.600	69	0	2
2025.07.24	01:45:00	73.604	73.622	73.601	73.622	59	0	2
2025.07.24	02:00:00	73.625	73.649	73.619	73.634	51	0	2
2025.07.24	02:15:00	73.631	73.636	73.613	73.619	55	0	2
2025.07.24	02:30:00	73.615	73.663	73.615	73.652	45	0	2
2025.07.24	02:45:00	73.649	73.649	73.629	73.632	30	0	2
2025.07.24	03:00:00	73.632	73.639	73.616	73.616	56	0	2
2025.07.24	03:15:00	73.620	73.639	73.620	73.639	35	0	2
2025.07.24	03:30:00	73.643	73.652	73.615	73.615	31	0	2
2025.07.24	03:45:00	73.615	73.650	73.609	73.646	45	0	2
2025.07.24	04:00:00	73.649	73.664	73.640	73.641	44	0	2
2025.07.24	04:15:00	73.637	73.642	73.629	73.634	34	0	2
2025.07.24	04:30:00	73.631	73.644	73.631	73.641	30	0	2
2025.07.24	04:45:00	73.641	73.645	73.634	73.640	37	0	2
2025.07.24	05:00:00	73.637	73.659	73.632	73.655	36	0	2
2025.07.24	05:15:00	73.659	73.659	73.627	73.641	35	0	3
2025.07.24	05:30:00	73.638	73.641	73.628	73.631	52	0	2
2025.07.24	05:45:00	73.634	73.660	73.627	73.644	66	0	2
2025.07.24	06:00:00	73.648	73.698	73.648	73.689	81	0	2
2025.07.24	06:15:00	73.693	73.711	73.677	73.701	87	0	2
2025.07.24	06:30:00	73.705	73.717	73.684	73.704	114	0	2
2025.07.24	06:45:00	73.701	73.734	73.695	73.730	82	0	2
2025.07.24	07:00:00	73.726	73.740	73.706	73.710	110	0	2
2025.07.24	07:15:00	73.706	73.732	73.704	73.716	86	0	2
2025.07.24	07:30:00	73.720	73.762	73.717	73.734	93	0	2
2025.07.24	07:45:00	73.737	73.763	73.729	73.745	101	0	2
2025.07.24	08:00:00	73.741	73.750	73.721	73.735	67	0	2
2025.07.24	08:15:00	73.731	73.738	73.712	73.735	53	0	2
2025.07.24	08:30:00	73.739	73.817	73.739	73.789	176	0	2
2025.07.24	08:45:00	73.793	73.839	73.780	73.832	121	0	2
2025.07.24	09:00:00	73.829	73.850	73.822	73.830	84	0	2
2025.07.24	09:15:00	73.834	73.837	73.815	73.834	67	0	2
2025.07.24	09:30:00	73.838	73.843	73.815	73.830	60	0	2
2025.07.24	09:45:00	73.827	73.854	73.810	73.810	80	0	2
2025.07.24	10:00:00	73.806	73.844	73.795	73.837	63	0	2
2025.07.24	10:15:00	73.840	73.860	73.840	73.851	40	0	2
2025.07.24	10:30:00	73.847	73.877	73.840	73.867	58	0	2
2025.07.24	10:45:00	73.864	73.869	73.855	73.859	38	0	2
2025.07.24	11:00:00	73.862	73.869	73.850	73.858	45	0	2
2025.07.24	11:15:00	73.855	73.860	73.837	73.852	43	0	2
2025.07.24	11:30:00	73.855	73.855	73.808	73.815	66	0	2
2025.07.24	11:45:00	73.811	73.832	73.791	73.791	83	0	2
2025.07.24	12:00:00	73.788	73.809	73.780	73.787	107	0	2
2025.07.24	12:15:00	73.784	73.826	73.776	73.826	82	0	2
2025.07.24	12:30:00	73.822	73.898	73.814	73.869	187	0	2
2025.07.24	12:45:00	73.865	73.895	73.846	73.880	107	0	2
2025.07.24	13:00:00	73.877	73.892	73.815	73.842	280	0	2
2025.07.24	13:15:00	73.839	73.880	73.815	73.822	225	0	2
2025.07.24	13:30:00	73.819	73.840	73.784	73.817	253	0	2
2025.07.24	13:45:00	73.821	73.848	73.778	73.784	328	0	2
2025.07.24	14:00:00	73.781	73.787	73.732	73.735	195	0	2
2025.07.24	14:15:00	73.731	73.873	73.731	73.855	184	0	2
2025.07.24	14:30:00	73.852	73.859	73.817	73.826	123	0	2
2025.07.24	14:45:00	73.823	73.897	73.781	73.844	226	0	2
2025.07.24	15:00:00	73.847	73.930	73.840	73.930	220	0	2
2025.07.24	15:15:00	73.934	73.950	73.857	73.870	172	0	2
2025.07.24	15:30:00	73.867	73.937	73.850	73.931	141	0	2
2025.07.24	15:45:00	73.934	73.947	73.907	73.942	121	0	2
2025.07.24	16:00:00	73.945	73.986	73.923	73.979	98	0	2
2025.07.24	16:15:00	73.976	74.046	73.970	74.034	154	0	2
2025.07.24	16:30:00	74.037	74.044	74.012	74.018	113	0	2
2025.07.24	16:45:00	74.021	74.039	73.991	74.013	105	0	2
2025.07.24	17:00:00	74.010	74.016	73.957	73.967	73	0	2
2025.07.24	17:15:00	73.970	73.977	73.948	73.961	62	0	2
2025.07.24	17:30:00	73.964	73.972	73.933	73.933	53	0	2
2025.07.24	17:45:00	73.929	73.974	73.920	73.970	68	0	2
2025.07.24	18:00:00	73.967	73.987	73.963	73.983	54	0	2
2025.07.24	18:15:00	73.987	73.990	73.968	73.969	41	0	3
2025.07.24	18:30:00	73.966	73.979	73.956	73.972	44	0	2
2025.07.24	18:45:00	73.969	73.992	73.964	73.983	55	0	2
2025.07.24	19:00:00	73.979	74.004	73.979	73.995	35	0	2
2025.07.24	19:15:00	73.995	73.995	73.964	73.980	37	0	2
2025.07.24	19:30:00	73.977	73.995	73.977	73.985	40	0	2
2025.07.24	19:45:00	73.980	74.032	73.979	74.029	46	0	2
2025.07.24	20:00:00	74.033	74.037	74.013	74.018	58	0	2
2025.07.24	20:15:00	74.022	74.038	74.017	74.032	28	0	2
2025.07.24	20:30:00	74.029	74.047	74.022	74.039	39	0	2
2025.07.24	20:45:00	74.042	74.055	74.004	74.017	83	0	2
2025.07.24	21:00:00	74.014	74.018	74.011	74.014	14	0	14
2025.07.24	21:15:00	74.013	74.018	74.013	74.016	14	0	14
2025.07.24	21:30:00	74.017	74.021	74.014	74.018	15	0	14
2025.07.24	21:45:00	74.021	74.024	74.009	74.010	15	0	16
2025.07.27	21:00:00	74.423	74.427	74.422	74.426	10	0	54
2025.07.27	21:15:00	74.423	74.426	74.397	74.397	14	0	52
2025.07.27	21:30:00	74.402	74.417	74.370	74.371	14	0	53
2025.07.27	21:45:00	74.367	74.377	74.363	74.374	14	0	50
2025.07.27	22:00:00	74.397	74.457	74.354	74.457	38	0	5
2025.07.27	22:15:00	74.450	74.457	74.419	74.442	38	0	2
2025.07.27	22:30:00	74.438	74.448	74.423	74.435	41	0	2
2025.07.27	22:45:00	74.441	74.445	74.420	74.431	24	0	2
2025.07.27	23:00:00	74.432	74.445	74.420	74.439	41	0	2
2025.07.27	23:15:00	74.435	74.435	74.392	74.394	47	0	2
2025.07.27	23:30:00	74.389	74.409	74.386	74.406	33	0	2
2025.07.27	23:45:00	74.409	74.419	74.397	74.415	40	0	2
2025.07.28	00:00:00	74.412	74.412	74.366	74.381	114	0	2
2025.07.28	00:15:00	74.377	74.381	74.354	74.370	85	0	2
2025.07.28	00:30:00	74.373	74.425	74.373	74.408	97	0	2
2025.07.28	00:45:00	74.412	74.423	74.382	74.382	77	0	2
2025.07.28	01:00:00	74.379	74.379	74.333	74.348	94	0	2
2025.07.28	01:15:00	74.351	74.380	74.338	74.377	54	0	2
2025.07.28	01:30:00	74.373	74.446	74.369	74.432	91	0	2
2025.07.28	01:45:00	74.435	74.453	74.413	74.428	76	0	2
2025.07.28	02:00:00	74.431	74.455	74.422	74.455	74	0	2
2025.07.28	02:15:00	74.452	74.456	74.424	74.434	60	0	2
2025.07.28	02:30:00	74.438	74.438	74.414	74.414	45	0	2
2025.07.28	02:45:00	74.418	74.418	74.385	74.406	47	0	2
2025.07.28	03:00:00	74.410	74.422	74.399	74.407	50	0	2
2025.07.28	03:15:00	74.410	74.429	74.404	74.425	38	0	2
2025.07.28	03:30:00	74.428	74.435	74.396	74.401	37	0	2
2025.07.28	03:45:00	74.405	74.408	74.386	74.390	38	0	2
2025.07.28	04:00:00	74.387	74.397	74.376	74.390	46	0	2
2025.07.28	04:15:00	74.389	74.415	74.382	74.410	36	0	2
2025.07.28	04:30:00	74.411	74.443	74.410	74.442	36	0	3
2025.07.28	04:45:00	74.438	74.441	74.411	74.424	36	0	2
2025.07.28	05:00:00	74.427	74.448	74.423	74.446	31	0	2
2025.07.28	05:15:00	74.446	74.471	74.443	74.461	35	0	2
2025.07.28	05:30:00	74.460	74.467	74.450	74.454	37	0	2
2025.07.28	05:45:00	74.457	74.482	74.447	74.477	40	0	2
2025.07.28	06:00:00	74.480	74.499	74.454	74.459	88	0	2
2025.07.28	06:15:00	74.463	74.570	74.461	74.551	181	0	2
2025.07.28	06:30:00	74.554	74.588	74.550	74.557	117	0	2
2025.07.28	06:45:00	74.561	74.575	74.503	74.506	117	0	2
2025.07.28	07:00:00	74.503	74.542	74.471	74.482	193	0	2
2025.07.28	07:15:00	74.479	74.500	74.449	74.496	147	0	2
2025.07.28	07:30:00	74.493	74.539	74.478	74.530	192	0	2
2025.07.28	07:45:00	74.526	74.592	74.522	74.576	134	0	2
2025.07.28	08:00:00	74.580	74.586	74.530	74.546	149	0	2
2025.07.28	08:15:00	74.542	74.549	74.504	74.520	90	0	2
2025.07.28	08:30:00	74.516	74.522	74.465	74.511	105	0	2
2025.07.28	08:45:00	74.515	74.552	74.502	74.507	105	0	2
2025.07.28	09:00:00	74.510	74.517	74.502	74.509	84	0	2
2025.07.28	09:15:00	74.512	74.529	74.476	74.523	84	0	2
2025.07.28	09:30:00	74.527	74.562	74.517	74.538	119	0	2
2025.07.28	09:45:00	74.541	74.549	74.514	74.542	79	0	2
2025.07.28	10:00:00	74.539	74.568	74.522	74.533	92	0	2
2025.07.28	10:15:00	74.536	74.575	74.506	74.537	103	0	2
2025.07.28	10:30:00	74.534	74.534	74.509	74.515	90	0	2
2025.07.28	10:45:00	74.519	74.548	74.515	74.524	70	0	2
2025.07.28	11:00:00	74.520	74.538	74.499	74.515	112	0	2
2025.07.28	11:15:00	74.519	74.575	74.519	74.540	112	0	2
2025.07.28	11:30:00	74.544	74.610	74.525	74.534	121	0	2
2025.07.28	11:45:00	74.537	74.551	74.461	74.476	163	0	2
2025.07.28	12:00:00	74.473	74.477	74.433	74.463	229	0	2
2025.07.28	12:15:00	74.460	74.490	74.424	74.466	139	0	2
2025.07.28	12:30:00	74.469	74.484	74.434	74.479	127	0	2
2025.07.28	12:45:00	74.475	74.501	74.412	74.416	136	0	2
2025.07.28	13:00:00	74.412	74.442	74.404	74.436	165	0	2
2025.07.28	13:15:00	74.439	74.499	74.433	74.473	151	0	2
2025.07.28	13:30:00	74.476	74.519	74.463	74.496	172	0	2
2025.07.28	13:45:00	74.500	74.573	74.479	74.541	184	0	2
2025.07.28	14:00:00	74.537	74.544	74.486	74.513	133	0	2
2025.07.28	14:15:00	74.510	74.545	74.481	74.490	168	0	2
2025.07.28	14:30:00	74.487	74.521	74.481	74.490	136	0	2
2025.07.28	14:45:00	74.487	74.574	74.487	74.557	134	0	2
2025.07.28	15:00:00	74.561	74.613	74.547	74.613	113	0	2
2025.07.28	15:15:00	74.609	74.614	74.585	74.598	100	0	2
2025.07.28	15:30:00	74.601	74.658	74.597	74.652	92	0	2
2025.07.28	15:45:00	74.655	74.672	74.644	74.672	78	0	2
2025.07.28	16:00:00	74.669	74.723	74.669	74.723	80	0	2
2025.07.28	16:15:00	74.726	74.744	74.720	74.724	68	0	2
2025.07.28	16:30:00	74.727	74.756	74.723	74.730	67	0	2
2025.07.28	16:45:00	74.733	74.751	74.726	74.744	58	0	2
2025.07.28	17:00:00	74.747	74.765	74.734	74.761	48	0	2
2025.07.28	17:15:00	74.765	74.789	74.761	74.781	58	0	2
2025.07.28	17:30:00	74.783	74.828	74.775	74.814	56	0	2
2025.07.28	17:45:00	74.817	74.865	74.813	74.850	69	0	2
2025.07.28	18:00:00	74.854	74.892	74.848	74.879	57	0	2
2025.07.28	18:15:00	74.883	74.889	74.860	74.871	61	0	2
2025.07.28	18:30:00	74.875	74.884	74.864	74.871	46	0	2
2025.07.28	18:45:00	74.874	74.891	74.874	74.884	49	0	2
2025.07.28	19:00:00	74.887	74.897	74.876	74.885	38	0	3
2025.07.28	19:15:00	74.884	74.895	74.883	74.889	34	0	2
2025.07.28	19:30:00	74.892	74.894	74.886	74.889	27	0	2
2025.07.28	19:45:00	74.893	74.893	74.872	74.877	42	0	3
2025.07.28	20:00:00	74.878	74.885	74.873	74.878	25	0	3
2025.07.28	20:15:00	74.878	74.879	74.867	74.867	24	0	3
2025.07.28	20:30:00	74.869	74.876	74.857	74.872	35	0	2
2025.07.28	20:45:00	74.868	74.890	74.861	74.875	51	0	3
2025.07.28	21:00:00	74.871	74.873	74.845	74.848	14	0	14
2025.07.28	21:15:00	74.847	74.863	74.847	74.859	14	0	24
2025.07.28	21:30:00	74.859	74.861	74.853	74.858	14	0	15
2025.07.28	21:45:00	74.858	74.860	74.845	74.845	15	0	15
2025.07.28	22:00:00	74.866	74.879	74.858	74.864	29	0	3
2025.07.28	22:15:00	74.865	74.865	74.850	74.861	27	0	2
2025.07.28	22:30:00	74.860	74.863	74.845	74.853	25	0	2
2025.07.28	22:45:00	74.851	74.851	74.844	74.844	21	0	2
2025.07.28	23:00:00	74.847	74.850	74.840	74.848	23	0	3
2025.07.28	23:15:00	74.845	74.872	74.845	74.867	25	0	3
2025.07.28	23:30:00	74.869	74.873	74.852	74.856	26	0	2
2025.07.28	23:45:00	74.856	74.856	74.847	74.850	20	0	2
2025.07.29	00:00:00	74.854	74.885	74.854	74.880	54	0	2
2025.07.29	00:15:00	74.883	74.904	74.869	74.894	44	0	2
2025.07.29	00:30:00	74.894	74.899	74.880	74.886	33	0	2
2025.07.29	00:45:00	74.890	74.932	74.886	74.931	67	0	2
2025.07.29	01:00:00	74.928	74.930	74.896	74.904	74	0	2
2025.07.29	01:15:00	74.900	74.907	74.858	74.881	59	0	2
2025.07.29	01:30:00	74.884	74.895	74.864	74.875	68	0	2
2025.07.29	01:45:00	74.871	74.918	74.864	74.906	56	0	3
2025.07.29	02:00:00	74.902	74.909	74.871	74.875	72	0	2
2025.07.29	02:15:00	74.872	74.891	74.869	74.879	56	0	2
2025.07.29	02:30:00	74.875	74.892	74.872	74.880	57	0	2
2025.07.29	02:45:00	74.877	74.880	74.867	74.870	45	0	3
2025.07.29	03:00:00	74.873	74.893	74.862	74.889	44	0	3
2025.07.29	03:15:00	74.886	74.908	74.886	74.903	26	0	3
2025.07.29	03:30:00	74.907	74.939	74.904	74.935	69	0	2
2025.07.29	03:45:00	74.931	74.956	74.929	74.956	45	0	3
2025.07.29	04:00:00	74.953	74.957	74.936	74.953	38	0	3
2025.07.29	04:15:00	74.953	74.976	74.948	74.962	50	0	3
2025.07.29	04:30:00	74.959	74.980	74.950	74.950	38	0	2
2025.07.29	04:45:00	74.954	74.954	74.902	74.906	45	0	2
2025.07.29	05:00:00	74.910	74.938	74.910	74.934	35	0	3
2025.07.29	05:15:00	74.937	74.937	74.895	74.907	39	0	3
2025.07.29	05:30:00	74.904	74.908	74.884	74.894	45	0	2
2025.07.29	05:45:00	74.897	74.935	74.897	74.913	57	0	2
2025.07.29	06:00:00	74.916	74.940	74.890	74.890	111	0	2
2025.07.29	06:15:00	74.893	74.939	74.885	74.936	99	0	3
2025.07.29	06:30:00	74.939	75.031	74.939	74.969	186	0	2
2025.07.29	06:45:00	74.973	75.050	74.973	75.033	246	0	2
2025.07.29	07:00:00	75.030	75.054	74.982	75.045	199	0	3
2025.07.29	07:15:00	75.049	75.065	75.004	75.060	140	0	2
2025.07.29	07:30:00	75.064	75.097	75.053	75.093	115	0	2
2025.07.29	07:45:00	75.089	75.094	75.000	75.000	112	0	3
2025.07.29	08:00:00	75.004	75.023	74.946	74.947	123	0	2
2025.07.29	08:15:00	74.943	74.971	74.913	74.967	101	0	2
2025.07.29	08:30:00	74.970	74.992	74.940	74.957	105	0	3
2025.07.29	08:45:00	74.954	74.963	74.938	74.949	82	0	2
2025.07.29	09:00:00	74.946	74.946	74.913	74.919	103	0	3
2025.07.29	09:15:00	74.922	74.936	74.880	74.884	86	0	2
2025.07.29	09:30:00	74.888	74.917	74.872	74.872	88	0	2
2025.07.29	09:45:00	74.869	74.901	74.857	74.884	89	0	2
2025.07.29	10:00:00	74.887	74.901	74.869	74.886	86	0	2
2025.07.29	10:15:00	74.890	74.895	74.840	74.841	91	0	2
2025.07.29	10:30:00	74.838	74.873	74.838	74.850	76	0	2
2025.07.29	10:45:00	74.846	74.907	74.842	74.903	81	0	2
2025.07.29	11:00:00	74.900	74.936	74.896	74.898	88	0	2
2025.07.29	11:15:00	74.901	74.926	74.889	74.924	77	0	3
2025.07.29	11:30:00	74.928	75.034	74.921	75.002	142	0	2
2025.07.29	11:45:00	74.999	75.005	74.959	74.961	127	0	2
2025.07.29	12:00:00	74.957	75.006	74.939	74.975	141	0	2
2025.07.29	12:15:00	74.972	75.015	74.949	75.004	174	0	2
2025.07.29	12:30:00	75.008	75.040	75.004	75.025	134	0	2
2025.07.29	12:45:00	75.022	75.097	75.020	75.097	110	0	2
2025.07.29	13:00:00	75.101	75.142	75.069	75.135	159	0	2
2025.07.29	13:15:00	75.132	75.143	75.085	75.090	109	0	2
2025.07.29	13:30:00	75.087	75.136	75.060	75.072	186	0	2
2025.07.29	13:45:00	75.069	75.115	75.040	75.040	169	0	2
2025.07.29	14:00:00	75.037	75.132	75.019	75.072	272	0	2
2025.07.29	14:15:00	75.068	75.090	74.997	75.042	234	0	2
2025.07.29	14:30:00	75.046	75.060	74.977	75.020	224	0	2
2025.07.29	14:45:00	75.024	75.082	74.994	75.028	287	0	2
2025.07.29	15:00:00	75.025	75.039	74.972	75.002	190	0	2
2025.07.29	15:15:00	74.999	75.003	74.962	74.971	109	0	3
2025.07.29	15:30:00	74.968	74.993	74.957	74.986	143	0	2
2025.07.29	15:45:00	74.982	74.984	74.939	74.969	93	0	2
2025.07.29	16:00:00	74.972	74.972	74.939	74.941	69	0	2
2025.07.29	16:15:00	74.938	74.955	74.918	74.952	80	0	2
2025.07.29	16:30:00	74.955	74.967	74.934	74.937	65	0	2
2025.07.29	16:45:00	74.933	74.968	74.921	74.968	91	0	2
2025.07.29	17:00:00	74.972	74.976	74.934	74.938	82	0	2
2025.07.29	17:15:00	74.935	74.940	74.890	74.926	106	0	2
2025.07.29	17:30:00	74.923	74.959	74.922	74.955	74	0	2
2025.07.29	17:45:00	74.952	74.974	74.947	74.965	66	0	2
2025.07.29	18:00:00	74.961	74.986	74.956	74.969	71	0	2
2025.07.29	18:15:00	74.966	74.966	74.945	74.953	35	0	3
2025.07.29	18:30:00	74.950	74.951	74.884	74.887	76	0	2
2025.07.29	18:45:00	74.883	74.898	74.872	74.872	65	0	2
2025.07.29	19:00:00	74.875	74.890	74.868	74.872	42	0	2
2025.07.29	19:15:00	74.875	74.883	74.826	74.837	91	0	2
2025.07.29	19:30:00	74.841	74.878	74.834	74.863	45	0	2
2025.07.29	19:45:00	74.859	74.869	74.850	74.869	39	0	3
2025.07.29	20:00:00	74.865	74.872	74.848	74.868	41	0	3
2025.07.29	20:15:00	74.868	74.879	74.859	74.877	27	0	3
2025.07.29	20:30:00	74.878	74.898	74.878	74.898	28	0	2
2025.07.29	20:45:00	74.901	74.922	74.896	74.897	44	0	2
2025.07.29	21:00:00	74.896	74.896	74.875	74.875	13	0	14
2025.07.29	21:15:00	74.875	74.885	74.869	74.884	14	0	23
2025.07.29	21:30:00	74.882	74.883	74.873	74.880	14	0	15
2025.07.29	21:45:00	74.881	74.886	74.876	74.882	15	0	18
2025.07.29	22:00:00	74.895	74.900	74.885	74.895	23	0	2
2025.07.29	22:15:00	74.891	74.903	74.889	74.889	21	0	3
2025.07.29	22:30:00	74.891	74.895	74.884	74.894	21	0	3
2025.07.29	22:45:00	74.896	74.896	74.885	74.890	19	0	2
2025.07.29	23:00:00	74.894	74.894	74.887	74.893	20	0	3
2025.07.29	23:15:00	74.891	74.896	74.887	74.896	17	0	3
2025.07.29	23:30:00	74.896	74.907	74.891	74.907	20	0	3
2025.07.29	23:45:00	74.904	74.904	74.885	74.885	19	0	3
2025.07.30	00:00:00	74.881	74.889	74.865	74.868	52	0	2
2025.07.30	00:15:00	74.872	74.875	74.853	74.856	41	0	2
2025.07.30	00:30:00	74.857	74.857	74.831	74.834	33	0	2
2025.07.30	00:45:00	74.839	74.857	74.813	74.818	61	0	2
2025.07.30	01:00:00	74.814	74.818	74.799	74.811	83	0	2
2025.07.30	01:15:00	74.807	74.864	74.798	74.855	47	0	2
2025.07.30	01:30:00	74.858	74.868	74.846	74.857	71	0	2
2025.07.30	01:45:00	74.861	74.869	74.851	74.866	48	0	2
2025.07.30	02:00:00	74.869	74.869	74.822	74.826	46	0	2
2025.07.30	02:15:00	74.827	74.851	74.826	74.851	30	0	2
2025.07.30	02:30:00	74.855	74.876	74.851	74.876	36	0	2
2025.07.30	02:45:00	74.875	74.875	74.839	74.851	35	0	2
2025.07.30	03:00:00	74.847	74.847	74.801	74.819	41	0	3
2025.07.30	03:15:00	74.817	74.837	74.806	74.833	44	0	3
2025.07.30	03:30:00	74.837	74.866	74.837	74.860	48	0	2
2025.07.30	03:45:00	74.863	74.868	74.850	74.852	29	0	2
2025.07.30	04:00:00	74.851	74.898	74.851	74.881	53	0	2
2025.07.30	04:15:00	74.884	74.894	74.869	74.876	42	0	2
2025.07.30	04:30:00	74.879	74.889	74.870	74.886	34	0	3
2025.07.30	04:45:00	74.885	74.907	74.885	74.900	34	0	3
2025.07.30	05:00:00	74.904	74.917	74.892	74.912	35	0	2
2025.07.30	05:15:00	74.909	74.916	74.896	74.910	48	0	2
2025.07.30	05:30:00	74.908	74.908	74.874	74.888	45	0	2
2025.07.30	05:45:00	74.892	74.921	74.892	74.914	61	0	2
2025.07.30	06:00:00	74.911	74.948	74.901	74.909	104	0	2
2025.07.30	06:15:00	74.906	74.910	74.859	74.869	78	0	2
2025.07.30	06:30:00	74.873	74.874	74.848	74.874	73	0	2
2025.07.30	06:45:00	74.877	74.891	74.819	74.822	88	0	3
2025.07.30	07:00:00	74.826	74.846	74.810	74.836	153	0	2
2025.07.30	07:15:00	74.833	74.837	74.801	74.818	99	0	2
2025.07.30	07:30:00	74.814	74.850	74.811	74.831	97	0	2
2025.07.30	07:45:00	74.828	74.856	74.828	74.843	71	0	2
2025.07.30	08:00:00	74.840	74.846	74.815	74.843	93	0	2
2025.07.30	08:15:00	74.846	74.855	74.821	74.824	82	0	2
2025.07.30	08:30:00	74.821	74.838	74.817	74.838	63	0	2
2025.07.30	08:45:00	74.834	74.834	74.800	74.807	43	0	2
2025.07.30	09:00:00	74.810	74.816	74.748	74.774	93	0	2
2025.07.30	09:15:00	74.770	74.789	74.732	74.756	108	0	2
2025.07.30	09:30:00	74.752	74.787	74.749	74.787	71	0	3
2025.07.30	09:45:00	74.783	74.790	74.725	74.731	105	0	2
2025.07.30	10:00:00	74.734	74.755	74.704	74.727	98	0	2
2025.07.30	10:15:00	74.730	74.794	74.723	74.790	72	0	2
2025.07.30	10:30:00	74.793	74.837	74.790	74.824	84	0	2
2025.07.30	10:45:00	74.821	74.834	74.811	74.830	69	0	2
2025.07.30	11:00:00	74.833	74.849	74.816	74.845	65	0	2
2025.07.30	11:15:00	74.849	74.852	74.824	74.838	57	0	3
2025.07.30	11:30:00	74.841	74.864	74.827	74.840	53	0	3
2025.07.30	11:45:00	74.837	74.840	74.773	74.773	72	0	2
2025.07.30	12:00:00	74.770	74.828	74.741	74.812	131	0	2
2025.07.30	12:15:00	74.808	74.893	74.808	74.883	233	0	2
2025.07.30	12:30:00	74.886	75.064	74.883	75.029	463	0	2
2025.07.30	12:45:00	75.025	75.143	75.011	75.135	365	0	2
2025.07.30	13:00:00	75.138	75.218	75.108	75.207	290	0	2
2025.07.30	13:15:00	75.210	75.217	75.164	75.210	189	0	3
2025.07.30	13:30:00	75.213	75.249	75.185	75.244	224	0	3
2025.07.30	13:45:00	75.247	75.328	75.216	75.288	247	0	3
2025.07.30	14:00:00	75.291	75.305	75.244	75.252	248	0	3
2025.07.30	14:15:00	75.249	75.285	75.216	75.267	135	0	3
2025.07.30	14:30:00	75.263	75.274	75.240	75.256	129	0	3
2025.07.30	14:45:00	75.253	75.280	75.222	75.240	164	0	3
2025.07.30	15:00:00	75.243	75.296	75.233	75.247	151	0	3
2025.07.30	15:15:00	75.250	75.273	75.239	75.269	117	0	3
2025.07.30	15:30:00	75.272	75.315	75.265	75.313	106	0	3
2025.07.30	15:45:00	75.309	75.348	75.296	75.340	97	0	3
2025.07.30	16:00:00	75.337	75.357	75.326	75.330	78	0	3
2025.07.30	16:15:00	75.326	75.338	75.317	75.325	93	0	3
2025.07.30	16:30:00	75.321	75.337	75.317	75.327	49	0	3
2025.07.30	16:45:00	75.324	75.327	75.290	75.290	60	0	3
2025.07.30	17:00:00	75.286	75.298	75.257	75.260	75	0	3
2025.07.30	17:15:00	75.264	75.279	75.255	75.275	51	0	3
2025.07.30	17:30:00	75.279	75.288	75.249	75.270	69	0	3
2025.07.30	17:45:00	75.274	75.277	75.229	75.234	95	0	3
2025.07.30	18:00:00	75.230	75.258	75.148	75.217	562	0	2
2025.07.30	18:15:00	75.220	75.259	75.197	75.197	213	0	3
2025.07.30	18:30:00	75.194	75.355	75.113	75.352	1248	0	2
2025.07.30	18:45:00	75.349	75.532	75.335	75.532	680	0	3
2025.07.30	19:00:00	75.536	75.573	75.463	75.498	449	0	3
2025.07.30	19:15:00	75.495	75.597	75.493	75.579	264	0	3
2025.07.30	19:30:00	75.575	75.575	75.487	75.501	213	0	3
2025.07.30	19:45:00	75.498	75.514	75.484	75.499	142	0	3
2025.07.30	20:00:00	75.495	75.496	75.446	75.484	85	0	3
2025.07.30	20:15:00	75.488	75.535	75.483	75.510	85	0	3
2025.07.30	20:30:00	75.506	75.514	75.488	75.514	70	0	3
2025.07.30	20:45:00	75.517	75.552	75.510	75.533	124	0	3
2025.07.30	21:00:00	75.535	75.535	75.523	75.530	12	0	15
2025.07.30	21:15:00	75.528	75.529	75.519	75.528	14	0	22
2025.07.30	21:30:00	75.529	75.544	75.529	75.544	15	0	15
2025.07.30	21:45:00	75.544	75.545	75.526	75.540	15	0	8
2025.07.30	22:00:00	75.536	75.537	75.499	75.500	34	0	3
2025.07.30	22:15:00	75.497	75.502	75.483	75.484	28	0	3
2025.07.30	22:30:00	75.481	75.481	75.457	75.459	37	0	3
2025.07.30	22:45:00	75.463	75.463	75.442	75.449	25	0	3
2025.07.30	23:00:00	75.452	75.476	75.452	75.471	40	0	3
2025.07.30	23:15:00	75.467	75.467	75.442	75.452	53	0	3
2025.07.30	23:30:00	75.451	75.454	75.429	75.429	31	0	3
2025.07.30	23:45:00	75.426	75.436	75.421	75.436	23	0	3
2025.07.31	00:00:00	75.440	75.469	75.427	75.466	108	0	3
2025.07.31	00:15:00	75.470	75.503	75.469	75.485	96	0	3
2025.07.31	00:30:00	75.481	75.485	75.454	75.465	58	0	3
2025.07.31	00:45:00	75.468	75.481	75.454	75.462	69	0	3
2025.07.31	01:00:00	75.459	75.515	75.459	75.462	99	0	3
2025.07.31	01:15:00	75.466	75.495	75.446	75.456	93	0	3
2025.07.31	01:30:00	75.452	75.465	75.420	75.420	98	0	3
2025.07.31	01:45:00	75.424	75.465	75.424	75.428	107	0	3
2025.07.31	02:00:00	75.425	75.437	75.415	75.421	89	0	3
2025.07.31	02:15:00	75.416	75.432	75.407	75.423	57	0	3
2025.07.31	02:30:00	75.426	75.456	75.420	75.449	59	0	3
2025.07.31	02:45:00	75.453	75.454	75.402	75.414	79	0	3
2025.07.31	03:00:00	75.410	75.444	75.395	75.443	71	0	3
2025.07.31	03:15:00	75.445	75.490	75.436	75.469	85	0	3
2025.07.31	03:30:00	75.465	75.470	75.428	75.435	89	0	3
2025.07.31	03:45:00	75.438	75.449	75.411	75.417	50	0	3
2025.07.31	04:00:00	75.414	75.431	75.405	75.410	61	0	3
2025.07.31	04:15:00	75.415	75.427	75.413	75.420	48	0	3
2025.07.31	04:30:00	75.417	75.437	75.389	75.397	82	0	3
2025.07.31	04:45:00	75.401	75.401	75.357	75.361	57	0	3
2025.07.31	05:00:00	75.364	75.380	75.349	75.353	57	0	3
2025.07.31	05:15:00	75.349	75.363	75.343	75.361	52	0	3
2025.07.31	05:30:00	75.364	75.387	75.362	75.380	54	0	3
2025.07.31	05:45:00	75.383	75.388	75.365	75.388	55	0	3
2025.07.31	06:00:00	75.392	75.398	75.365	75.371	98	0	3
2025.07.31	06:15:00	75.368	75.368	75.307	75.332	95	0	3
2025.07.31	06:30:00	75.335	75.374	75.319	75.338	129	0	3
2025.07.31	06:45:00	75.341	75.359	75.289	75.309	167	0	3
2025.07.31	07:00:00	75.313	75.357	75.307	75.329	134	0	3
2025.07.31	07:15:00	75.333	75.449	75.333	75.449	111	0	3
2025.07.31	07:30:00	75.446	75.479	75.426	75.479	98	0	3
2025.07.31	07:45:00	75.482	75.501	75.405	75.419	142	0	3
2025.07.31	08:00:00	75.416	75.437	75.408	75.431	153	0	3
2025.07.31	08:15:00	75.435	75.514	75.435	75.502	116	0	3
2025.07.31	08:30:00	75.505	75.530	75.472	75.524	115	0	3
2025.07.31	08:45:00	75.520	75.523	75.466	75.472	76	0	3
2025.07.31	09:00:00	75.476	75.515	75.476	75.477	83	0	3
2025.07.31	09:15:00	75.474	75.526	75.470	75.526	94	0	3
2025.07.31	09:30:00	75.529	75.574	75.498	75.574	96	0	3
2025.07.31	09:45:00	75.571	75.588	75.547	75.588	73	0	3
2025.07.31	10:00:00	75.592	75.634	75.561	75.618	88	0	3
2025.07.31	10:15:00	75.621	75.665	75.607	75.665	96	0	3
2025.07.31	10:30:00	75.662	75.699	75.651	75.651	87	0	3
2025.07.31	10:45:00	75.648	75.663	75.590	75.592	106	0	3
2025.07.31	11:00:00	75.595	75.626	75.553	75.573	143	0	3
2025.07.31	11:15:00	75.573	75.610	75.557	75.603	90	0	3
2025.07.31	11:30:00	75.599	75.603	75.539	75.558	109	0	3
2025.07.31	11:45:00	75.555	75.606	75.516	75.530	94	0	3
2025.07.31	12:00:00	75.534	75.594	75.525	75.591	94	0	3
2025.07.31	12:15:00	75.587	75.630	75.558	75.576	134	0	3
2025.07.31	12:30:00	75.582	75.660	75.582	75.650	346	0	3
2025.07.31	12:45:00	75.647	75.705	75.643	75.661	165	0	3
2025.07.31	13:00:00	75.664	75.735	75.650	75.729	252	0	3
2025.07.31	13:15:00	75.726	75.786	75.718	75.779	145	0	3
2025.07.31	13:30:00	75.783	75.790	75.746	75.785	149	0	3
2025.07.31	13:45:00	75.782	75.827	75.767	75.819	176	0	3
2025.07.31	14:00:00	75.822	75.838	75.770	75.773	180	0	3
2025.07.31	14:15:00	75.777	75.777	75.677	75.682	199	0	3
2025.07.31	14:30:00	75.678	75.689	75.631	75.635	208	0	3
2025.07.31	14:45:00	75.638	75.681	75.530	75.574	488	0	3
2025.07.31	15:00:00	75.571	75.615	75.547	75.578	229	0	3
2025.07.31	15:15:00	75.574	75.622	75.545	75.622	148	0	3
2025.07.31	15:30:00	75.619	75.627	75.564	75.626	166	0	3
2025.07.31	15:45:00	75.622	75.652	75.608	75.642	136	0	3
2025.07.31	16:00:00	75.646	75.657	75.587	75.590	140	0	3
2025.07.31	16:15:00	75.587	75.604	75.543	75.569	107	0	3
2025.07.31	16:30:00	75.565	75.614	75.552	75.593	107	0	3
2025.07.31	16:45:00	75.596	75.629	75.585	75.626	106	0	3
2025.07.31	17:00:00	75.630	75.659	75.626	75.652	91	0	3
2025.07.31	17:15:00	75.655	75.700	75.655	75.695	82	0	3
2025.07.31	17:30:00	75.699	75.708	75.660	75.689	81	0	3
2025.07.31	17:45:00	75.692	75.741	75.679	75.736	88	0	3
2025.07.31	18:00:00	75.739	75.760	75.699	75.709	96	0	3
2025.07.31	18:15:00	75.713	75.719	75.664	75.674	73	0	3
2025.07.31	18:30:00	75.677	75.677	75.622	75.626	74	0	3
2025.07.31	18:45:00	75.630	75.658	75.618	75.646	62	0	3
2025.07.31	19:00:00	75.643	75.660	75.622	75.635	67	0	3
2025.07.31	19:15:00	75.638	75.638	75.619	75.627	37	0	3
2025.07.31	19:30:00	75.630	75.630	75.601	75.617	65	0	3
2025.07.31	19:45:00	75.613	75.720	75.613	75.720	88	0	3
2025.07.31	20:00:00	75.723	75.735	75.695	75.717	60	0	3
2025.07.31	20:15:00	75.717	75.721	75.704	75.707	31	0	3
2025.07.31	20:30:00	75.706	75.734	75.706	75.734	32	0	3
2025.07.31	20:45:00	75.737	75.757	75.708	75.724	118	0	3
2025.07.31	21:00:00	75.720	75.720	75.682	75.690	15	0	15
2025.07.31	21:15:00	75.690	75.702	75.678	75.698	14	0	34
2025.07.31	21:30:00	75.697	75.703	75.697	75.702	14	0	15
2025.07.31	21:45:00	75.701	75.711	75.696	75.698	15	0	19
2025.08.03	21:00:00	75.236	75.244	75.233	75.235	10	0	72
2025.08.03	21:15:00	75.228	75.257	75.228	75.231	14	0	53
2025.08.03	21:30:00	75.254	75.270	75.252	75.270	15	0	39
2025.08.03	21:45:00	75.271	75.282	75.265	75.281	14	0	32
2025.08.03	22:00:00	75.271	75.315	75.267	75.308	37	0	5
2025.08.03	22:15:00	75.314	75.324	75.290	75.311	47	0	3
2025.08.03	22:30:00	75.317	75.331	75.305	75.315	45	0	3
2025.08.03	22:45:00	75.318	75.332	75.306	75.308	50	0	3
2025.08.03	23:00:00	75.305	75.320	75.291	75.295	62	0	3
2025.08.03	23:15:00	75.291	75.322	75.291	75.306	51	0	3
2025.08.03	23:30:00	75.303	75.304	75.263	75.263	37	0	3
2025.08.03	23:45:00	75.259	75.259	75.231	75.238	68	0	3
2025.08.04	00:00:00	75.234	75.336	75.227	75.335	140	0	3
2025.08.04	00:15:00	75.332	75.382	75.329	75.371	104	0	3
2025.08.04	00:30:00	75.374	75.416	75.374	75.404	140	0	3
2025.08.04	00:45:00	75.401	75.422	75.390	75.404	116	0	3
2025.08.04	01:00:00	75.408	75.430	75.386	75.426	123	0	3
2025.08.04	01:15:00	75.423	75.449	75.399	75.431	121	0	3
2025.08.04	01:30:00	75.428	75.439	75.379	75.386	125	0	3
2025.08.04	01:45:00	75.383	75.383	75.314	75.320	109	0	3
2025.08.04	02:00:00	75.316	75.340	75.286	75.296	110	0	3
2025.08.04	02:15:00	75.292	75.296	75.274	75.295	74	0	3
2025.08.04	02:30:00	75.292	75.312	75.278	75.290	80	0	3
2025.08.04	02:45:00	75.293	75.318	75.286	75.291	59	0	3
2025.08.04	03:00:00	75.287	75.288	75.245	75.259	76	0	3
2025.08.04	03:15:00	75.255	75.284	75.252	75.265	69	0	3
2025.08.04	03:30:00	75.268	75.289	75.257	75.284	64	0	3
2025.08.04	03:45:00	75.288	75.288	75.263	75.283	57	0	3
2025.08.04	04:00:00	75.287	75.289	75.258	75.272	47	0	3
2025.08.04	04:15:00	75.276	75.276	75.261	75.264	42	0	3
2025.08.04	04:30:00	75.260	75.300	75.255	75.286	61	0	3
2025.08.04	04:45:00	75.290	75.311	75.280	75.311	49	0	3
2025.08.04	05:00:00	75.314	75.328	75.281	75.307	71	0	3
2025.08.04	05:15:00	75.310	75.331	75.285	75.297	60	0	3
2025.08.04	05:30:00	75.300	75.335	75.297	75.324	60	0	3
2025.08.04	05:45:00	75.327	75.357	75.321	75.325	87	0	3
2025.08.04	06:00:00	75.321	75.347	75.273	75.274	152	0	3
2025.08.04	06:15:00	75.278	75.359	75.236	75.347	139	0	3
2025.08.04	06:30:00	75.344	75.347	75.256	75.267	154	0	3
2025.08.04	06:45:00	75.271	75.281	75.239	75.276	128	0	3
2025.08.04	07:00:00	75.273	75.345	75.271	75.335	196	0	3
2025.08.04	07:15:00	75.331	75.379	75.310	75.358	174	0	3
2025.08.04	07:30:00	75.361	75.385	75.328	75.334	150	0	3
2025.08.04	07:45:00	75.338	75.349	75.283	75.317	144	0	3
2025.08.04	08:00:00	75.320	75.349	75.307	75.317	136	0	3
2025.08.04	08:15:00	75.320	75.354	75.320	75.329	121	0	3
2025.08.04	08:30:00	75.332	75.371	75.319	75.369	111	0	3
2025.08.04	08:45:00	75.373	75.381	75.306	75.312	91	0	3
2025.08.04	09:00:00	75.309	75.324	75.229	75.240	124	0	3
2025.08.04	09:15:00	75.236	75.246	75.198	75.206	97	0	3
2025.08.04	09:30:00	75.203	75.207	75.154	75.170	85	0	2
2025.08.04	09:45:00	75.167	75.233	75.167	75.229	129	0	2
2025.08.04	10:00:00	75.226	75.283	75.222	75.277	94	0	3
2025.08.04	10:15:00	75.281	75.352	75.277	75.321	94	0	3
2025.08.04	10:30:00	75.324	75.334	75.289	75.297	100	0	3
2025.08.04	10:45:00	75.300	75.307	75.197	75.205	146	0	3
2025.08.04	11:00:00	75.202	75.202	75.120	75.124	179	0	2
2025.08.04	11:15:00	75.128	75.169	75.108	75.155	123	0	3
2025.08.04	11:30:00	75.152	75.235	75.152	75.220	120	0	3
2025.08.04	11:45:00	75.223	75.237	75.191	75.215	107	0	2
2025.08.04	12:00:00	75.211	75.283	75.204	75.254	155	0	3
2025.08.04	12:15:00	75.257	75.261	75.158	75.159	157	0	3
2025.08.04	12:30:00	75.163	75.179	75.138	75.151	160	0	2
2025.08.04	12:45:00	75.148	75.217	75.122	75.200	140	0	2
2025.08.04	13:00:00	75.204	75.211	75.112	75.123	188	0	2
2025.08.04	13:15:00	75.127	75.155	75.123	75.138	174	0	3
2025.08.04	13:30:00	75.141	75.182	75.130	75.159	236	0	3
2025.08.04	13:45:00	75.162	75.184	75.130	75.175	210	0	2
2025.08.04	14:00:00	75.171	75.181	75.097	75.113	281	0	2
2025.08.04	14:15:00	75.110	75.131	75.019	75.040	206	0	2
2025.08.04	14:30:00	75.037	75.065	75.013	75.056	198	0	2
2025.08.04	14:45:00	75.059	75.258	75.053	75.223	403	0	2
2025.08.04	15:00:00	75.227	75.268	75.193	75.218	257	0	3
2025.08.04	15:15:00	75.215	75.303	75.194	75.301	202	0	3
2025.08.04	15:30:00	75.298	75.307	75.236	75.247	182	0	3
2025.08.04	15:45:00	75.244	75.269	75.212	75.258	141	0	3
2025.08.04	16:00:00	75.255	75.304	75.227	75.266	138	0	3
2025.08.04	16:15:00	75.263	75.313	75.262	75.262	95	0	3
2025.08.04	16:30:00	75.265	75.296	75.252	75.267	109	0	3
2025.08.04	16:45:00	75.271	75.277	75.236	75.269	86	0	3
2025.08.04	17:00:00	75.272	75.307	75.267	75.297	81	0	3
2025.08.04	17:15:00	75.300	75.303	75.269	75.295	56	0	3
2025.08.04	17:30:00	75.294	75.320	75.280	75.317	63	0	3
2025.08.04	17:45:00	75.314	75.318	75.275	75.289	92	0	3
2025.08.04	18:00:00	75.286	75.298	75.275	75.292	70	0	3
2025.08.04	18:15:00	75.296	75.307	75.270	75.299	63	0	3
2025.08.04	18:30:00	75.296	75.335	75.295	75.315	71	0	3
2025.08.04	18:45:00	75.311	75.330	75.307	75.322	79	0	3
2025.08.04	19:00:00	75.318	75.335	75.302	75.317	62	0	3
2025.08.04	19:15:00	75.320	75.320	75.292	75.296	40	0	3
2025.08.04	19:30:00	75.293	75.323	75.290	75.319	48	0	3
2025.08.04	19:45:00	75.323	75.342	75.316	75.321	67	0	3
2025.08.04	20:00:00	75.317	75.328	75.284	75.284	53	0	3
2025.08.04	20:15:00	75.287	75.287	75.258	75.264	38	0	3
2025.08.04	20:30:00	75.261	75.277	75.261	75.274	29	0	3
2025.08.04	20:45:00	75.278	75.278	75.251	75.269	33	0	3
2025.08.04	21:00:00	75.268	75.270	75.264	75.264	14	0	6
2025.08.04	21:15:00	75.261	75.261	75.238	75.255	14	0	22
2025.08.04	21:30:00	75.254	75.254	75.245	75.252	15	0	15
2025.08.04	21:45:00	75.251	75.261	75.248	75.251	15	0	15
2025.08.04	22:00:00	75.278	75.278	75.232	75.240	30	0	3
2025.08.04	22:15:00	75.243	75.243	75.230	75.230	26	0	3
2025.08.04	22:30:00	75.233	75.244	75.222	75.233	27	0	3
2025.08.04	22:45:00	75.232	75.236	75.225	75.227	22	0	3
2025.08.04	23:00:00	75.224	75.231	75.194	75.197	36	0	3
2025.08.04	23:15:00	75.200	75.210	75.194	75.198	21	0	3
2025.08.04	23:30:00	75.194	75.209	75.188	75.205	28	0	3
2025.08.04	23:45:00	75.206	75.211	75.197	75.197	23	0	3
2025.08.05	00:00:00	75.194	75.199	75.171	75.196	60	0	2
2025.08.05	00:15:00	75.199	75.234	75.192	75.226	48	0	3
2025.08.05	00:30:00	75.229	75.241	75.220	75.230	67	0	3
2025.08.05	00:45:00	75.234	75.243	75.192	75.192	99	0	3
2025.08.05	01:00:00	75.196	75.252	75.188	75.245	99	0	3
2025.08.05	01:15:00	75.248	75.255	75.224	75.237	68	0	3
2025.08.05	01:30:00	75.234	75.253	75.213	75.220	66	0	3
2025.08.05	01:45:00	75.217	75.253	75.193	75.244	88	0	3
2025.08.05	02:00:00	75.248	75.284	75.248	75.269	60	0	3
2025.08.05	02:15:00	75.273	75.277	75.253	75.270	60	0	3
2025.08.05	02:30:00	75.273	75.295	75.273	75.287	64	0	3
2025.08.05	02:45:00	75.283	75.289	75.273	75.277	47	0	3
2025.08.05	03:00:00	75.274	75.285	75.273	75.279	37	0	3
2025.08.05	03:15:00	75.279	75.314	75.275	75.299	49	0	3
2025.08.05	03:30:00	75.296	75.308	75.284	75.285	35	0	3
2025.08.05	03:45:00	75.282	75.318	75.282	75.317	34	0	3
2025.08.05	04:00:00	75.321	75.324	75.305	75.312	33	0	3
2025.08.05	04:15:00	75.316	75.319	75.303	75.309	34	0	3
2025.08.05	04:30:00	75.310	75.310	75.285	75.285	34	0	3
2025.08.05	04:45:00	75.284	75.284	75.257	75.268	29	0	3
2025.08.05	05:00:00	75.268	75.305	75.268	75.297	43	0	3
2025.08.05	05:15:00	75.300	75.321	75.294	75.307	37	0	3
2025.08.05	05:30:00	75.303	75.350	75.303	75.322	59	0	3
2025.08.05	05:45:00	75.326	75.334	75.309	75.330	57	0	3
2025.08.05	06:00:00	75.333	75.336	75.302	75.302	65	0	3
2025.08.05	06:15:00	75.302	75.302	75.228	75.260	97	0	3
2025.08.05	06:30:00	75.264	75.302	75.262	75.299	67	0	3
2025.08.05	06:45:00	75.296	75.340	75.290	75.304	89	0	3
2025.08.05	07:00:00	75.307	75.311	75.246	75.267	140	0	3
2025.08.05	07:15:00	75.264	75.264	75.212	75.233	110	0	3
2025.08.05	07:30:00	75.230	75.302	75.221	75.288	110	0	3
2025.08.05	07:45:00	75.292	75.414	75.292	75.342	191	0	3
2025.08.05	08:00:00	75.345	75.375	75.316	75.335	156	0	3
2025.08.05	08:15:00	75.331	75.361	75.267	75.267	149	0	3
2025.08.05	08:30:00	75.263	75.334	75.250	75.334	133	0	3
2025.08.05	08:45:00	75.338	75.363	75.300	75.300	124	0	3
2025.08.05	09:00:00	75.297	75.316	75.233	75.237	133	0	3
2025.08.05	09:15:00	75.241	75.262	75.215	75.259	89	0	3
2025.08.05	09:30:00	75.262	75.306	75.253	75.289	74	0	3
2025.08.05	09:45:00	75.286	75.286	75.227	75.230	109	0	3
2025.08.05	10:00:00	75.233	75.273	75.216	75.245	117	0	3
2025.08.05	10:15:00	75.249	75.283	75.220	75.258	117	0	3
2025.08.05	10:30:00	75.262	75.273	75.229	75.232	86	0	3
2025.08.05	10:45:00	75.235	75.266	75.214	75.263	89	0	3
2025.08.05	11:00:00	75.267	75.336	75.267	75.334	81	0	3
2025.08.05	11:15:00	75.338	75.353	75.271	75.308	88	0	3
2025.08.05	11:30:00	75.312	75.377	75.294	75.348	142	0	3
2025.08.05	11:45:00	75.351	75.351	75.289	75.296	94	0	3
2025.08.05	12:00:00	75.293	75.329	75.273	75.305	172	0	3
2025.08.05	12:15:00	75.302	75.353	75.271	75.317	266	0	3
2025.08.05	12:30:00	75.313	75.347	75.267	75.275	192	0	3
2025.08.05	12:45:00	75.271	75.311	75.248	75.289	143	0	3
2025.08.05	13:00:00	75.286	75.305	75.262	75.288	155	0	3
2025.08.05	13:15:00	75.291	75.291	75.214	75.227	128	0	3
2025.08.05	13:30:00	75.224	75.275	75.213	75.265	212	0	3
2025.08.05	13:45:00	75.268	75.365	75.258	75.317	235	0	3
2025.08.05	14:00:00	75.312	75.337	75.225	75.326	715	0	3
2025.08.05	14:15:00	75.322	75.365	75.284	75.312	347	0	3
2025.08.05	14:30:00	75.308	75.344	75.266	75.272	242	0	3
2025.08.05	14:45:00	75.269	75.333	75.241	75.244	255	0	3
2025.08.05	15:00:00	75.247	75.248	75.140	75.167	228	0	3
2025.08.05	15:15:00	75.170	75.198	75.159	75.183	129	0	3
2025.08.05	15:30:00	75.180	75.203	75.149	75.149	185	0	3
2025.08.05	15:45:00	75.146	75.182	75.134	75.144	121	0	3
2025.08.05	16:00:00	75.148	75.151	75.113	75.129	112	0	2
2025.08.05	16:15:00	75.126	75.148	75.108	75.109	90	0	2
2025.08.05	16:30:00	75.105	75.152	75.097	75.151	85	0	2
2025.08.05	16:45:00	75.148	75.162	75.132	75.132	91	0	3
2025.08.05	17:00:00	75.136	75.149	75.099	75.127	86	0	2
2025.08.05	17:15:00	75.123	75.131	75.104	75.113	57	0	2
2025.08.05	17:30:00	75.110	75.148	75.106	75.132	72	0	3
2025.08.05	17:45:00	75.136	75.179	75.133	75.162	70	0	2
2025.08.05	18:00:00	75.158	75.190	75.155	75.189	63	0	2
2025.08.05	18:15:00	75.193	75.196	75.178	75.188	53	0	3
2025.08.05	18:30:00	75.191	75.201	75.175	75.191	85	0	3
2025.08.05	18:45:00	75.194	75.235	75.189	75.216	85	0	3
2025.08.05	19:00:00	75.220	75.247	75.215	75.230	68	0	3
2025.08.05	19:15:00	75.233	75.248	75.228	75.239	42	0	3
2025.08.05	19:30:00	75.242	75.242	75.223	75.223	36	0	3
2025.08.05	19:45:00	75.226	75.226	75.205	75.210	47	0	3
2025.08.05	20:00:00	75.206	75.225	75.195	75.222	34	0	3
2025.08.05	20:15:00	75.222	75.228	75.215	75.223	25	0	3
2025.08.05	20:30:00	75.221	75.228	75.183	75.183	32	0	3
2025.08.05	20:45:00	75.179	75.197	75.175	75.176	51	0	3
2025.08.05	21:00:00	75.170	75.170	75.162	75.167	14	0	32
2025.08.05	21:15:00	75.169	75.174	75.163	75.174	14	0	40
2025.08.05	21:30:00	75.174	75.210	75.174	75.210	15	0	15
2025.08.05	21:45:00	75.212	75.214	75.175	75.175	16	0	8
2025.08.05	22:00:00	75.202	75.215	75.198	75.214	17	0	3
2025.08.05	22:15:00	75.218	75.221	75.210	75.221	18	0	3
2025.08.05	22:30:00	75.222	75.231	75.217	75.217	21	0	3
2025.08.05	22:45:00	75.214	75.221	75.193	75.203	36	0	3
2025.08.05	23:00:00	75.207	75.207	75.193	75.199	23	0	3
2025.08.05	23:15:00	75.199	75.210	75.191	75.194	26	0	3
2025.08.05	23:30:00	75.191	75.203	75.186	75.189	26	0	3
2025.08.05	23:45:00	75.188	75.196	75.179	75.196	28	0	3
2025.08.06	00:00:00	75.199	75.199	75.152	75.169	70	0	2
2025.08.06	00:15:00	75.165	75.177	75.156	75.177	43	0	3
2025.08.06	00:30:00	75.180	75.182	75.164	75.176	32	0	3
2025.08.06	00:45:00	75.179	75.187	75.170	75.180	48	0	2
2025.08.06	01:00:00	75.183	75.198	75.181	75.193	38	0	3
2025.08.06	01:15:00	75.196	75.214	75.193	75.212	34	0	3
2025.08.06	01:30:00	75.208	75.208	75.183	75.183	31	0	3
2025.08.06	01:45:00	75.186	75.202	75.183	75.199	33	0	3
2025.08.06	02:00:00	75.196	75.208	75.190	75.197	33	0	3
2025.08.06	02:15:00	75.194	75.194	75.161	75.171	42	0	3
2025.08.06	02:30:00	75.174	75.184	75.160	75.183	41	0	3
2025.08.06	02:45:00	75.186	75.197	75.183	75.183	32	0	3
2025.08.06	03:00:00	75.180	75.181	75.156	75.161	37	0	3
2025.08.06	03:15:00	75.158	75.158	75.132	75.137	31	0	3
2025.08.06	03:30:00	75.138	75.150	75.136	75.147	29	0	3
2025.08.06	03:45:00	75.148	75.155	75.131	75.133	25	0	3
2025.08.06	04:00:00	75.136	75.143	75.113	75.143	37	0	3
2025.08.06	04:15:00	75.140	75.140	75.113	75.130	30	0	2
2025.08.06	04:30:00	75.131	75.131	75.109	75.117	33	0	3
2025.08.06	04:45:00	75.117	75.124	75.107	75.120	39	0	3
2025.08.06	05:00:00	75.123	75.160	75.119	75.148	49	0	3
2025.08.06	05:15:00	75.149	75.157	75.141	75.157	27	0	2
2025.08.06	05:30:00	75.153	75.172	75.153	75.161	29	0	3
2025.08.06	05:45:00	75.164	75.172	75.148	75.155	41	0	3
2025.08.06	06:00:00	75.158	75.166	75.139	75.159	75	0	3
2025.08.06	06:15:00	75.163	75.171	75.139	75.154	72	0	3
2025.08.06	06:30:00	75.154	75.165	75.136	75.153	84	0	2
2025.08.06	06:45:00	75.149	75.184	75.144	75.177	71	0	3
2025.08.06	07:00:00	75.174	75.213	75.164	75.206	88	0	2
2025.08.06	07:15:00	75.209	75.235	75.200	75.223	86	0	2
2025.08.06	07:30:00	75.227	75.243	75.196	75.211	61	0	3
2025.08.06	07:45:00	75.215	75.216	75.167	75.169	97	0	3
2025.08.06	08:00:00	75.172	75.211	75.172	75.196	97	0	2
2025.08.06	08:15:00	75.199	75.256	75.199	75.249	66	0	3
2025.08.06	08:30:00	75.253	75.291	75.236	75.237	110	0	3
2025.08.06	08:45:00	75.240	75.278	75.236	75.274	77	0	3
2025.08.06	09:00:00	75.278	75.279	75.253	75.253	65	0	3
2025.08.06	09:15:00	75.256	75.260	75.228	75.232	57	0	3
2025.08.06	09:30:00	75.235	75.240	75.200	75.204	58	0	3
2025.08.06	09:45:00	75.201	75.205	75.176	75.197	65	0	3
2025.08.06	10:00:00	75.200	75.211	75.130	75.138	155	0	2
2025.08.06	10:15:00	75.141	75.163	75.106	75.146	119	0	2
2025.08.06	10:30:00	75.150	75.154	75.098	75.098	80	0	3
2025.08.06	10:45:00	75.101	75.108	75.055	75.088	90	0	2
2025.08.06	11:00:00	75.091	75.120	75.059	75.066	81	0	2
2025.08.06	11:15:00	75.069	75.077	75.017	75.030	88	0	3
2025.08.06	11:30:00	75.026	75.073	75.018	75.055	89	0	2
2025.08.06	11:45:00	75.059	75.099	75.051	75.084	77	0	2
2025.08.06	12:00:00	75.081	75.136	75.081	75.133	93	0	3
2025.08.06	12:15:00	75.129	75.141	75.106	75.114	83	0	2
2025.08.06	12:30:00	75.111	75.127	75.107	75.111	53	0	2
2025.08.06	12:45:00	75.110	75.125	75.069	75.088	128	0	2
2025.08.06	13:00:00	75.092	75.092	75.023	75.023	122	0	2
2025.08.06	13:15:00	75.027	75.098	75.023	75.095	119	0	2
2025.08.06	13:30:00	75.092	75.102	75.065	75.080	168	0	2
2025.08.06	13:45:00	75.083	75.096	75.032	75.042	183	0	3
2025.08.06	14:00:00	75.045	75.114	75.045	75.075	202	0	2
2025.08.06	14:15:00	75.072	75.096	75.033	75.033	145	0	3
2025.08.06	14:30:00	75.030	75.064	75.007	75.032	143	0	2
2025.08.06	14:45:00	75.029	75.041	75.011	75.013	106	0	3
2025.08.06	15:00:00	75.017	75.028	74.936	74.942	154	0	2
2025.08.06	15:15:00	74.939	74.964	74.917	74.946	115	0	2
2025.08.06	15:30:00	74.942	75.009	74.910	74.913	348	0	2
2025.08.06	15:45:00	74.910	74.925	74.856	74.859	142	0	2
2025.08.06	16:00:00	74.856	74.885	74.842	74.851	127	0	2
2025.08.06	16:15:00	74.847	74.908	74.837	74.888	106	0	2
2025.08.06	16:30:00	74.891	74.923	74.890	74.919	82	0	2
2025.08.06	16:45:00	74.922	74.950	74.912	74.922	142	0	2
2025.08.06	17:00:00	74.919	74.930	74.855	74.874	124	0	2
2025.08.06	17:15:00	74.877	74.887	74.854	74.868	76	0	2
2025.08.06	17:30:00	74.865	74.874	74.846	74.850	77	0	2
2025.08.06	17:45:00	74.853	74.884	74.853	74.873	45	0	3
2025.08.06	18:00:00	74.877	74.880	74.822	74.822	49	0	3
2025.08.06	18:15:00	74.825	74.845	74.811	74.813	75	0	2
2025.08.06	18:30:00	74.816	74.822	74.803	74.805	59	0	2
2025.08.06	18:45:00	74.809	74.833	74.805	74.833	52	0	2
2025.08.06	19:00:00	74.837	74.837	74.822	74.826	51	0	3
2025.08.06	19:15:00	74.827	74.844	74.822	74.833	39	0	2
2025.08.06	19:30:00	74.832	74.849	74.832	74.844	30	0	2
2025.08.06	19:45:00	74.847	74.881	74.847	74.864	41	0	2
2025.08.06	20:00:00	74.861	74.877	74.849	74.877	35	0	2
2025.08.06	20:15:00	74.880	74.886	74.855	74.862	31	0	3
2025.08.06	20:30:00	74.861	74.907	74.853	74.885	73	0	2
2025.08.06	20:45:00	74.881	74.887	74.861	74.862	79	0	3
2025.08.06	21:00:00	74.858	74.863	74.854	74.854	12	0	8
2025.08.06	21:15:00	74.855	74.860	74.853	74.860	15	0	14
2025.08.06	21:30:00	74.863	74.863	74.856	74.858	14	0	14
2025.08.06	21:45:00	74.856	74.861	74.845	74.845	15	0	14
2025.08.06	22:00:00	74.853	74.865	74.844	74.855	32	0	3
2025.08.06	22:15:00	74.858	74.858	74.847	74.856	29	0	3
2025.08.06	22:30:00	74.853	74.863	74.852	74.858	17	0	3
2025.08.06	22:45:00	74.857	74.864	74.854	74.859	20	0	3
2025.08.06	23:00:00	74.859	74.865	74.854	74.864	24	0	2
2025.08.06	23:15:00	74.861	74.864	74.854	74.864	18	0	2
2025.08.06	23:30:00	74.868	74.868	74.849	74.859	28	0	3
2025.08.06	23:45:00	74.859	74.873	74.852	74.861	48	0	2
2025.08.07	00:00:00	74.864	74.904	74.860	74.890	70	0	2
2025.08.07	00:15:00	74.886	74.913	74.886	74.903	50	0	3
2025.08.07	00:30:00	74.907	74.913	74.900	74.908	34	0	2
2025.08.07	00:45:00	74.905	74.925	74.895	74.914	42	0	2
2025.08.07	01:00:00	74.918	74.929	74.900	74.906	68	0	2
2025.08.07	01:15:00	74.903	74.924	74.892	74.919	68	0	2
2025.08.07	01:30:00	74.919	74.919	74.877	74.877	55	0	2
2025.08.07	01:45:00	74.873	74.882	74.852	74.878	39	0	3
2025.08.07	02:00:00	74.875	74.885	74.848	74.856	49	0	2
2025.08.07	02:15:00	74.860	74.903	74.860	74.900	43	0	3
2025.08.07	02:30:00	74.903	74.903	74.890	74.901	28	0	3
2025.08.07	02:45:00	74.898	74.904	74.888	74.892	35	0	2
2025.08.07	03:00:00	74.891	74.898	74.887	74.894	32	0	3
2025.08.07	03:15:00	74.898	74.912	74.898	74.900	38	0	2
2025.08.07	03:30:00	74.903	74.903	74.880	74.885	32	0	2
2025.08.07	03:45:00	74.882	74.885	74.842	74.849	39	0	2
2025.08.07	04:00:00	74.853	74.859	74.820	74.830	52	0	3
2025.08.07	04:15:00	74.826	74.833	74.807	74.810	41	0	2
2025.08.07	04:30:00	74.808	74.811	74.799	74.807	32	0	2
2025.08.07	04:45:00	74.809	74.813	74.800	74.802	31	0	3
2025.08.07	05:00:00	74.799	74.813	74.788	74.813	34	0	2
2025.08.07	05:15:00	74.816	74.823	74.812	74.816	33	0	3
2025.08.07	05:30:00	74.813	74.828	74.807	74.817	36	0	3
2025.08.07	05:45:00	74.814	74.821	74.790	74.790	41	0	2
2025.08.07	06:00:00	74.786	74.814	74.786	74.804	69	0	3
2025.08.07	06:15:00	74.801	74.801	74.769	74.769	86	0	2
2025.08.07	06:30:00	74.766	74.783	74.763	74.767	54	0	2
2025.08.07	06:45:00	74.770	74.772	74.757	74.768	47	0	2
2025.08.07	07:00:00	74.771	74.787	74.762	74.784	72	0	2
2025.08.07	07:15:00	74.788	74.798	74.763	74.791	79	0	2
2025.08.07	07:30:00	74.787	74.804	74.743	74.745	88	0	2
2025.08.07	07:45:00	74.749	74.776	74.737	74.766	68	0	2
2025.08.07	08:00:00	74.770	74.811	74.738	74.791	144	0	2
2025.08.07	08:15:00	74.794	74.831	74.794	74.799	115	0	2
2025.08.07	08:30:00	74.796	74.813	74.762	74.786	92	0	2
2025.08.07	08:45:00	74.783	74.800	74.775	74.796	79	0	2
2025.08.07	09:00:00	74.793	74.812	74.785	74.803	68	0	2
2025.08.07	09:15:00	74.799	74.816	74.778	74.788	65	0	2
2025.08.07	09:30:00	74.792	74.815	74.779	74.798	71	0	2
2025.08.07	09:45:00	74.798	74.822	74.795	74.802	46	0	2
2025.08.07	10:00:00	74.805	74.813	74.776	74.796	95	0	2
2025.08.07	10:15:00	74.792	74.819	74.772	74.816	77	0	2
2025.08.07	10:30:00	74.819	74.819	74.792	74.794	52	0	3
2025.08.07	10:45:00	74.798	74.804	74.740	74.744	100	0	2
2025.08.07	11:00:00	74.747	74.764	74.449	74.472	1142	0	2
2025.08.07	11:15:00	74.469	74.588	74.462	74.574	222	0	2
2025.08.07	11:30:00	74.578	74.652	74.545	74.591	247	0	2
2025.08.07	11:45:00	74.588	74.622	74.537	74.553	213	0	2
2025.08.07	12:00:00	74.549	74.558	74.458	74.458	240	0	2
2025.08.07	12:15:00	74.462	74.488	74.423	74.485	185	0	2
2025.08.07	12:30:00	74.489	74.544	74.450	74.541	314	0	2
2025.08.07	12:45:00	74.538	74.545	74.485	74.507	193	0	2
2025.08.07	13:00:00	74.504	74.529	74.467	74.469	220	0	2
2025.08.07	13:15:00	74.466	74.522	74.453	74.489	193	0	2
2025.08.07	13:30:00	74.485	74.542	74.468	74.515	261	0	2
2025.08.07	13:45:00	74.512	74.526	74.488	74.493	160	0	2
2025.08.07	14:00:00	74.496	74.581	74.479	74.528	528	0	2
2025.08.07	14:15:00	74.531	74.596	74.531	74.552	280	0	2
2025.08.07	14:30:00	74.549	74.645	74.528	74.606	222	0	2
2025.08.07	14:45:00	74.609	74.648	74.597	74.604	200	0	2
2025.08.07	15:00:00	74.601	74.677	74.584	74.592	203	0	2
2025.08.07	15:15:00	74.588	74.596	74.542	74.542	137	0	2
2025.08.07	15:30:00	74.538	74.543	74.474	74.495	122	0	2
2025.08.07	15:45:00	74.491	74.497	74.435	74.452	132	0	2
2025.08.07	16:00:00	74.449	74.462	74.441	74.456	106	0	2
2025.08.07	16:15:00	74.453	74.490	74.441	74.458	103	0	2
2025.08.07	16:30:00	74.454	74.488	74.450	74.478	80	0	2
2025.08.07	16:45:00	74.474	74.478	74.459	74.459	43	0	2
2025.08.07	17:00:00	74.462	74.479	74.444	74.479	93	0	2
2025.08.07	17:15:00	74.482	74.503	74.458	74.479	83	0	2
2025.08.07	17:30:00	74.480	74.501	74.480	74.487	71	0	2
2025.08.07	17:45:00	74.483	74.519	74.481	74.512	59	0	2
2025.08.07	18:00:00	74.508	74.528	74.491	74.514	46	0	3
2025.08.07	18:15:00	74.514	74.545	74.508	74.532	66	0	2
2025.08.07	18:30:00	74.535	74.593	74.532	74.593	71	0	2
2025.08.07	18:45:00	74.596	74.603	74.564	74.568	68	0	2
2025.08.07	19:00:00	74.569	74.584	74.559	74.570	50	0	2
2025.08.07	19:15:00	74.566	74.569	74.539	74.539	59	0	2
2025.08.07	19:30:00	74.535	74.535	74.408	74.412	386	0	2
2025.08.07	19:45:00	74.415	74.459	74.383	74.384	209	0	2
2025.08.07	20:00:00	74.388	74.402	74.362	74.389	86	0	2
2025.08.07	20:15:00	74.390	74.390	74.357	74.359	46	0	2
2025.08.07	20:30:00	74.363	74.391	74.363	74.377	46	0	2
2025.08.07	20:45:00	74.380	74.392	74.369	74.375	73	0	2
2025.08.07	21:00:00	74.373	74.376	74.370	74.371	14	0	14
2025.08.07	21:15:00	74.374	74.377	74.371	74.374	14	0	22
2025.08.07	21:30:00	74.376	74.388	74.374	74.388	15	0	23
2025.08.07	21:45:00	74.395	74.398	74.394	74.397	14	0	8
2025.08.10	21:00:00	74.326	74.326	74.297	74.311	9	0	55
2025.08.10	21:15:00	74.299	74.351	74.299	74.339	14	0	57
2025.08.10	21:30:00	74.346	74.362	74.344	74.359	14	0	30
2025.08.10	21:45:00	74.362	74.370	74.359	74.369	13	0	28
2025.08.10	22:00:00	74.368	74.374	74.343	74.362	24	0	3
2025.08.10	22:15:00	74.369	74.373	74.363	74.373	19	0	2
2025.08.10	22:30:00	74.373	74.396	74.373	74.394	26	0	3
2025.08.10	22:45:00	74.391	74.398	74.390	74.390	20	0	2
2025.08.10	23:00:00	74.386	74.396	74.376	74.377	25	0	2
2025.08.10	23:15:00	74.373	74.378	74.364	74.378	27	0	2
2025.08.10	23:30:00	74.374	74.375	74.365	74.365	24	0	2
2025.08.10	23:45:00	74.361	74.390	74.361	74.384	26	0	2
2025.08.11	00:00:00	74.387	74.406	74.380	74.385	55	0	2
2025.08.11	00:15:00	74.388	74.399	74.374	74.397	30	0	3
2025.08.11	00:30:00	74.398	74.418	74.398	74.415	32	0	2
2025.08.11	00:45:00	74.418	74.420	74.387	74.387	50	0	2
2025.08.11	01:00:00	74.390	74.396	74.380	74.380	52	0	2
2025.08.11	01:15:00	74.383	74.384	74.368	74.369	44	0	2
2025.08.11	01:30:00	74.366	74.374	74.353	74.365	40	0	3
2025.08.11	01:45:00	74.362	74.364	74.342	74.342	36	0	2
2025.08.11	02:00:00	74.339	74.339	74.306	74.315	42	0	2
2025.08.11	02:15:00	74.314	74.324	74.300	74.305	38	0	3
2025.08.11	02:30:00	74.307	74.319	74.302	74.308	33	0	2
2025.08.11	02:45:00	74.308	74.317	74.301	74.317	26	0	3
2025.08.11	03:00:00	74.316	74.325	74.304	74.308	31	0	2
2025.08.11	03:15:00	74.307	74.307	74.269	74.284	56	0	2
2025.08.11	03:30:00	74.285	74.291	74.271	74.276	36	0	2
2025.08.11	03:45:00	74.275	74.275	74.259	74.263	27	0	2
2025.08.11	04:00:00	74.264	74.274	74.257	74.258	27	0	2
2025.08.11	04:15:00	74.254	74.265	74.250	74.263	26	0	3
2025.08.11	04:30:00	74.264	74.273	74.258	74.262	27	0	2
2025.08.11	04:45:00	74.264	74.265	74.252	74.259	31	0	2
2025.08.11	05:00:00	74.263	74.274	74.257	74.264	27	0	2
2025.08.11	05:15:00	74.263	74.266	74.241	74.253	33	0	2
2025.08.11	05:30:00	74.257	74.263	74.252	74.257	36	0	2
2025.08.11	05:45:00	74.257	74.260	74.245	74.249	35	0	2
2025.08.11	06:00:00	74.246	74.246	74.201	74.215	75	0	2
2025.08.11	06:15:00	74.218	74.230	74.214	74.230	45	0	2
2025.08.11	06:30:00	74.227	74.254	74.227	74.252	52	0	2
2025.08.11	06:45:00	74.249	74.265	74.238	74.247	65	0	2
2025.08.11	07:00:00	74.250	74.300	74.247	74.288	88	0	2
2025.08.11	07:15:00	74.285	74.305	74.267	74.302	68	0	2
2025.08.11	07:30:00	74.306	74.336	74.296	74.329	86	0	2
2025.08.11	07:45:00	74.332	74.358	74.323	74.327	93	0	2
2025.08.11	08:00:00	74.331	74.337	74.289	74.299	101	0	2
2025.08.11	08:15:00	74.302	74.306	74.269	74.273	66	0	2
2025.08.11	08:30:00	74.270	74.281	74.257	74.274	55	0	2
2025.08.11	08:45:00	74.277	74.295	74.263	74.267	51	0	2
2025.08.11	09:00:00	74.270	74.283	74.241	74.283	51	0	2
2025.08.11	09:15:00	74.286	74.322	74.283	74.322	74	0	2
2025.08.11	09:30:00	74.326	74.332	74.304	74.318	56	0	2
2025.08.11	09:45:00	74.322	74.363	74.307	74.328	70	0	2
2025.08.11	10:00:00	74.328	74.347	74.326	74.335	50	0	2
2025.08.11	10:15:00	74.331	74.335	74.301	74.328	69	0	2
2025.08.11	10:30:00	74.325	74.338	74.302	74.316	52	0	2
2025.08.11	10:45:00	74.312	74.375	74.312	74.370	70	0	2
2025.08.11	11:00:00	74.373	74.412	74.362	74.408	80	0	2
2025.08.11	11:15:00	74.404	74.450	74.384	74.428	109	0	2
2025.08.11	11:30:00	74.424	74.478	74.417	74.469	106	0	2
2025.08.11	11:45:00	74.466	74.484	74.435	74.460	90	0	2
2025.08.11	12:00:00	74.457	74.500	74.446	74.489	132	0	2
2025.08.11	12:15:00	74.493	74.520	74.480	74.492	112	0	2
2025.08.11	12:30:00	74.488	74.554	74.488	74.534	106	0	2
2025.08.11	12:45:00	74.530	74.534	74.497	74.497	76	0	2
2025.08.11	13:00:00	74.494	74.517	74.484	74.489	82	0	2
2025.08.11	13:15:00	74.492	74.509	74.481	74.486	99	0	2
2025.08.11	13:30:00	74.489	74.508	74.478	74.486	132	0	2
2025.08.11	13:45:00	74.483	74.515	74.479	74.508	79	0	2
2025.08.11	14:00:00	74.504	74.569	74.504	74.555	162	0	2
2025.08.11	14:15:00	74.559	74.574	74.547	74.571	109	0	2
2025.08.11	14:30:00	74.574	74.596	74.561	74.596	99	0	2
2025.08.11	14:45:00	74.592	74.631	74.582	74.586	126	0	2
2025.08.11	15:00:00	74.589	74.613	74.568	74.600	82	0	2
2025.08.11	15:15:00	74.604	74.612	74.577	74.577	69	0	2
2025.08.11	15:30:00	74.573	74.589	74.541	74.548	65	0	2
2025.08.11	15:45:00	74.552	74.557	74.531	74.545	75	0	2
2025.08.11	16:00:00	74.542	74.545	74.501	74.512	65	0	2
2025.08.11	16:15:00	74.516	74.519	74.482	74.482	48	0	2
2025.08.11	16:30:00	74.486	74.535	74.486	74.524	62	0	2
2025.08.11	16:45:00	74.520	74.531	74.489	74.489	60	0	2
2025.08.11	17:00:00	74.486	74.516	74.486	74.516	48	0	2
2025.08.11	17:15:00	74.513	74.526	74.498	74.498	33	0	2
2025.08.11	17:30:00	74.495	74.495	74.475	74.481	50	0	2
2025.08.11	17:45:00	74.485	74.487	74.451	74.458	46	0	2
2025.08.11	18:00:00	74.455	74.465	74.446	74.449	31	0	2
2025.08.11	18:15:00	74.453	74.471	74.436	74.436	49	0	2
2025.08.11	18:30:00	74.433	74.457	74.429	74.455	56	0	2
2025.08.11	18:45:00	74.458	74.458	74.421	74.429	37	0	2
2025.08.11	19:00:00	74.432	74.457	74.432	74.457	33	0	3
2025.08.11	19:15:00	74.460	74.476	74.451	74.472	35	0	2
2025.08.11	19:30:00	74.472	74.479	74.465	74.469	32	0	2
2025.08.11	19:45:00	74.473	74.493	74.471	74.471	37	0	2
2025.08.11	20:00:00	74.475	74.475	74.453	74.453	20	0	3
2025.08.11	20:15:00	74.453	74.453	74.429	74.429	26	0	2
2025.08.11	20:30:00	74.429	74.443	74.427	74.427	27	0	3
2025.08.11	20:45:00	74.430	74.455	74.430	74.445	44	0	2
2025.08.11	21:00:00	74.445	74.445	74.424	74.431	14	0	8
2025.08.11	21:15:00	74.434	74.438	74.430	74.438	15	0	15
2025.08.11	21:30:00	74.433	74.444	74.431	74.444	14	0	15
2025.08.11	21:45:00	74.446	74.446	74.431	74.444	15	0	17
2025.08.11	22:00:00	74.440	74.461	74.437	74.456	21	0	2
2025.08.11	22:15:00	74.456	74.461	74.451	74.453	21	0	2
2025.08.11	22:30:00	74.454	74.457	74.445	74.451	22	0	2
2025.08.11	22:45:00	74.453	74.456	74.440	74.440	16	0	3
2025.08.11	23:00:00	74.436	74.440	74.433	74.434	23	0	3
2025.08.11	23:15:00	74.435	74.442	74.434	74.437	20	0	3
2025.08.11	23:30:00	74.439	74.445	74.435	74.438	19	0	2
2025.08.11	23:45:00	74.440	74.440	74.430	74.438	25	0	2
2025.08.12	00:00:00	74.441	74.454	74.416	74.451	57	0	2
2025.08.12	00:15:00	74.447	74.468	74.441	74.451	54	0	2
2025.08.12	00:30:00	74.454	74.454	74.434	74.444	43	0	2
2025.08.12	00:45:00	74.441	74.457	74.438	74.456	44	0	2
2025.08.12	01:00:00	74.459	74.459	74.434	74.441	40	0	3
2025.08.12	01:15:00	74.444	74.468	74.444	74.466	41	0	2
2025.08.12	01:30:00	74.463	74.463	74.412	74.415	65	0	2
2025.08.12	01:45:00	74.418	74.453	74.415	74.453	45	0	2
2025.08.12	02:00:00	74.450	74.452	74.436	74.452	33	0	2
2025.08.12	02:15:00	74.455	74.459	74.429	74.438	38	0	2
2025.08.12	02:30:00	74.434	74.438	74.424	74.432	23	0	2
2025.08.12	02:45:00	74.433	74.440	74.419	74.419	27	0	2
2025.08.12	03:00:00	74.418	74.429	74.407	74.418	44	0	2
2025.08.12	03:15:00	74.421	74.432	74.418	74.432	30	0	2
2025.08.12	03:30:00	74.428	74.443	74.427	74.431	34	0	2
2025.08.12	03:45:00	74.431	74.451	74.427	74.443	33	0	2
2025.08.12	04:00:00	74.447	74.459	74.444	74.458	31	0	2
2025.08.12	04:15:00	74.459	74.469	74.458	74.458	27	0	2
2025.08.12	04:30:00	74.462	74.489	74.436	74.439	71	0	2
2025.08.12	04:45:00	74.440	74.440	74.412	74.412	35	0	2
2025.08.12	05:00:00	74.409	74.443	74.401	74.423	75	0	2
2025.08.12	05:15:00	74.427	74.466	74.427	74.462	68	0	2
2025.08.12	05:30:00	74.461	74.483	74.451	74.483	48	0	2
2025.08.12	05:45:00	74.487	74.513	74.481	74.492	81	0	2
2025.08.12	06:00:00	74.496	74.496	74.369	74.411	209	0	2
2025.08.12	06:15:00	74.414	74.451	74.403	74.429	141	0	2
2025.08.12	06:30:00	74.426	74.444	74.395	74.402	143	0	2
2025.08.12	06:45:00	74.406	74.440	74.373	74.436	97	0	2
2025.08.12	07:00:00	74.433	74.448	74.359	74.376	147	0	2
2025.08.12	07:15:00	74.380	74.400	74.356	74.363	104	0	2
2025.08.12	07:30:00	74.360	74.374	74.332	74.336	104	0	2
2025.08.12	07:45:00	74.332	74.335	74.294	74.301	81	0	2
2025.08.12	08:00:00	74.298	74.358	74.294	74.328	99	0	2
2025.08.12	08:15:00	74.331	74.331	74.289	74.290	94	0	2
2025.08.12	08:30:00	74.286	74.312	74.278	74.292	109	0	2
2025.08.12	08:45:00	74.296	74.302	74.231	74.243	92	0	2
2025.08.12	09:00:00	74.247	74.274	74.225	74.268	89	0	2
2025.08.12	09:15:00	74.272	74.314	74.263	74.308	78	0	2
2025.08.12	09:30:00	74.304	74.312	74.286	74.311	67	0	2
2025.08.12	09:45:00	74.308	74.334	74.282	74.293	75	0	2
2025.08.12	10:00:00	74.297	74.318	74.290	74.292	78	0	2
2025.08.12	10:15:00	74.289	74.312	74.271	74.306	53	0	2
2025.08.12	10:30:00	74.302	74.306	74.278	74.292	62	0	2
2025.08.12	10:45:00	74.295	74.316	74.278	74.310	67	0	2
2025.08.12	11:00:00	74.307	74.334	74.297	74.322	77	0	2
2025.08.12	11:15:00	74.325	74.348	74.302	74.338	66	0	2
2025.08.12	11:30:00	74.342	74.367	74.337	74.349	68	0	2
2025.08.12	11:45:00	74.353	74.354	74.302	74.309	85	0	2
2025.08.12	12:00:00	74.306	74.312	74.268	74.280	132	0	2
2025.08.12	12:15:00	74.277	74.313	74.273	74.304	113	0	2
2025.08.12	12:30:00	74.308	74.314	74.019	74.071	1470	0	2
2025.08.12	12:45:00	74.068	74.194	74.064	74.154	534	0	2
2025.08.12	13:00:00	74.157	74.228	74.122	74.177	508	0	2
2025.08.12	13:15:00	74.174	74.250	74.125	74.245	306	0	2
2025.08.12	13:30:00	74.249	74.275	74.079	74.083	574	0	2
2025.08.12	13:45:00	74.086	74.174	74.069	74.139	692	0	2
2025.08.12	14:00:00	74.136	74.165	74.087	74.164	329	0	2
2025.08.12	14:15:00	74.161	74.188	74.121	74.149	219	0	2
2025.08.12	14:30:00	74.146	74.160	74.103	74.106	202	0	2
2025.08.12	14:45:00	74.109	74.174	74.105	74.139	179	0	2
2025.08.12	15:00:00	74.142	74.148	74.065	74.086	120	0	2
2025.08.12	15:15:00	74.083	74.117	73.984	73.991	174	0	2
2025.08.12	15:30:00	73.987	74.038	73.945	73.954	253	0	2
2025.08.12	15:45:00	73.951	74.045	73.951	74.037	168	0	2
2025.08.12	16:00:00	74.040	74.068	74.026	74.065	152	0	2
2025.08.12	16:15:00	74.069	74.073	73.989	73.992	112	0	2
2025.08.12	16:30:00	73.989	74.007	73.956	73.994	122	0	2
2025.08.12	16:45:00	73.998	74.004	73.966	73.988	105	0	2
2025.08.12	17:00:00	73.984	74.021	73.984	74.005	145	0	2
2025.08.12	17:15:00	74.008	74.028	73.997	74.012	80	0	2
2025.08.12	17:30:00	74.009	74.024	74.000	74.010	66	0	2
2025.08.12	17:45:00	74.006	74.031	73.996	74.031	59	0	2
2025.08.12	18:00:00	74.036	74.058	74.009	74.036	63	0	2
2025.08.12	18:15:00	74.039	74.104	74.036	74.090	79	0	2
2025.08.12	18:30:00	74.093	74.117	74.086	74.101	61	0	2
2025.08.12	18:45:00	74.105	74.111	74.089	74.097	46	0	2
2025.08.12	19:00:00	74.093	74.137	74.090	74.125	53	0	2
2025.08.12	19:15:00	74.121	74.135	74.102	74.107	57	0	2
2025.08.12	19:30:00	74.104	74.110	74.099	74.106	30	0	2
2025.08.12	19:45:00	74.103	74.113	74.095	74.095	29	0	2
2025.08.12	20:00:00	74.099	74.114	74.093	74.093	41	0	2
2025.08.12	20:15:00	74.096	74.099	74.076	74.088	26	0	2
2025.08.12	20:30:00	74.088	74.100	74.087	74.092	18	0	2
2025.08.12	20:45:00	74.088	74.097	74.066	74.066	44	0	2
2025.08.12	21:00:00	74.066	74.069	74.066	74.066	14	0	8
2025.08.12	21:15:00	74.067	74.069	74.066	74.067	14	0	9
2025.08.12	21:30:00	74.069	74.073	74.068	74.073	15	0	9
2025.08.12	21:45:00	74.065	74.069	74.064	74.069	14	0	14
2025.08.12	22:00:00	74.069	74.070	74.061	74.068	25	0	2
2025.08.12	22:15:00	74.071	74.073	74.063	74.070	23	0	2
2025.08.12	22:30:00	74.069	74.074	74.065	74.073	17	0	2
2025.08.12	22:45:00	74.070	74.075	74.066	74.071	18	0	2
2025.08.12	23:00:00	74.074	74.074	74.054	74.060	27	0	2
2025.08.12	23:15:00	74.063	74.064	74.059	74.061	16	0	3
2025.08.12	23:30:00	74.064	74.073	74.039	74.043	28	0	3
2025.08.12	23:45:00	74.046	74.054	74.042	74.048	23	0	2
2025.08.13	00:00:00	74.049	74.081	74.038	74.081	53	0	2
2025.08.13	00:15:00	74.077	74.086	74.072	74.079	30	0	2
2025.08.13	00:30:00	74.078	74.081	74.070	74.070	36	0	2
2025.08.13	00:45:00	74.066	74.070	74.054	74.058	40	0	2
2025.08.13	01:00:00	74.058	74.058	74.030	74.037	58	0	2
2025.08.13	01:15:00	74.034	74.078	74.031	74.078	43	0	2
2025.08.13	01:30:00	74.081	74.081	74.059	74.064	61	0	2
2025.08.13	01:45:00	74.063	74.085	74.060	74.078	41	0	2
2025.08.13	02:00:00	74.078	74.112	74.074	74.103	46	0	2
2025.08.13	02:15:00	74.103	74.103	74.065	74.079	33	0	2
2025.08.13	02:30:00	74.076	74.076	74.048	74.059	33	0	2
2025.08.13	02:45:00	74.059	74.065	74.048	74.057	28	0	3
2025.08.13	03:00:00	74.060	74.068	74.044	74.048	28	0	2
2025.08.13	03:15:00	74.047	74.061	74.047	74.055	28	0	2
2025.08.13	03:30:00	74.056	74.059	74.039	74.039	25	0	2
2025.08.13	03:45:00	74.037	74.055	74.037	74.055	22	0	2
2025.08.13	04:00:00	74.058	74.065	74.050	74.053	27	0	3
2025.08.13	04:15:00	74.050	74.057	74.047	74.056	25	0	2
2025.08.13	04:30:00	74.060	74.060	74.047	74.051	24	0	2
2025.08.13	04:45:00	74.055	74.055	74.041	74.046	23	0	3
2025.08.13	05:00:00	74.043	74.049	74.038	74.046	27	0	2
2025.08.13	05:15:00	74.049	74.056	74.047	74.052	22	0	2
2025.08.13	05:30:00	74.053	74.074	74.053	74.066	31	0	2
2025.08.13	05:45:00	74.069	74.071	74.030	74.035	59	0	2
2025.08.13	06:00:00	74.031	74.035	74.012	74.014	84	0	2
2025.08.13	06:15:00	74.017	74.032	74.005	74.023	62	0	2
2025.08.13	06:30:00	74.027	74.027	73.979	74.002	77	0	2
2025.08.13	06:45:00	74.006	74.009	73.978	73.985	58	0	2
2025.08.13	07:00:00	73.982	73.986	73.843	73.846	124	0	2
2025.08.13	07:15:00	73.850	73.878	73.850	73.862	106	0	2
2025.08.13	07:30:00	73.858	73.858	73.817	73.842	113	0	2
2025.08.13	07:45:00	73.839	73.842	73.815	73.828	94	0	2
2025.08.13	08:00:00	73.831	73.835	73.768	73.788	120	0	2
2025.08.13	08:15:00	73.784	73.792	73.727	73.761	129	0	2
2025.08.13	08:30:00	73.764	73.780	73.748	73.774	78	0	2
2025.08.13	08:45:00	73.771	73.775	73.744	73.762	85	0	2
2025.08.13	09:00:00	73.758	73.765	73.703	73.703	86	0	2
2025.08.13	09:15:00	73.707	73.707	73.671	73.678	92	0	2
2025.08.13	09:30:00	73.681	73.694	73.668	73.678	69	0	2
2025.08.13	09:45:00	73.682	73.692	73.648	73.654	73	0	2
2025.08.13	10:00:00	73.658	73.690	73.647	73.661	119	0	2
2025.08.13	10:15:00	73.664	73.696	73.643	73.689	85	0	2
2025.08.13	10:30:00	73.686	73.710	73.673	73.691	76	0	2
2025.08.13	10:45:00	73.687	73.704	73.674	73.701	81	0	2
2025.08.13	11:00:00	73.704	73.718	73.676	73.702	82	0	2
2025.08.13	11:15:00	73.699	73.701	73.670	73.678	64	0	2
2025.08.13	11:30:00	73.677	73.688	73.657	73.664	77	0	2
2025.08.13	11:45:00	73.667	73.684	73.646	73.654	73	0	2
2025.08.13	12:00:00	73.651	73.697	73.639	73.672	93	0	2
2025.08.13	12:15:00	73.669	73.706	73.654	73.691	88	0	2
2025.08.13	12:30:00	73.688	73.728	73.688	73.717	121	0	2
2025.08.13	12:45:00	73.720	73.749	73.711	73.741	112	0	2
2025.08.13	13:00:00	73.744	73.780	73.726	73.746	148	0	2
2025.08.13	13:15:00	73.743	73.753	73.709	73.716	109	0	2
2025.08.13	13:30:00	73.713	73.742	73.693	73.693	129	0	2
2025.08.13	13:45:00	73.696	73.720	73.651	73.669	160	0	2
2025.08.13	14:00:00	73.672	73.685	73.652	73.667	141	0	2
2025.08.13	14:15:00	73.664	73.671	73.622	73.628	124	0	2
2025.08.13	14:30:00	73.632	73.641	73.609	73.639	110	0	2
2025.08.13	14:45:00	73.642	73.693	73.642	73.681	144	0	2
2025.08.13	15:00:00	73.678	73.733	73.675	73.722	131	0	2
2025.08.13	15:15:00	73.719	73.736	73.677	73.695	111	0	2
2025.08.13	15:30:00	73.692	73.695	73.661	73.678	94	0	2
2025.08.13	15:45:00	73.681	73.705	73.675	73.685	82	0	2
2025.08.13	16:00:00	73.688	73.694	73.650	73.653	59	0	2
2025.08.13	16:15:00	73.656	73.699	73.652	73.663	83	0	2
2025.08.13	16:30:00	73.667	73.671	73.643	73.668	63	0	2
2025.08.13	16:45:00	73.664	73.685	73.660	73.672	55	0	2
2025.08.13	17:00:00	73.672	73.684	73.665	73.680	41	0	2
2025.08.13	17:15:00	73.684	73.687	73.651	73.666	58	0	2
2025.08.13	17:30:00	73.669	73.701	73.665	73.687	49	0	2
2025.08.13	17:45:00	73.690	73.699	73.678	73.687	41	0	2
2025.08.13	18:00:00	73.690	73.704	73.683	73.693	58	0	2
2025.08.13	18:15:00	73.690	73.719	73.690	73.703	41	0	2
2025.08.13	18:30:00	73.703	73.724	73.698	73.721	34	0	2
2025.08.13	18:45:00	73.717	73.720	73.700	73.705	41	0	2
2025.08.13	19:00:00	73.708	73.721	73.704	73.711	36	0	2
2025.08.13	19:15:00	73.708	73.713	73.676	73.694	38	0	2
2025.08.13	19:30:00	73.697	73.707	73.692	73.700	25	0	3
2025.08.13	19:45:00	73.703	73.703	73.668	73.672	26	0	2
2025.08.13	20:00:00	73.668	73.674	73.660	73.670	30	0	2
2025.08.13	20:15:00	73.670	73.670	73.639	73.643	24	0	2
2025.08.13	20:30:00	73.642	73.646	73.631	73.638	23	0	3
2025.08.13	20:45:00	73.641	73.653	73.636	73.644	40	0	2
2025.08.13	21:00:00	73.645	73.645	73.639	73.641	12	0	20
2025.08.13	21:15:00	73.641	73.645	73.639	73.642	15	0	31
2025.08.13	21:30:00	73.640	73.659	73.639	73.642	15	0	24
2025.08.13	21:45:00	73.642	73.662	73.641	73.656	15	0	8
2025.08.13	22:00:00	73.651	73.664	73.648	73.652	23	0	2
2025.08.13	22:15:00	73.653	73.661	73.649	73.649	20	0	2
2025.08.13	22:30:00	73.649	73.651	73.639	73.641	18	0	2
2025.08.13	22:45:00	73.641	73.641	73.635	73.635	18	0	2
2025.08.13	23:00:00	73.636	73.637	73.626	73.630	21	0	2
2025.08.13	23:15:00	73.630	73.632	73.618	73.618	21	0	2
2025.08.13	23:30:00	73.615	73.619	73.607	73.619	19	0	2
2025.08.13	23:45:00	73.619	73.623	73.608	73.608	19	0	2
2025.08.14	00:00:00	73.608	73.625	73.601	73.609	54	0	2
2025.08.14	00:15:00	73.613	73.626	73.602	73.614	39	0	2
2025.08.14	00:30:00	73.610	73.617	73.603	73.608	33	0	2
2025.08.14	00:45:00	73.608	73.613	73.597	73.605	35	0	2
2025.08.14	01:00:00	73.602	73.608	73.576	73.580	57	0	2
2025.08.14	01:15:00	73.576	73.585	73.572	73.585	56	0	2
2025.08.14	01:30:00	73.582	73.609	73.572	73.602	54	0	2
2025.08.14	01:45:00	73.601	73.621	73.579	73.618	59	0	2
2025.08.14	02:00:00	73.621	73.645	73.610	73.613	57	0	2
2025.08.14	02:15:00	73.617	73.652	73.614	73.650	58	0	2
2025.08.14	02:30:00	73.654	73.675	73.650	73.655	49	0	2
2025.08.14	02:45:00	73.659	73.676	73.648	73.648	42	0	2
2025.08.14	03:00:00	73.651	73.680	73.651	73.674	36	0	2
2025.08.14	03:15:00	73.677	73.684	73.670	73.671	41	0	2
2025.08.14	03:30:00	73.675	73.678	73.660	73.672	34	0	2
2025.08.14	03:45:00	73.675	73.686	73.669	73.672	31	0	2
2025.08.14	04:00:00	73.672	73.682	73.662	73.667	30	0	2
2025.08.14	04:15:00	73.663	73.663	73.650	73.659	35	0	2
2025.08.14	04:30:00	73.656	73.662	73.650	73.652	30	0	2
2025.08.14	04:45:00	73.656	73.662	73.650	73.659	21	0	3
2025.08.14	05:00:00	73.663	73.669	73.653	73.658	33	0	2
2025.08.14	05:15:00	73.659	73.696	73.656	73.689	35	0	2
2025.08.14	05:30:00	73.692	73.695	73.671	73.674	32	0	2
2025.08.14	05:45:00	73.673	73.684	73.657	73.674	55	0	2
2025.08.14	06:00:00	73.671	73.678	73.606	73.628	237	0	2
2025.08.14	06:15:00	73.625	73.665	73.602	73.603	101	0	2
2025.08.14	06:30:00	73.600	73.612	73.576	73.598	110	0	2
2025.08.14	06:45:00	73.601	73.665	73.594	73.641	145	0	2
2025.08.14	07:00:00	73.645	73.652	73.577	73.591	239	0	2
2025.08.14	07:15:00	73.594	73.636	73.577	73.627	166	0	2
2025.08.14	07:30:00	73.631	73.673	73.615	73.673	130	0	2
2025.08.14	07:45:00	73.670	73.696	73.653	73.674	124	0	2
2025.08.14	08:00:00	73.670	73.728	73.655	73.694	120	0	2
2025.08.14	08:15:00	73.697	73.705	73.635	73.638	98	0	2
2025.08.14	08:30:00	73.637	73.669	73.619	73.662	102	0	2
2025.08.14	08:45:00	73.665	73.692	73.649	73.679	101	0	2
2025.08.14	09:00:00	73.675	73.696	73.617	73.632	106	0	2
2025.08.14	09:15:00	73.635	73.635	73.594	73.597	66	0	2
2025.08.14	09:30:00	73.593	73.617	73.570	73.611	90	0	2
2025.08.14	09:45:00	73.614	73.647	73.609	73.647	68	0	2
2025.08.14	10:00:00	73.644	73.664	73.604	73.621	91	0	2
2025.08.14	10:15:00	73.618	73.625	73.558	73.583	87	0	2
2025.08.14	10:30:00	73.587	73.616	73.581	73.612	78	0	2
2025.08.14	10:45:00	73.613	73.644	73.609	73.633	89	0	2
2025.08.14	11:00:00	73.637	73.653	73.615	73.628	121	0	2
2025.08.14	11:15:00	73.631	73.670	73.631	73.642	78	0	2
2025.08.14	11:30:00	73.641	73.652	73.625	73.638	67	0	2
2025.08.14	11:45:00	73.641	73.677	73.634	73.670	79	0	2
2025.08.14	12:00:00	73.666	73.672	73.638	73.654	91	0	2
2025.08.14	12:15:00	73.658	73.672	73.625	73.653	102	0	2
2025.08.14	12:30:00	73.649	73.819	73.631	73.698	915	0	2
2025.08.14	12:45:00	73.702	73.806	73.679	73.784	335	0	2
2025.08.14	13:00:00	73.781	73.810	73.771	73.795	264	0	2
2025.08.14	13:15:00	73.799	73.852	73.766	73.840	210	0	2
2025.08.14	13:30:00	73.844	73.859	73.808	73.849	211	0	2
2025.08.14	13:45:00	73.852	73.881	73.847	73.881	143	0	2
2025.08.14	14:00:00	73.878	73.888	73.839	73.842	187	0	2
2025.08.14	14:15:00	73.839	73.844	73.796	73.799	151	0	2
2025.08.14	14:30:00	73.795	73.799	73.761	73.795	118	0	2
2025.08.14	14:45:00	73.792	73.803	73.763	73.768	134	0	2
2025.08.14	15:00:00	73.765	73.860	73.762	73.840	136	0	2
2025.08.14	15:15:00	73.843	73.860	73.818	73.845	121	0	2
2025.08.14	15:30:00	73.842	73.920	73.822	73.915	153	0	2
2025.08.14	15:45:00	73.912	73.922	73.869	73.907	129	0	2
2025.08.14	16:00:00	73.910	73.951	73.899	73.951	102	0	2
2025.08.14	16:15:00	73.955	73.958	73.916	73.925	82	0	2
2025.08.14	16:30:00	73.928	73.945	73.909	73.929	59	0	2
2025.08.14	16:45:00	73.932	73.957	73.926	73.946	59	0	2
2025.08.14	17:00:00	73.942	73.942	73.891	73.897	61	0	2
2025.08.14	17:15:00	73.893	73.924	73.891	73.902	72	0	2
2025.08.14	17:30:00	73.903	73.941	73.903	73.931	60	0	2
2025.08.14	17:45:00	73.934	73.934	73.897	73.897	54	0	2
2025.08.14	18:00:00	73.900	73.933	73.891	73.929	58	0	2
2025.08.14	18:15:00	73.933	73.939	73.896	73.896	45	0	2
2025.08.14	18:30:00	73.899	73.907	73.890	73.907	42	0	2
2025.08.14	18:45:00	73.907	73.907	73.885	73.894	42	0	2
2025.08.14	19:00:00	73.891	73.895	73.863	73.871	44	0	2
2025.08.14	19:15:00	73.870	73.880	73.869	73.875	41	0	2
2025.08.14	19:30:00	73.876	73.876	73.857	73.863	30	0	2
2025.08.14	19:45:00	73.863	73.876	73.857	73.868	42	0	2
2025.08.14	20:00:00	73.872	73.885	73.861	73.885	34	0	2
2025.08.14	20:15:00	73.889	73.892	73.879	73.880	24	0	2
2025.08.14	20:30:00	73.876	73.904	73.876	73.898	32	0	2
2025.08.14	20:45:00	73.895	73.910	73.895	73.902	46	0	2
2025.08.14	21:00:00	73.903	73.904	73.880	73.882	13	0	14
2025.08.14	21:15:00	73.881	73.893	73.879	73.892	15	0	23
2025.08.14	21:30:00	73.896	73.898	73.893	73.898	14	0	16
2025.08.14	21:45:00	73.902	73.905	73.891	73.903	15	0	14
2025.08.17	21:00:00	73.740	73.750	73.737	73.750	10	0	49
2025.08.17	21:15:00	73.751	73.757	73.730	73.752	14	0	42
2025.08.17	21:30:00	73.758	73.759	73.694	73.697	15	0	30
2025.08.17	21:45:00	73.695	73.697	73.684	73.696	15	0	53
2025.08.17	22:00:00	73.724	73.756	73.722	73.739	33	0	3
2025.08.17	22:15:00	73.734	73.751	73.728	73.743	25	0	2
2025.08.17	22:30:00	73.745	73.751	73.731	73.744	25	0	2
2025.08.17	22:45:00	73.746	73.751	73.736	73.736	22	0	2
2025.08.17	23:00:00	73.736	73.762	73.733	73.760	36	0	2
2025.08.17	23:15:00	73.760	73.778	73.756	73.766	25	0	2
2025.08.17	23:30:00	73.766	73.770	73.759	73.760	25	0	2
2025.08.17	23:45:00	73.763	73.777	73.755	73.765	38	0	2
2025.08.18	00:00:00	73.762	73.783	73.758	73.763	52	0	2
2025.08.18	00:15:00	73.760	73.770	73.735	73.739	57	0	2
2025.08.18	00:30:00	73.742	73.772	73.734	73.772	41	0	2
2025.08.18	00:45:00	73.775	73.784	73.766	73.781	35	0	2
2025.08.18	01:00:00	73.784	73.799	73.772	73.789	47	0	2
2025.08.18	01:15:00	73.785	73.791	73.774	73.780	52	0	2
2025.08.18	01:30:00	73.783	73.794	73.771	73.782	36	0	2
2025.08.18	01:45:00	73.779	73.779	73.742	73.749	46	0	2
2025.08.18	02:00:00	73.750	73.766	73.743	73.763	29	0	2
2025.08.18	02:15:00	73.767	73.797	73.767	73.793	34	0	2
2025.08.18	02:30:00	73.790	73.803	73.781	73.803	27	0	2
2025.08.18	02:45:00	73.800	73.804	73.789	73.800	29	0	2
2025.08.18	03:00:00	73.800	73.800	73.774	73.787	40	0	2
2025.08.18	03:15:00	73.783	73.787	73.769	73.770	27	0	2
2025.08.18	03:30:00	73.767	73.774	73.759	73.766	27	0	2
2025.08.18	03:45:00	73.763	73.775	73.760	73.765	29	0	2
2025.08.18	04:00:00	73.768	73.770	73.749	73.763	35	0	2
2025.08.18	04:15:00	73.767	73.769	73.756	73.756	30	0	2
2025.08.18	04:30:00	73.755	73.755	73.732	73.734	27	0	2
2025.08.18	04:45:00	73.734	73.734	73.717	73.727	31	0	2
2025.08.18	05:00:00	73.731	73.738	73.725	73.738	27	0	2
2025.08.18	05:15:00	73.739	73.743	73.730	73.732	30	0	2
2025.08.18	05:30:00	73.733	73.748	73.723	73.739	41	0	2
2025.08.18	05:45:00	73.738	73.739	73.722	73.737	40	0	2
2025.08.18	06:00:00	73.734	73.766	73.727	73.766	49	0	2
2025.08.18	06:15:00	73.769	73.842	73.768	73.839	65	0	2
2025.08.18	06:30:00	73.836	73.850	73.813	73.841	82	0	2
2025.08.18	06:45:00	73.838	73.839	73.811	73.825	86	0	2
2025.08.18	07:00:00	73.822	73.836	73.783	73.797	101	0	2
2025.08.18	07:15:00	73.797	73.820	73.775	73.800	84	0	2
2025.08.18	07:30:00	73.804	73.816	73.784	73.791	90	0	2
2025.08.18	07:45:00	73.795	73.864	73.783	73.860	117	0	2
2025.08.18	08:00:00	73.863	73.903	73.846	73.873	142	0	2
2025.08.18	08:15:00	73.870	73.870	73.813	73.816	63	0	2
2025.08.18	08:30:00	73.819	73.823	73.778	73.799	67	0	2
2025.08.18	08:45:00	73.796	73.827	73.789	73.818	102	0	2
2025.08.18	09:00:00	73.821	73.850	73.798	73.806	102	0	2
2025.08.18	09:15:00	73.802	73.827	73.802	73.827	87	0	2
2025.08.18	09:30:00	73.831	73.844	73.812	73.839	86	0	2
2025.08.18	09:45:00	73.836	73.859	73.822	73.855	73	0	2
2025.08.18	10:00:00	73.858	73.871	73.842	73.842	64	0	2
2025.08.18	10:15:00	73.838	73.862	73.820	73.853	48	0	2
2025.08.18	10:30:00	73.850	73.854	73.827	73.831	66	0	2
2025.08.18	10:45:00	73.832	73.871	73.825	73.864	54	0	2
2025.08.18	11:00:00	73.867	73.867	73.812	73.829	51	0	2
2025.08.18	11:15:00	73.826	73.844	73.820	73.833	61	0	2
2025.08.18	11:30:00	73.836	73.859	73.835	73.847	49	0	2
2025.08.18	11:45:00	73.850	73.880	73.831	73.864	68	0	2
2025.08.18	12:00:00	73.860	73.877	73.838	73.848	79	0	2
2025.08.18	12:15:00	73.845	73.876	73.845	73.861	69	0	2
2025.08.18	12:30:00	73.862	73.875	73.848	73.871	75	0	2
2025.08.18	12:45:00	73.867	73.870	73.833	73.833	61	0	2
2025.08.18	13:00:00	73.829	73.868	73.820	73.857	73	0	2
2025.08.18	13:15:00	73.853	73.868	73.828	73.842	66	0	2
2025.08.18	13:30:00	73.845	73.874	73.835	73.846	82	0	2
2025.08.18	13:45:00	73.849	73.875	73.845	73.863	96	0	2
2025.08.18	14:00:00	73.867	73.887	73.831	73.876	144	0	2
2025.08.18	14:15:00	73.879	73.886	73.830	73.865	152	0	2
2025.08.18	14:30:00	73.868	73.923	73.868	73.923	91	0	2
2025.08.18	14:45:00	73.926	74.001	73.923	73.984	182	0	2
2025.08.18	15:00:00	73.987	74.010	73.968	73.979	96	0	2
2025.08.18	15:15:00	73.982	73.992	73.950	73.968	86	0	2
2025.08.18	15:30:00	73.965	73.980	73.949	73.967	69	0	2
2025.08.18	15:45:00	73.971	73.991	73.957	73.968	71	0	2
2025.08.18	16:00:00	73.971	73.983	73.956	73.961	76	0	2
2025.08.18	16:15:00	73.964	73.987	73.955	73.976	52	0	2
2025.08.18	16:30:00	73.973	74.000	73.966	74.000	58	0	2
2025.08.18	16:45:00	74.000	74.033	74.000	74.023	52	0	2
2025.08.18	17:00:00	74.020	74.020	73.992	73.994	55	0	2
2025.08.18	17:15:00	73.998	74.020	73.998	74.010	72	0	2
2025.08.18	17:30:00	74.006	74.025	73.988	74.024	70	0	2
2025.08.18	17:45:00	74.028	74.034	74.017	74.021	45	0	2
2025.08.18	18:00:00	74.024	74.032	74.021	74.032	30	0	2
2025.08.18	18:15:00	74.029	74.043	74.017	74.031	41	0	2
2025.08.18	18:30:00	74.032	74.057	74.028	74.054	38	0	2
2025.08.18	18:45:00	74.051	74.057	74.035	74.042	38	0	2
2025.08.18	19:00:00	74.039	74.042	74.022	74.022	40	0	2
2025.08.18	19:15:00	74.021	74.021	74.008	74.015	32	0	2
2025.08.18	19:30:00	74.011	74.026	74.007	74.020	46	0	2
2025.08.18	19:45:00	74.023	74.042	74.023	74.039	35	0	2
2025.08.18	20:00:00	74.042	74.048	74.028	74.048	41	0	2
2025.08.18	20:15:00	74.049	74.065	74.049	74.053	22	0	3
2025.08.18	20:30:00	74.049	74.055	74.044	74.054	19	0	2
2025.08.18	20:45:00	74.054	74.060	74.050	74.051	29	0	2
2025.08.18	21:00:00	74.048	74.048	74.012	74.018	13	0	14
2025.08.18	21:15:00	74.032	74.035	74.027	74.034	14	0	29
2025.08.18	21:30:00	74.029	74.031	74.018	74.031	15	0	19
2025.08.18	21:45:00	74.031	74.034	74.014	74.014	15	0	8
2025.08.18	22:00:00	74.056	74.056	73.995	74.002	37	0	2
2025.08.18	22:15:00	74.003	74.031	74.003	74.026	25	0	3
2025.08.18	22:30:00	74.026	74.039	74.026	74.033	24	0	3
2025.08.18	22:45:00	74.033	74.035	74.024	74.026	20	0	3
2025.08.18	23:00:00	74.029	74.050	74.029	74.047	27	0	2
2025.08.18	23:15:00	74.048	74.052	74.042	74.047	18	0	2
2025.08.18	23:30:00	74.048	74.064	74.046	74.050	30	0	2
2025.08.18	23:45:00	74.047	74.047	74.027	74.030	32	0	2
2025.08.19	00:00:00	74.034	74.046	74.017	74.025	64	0	2
2025.08.19	00:15:00	74.022	74.042	74.019	74.040	44	0	2
2025.08.19	00:30:00	74.044	74.063	74.036	74.059	40	0	2
2025.08.19	00:45:00	74.055	74.067	74.055	74.058	34	0	2
2025.08.19	01:00:00	74.061	74.069	74.051	74.069	56	0	2
2025.08.19	01:15:00	74.066	74.141	74.066	74.138	51	0	2
2025.08.19	01:30:00	74.135	74.145	74.085	74.087	95	0	2
2025.08.19	01:45:00	74.084	74.098	74.068	74.098	93	0	2
2025.08.19	02:00:00	74.101	74.107	74.067	74.068	59	0	2
2025.08.19	02:15:00	74.071	74.084	74.063	74.083	56	0	2
2025.08.19	02:30:00	74.079	74.084	74.069	74.076	35	0	2
2025.08.19	02:45:00	74.079	74.089	74.072	74.081	43	0	2
2025.08.19	03:00:00	74.077	74.089	74.068	74.071	57	0	2
2025.08.19	03:15:00	74.075	74.079	74.059	74.067	44	0	2
2025.08.19	03:30:00	74.064	74.067	74.047	74.055	33	0	2
2025.08.19	03:45:00	74.052	74.071	74.052	74.067	51	0	2
2025.08.19	04:00:00	74.071	74.080	74.064	74.077	41	0	2
2025.08.19	04:15:00	74.080	74.086	74.058	74.070	37	0	2
2025.08.19	04:30:00	74.067	74.071	74.053	74.053	33	0	2
2025.08.19	04:45:00	74.053	74.062	74.039	74.042	34	0	2
2025.08.19	05:00:00	74.042	74.042	74.025	74.034	35	0	2
2025.08.19	05:15:00	74.033	74.036	74.019	74.022	24	0	3
2025.08.19	05:30:00	74.026	74.046	74.023	74.037	34	0	2
2025.08.19	05:45:00	74.034	74.085	74.034	74.074	60	0	2
2025.08.19	06:00:00	74.071	74.088	74.050	74.086	92	0	2
2025.08.19	06:15:00	74.083	74.091	74.056	74.073	66	0	2
2025.08.19	06:30:00	74.076	74.076	74.022	74.028	70	0	2
2025.08.19	06:45:00	74.032	74.032	73.992	73.996	66	0	2
2025.08.19	07:00:00	73.992	73.995	73.951	73.972	109	0	2
2025.08.19	07:15:00	73.975	73.998	73.960	73.961	127	0	2
2025.08.19	07:30:00	73.964	73.987	73.953	73.960	93	0	2
2025.08.19	07:45:00	73.963	73.982	73.948	73.959	89	0	2
2025.08.19	08:00:00	73.955	73.996	73.949	73.976	80	0	2
2025.08.19	08:15:00	73.980	73.980	73.948	73.955	57	0	2
2025.08.19	08:30:00	73.959	73.983	73.954	73.982	63	0	2
2025.08.19	08:45:00	73.986	73.992	73.957	73.963	55	0	2
2025.08.19	09:00:00	73.960	73.974	73.942	73.971	73	0	2
2025.08.19	09:15:00	73.975	73.998	73.975	73.988	49	0	2
2025.08.19	09:30:00	73.984	74.001	73.981	73.987	57	0	2
2025.08.19	09:45:00	73.988	74.012	73.961	73.976	68	0	2
2025.08.19	10:00:00	73.972	73.979	73.947	73.947	57	0	2
2025.08.19	10:15:00	73.951	73.951	73.901	73.913	67	0	2
2025.08.19	10:30:00	73.916	73.954	73.911	73.945	52	0	2
2025.08.19	10:45:00	73.946	73.966	73.943	73.951	40	0	2
2025.08.19	11:00:00	73.948	73.964	73.930	73.960	61	0	2
2025.08.19	11:15:00	73.957	73.975	73.946	73.973	47	0	2
2025.08.19	11:30:00	73.976	73.996	73.969	73.972	38	0	2
2025.08.19	11:45:00	73.975	73.981	73.948	73.955	58	0	2
2025.08.19	12:00:00	73.952	73.978	73.943	73.945	86	0	2
2025.08.19	12:15:00	73.942	73.976	73.931	73.973	73	0	2
2025.08.19	12:30:00	73.977	74.053	73.973	74.027	142	0	2
2025.08.19	12:45:00	74.022	74.038	74.011	74.020	119	0	2
2025.08.19	13:00:00	74.024	74.092	74.013	74.080	102	0	2
2025.08.19	13:15:00	74.077	74.092	74.047	74.057	95	0	2
2025.08.19	13:30:00	74.054	74.081	74.020	74.034	115	0	2
2025.08.19	13:45:00	74.030	74.031	74.004	74.013	110	0	2
2025.08.19	14:00:00	74.009	74.019	73.987	74.019	101	0	2
2025.08.19	14:15:00	74.015	74.034	73.997	74.023	87	0	2
2025.08.19	14:30:00	74.020	74.056	74.013	74.052	105	0	2
2025.08.19	14:45:00	74.056	74.095	74.049	74.059	134	0	2
2025.08.19	15:00:00	74.055	74.094	74.042	74.052	109	0	2
2025.08.19	15:15:00	74.053	74.069	74.043	74.055	79	0	2
2025.08.19	15:30:00	74.058	74.097	74.056	74.081	53	0	2
2025.08.19	15:45:00	74.080	74.124	74.077	74.109	76	0	2
2025.08.19	16:00:00	74.105	74.140	74.102	74.134	75	0	2
2025.08.19	16:15:00	74.131	74.152	74.097	74.146	72	0	2
2025.08.19	16:30:00	74.143	74.147	74.113	74.126	60	0	2
2025.08.19	16:45:00	74.126	74.141	74.102	74.131	67	0	2
2025.08.19	17:00:00	74.128	74.147	74.120	74.136	51	0	2
2025.08.19	17:15:00	74.132	74.138	74.117	74.123	46	0	2
2025.08.19	17:30:00	74.123	74.123	74.098	74.102	42	0	2
2025.08.19	17:45:00	74.106	74.130	74.106	74.130	38	0	2
2025.08.19	18:00:00	74.126	74.169	74.126	74.166	40	0	2
2025.08.19	18:15:00	74.168	74.177	74.150	74.151	46	0	2
2025.08.19	18:30:00	74.154	74.195	74.154	74.195	38	0	2
2025.08.19	18:45:00	74.192	74.195	74.149	74.153	45	0	2
2025.08.19	19:00:00	74.156	74.171	74.156	74.161	32	0	2
2025.08.19	19:15:00	74.160	74.162	74.141	74.141	29	0	2
2025.08.19	19:30:00	74.144	74.147	74.136	74.136	19	0	3
2025.08.19	19:45:00	74.139	74.144	74.123	74.127	38	0	2
2025.08.19	20:00:00	74.130	74.133	74.122	74.127	20	0	2
2025.08.19	20:15:00	74.128	74.139	74.124	74.127	30	0	2
2025.08.19	20:30:00	74.127	74.129	74.119	74.124	23	0	2
2025.08.19	20:45:00	74.120	74.130	74.110	74.110	26	0	2
2025.08.19	21:00:00	74.110	74.112	74.106	74.109	14	0	14
2025.08.19	21:15:00	74.107	74.111	74.106	74.108	14	0	23
2025.08.19	21:30:00	74.112	74.126	74.107	74.126	14	0	15
2025.08.19	21:45:00	74.126	74.130	74.106	74.126	15	0	8
2025.08.19	22:00:00	74.135	74.137	74.113	74.115	27	0	2
2025.08.19	22:15:00	74.112	74.118	74.112	74.118	14	0	2
2025.08.19	22:30:00	74.117	74.129	74.117	74.127	21	0	2
2025.08.19	22:45:00	74.128	74.128	74.117	74.124	17	0	2
2025.08.19	23:00:00	74.121	74.147	74.121	74.138	30	0	2
2025.08.19	23:15:00	74.136	74.152	74.133	74.137	23	0	3
2025.08.19	23:30:00	74.137	74.155	74.137	74.143	29	0	3
2025.08.19	23:45:00	74.140	74.157	74.140	74.157	31	0	2
2025.08.20	00:00:00	74.153	74.208	74.149	74.201	89	0	2
2025.08.20	00:15:00	74.204	74.210	74.188	74.207	46	0	2
2025.08.20	00:30:00	74.210	74.210	74.190	74.199	33	0	2
2025.08.20	00:45:00	74.196	74.200	74.172	74.183	68	0	2
2025.08.20	01:00:00	74.178	74.192	74.165	74.181	49	0	2
2025.08.20	01:15:00	74.178	74.236	74.178	74.227	63	0	2
2025.08.20	01:30:00	74.231	74.231	74.191	74.201	79	0	2
2025.08.20	01:45:00	74.204	74.222	74.197	74.219	75	0	2
2025.08.20	02:00:00	74.222	74.277	74.222	74.262	117	0	2
2025.08.20	02:15:00	74.266	74.273	74.238	74.258	66	0	2
2025.08.20	02:30:00	74.261	74.274	74.249	74.271	54	0	2
2025.08.20	02:45:00	74.274	74.281	74.249	74.254	70	0	2
2025.08.20	03:00:00	74.251	74.255	74.215	74.238	93	0	2
2025.08.20	03:15:00	74.238	74.242	74.212	74.215	46	0	2
2025.08.20	03:30:00	74.212	74.225	74.200	74.204	48	0	2
2025.08.20	03:45:00	74.208	74.225	74.206	74.222	42	0	2
2025.08.20	04:00:00	74.225	74.225	74.193	74.203	30	0	2
2025.08.20	04:15:00	74.204	74.208	74.190	74.200	36	0	2
2025.08.20	04:30:00	74.199	74.207	74.198	74.205	24	0	2
2025.08.20	04:45:00	74.208	74.214	74.199	74.213	28	0	2
2025.08.20	05:00:00	74.210	74.225	74.210	74.215	28	0	2
2025.08.20	05:15:00	74.216	74.219	74.183	74.184	38	0	2
2025.08.20	05:30:00	74.179	74.181	74.156	74.163	34	0	2
2025.08.20	05:45:00	74.160	74.164	74.137	74.156	68	0	2
2025.08.20	06:00:00	74.153	74.174	74.056	74.063	409	0	2
2025.08.20	06:15:00	74.066	74.102	74.024	74.079	176	0	2
2025.08.20	06:30:00	74.075	74.075	74.023	74.061	134	0	2
2025.08.20	06:45:00	74.058	74.132	74.054	74.132	98	0	2
2025.08.20	07:00:00	74.128	74.132	74.085	74.117	158	0	2
2025.08.20	07:15:00	74.118	74.124	74.038	74.040	132	0	2
2025.08.20	07:30:00	74.043	74.111	74.036	74.093	106	0	2
2025.08.20	07:45:00	74.097	74.130	74.021	74.025	126	0	2
2025.08.20	08:00:00	74.022	74.071	74.022	74.071	124	0	2
2025.08.20	08:15:00	74.067	74.093	74.058	74.090	99	0	2
2025.08.20	08:30:00	74.093	74.122	74.070	74.097	100	0	2
2025.08.20	08:45:00	74.100	74.101	74.059	74.066	79	0	2
2025.08.20	09:00:00	74.069	74.087	74.043	74.050	73	0	2
2025.08.20	09:15:00	74.053	74.090	74.053	74.074	73	0	2
2025.08.20	09:30:00	74.077	74.087	74.047	74.061	60	0	2
2025.08.20	09:45:00	74.058	74.074	74.054	74.066	70	0	2
2025.08.20	10:00:00	74.069	74.089	74.052	74.052	64	0	2
2025.08.20	10:15:00	74.049	74.104	74.049	74.085	84	0	2
2025.08.20	10:30:00	74.082	74.116	74.067	74.101	71	0	2
2025.08.20	10:45:00	74.104	74.124	74.090	74.105	64	0	2
2025.08.20	11:00:00	74.101	74.150	74.093	74.115	71	0	2
2025.08.20	11:15:00	74.118	74.148	74.117	74.148	40	0	2
2025.08.20	11:30:00	74.148	74.182	74.133	74.179	67	0	2
2025.08.20	11:45:00	74.175	74.227	74.147	74.227	117	0	2
2025.08.20	12:00:00	74.224	74.227	74.185	74.189	131	0	2
2025.08.20	12:15:00	74.185	74.197	74.168	74.169	88	0	2
2025.08.20	12:30:00	74.168	74.171	74.098	74.123	222	0	2
2025.08.20	12:45:00	74.126	74.144	74.106	74.133	127	0	2
2025.08.20	13:00:00	74.136	74.177	74.117	74.173	114	0	2
2025.08.20	13:15:00	74.170	74.198	74.161	74.188	78	0	2
2025.08.20	13:30:00	74.185	74.189	74.123	74.123	114	0	2
2025.08.20	13:45:00	74.126	74.236	74.126	74.197	195	0	2
2025.08.20	14:00:00	74.194	74.238	74.161	74.237	200	0	2
2025.08.20	14:15:00	74.234	74.287	74.220	74.282	136	0	2
2025.08.20	14:30:00	74.285	74.289	74.231	74.249	137	0	2
2025.08.20	14:45:00	74.253	74.264	74.203	74.222	235	0	2
2025.08.20	15:00:00	74.219	74.266	74.218	74.262	95	0	2
2025.08.20	15:15:00	74.257	74.262	74.216	74.250	107	0	2
2025.08.20	15:30:00	74.246	74.296	74.244	74.296	97	0	2
2025.08.20	15:45:00	74.293	74.363	74.286	74.353	103	0	2
2025.08.20	16:00:00	74.349	74.352	74.321	74.331	64	0	2
2025.08.20	16:15:00	74.327	74.327	74.277	74.293	64	0	2
2025.08.20	16:30:00	74.290	74.309	74.281	74.298	69	0	2
2025.08.20	16:45:00	74.295	74.311	74.287	74.291	54	0	2
2025.08.20	17:00:00	74.288	74.296	74.269	74.289	53	0	2
2025.08.20	17:15:00	74.292	74.297	74.278	74.281	39	0	2
2025.08.20	17:30:00	74.278	74.281	74.262	74.271	65	0	2
2025.08.20	17:45:00	74.268	74.272	74.229	74.242	75	0	2
2025.08.20	18:00:00	74.245	74.301	74.245	74.292	106	0	2
2025.08.20	18:15:00	74.289	74.336	74.289	74.332	57	0	2
2025.08.20	18:30:00	74.335	74.339	74.310	74.314	56	0	2
2025.08.20	18:45:00	74.318	74.344	74.307	74.336	62	0	2
2025.08.20	19:00:00	74.340	74.357	74.332	74.334	47	0	2
2025.08.20	19:15:00	74.331	74.341	74.325	74.326	32	0	2
2025.08.20	19:30:00	74.323	74.326	74.309	74.325	39	0	2
2025.08.20	19:45:00	74.322	74.328	74.311	74.325	38	0	2
2025.08.20	20:00:00	74.328	74.350	74.328	74.338	35	0	2
2025.08.20	20:15:00	74.335	74.343	74.327	74.340	23	0	2
2025.08.20	20:30:00	74.337	74.337	74.319	74.320	21	0	2
2025.08.20	20:45:00	74.319	74.322	74.303	74.314	33	0	2
2025.08.20	21:00:00	74.315	74.315	74.296	74.304	14	0	14
2025.08.20	21:15:00	74.308	74.310	74.295	74.295	14	0	18
2025.08.20	21:30:00	74.290	74.302	74.290	74.298	15	0	15
2025.08.20	21:45:00	74.297	74.302	74.297	74.302	14	0	14
2025.08.20	22:00:00	74.317	74.320	74.300	74.313	36	0	2
2025.08.20	22:15:00	74.314	74.316	74.307	74.311	20	0	2
2025.08.20	22:30:00	74.311	74.320	74.308	74.317	18	0	3
2025.08.20	22:45:00	74.320	74.320	74.316	74.317	15	0	2
2025.08.20	23:00:00	74.321	74.344	74.321	74.340	21	0	3
2025.08.20	23:15:00	74.339	74.339	74.291	74.294	38	0	2
2025.08.20	23:30:00	74.298	74.298	74.278	74.290	41	0	2
2025.08.20	23:45:00	74.293	74.299	74.256	74.259	51	0	2
2025.08.21	00:00:00	74.262	74.305	74.262	74.295	68	0	2
2025.08.21	00:15:00	74.291	74.314	74.288	74.308	49	0	2
2025.08.21	00:30:00	74.311	74.317	74.301	74.306	46	0	2
2025.08.21	00:45:00	74.309	74.339	74.309	74.309	59	0	2
2025.08.21	01:00:00	74.313	74.329	74.292	74.320	63	0	2
2025.08.21	01:15:00	74.317	74.325	74.311	74.312	61	0	2
2025.08.21	01:30:00	74.309	74.323	74.267	74.297	63	0	2
2025.08.21	01:45:00	74.301	74.310	74.291	74.299	66	0	2
2025.08.21	02:00:00	74.302	74.311	74.294	74.305	54	0	2
2025.08.21	02:15:00	74.302	74.335	74.302	74.328	38	0	2
2025.08.21	02:30:00	74.331	74.343	74.317	74.333	40	0	2
2025.08.21	02:45:00	74.336	74.344	74.325	74.343	27	0	2
2025.08.21	03:00:00	74.340	74.343	74.313	74.325	39	0	2
2025.08.21	03:15:00	74.328	74.355	74.328	74.355	33	0	2
2025.08.21	03:30:00	74.358	74.366	74.342	74.349	33	0	2
2025.08.21	03:45:00	74.348	74.352	74.328	74.328	24	0	2
2025.08.21	04:00:00	74.325	74.337	74.319	74.329	26	0	2
2025.08.21	04:15:00	74.328	74.338	74.328	74.338	21	0	2
2025.08.21	04:30:00	74.335	74.338	74.326	74.334	21	0	2
2025.08.21	04:45:00	74.334	74.338	74.329	74.335	20	0	2
2025.08.21	05:00:00	74.335	74.357	74.331	74.357	31	0	3
2025.08.21	05:15:00	74.354	74.354	74.332	74.333	34	0	2
2025.08.21	05:30:00	74.334	74.349	74.329	74.333	35	0	3
2025.08.21	05:45:00	74.335	74.342	74.327	74.327	30	0	2
2025.08.21	06:00:00	74.330	74.354	74.322	74.326	60	0	2
2025.08.21	06:15:00	74.323	74.368	74.301	74.362	105	0	2
2025.08.21	06:30:00	74.365	74.369	74.341	74.359	85	0	2
2025.08.21	06:45:00	74.363	74.394	74.352	74.374	71	0	2
2025.08.21	07:00:00	74.371	74.426	74.365	74.369	126	0	2
2025.08.21	07:15:00	74.365	74.377	74.336	74.350	146	0	2
2025.08.21	07:30:00	74.354	74.354	74.311	74.337	145	0	2
2025.08.21	07:45:00	74.340	74.342	74.305	74.317	78	0	2
2025.08.21	08:00:00	74.314	74.329	74.304	74.307	76	0	2
2025.08.21	08:15:00	74.310	74.341	74.302	74.307	74	0	2
2025.08.21	08:30:00	74.303	74.303	74.223	74.277	241	0	2
2025.08.21	08:45:00	74.280	74.284	74.242	74.258	83	0	2
2025.08.21	09:00:00	74.255	74.264	74.201	74.215	83	0	2
2025.08.21	09:15:00	74.212	74.234	74.203	74.221	80	0	2
2025.08.21	09:30:00	74.224	74.227	74.167	74.174	70	0	2
2025.08.21	09:45:00	74.171	74.208	74.168	74.206	85	0	2
2025.08.21	10:00:00	74.210	74.241	74.207	74.237	73	0	2
2025.08.21	10:15:00	74.241	74.257	74.238	74.251	54	0	2
2025.08.21	10:30:00	74.248	74.255	74.223	74.244	64	0	2
2025.08.21	10:45:00	74.248	74.261	74.216	74.220	77	0	2
2025.08.21	11:00:00	74.223	74.249	74.211	74.246	107	0	2
2025.08.21	11:15:00	74.249	74.290	74.243	74.290	58	0	2
2025.08.21	11:30:00	74.287	74.308	74.285	74.295	68	0	2
2025.08.21	11:45:00	74.296	74.323	74.285	74.323	81	0	2
2025.08.21	12:00:00	74.320	74.351	74.315	74.322	96	0	2
2025.08.21	12:15:00	74.326	74.342	74.284	74.289	72	0	2
2025.08.21	12:30:00	74.286	74.371	74.220	74.371	264	0	2
2025.08.21	12:45:00	74.368	74.393	74.338	74.370	169	0	2
2025.08.21	13:00:00	74.367	74.367	74.322	74.349	141	0	2
2025.08.21	13:15:00	74.353	74.363	74.329	74.329	94	0	2
2025.08.21	13:30:00	74.332	74.396	74.298	74.392	180	0	2
2025.08.21	13:45:00	74.396	74.492	74.396	74.479	437	0	2
2025.08.21	14:00:00	74.482	74.492	74.382	74.389	234	0	2
2025.08.21	14:15:00	74.392	74.435	74.387	74.430	156	0	2
2025.08.21	14:30:00	74.427	74.471	74.416	74.467	153	0	2
2025.08.21	14:45:00	74.471	74.492	74.449	74.477	146	0	2
2025.08.21	15:00:00	74.481	74.569	74.469	74.545	197	0	2
2025.08.21	15:15:00	74.548	74.571	74.430	74.467	305	0	2
2025.08.21	15:30:00	74.463	74.526	74.461	74.507	185	0	2
2025.08.21	15:45:00	74.504	74.550	74.494	74.545	97	0	2
2025.08.21	16:00:00	74.548	74.595	74.548	74.582	97	0	2
2025.08.21	16:15:00	74.585	74.589	74.542	74.542	69	0	2
2025.08.21	16:30:00	74.539	74.587	74.533	74.537	78	0	2
2025.08.21	16:45:00	74.534	74.538	74.506	74.518	60	0	2
2025.08.21	17:00:00	74.515	74.524	74.496	74.503	57	0	2
2025.08.21	17:15:00	74.506	74.512	74.493	74.508	60	0	2
2025.08.21	17:30:00	74.511	74.517	74.483	74.489	40	0	2
2025.08.21	17:45:00	74.489	74.501	74.476	74.498	56	0	2
2025.08.21	18:00:00	74.501	74.524	74.494	74.511	37	0	2
2025.08.21	18:15:00	74.511	74.511	74.487	74.510	52	0	2
2025.08.21	18:30:00	74.506	74.516	74.494	74.516	42	0	2
2025.08.21	18:45:00	74.519	74.529	74.503	74.521	42	0	2
2025.08.21	19:00:00	74.524	74.530	74.517	74.524	27	0	2
2025.08.21	19:15:00	74.521	74.545	74.519	74.533	29	0	2
2025.08.21	19:30:00	74.532	74.552	74.529	74.543	26	0	3
2025.08.21	19:45:00	74.545	74.555	74.530	74.555	35	0	3
2025.08.21	20:00:00	74.558	74.560	74.551	74.552	20	0	2
2025.08.21	20:15:00	74.552	74.555	74.541	74.542	17	0	2
2025.08.21	20:30:00	74.546	74.546	74.539	74.545	21	0	2
2025.08.21	20:45:00	74.545	74.554	74.543	74.554	23	0	2
2025.08.21	21:00:00	74.551	74.551	74.545	74.545	14	0	8
2025.08.21	21:15:00	74.548	74.550	74.546	74.548	15	0	14
2025.08.21	21:30:00	74.550	74.552	74.545	74.547	14	0	9
2025.08.21	21:45:00	74.548	74.554	74.544	74.549	15	0	14
2025.08.24	21:00:00	73.914	73.921	73.914	73.921	10	0	67
2025.08.24	21:15:00	73.895	73.912	73.895	73.897	15	0	52
2025.08.24	21:30:00	73.885	73.924	73.885	73.924	15	0	34
2025.08.24	21:45:00	73.926	73.936	73.922	73.936	14	0	45
2025.08.24	22:00:00	73.945	73.962	73.936	73.957	30	0	3
2025.08.24	22:15:00	73.961	73.974	73.957	73.966	29	0	3
2025.08.24	22:30:00	73.967	73.996	73.967	73.996	21	0	3
2025.08.24	22:45:00	73.997	74.000	73.980	73.986	26	0	3
2025.08.24	23:00:00	73.983	73.999	73.976	73.996	30	0	3
2025.08.24	23:15:00	73.999	74.023	73.994	74.021	28	0	3
2025.08.24	23:30:00	74.018	74.028	74.010	74.013	32	0	3
2025.08.24	23:45:00	74.015	74.026	74.013	74.026	33	0	3
2025.08.25	00:00:00	74.022	74.071	74.022	74.055	81	0	3
2025.08.25	00:15:00	74.059	74.072	74.049	74.071	40	0	3
2025.08.25	00:30:00	74.074	74.094	74.071	74.079	43	0	3
2025.08.25	00:45:00	74.082	74.098	74.079	74.088	48	0	3
2025.08.25	01:00:00	74.085	74.106	74.074	74.099	53	0	3
2025.08.25	01:15:00	74.095	74.107	74.064	74.101	73	0	3
2025.08.25	01:30:00	74.105	74.121	74.098	74.118	56	0	3
2025.08.25	01:45:00	74.114	74.129	74.107	74.108	47	0	3
2025.08.25	02:00:00	74.111	74.122	74.104	74.109	58	0	3
2025.08.25	02:15:00	74.111	74.112	74.096	74.108	29	0	3
2025.08.25	02:30:00	74.109	74.109	74.082	74.082	37	0	3
2025.08.25	02:45:00	74.079	74.080	74.065	74.074	36	0	3
2025.08.25	03:00:00	74.070	74.070	74.021	74.024	37	0	3
2025.08.25	03:15:00	74.027	74.042	74.025	74.025	33	0	3
2025.08.25	03:30:00	74.028	74.032	74.005	74.009	33	0	3
2025.08.25	03:45:00	74.010	74.017	74.005	74.013	23	0	3
2025.08.25	04:00:00	74.009	74.021	74.008	74.020	33	0	3
2025.08.25	04:15:00	74.020	74.020	74.007	74.010	30	0	3
2025.08.25	04:30:00	74.008	74.009	73.990	73.998	24	0	3
2025.08.25	04:45:00	73.999	74.013	73.995	74.007	25	0	3
2025.08.25	05:00:00	74.011	74.029	74.007	74.029	28	0	3
2025.08.25	05:15:00	74.026	74.033	74.013	74.020	25	0	3
2025.08.25	05:30:00	74.024	74.028	74.015	74.015	21	0	3
2025.08.25	05:45:00	74.019	74.031	74.012	74.012	32	0	3
2025.08.25	06:00:00	74.009	74.009	73.965	73.971	80	0	3
2025.08.25	06:15:00	73.970	73.970	73.925	73.925	59	0	3
2025.08.25	06:30:00	73.928	73.972	73.928	73.955	65	0	3
2025.08.25	06:45:00	73.959	73.967	73.944	73.967	64	0	3
2025.08.25	07:00:00	73.971	74.016	73.966	74.013	72	0	3
2025.08.25	07:15:00	74.016	74.029	73.993	74.021	55	0	3
2025.08.25	07:30:00	74.017	74.041	74.013	74.019	63	0	3
2025.08.25	07:45:00	74.022	74.058	74.007	74.052	88	0	3
2025.08.25	08:00:00	74.049	74.059	74.027	74.027	67	0	3
2025.08.25	08:15:00	74.031	74.042	74.026	74.042	74	0	3
2025.08.25	08:30:00	74.038	74.054	74.026	74.050	42	0	3
2025.08.25	08:45:00	74.047	74.058	74.027	74.056	50	0	3
2025.08.25	09:00:00	74.060	74.094	74.046	74.094	37	0	3
2025.08.25	09:15:00	74.097	74.105	74.077	74.086	41	0	3
2025.08.25	09:30:00	74.082	74.099	74.079	74.086	51	0	3
2025.08.25	09:45:00	74.082	74.114	74.069	74.100	51	0	3
2025.08.25	10:00:00	74.097	74.116	74.093	74.104	55	0	3
2025.08.25	10:15:00	74.107	74.161	74.101	74.151	53	0	3
2025.08.25	10:30:00	74.155	74.158	74.130	74.130	54	0	3
2025.08.25	10:45:00	74.134	74.140	74.120	74.124	44	0	3
2025.08.25	11:00:00	74.120	74.124	74.068	74.068	54	0	3
2025.08.25	11:15:00	74.067	74.070	74.017	74.024	73	0	3
2025.08.25	11:30:00	74.028	74.036	73.989	74.000	84	0	3
2025.08.25	11:45:00	73.997	74.005	73.966	73.966	51	0	3
2025.08.25	12:00:00	73.963	74.032	73.959	74.028	65	0	3
2025.08.25	12:15:00	74.025	74.051	74.019	74.051	69	0	3
2025.08.25	12:30:00	74.054	74.075	74.039	74.060	104	0	3
2025.08.25	12:45:00	74.056	74.070	74.037	74.047	61	0	3
2025.08.25	13:00:00	74.044	74.065	74.020	74.030	88	0	3
2025.08.25	13:15:00	74.034	74.070	74.021	74.054	55	0	3
2025.08.25	13:30:00	74.051	74.063	74.022	74.032	103	0	3
2025.08.25	13:45:00	74.028	74.035	74.001	74.022	93	0	3
2025.08.25	14:00:00	74.026	74.057	74.016	74.016	125	0	3
2025.08.25	14:15:00	74.012	74.050	74.009	74.026	95	0	3
2025.08.25	14:30:00	74.022	74.052	74.019	74.041	103	0	3
2025.08.25	14:45:00	74.037	74.070	74.027	74.060	125	0	3
2025.08.25	15:00:00	74.063	74.113	74.054	74.110	137	0	3
2025.08.25	15:15:00	74.107	74.124	74.084	74.087	75	0	3
2025.08.25	15:30:00	74.090	74.122	74.082	74.112	102	0	3
2025.08.25	15:45:00	74.116	74.157	74.101	74.132	114	0	3
2025.08.25	16:00:00	74.135	74.148	74.123	74.123	59	0	3
2025.08.25	16:15:00	74.125	74.148	74.113	74.116	78	0	3
2025.08.25	16:30:00	74.119	74.148	74.113	74.131	50	0	3
2025.08.25	16:45:00	74.128	74.156	74.115	74.136	105	0	3
2025.08.25	17:00:00	74.139	74.154	74.129	74.154	58	0	3
2025.08.25	17:15:00	74.151	74.174	74.151	74.160	69	0	3
2025.08.25	17:30:00	74.163	74.194	74.161	74.168	68	0	3
2025.08.25	17:45:00	74.172	74.195	74.161	74.188	40	0	3
2025.08.25	18:00:00	74.189	74.227	74.178	74.207	62	0	3
2025.08.25	18:15:00	74.203	74.222	74.196	74.218	55	0	3
2025.08.25	18:30:00	74.222	74.273	74.221	74.272	72	0	3
2025.08.25	18:45:00	74.276	74.302	74.273	74.292	58	0	3
2025.08.25	19:00:00	74.288	74.358	74.285	74.347	117	0	3
2025.08.25	19:15:00	74.350	74.355	74.339	74.342	53	0	3
2025.08.25	19:30:00	74.346	74.368	74.340	74.343	60	0	3
2025.08.25	19:45:00	74.344	74.349	74.326	74.326	39	0	3
2025.08.25	20:00:00	74.330	74.330	74.308	74.311	30	0	3
2025.08.25	20:15:00	74.315	74.317	74.287	74.297	31	0	3
2025.08.25	20:30:00	74.299	74.299	74.285	74.285	30	0	3
2025.08.25	20:45:00	74.282	74.334	74.282	74.323	67	0	3
2025.08.25	21:00:00	74.318	74.319	74.269	74.269	13	0	14
2025.08.25	21:15:00	74.273	74.297	74.273	74.290	14	0	44
2025.08.25	21:30:00	74.292	74.302	74.292	74.295	15	0	34
2025.08.25	21:45:00	74.288	74.297	74.285	74.292	15	0	9
2025.08.25	22:00:00	74.323	74.329	74.306	74.312	21	0	3
2025.08.25	22:15:00	74.318	74.327	74.318	74.326	23	0	3
2025.08.25	22:30:00	74.327	74.327	74.321	74.321	20	0	3
2025.08.25	22:45:00	74.323	74.327	74.316	74.316	24	0	3
2025.08.25	23:00:00	74.312	74.333	74.308	74.333	25	0	3
2025.08.25	23:15:00	74.333	74.344	74.333	74.340	30	0	3
2025.08.25	23:30:00	74.344	74.344	74.331	74.338	25	0	3
2025.08.25	23:45:00	74.341	74.348	74.321	74.322	28	0	3
2025.08.26	00:00:00	74.326	74.356	74.189	74.192	471	0	3
2025.08.26	00:15:00	74.195	74.227	74.180	74.202	218	0	3
2025.08.26	00:30:00	74.199	74.228	74.130	74.146	212	0	3
2025.08.26	00:45:00	74.150	74.180	74.124	74.178	148	0	3
2025.08.26	01:00:00	74.181	74.235	74.167	74.228	93	0	3
2025.08.26	01:15:00	74.224	74.238	74.213	74.225	74	0	3
2025.08.26	01:30:00	74.221	74.249	74.216	74.225	109	0	3
2025.08.26	01:45:00	74.222	74.231	74.207	74.226	74	0	3
2025.08.26	02:00:00	74.223	74.239	74.200	74.223	92	0	3
2025.08.26	02:15:00	74.220	74.220	74.199	74.210	72	0	3
2025.08.26	02:30:00	74.214	74.276	74.214	74.272	49	0	3
2025.08.26	02:45:00	74.276	74.284	74.255	74.268	49	0	3
2025.08.26	03:00:00	74.271	74.332	74.271	74.314	74	0	3
2025.08.26	03:15:00	74.317	74.335	74.317	74.327	59	0	3
2025.08.26	03:30:00	74.328	74.328	74.302	74.313	41	0	3
2025.08.26	03:45:00	74.317	74.344	74.309	74.340	37	0	3
2025.08.26	04:00:00	74.344	74.345	74.326	74.345	44	0	3
2025.08.26	04:15:00	74.343	74.343	74.307	74.307	25	0	3
2025.08.26	04:30:00	74.310	74.316	74.302	74.311	38	0	3
2025.08.26	04:45:00	74.312	74.325	74.304	74.311	41	0	3
2025.08.26	05:00:00	74.308	74.322	74.308	74.315	49	0	3
2025.08.26	05:15:00	74.319	74.328	74.302	74.305	47	0	3
2025.08.26	05:30:00	74.302	74.302	74.248	74.251	52	0	3
2025.08.26	05:45:00	74.255	74.277	74.249	74.262	63	0	3
2025.08.26	06:00:00	74.266	74.324	74.262	74.314	89	0	3
2025.08.26	06:15:00	74.317	74.371	74.316	74.323	127	0	3
2025.08.26	06:30:00	74.326	74.329	74.263	74.290	115	0	3
2025.08.26	06:45:00	74.294	74.312	74.275	74.296	154	0	3
2025.08.26	07:00:00	74.299	74.405	74.294	74.377	237	0	3
2025.08.26	07:15:00	74.373	74.430	74.353	74.353	134	0	3
2025.08.26	07:30:00	74.349	74.349	74.271	74.312	141	0	3
2025.08.26	07:45:00	74.315	74.340	74.308	74.316	115	0	3
2025.08.26	08:00:00	74.313	74.313	74.272	74.279	121	0	3
2025.08.26	08:15:00	74.282	74.318	74.245	74.254	146	0	3
2025.08.26	08:30:00	74.251	74.275	74.241	74.275	104	0	3
2025.08.26	08:45:00	74.272	74.290	74.255	74.273	108	0	3
2025.08.26	09:00:00	74.277	74.285	74.244	74.244	95	0	3
2025.08.26	09:15:00	74.241	74.245	74.219	74.228	74	0	3
2025.08.26	09:30:00	74.231	74.245	74.227	74.237	47	0	3
2025.08.26	09:45:00	74.233	74.233	74.175	74.184	85	0	3
2025.08.26	10:00:00	74.180	74.197	74.173	74.173	58	0	3
2025.08.26	10:15:00	74.176	74.196	74.170	74.192	58	0	3
2025.08.26	10:30:00	74.196	74.224	74.195	74.224	61	0	3
2025.08.26	10:45:00	74.223	74.223	74.185	74.188	58	0	3
2025.08.26	11:00:00	74.191	74.201	74.151	74.154	47	0	3
2025.08.26	11:15:00	74.157	74.177	74.150	74.172	40	0	3
2025.08.26	11:30:00	74.169	74.169	74.123	74.144	76	0	3
2025.08.26	11:45:00	74.140	74.150	74.110	74.138	75	0	3
2025.08.26	12:00:00	74.135	74.149	74.113	74.131	109	0	3
2025.08.26	12:15:00	74.126	74.170	74.126	74.155	119	0	3
2025.08.26	12:30:00	74.158	74.183	74.135	74.159	118	0	3
2025.08.26	12:45:00	74.162	74.197	74.162	74.189	92	0	3
2025.08.26	13:00:00	74.192	74.230	74.184	74.199	134	0	3
2025.08.26	13:15:00	74.196	74.234	74.196	74.210	82	0	3
2025.08.26	13:30:00	74.214	74.230	74.167	74.174	172	0	3
2025.08.26	13:45:00	74.178	74.207	74.168	74.180	120	0	3
2025.08.26	14:00:00	74.177	74.236	74.156	74.211	198	0	3
2025.08.26	14:15:00	74.215	74.222	74.130	74.161	181	0	3
2025.08.26	14:30:00	74.164	74.186	74.145	74.167	139	0	3
2025.08.26	14:45:00	74.170	74.191	74.141	74.191	151	0	3
2025.08.26	15:00:00	74.187	74.200	74.135	74.142	129	0	3
2025.08.26	15:15:00	74.145	74.177	74.130	74.167	96	0	3
2025.08.26	15:30:00	74.170	74.202	74.168	74.182	98	0	3
2025.08.26	15:45:00	74.178	74.205	74.162	74.173	81	0	3
2025.08.26	16:00:00	74.169	74.176	74.151	74.154	60	0	3
2025.08.26	16:15:00	74.157	74.169	74.113	74.166	85	0	3
2025.08.26	16:30:00	74.162	74.191	74.162	74.171	61	0	3
2025.08.26	16:45:00	74.167	74.198	74.167	74.195	56	0	3
2025.08.26	17:00:00	74.198	74.214	74.185	74.197	69	0	3
2025.08.26	17:15:00	74.201	74.207	74.183	74.183	39	0	3
2025.08.26	17:30:00	74.183	74.205	74.180	74.198	46	0	3
2025.08.26	17:45:00	74.202	74.224	74.189	74.224	64	0	3
2025.08.26	18:00:00	74.227	74.237	74.220	74.234	56	0	3
2025.08.26	18:15:00	74.238	74.248	74.226	74.226	36	0	3
2025.08.26	18:30:00	74.223	74.227	74.214	74.214	34	0	3
2025.08.26	18:45:00	74.211	74.211	74.172	74.186	48	0	3
2025.08.26	19:00:00	74.182	74.186	74.165	74.175	48	0	3
2025.08.26	19:15:00	74.178	74.184	74.153	74.155	33	0	3
2025.08.26	19:30:00	74.158	74.173	74.155	74.173	27	0	3
2025.08.26	19:45:00	74.173	74.190	74.158	74.189	34	0	3
2025.08.26	20:00:00	74.192	74.222	74.192	74.206	43	0	3
2025.08.26	20:15:00	74.206	74.219	74.205	74.218	21	0	3
2025.08.26	20:30:00	74.218	74.218	74.205	74.206	17	0	3
2025.08.26	20:45:00	74.202	74.202	74.192	74.194	27	0	3
2025.08.26	21:00:00	74.189	74.191	74.171	74.172	13	0	14
2025.08.26	21:15:00	74.166	74.178	74.166	74.176	14	0	27
2025.08.26	21:30:00	74.178	74.186	74.175	74.180	15	0	14
2025.08.26	21:45:00	74.184	74.188	74.176	74.177	14	0	9
2025.08.26	22:00:00	74.178	74.192	74.171	74.171	32	0	3
2025.08.26	22:15:00	74.176	74.178	74.173	74.174	21	0	3
2025.08.26	22:30:00	74.171	74.177	74.168	74.177	19	0	3
2025.08.26	22:45:00	74.177	74.189	74.174	74.181	21	0	3
2025.08.26	23:00:00	74.184	74.193	74.184	74.190	17	0	3
2025.08.26	23:15:00	74.189	74.192	74.178	74.190	23	0	3
2025.08.26	23:30:00	74.189	74.197	74.186	74.195	17	0	3
2025.08.26	23:45:00	74.199	74.209	74.188	74.198	33	0	3
2025.08.27	00:00:00	74.198	74.211	74.194	74.195	46	0	3
2025.08.27	00:15:00	74.198	74.211	74.196	74.201	41	0	3
2025.08.27	00:30:00	74.204	74.214	74.200	74.214	24	0	3
2025.08.27	00:45:00	74.218	74.244	74.210	74.228	50	0	3
2025.08.27	01:00:00	74.225	74.235	74.217	74.227	49	0	3
2025.08.27	01:15:00	74.224	74.240	74.214	74.239	38	0	3
2025.08.27	01:30:00	74.236	74.239	74.211	74.219	81	0	3
2025.08.27	01:45:00	74.223	74.242	74.214	74.235	47	0	3
2025.08.27	02:00:00	74.239	74.275	74.235	74.270	41	0	3
2025.08.27	02:15:00	74.267	74.284	74.257	74.276	41	0	3
2025.08.27	02:30:00	74.280	74.292	74.273	74.280	38	0	3
2025.08.27	02:45:00	74.283	74.283	74.267	74.278	34	0	3
2025.08.27	03:00:00	74.279	74.279	74.258	74.268	31	0	3
2025.08.27	03:15:00	74.265	74.296	74.265	74.295	34	0	3
2025.08.27	03:30:00	74.298	74.301	74.286	74.297	30	0	3
2025.08.27	03:45:00	74.300	74.316	74.297	74.306	31	0	3
2025.08.27	04:00:00	74.310	74.326	74.306	74.314	40	0	3
2025.08.27	04:15:00	74.317	74.343	74.317	74.336	39	0	3
2025.08.27	04:30:00	74.337	74.360	74.337	74.360	29	0	3
2025.08.27	04:45:00	74.358	74.365	74.353	74.356	20	0	3
2025.08.27	05:00:00	74.356	74.365	74.345	74.345	27	0	3
2025.08.27	05:15:00	74.348	74.350	74.333	74.338	26	0	3
2025.08.27	05:30:00	74.341	74.344	74.325	74.325	30	0	3
2025.08.27	05:45:00	74.329	74.338	74.315	74.315	42	0	3
2025.08.27	06:00:00	74.315	74.330	74.299	74.327	51	0	3
2025.08.27	06:15:00	74.326	74.332	74.304	74.311	46	0	3
2025.08.27	06:30:00	74.308	74.308	74.263	74.263	60	0	3
2025.08.27	06:45:00	74.266	74.291	74.262	74.271	55	0	3
2025.08.27	07:00:00	74.268	74.312	74.263	74.312	71	0	3
2025.08.27	07:15:00	74.315	74.353	74.303	74.353	75	0	3
2025.08.27	07:30:00	74.350	74.394	74.344	74.359	115	0	3
2025.08.27	07:45:00	74.363	74.381	74.327	74.330	80	0	3
2025.08.27	08:00:00	74.334	74.419	74.330	74.412	92	0	3
2025.08.27	08:15:00	74.416	74.442	74.402	74.418	106	0	3
2025.08.27	08:30:00	74.414	74.454	74.413	74.413	121	0	3
2025.08.27	08:45:00	74.409	74.409	74.368	74.375	91	0	3
2025.08.27	09:00:00	74.371	74.398	74.371	74.377	80	0	3
2025.08.27	09:15:00	74.373	74.377	74.349	74.358	44	0	3
2025.08.27	09:30:00	74.359	74.391	74.359	74.385	49	0	3
2025.08.27	09:45:00	74.388	74.401	74.374	74.395	83	0	3
2025.08.27	10:00:00	74.398	74.429	74.395	74.405	82	0	3
2025.08.27	10:15:00	74.404	74.441	74.402	74.431	59	0	3
2025.08.27	10:30:00	74.435	74.454	74.425	74.437	47	0	3
2025.08.27	10:45:00	74.440	74.506	74.436	74.502	73	0	3
2025.08.27	11:00:00	74.499	74.533	74.432	74.443	95	0	3
2025.08.27	11:15:00	74.443	74.466	74.439	74.453	38	0	3
2025.08.27	11:30:00	74.457	74.484	74.439	74.480	67	0	3
2025.08.27	11:45:00	74.483	74.483	74.448	74.454	77	0	3
2025.08.27	12:00:00	74.451	74.452	74.404	74.417	74	0	3
2025.08.27	12:15:00	74.420	74.427	74.375	74.398	85	0	3
2025.08.27	12:30:00	74.395	74.428	74.392	74.421	93	0	3
2025.08.27	12:45:00	74.426	74.426	74.379	74.396	111	0	3
2025.08.27	13:00:00	74.399	74.405	74.364	74.365	118	0	3
2025.08.27	13:15:00	74.368	74.397	74.362	74.390	72	0	3
2025.08.27	13:30:00	74.393	74.426	74.387	74.416	115	0	3
2025.08.27	13:45:00	74.419	74.419	74.315	74.363	132	0	3
2025.08.27	14:00:00	74.366	74.381	74.327	74.345	127	0	3
2025.08.27	14:15:00	74.342	74.359	74.318	74.348	110	0	3
2025.08.27	14:30:00	74.352	74.376	74.331	74.336	93	0	3
2025.08.27	14:45:00	74.333	74.340	74.287	74.291	161	0	3
2025.08.27	15:00:00	74.288	74.288	74.221	74.224	162	0	3
2025.08.27	15:15:00	74.227	74.250	74.217	74.236	81	0	3
2025.08.27	15:30:00	74.233	74.264	74.233	74.246	81	0	3
2025.08.27	15:45:00	74.243	74.270	74.243	74.257	58	0	3
2025.08.27	16:00:00	74.254	74.257	74.190	74.197	60	0	3
2025.08.27	16:15:00	74.194	74.204	74.177	74.179	52	0	3
2025.08.27	16:30:00	74.182	74.182	74.134	74.148	76	0	3
2025.08.27	16:45:00	74.151	74.151	74.088	74.095	113	0	3
2025.08.27	17:00:00	74.091	74.110	74.073	74.091	84	0	3
2025.08.27	17:15:00	74.091	74.106	74.068	74.106	81	0	3
2025.08.27	17:30:00	74.103	74.110	74.082	74.086	51	0	3
2025.08.27	17:45:00	74.082	74.085	74.063	74.063	43	0	3
2025.08.27	18:00:00	74.066	74.126	74.066	74.102	50	0	3
2025.08.27	18:15:00	74.099	74.105	74.068	74.074	50	0	3
2025.08.27	18:30:00	74.070	74.097	74.070	74.077	47	0	3
2025.08.27	18:45:00	74.080	74.099	74.080	74.087	44	0	3
2025.08.27	19:00:00	74.090	74.108	74.087	74.103	45	0	3
2025.08.27	19:15:00	74.100	74.106	74.096	74.097	32	0	3
2025.08.27	19:30:00	74.094	74.097	74.082	74.087	35	0	3
2025.08.27	19:45:00	74.090	74.098	74.079	74.086	27	0	3
2025.08.27	20:00:00	74.083	74.103	74.077	74.094	32	0	3
2025.08.27	20:15:00	74.094	74.107	74.094	74.097	28	0	3
2025.08.27	20:30:00	74.093	74.094	74.081	74.083	30	0	3
2025.08.27	20:45:00	74.087	74.089	74.076	74.078	27	0	3
2025.08.27	21:00:00	74.077	74.078	74.067	74.067	14	0	9
2025.08.27	21:15:00	74.066	74.073	74.066	74.071	13	0	30
2025.08.27	21:30:00	74.072	74.086	74.071	74.072	15	0	14
2025.08.27	21:45:00	74.072	74.087	74.071	74.082	15	0	6
2025.08.27	22:00:00	74.086	74.092	74.076	74.086	22	0	3
2025.08.27	22:15:00	74.087	74.089	74.082	74.082	18	0	3
2025.08.27	22:30:00	74.082	74.082	74.065	74.071	21	0	3
2025.08.27	22:45:00	74.075	74.083	74.075	74.077	18	0	3
2025.08.27	23:00:00	74.077	74.081	74.072	74.075	18	0	3
2025.08.27	23:15:00	74.074	74.082	74.071	74.072	21	0	3
2025.08.27	23:30:00	74.069	74.070	74.040	74.044	37	0	3
2025.08.27	23:45:00	74.048	74.055	74.046	74.053	19	0	3
2025.08.28	00:00:00	74.050	74.083	74.046	74.083	39	0	3
2025.08.28	00:15:00	74.080	74.087	74.072	74.083	31	0	3
2025.08.28	00:30:00	74.086	74.086	74.055	74.063	31	0	3
2025.08.28	00:45:00	74.060	74.065	74.044	74.045	49	0	3
2025.08.28	01:00:00	74.048	74.051	74.019	74.022	37	0	3
2025.08.28	01:15:00	74.019	74.058	74.006	74.049	48	0	3
2025.08.28	01:30:00	74.046	74.067	74.029	74.064	51	0	3
2025.08.28	01:45:00	74.064	74.064	74.049	74.049	33	0	3
2025.08.28	02:00:00	74.053	74.053	73.990	74.005	57	0	3
2025.08.28	02:15:00	74.002	74.004	73.993	73.997	37	0	3
2025.08.28	02:30:00	73.999	74.005	73.993	73.999	34	0	3
2025.08.28	02:45:00	73.999	74.000	73.972	73.985	46	0	3
2025.08.28	03:00:00	73.988	73.996	73.971	73.980	25	0	3
2025.08.28	03:15:00	73.976	73.998	73.973	73.998	33	0	3
2025.08.28	03:30:00	73.995	74.022	73.989	74.019	34	0	3
2025.08.28	03:45:00	74.023	74.028	74.015	74.028	29	0	3
2025.08.28	04:00:00	74.025	74.041	74.022	74.031	36	0	3
2025.08.28	04:15:00	74.028	74.032	74.021	74.026	21	0	3
2025.08.28	04:30:00	74.029	74.042	74.022	74.036	36	0	3
2025.08.28	04:45:00	74.036	74.055	74.034	74.051	30	0	3
2025.08.28	05:00:00	74.055	74.055	74.044	74.048	28	0	3
2025.08.28	05:15:00	74.047	74.058	74.039	74.045	31	0	3
2025.08.28	05:30:00	74.045	74.074	74.045	74.071	37	0	3
2025.08.28	05:45:00	74.069	74.073	74.047	74.050	38	0	3
2025.08.28	06:00:00	74.053	74.057	74.000	74.021	69	0	3
2025.08.28	06:15:00	74.018	74.053	74.014	74.039	68	0	3
2025.08.28	06:30:00	74.038	74.059	74.027	74.039	77	0	3
2025.08.28	06:45:00	74.043	74.060	74.039	74.049	59	0	3
2025.08.28	07:00:00	74.053	74.088	74.035	74.076	108	0	3
2025.08.28	07:15:00	74.073	74.117	74.070	74.094	85	0	3
2025.08.28	07:30:00	74.097	74.136	74.097	74.115	82	0	3
2025.08.28	07:45:00	74.112	74.138	74.069	74.079	91	0	3
2025.08.28	08:00:00	74.076	74.156	74.072	74.150	108	0	3
2025.08.28	08:15:00	74.147	74.164	74.121	74.142	79	0	3
2025.08.28	08:30:00	74.145	74.152	74.076	74.086	84	0	3
2025.08.28	08:45:00	74.082	74.097	74.066	74.077	56	0	3
2025.08.28	09:00:00	74.074	74.080	74.036	74.053	74	0	3
2025.08.28	09:15:00	74.050	74.056	74.035	74.050	58	0	3
2025.08.28	09:30:00	74.047	74.058	74.034	74.050	44	0	3
2025.08.28	09:45:00	74.047	74.072	74.043	74.064	69	0	3
2025.08.28	10:00:00	74.067	74.074	74.022	74.028	62	0	3
2025.08.28	10:15:00	74.029	74.029	73.964	73.974	85	0	3
2025.08.28	10:30:00	73.977	73.977	73.945	73.949	83	0	3
2025.08.28	10:45:00	73.946	73.963	73.929	73.956	56	0	3
2025.08.28	11:00:00	73.959	73.970	73.938	73.959	82	0	3
2025.08.28	11:15:00	73.963	73.977	73.955	73.969	52	0	3
2025.08.28	11:30:00	73.969	73.995	73.964	73.995	61	0	3
2025.08.28	11:45:00	73.992	74.007	73.969	73.991	73	0	3
2025.08.28	12:00:00	73.995	73.998	73.967	73.993	134	0	3
2025.08.28	12:15:00	73.996	74.028	73.982	74.012	130	0	3
2025.08.28	12:30:00	74.016	74.085	73.976	73.988	302	0	3
2025.08.28	12:45:00	73.985	74.075	73.969	74.055	236	0	3
2025.08.28	13:00:00	74.059	74.094	74.042	74.067	231	0	3
2025.08.28	13:15:00	74.063	74.116	74.050	74.109	108	0	3
2025.08.28	13:30:00	74.106	74.131	74.087	74.100	148	0	3
2025.08.28	13:45:00	74.097	74.111	74.012	74.038	156	0	3
2025.08.28	14:00:00	74.035	74.063	73.937	73.956	243	0	3
2025.08.28	14:15:00	73.953	73.969	73.922	73.944	139	0	3
2025.08.28	14:30:00	73.947	73.995	73.931	73.979	152	0	3
2025.08.28	14:45:00	73.982	74.043	73.971	74.007	134	0	3
2025.08.28	15:00:00	74.011	74.028	74.000	74.011	138	0	3
2025.08.28	15:15:00	74.008	74.043	73.982	74.018	132	0	3
2025.08.28	15:30:00	74.019	74.023	73.973	74.007	112	0	3
2025.08.28	15:45:00	74.010	74.011	73.990	73.991	71	0	3
2025.08.28	16:00:00	73.987	73.999	73.962	73.968	51	0	3
2025.08.28	16:15:00	73.965	73.973	73.945	73.950	68	0	3
2025.08.28	16:30:00	73.951	73.983	73.951	73.983	69	0	3
2025.08.28	16:45:00	73.980	73.983	73.937	73.952	61	0	3
2025.08.28	17:00:00	73.949	73.962	73.917	73.920	75	0	3
2025.08.28	17:15:00	73.923	73.942	73.906	73.924	55	0	3
2025.08.28	17:30:00	73.928	73.971	73.927	73.958	41	0	3
2025.08.28	17:45:00	73.958	73.965	73.950	73.956	47	0	3
2025.08.28	18:00:00	73.953	73.997	73.947	73.980	55	0	3
2025.08.28	18:15:00	73.977	73.999	73.972	73.986	52	0	3
2025.08.28	18:30:00	73.990	73.995	73.979	73.987	40	0	3
2025.08.28	18:45:00	73.984	73.993	73.974	73.985	39	0	3
2025.08.28	19:00:00	73.982	74.011	73.979	74.002	43	0	3
2025.08.28	19:15:00	74.002	74.002	73.985	73.996	28	0	3
2025.08.28	19:30:00	73.999	74.012	73.997	74.005	28	0	3
2025.08.28	19:45:00	74.008	74.014	74.002	74.007	28	0	3
2025.08.28	20:00:00	74.011	74.023	74.007	74.023	24	0	3
2025.08.28	20:15:00	74.022	74.032	74.022	74.027	19	0	3
2025.08.28	20:30:00	74.027	74.032	74.022	74.026	21	0	3
2025.08.28	20:45:00	74.029	74.034	74.001	74.001	52	0	3
2025.08.28	21:00:00	74.003	74.005	73.997	74.001	13	0	5
2025.08.28	21:15:00	73.999	74.005	73.998	74.005	14	0	14
2025.08.28	21:30:00	74.003	74.012	74.003	74.012	14	0	8
2025.08.28	21:45:00	74.011	74.015	74.011	74.013	15	0	8
2025.08.31	21:00:00	74.047	74.047	74.006	74.031	10	0	63
2025.08.31	21:15:00	74.031	74.031	74.008	74.022	14	0	61
2025.08.31	21:30:00	74.016	74.022	74.014	74.019	14	0	56
2025.08.31	21:45:00	74.021	74.034	74.021	74.033	15	0	38
2025.08.31	22:00:00	74.023	74.049	74.023	74.035	24	0	6
2025.08.31	22:15:00	74.035	74.044	74.032	74.043	16	0	5
2025.08.31	22:30:00	74.046	74.050	74.044	74.049	17	0	3
2025.08.31	22:45:00	74.049	74.061	74.047	74.057	19	0	3
2025.08.31	23:00:00	74.058	74.062	74.044	74.055	20	0	3
2025.08.31	23:15:00	74.055	74.061	74.044	74.059	28	0	3
2025.08.31	23:30:00	74.057	74.061	74.050	74.061	19	0	3
2025.08.31	23:45:00	74.058	74.070	74.052	74.054	30	0	3
2025.09.01	00:00:00	74.051	74.058	74.022	74.026	38	0	3
2025.09.01	00:15:00	74.029	74.029	74.011	74.012	35	0	3
2025.09.01	00:30:00	74.009	74.015	73.978	73.980	40	0	3
2025.09.01	00:45:00	73.980	73.982	73.968	73.971	39	0	3
2025.09.01	01:00:00	73.974	74.015	73.969	74.004	37	0	3
2025.09.01	01:15:00	74.008	74.026	74.008	74.021	49	0	3
2025.09.01	01:30:00	74.024	74.043	74.024	74.030	91	0	3
2025.09.01	01:45:00	74.027	74.031	73.995	74.006	77	0	3
2025.09.01	02:00:00	74.003	74.006	73.962	73.977	79	0	3
2025.09.01	02:15:00	73.980	73.984	73.951	73.953	52	0	3
2025.09.01	02:30:00	73.956	73.967	73.945	73.962	41	0	3
2025.09.01	02:45:00	73.962	73.974	73.915	73.925	61	0	3
2025.09.01	03:00:00	73.922	73.944	73.915	73.929	39	0	3
2025.09.01	03:15:00	73.929	73.955	73.928	73.946	38	0	3
2025.09.01	03:30:00	73.943	73.953	73.934	73.943	37	0	3
2025.09.01	03:45:00	73.943	73.964	73.939	73.946	33	0	3
2025.09.01	04:00:00	73.945	73.962	73.945	73.962	32	0	3
2025.09.01	04:15:00	73.962	73.970	73.953	73.967	26	0	3
2025.09.01	04:30:00	73.971	73.981	73.961	73.961	31	0	3
2025.09.01	04:45:00	73.965	73.973	73.959	73.972	26	0	3
2025.09.01	05:00:00	73.976	73.976	73.951	73.956	34	0	3
2025.09.01	05:15:00	73.953	73.956	73.941	73.943	22	0	3
2025.09.01	05:30:00	73.946	73.957	73.920	73.936	43	0	3
2025.09.01	05:45:00	73.933	73.946	73.932	73.935	37	0	3
2025.09.01	06:00:00	73.938	73.942	73.893	73.930	97	0	3
2025.09.01	06:15:00	73.926	73.948	73.911	73.911	72	0	3
2025.09.01	06:30:00	73.908	73.908	73.850	73.860	117	0	3
2025.09.01	06:45:00	73.857	73.910	73.853	73.898	65	0	3
2025.09.01	07:00:00	73.895	73.955	73.877	73.946	121	0	3
2025.09.01	07:15:00	73.942	73.962	73.938	73.943	85	0	3
2025.09.01	07:30:00	73.947	73.989	73.942	73.945	92	0	3
2025.09.01	07:45:00	73.942	73.945	73.901	73.909	89	0	3
2025.09.01	08:00:00	73.905	73.939	73.887	73.912	113	0	3
2025.09.01	08:15:00	73.915	73.926	73.901	73.923	81	0	3
2025.09.01	08:30:00	73.926	73.926	73.884	73.890	95	0	3
2025.09.01	08:45:00	73.887	73.891	73.867	73.878	77	0	3
2025.09.01	09:00:00	73.882	73.921	73.870	73.917	91	0	3
2025.09.01	09:15:00	73.921	73.942	73.901	73.901	61	0	3
2025.09.01	09:30:00	73.897	73.916	73.890	73.894	50	0	3
2025.09.01	09:45:00	73.890	73.908	73.886	73.906	54	0	3
2025.09.01	10:00:00	73.910	73.928	73.900	73.919	47	0	3
2025.09.01	10:15:00	73.922	73.925	73.895	73.898	54	0	3
2025.09.01	10:30:00	73.895	73.933	73.885	73.933	46	0	3
2025.09.01	10:45:00	73.936	73.945	73.927	73.942	47	0	3
2025.09.01	11:00:00	73.938	73.938	73.904	73.915	66	0	3
2025.09.01	11:15:00	73.918	73.923	73.893	73.897	59	0	3
2025.09.01	11:30:00	73.894	73.927	73.894	73.927	55	0	3
2025.09.01	11:45:00	73.924	73.949	73.922	73.941	47	0	3
2025.09.01	12:00:00	73.938	73.940	73.924	73.937	49	0	3
2025.09.01	12:15:00	73.940	73.941	73.914	73.921	53	0	3
2025.09.01	12:30:00	73.924	73.937	73.902	73.919	67	0	3
2025.09.01	12:45:00	73.920	73.921	73.890	73.894	69	0	3
2025.09.01	13:00:00	73.890	73.900	73.828	73.828	102	0	3
2025.09.01	13:15:00	73.831	73.870	73.826	73.870	73	0	3
2025.09.01	13:30:00	73.867	73.870	73.845	73.859	67	0	3
2025.09.01	13:45:00	73.861	73.879	73.854	73.870	62	0	3
2025.09.01	14:00:00	73.873	73.882	73.835	73.849	71	0	3
2025.09.01	14:15:00	73.852	73.865	73.838	73.838	54	0	3
2025.09.01	14:30:00	73.841	73.846	73.813	73.836	69	0	3
2025.09.01	14:45:00	73.839	73.874	73.800	73.815	126	0	3
2025.09.01	15:00:00	73.818	73.853	73.805	73.837	69	0	3
2025.09.01	15:15:00	73.841	73.862	73.810	73.810	69	0	3
2025.09.01	15:30:00	73.813	73.840	73.803	73.836	56	0	3
2025.09.01	15:45:00	73.833	73.845	73.822	73.845	38	0	3
2025.09.01	16:00:00	73.848	73.855	73.836	73.837	40	0	3
2025.09.01	16:15:00	73.836	73.842	73.823	73.830	42	0	3
2025.09.01	16:30:00	73.830	73.840	73.824	73.837	30	0	3
2025.09.01	16:45:00	73.836	73.846	73.829	73.843	20	0	3
2025.09.01	17:00:00	73.842	73.849	73.838	73.848	25	0	3
2025.09.01	17:15:00	73.847	73.851	73.845	73.848	19	0	3
2025.09.01	17:30:00	73.844	73.848	73.841	73.847	18	0	3
2025.09.01	17:45:00	73.847	73.848	73.838	73.841	20	0	3
2025.09.01	18:00:00	73.841	73.845	73.839	73.845	17	0	3
2025.09.01	18:15:00	73.845	73.845	73.838	73.840	18	0	3
2025.09.01	18:30:00	73.838	73.841	73.834	73.834	15	0	3
2025.09.01	18:45:00	73.837	73.840	73.831	73.833	21	0	3
2025.09.01	19:00:00	73.830	73.833	73.824	73.826	18	0	3
2025.09.01	19:15:00	73.826	73.830	73.817	73.817	19	0	3
2025.09.01	19:30:00	73.814	73.819	73.809	73.809	20	0	3
2025.09.01	19:45:00	73.806	73.813	73.804	73.807	21	0	3
2025.09.01	20:00:00	73.804	73.807	73.800	73.803	18	0	3
2025.09.01	20:15:00	73.803	73.807	73.799	73.800	18	0	3
2025.09.01	20:30:00	73.800	73.808	73.800	73.804	19	0	3
2025.09.01	20:45:00	73.804	73.828	73.804	73.825	21	0	3
2025.09.01	21:00:00	73.824	73.824	73.818	73.818	13	0	8
2025.09.01	21:15:00	73.820	73.825	73.818	73.825	14	0	15
2025.09.01	21:30:00	73.824	73.831	73.823	73.827	15	0	14
2025.09.01	21:45:00	73.829	73.833	73.818	73.825	15	0	8
2025.09.01	22:00:00	73.810	73.827	73.807	73.809	20	0	3
2025.09.01	22:15:00	73.809	73.821	73.808	73.821	18	0	3
2025.09.01	22:30:00	73.821	73.829	73.819	73.819	19	0	3
2025.09.01	22:45:00	73.820	73.832	73.816	73.828	22	0	3
2025.09.01	23:00:00	73.824	73.831	73.822	73.830	19	0	3
2025.09.01	23:15:00	73.830	73.830	73.818	73.820	16	0	3
2025.09.01	23:30:00	73.821	73.821	73.814	73.815	17	0	3
2025.09.01	23:45:00	73.812	73.817	73.804	73.817	24	0	3
2025.09.02	00:00:00	73.821	73.862	73.808	73.858	80	0	3
2025.09.02	00:15:00	73.862	73.864	73.849	73.853	42	0	3
2025.09.02	00:30:00	73.857	73.877	73.849	73.869	33	0	3
2025.09.02	00:45:00	73.865	73.880	73.855	73.869	50	0	3
2025.09.02	01:00:00	73.866	73.885	73.855	73.865	55	0	3
2025.09.02	01:15:00	73.868	73.875	73.845	73.858	48	0	3
2025.09.02	01:30:00	73.855	73.889	73.847	73.875	98	0	3
2025.09.02	01:45:00	73.879	73.882	73.858	73.872	68	0	3
2025.09.02	02:00:00	73.875	73.930	73.875	73.930	77	0	3
2025.09.02	02:15:00	73.926	73.942	73.924	73.933	64	0	3
2025.09.02	02:30:00	73.930	73.938	73.907	73.907	38	0	3
2025.09.02	02:45:00	73.910	73.932	73.907	73.913	38	0	3
2025.09.02	03:00:00	73.916	73.923	73.906	73.921	40	0	3
2025.09.02	03:15:00	73.924	73.925	73.911	73.917	45	0	3
2025.09.02	03:30:00	73.920	73.940	73.920	73.933	37	0	3
2025.09.02	03:45:00	73.936	73.938	73.927	73.930	28	0	3
2025.09.02	04:00:00	73.929	73.945	73.928	73.944	29	0	3
2025.09.02	04:15:00	73.941	73.945	73.910	73.917	33	0	3
2025.09.02	04:30:00	73.921	73.933	73.912	73.915	44	0	3
2025.09.02	04:45:00	73.918	73.925	73.909	73.923	27	0	3
2025.09.02	05:00:00	73.922	73.922	73.905	73.917	26	0	3
2025.09.02	05:15:00	73.917	73.955	73.917	73.954	43	0	3
2025.09.02	05:30:00	73.958	73.958	73.929	73.944	53	0	3
2025.09.02	05:45:00	73.948	73.962	73.941	73.957	49	0	3
2025.09.02	06:00:00	73.954	73.954	73.925	73.932	66	0	3
2025.09.02	06:15:00	73.935	73.956	73.929	73.948	63	0	3
2025.09.02	06:30:00	73.951	73.951	73.888	73.934	103	0	3
2025.09.02	06:45:00	73.938	73.938	73.904	73.904	62	0	3
2025.09.02	07:00:00	73.900	74.275	73.892	74.270	404	0	3
2025.09.02	07:15:00	74.273	74.384	74.187	74.384	529	0	3
2025.09.02	07:30:00	74.388	74.479	74.352	74.401	467	0	3
2025.09.02	07:45:00	74.404	74.658	74.394	74.608	566	0	3
2025.09.02	08:00:00	74.604	74.761	74.554	74.580	584	0	3
2025.09.02	08:15:00	74.584	74.632	74.510	74.610	371	0	3
2025.09.02	08:30:00	74.613	74.617	74.437	74.488	333	0	3
2025.09.02	08:45:00	74.485	74.589	74.483	74.551	252	0	3
2025.09.02	09:00:00	74.554	74.654	74.527	74.630	249	0	3
2025.09.02	09:15:00	74.626	74.726	74.626	74.660	283	0	3
2025.09.02	09:30:00	74.663	74.686	74.598	74.627	217	0	3
2025.09.02	09:45:00	74.630	74.663	74.594	74.626	196	0	3
2025.09.02	10:00:00	74.630	74.723	74.616	74.631	247	0	3
2025.09.02	10:15:00	74.634	74.722	74.621	74.705	200	0	3
2025.09.02	10:30:00	74.702	74.706	74.643	74.679	179	0	3
2025.09.02	10:45:00	74.683	74.785	74.661	74.746	247	0	3
2025.09.02	11:00:00	74.743	74.795	74.719	74.789	237	0	3
2025.09.02	11:15:00	74.785	74.788	74.710	74.739	187	0	3
2025.09.02	11:30:00	74.743	74.773	74.715	74.752	199	0	3
2025.09.02	11:45:00	74.755	74.780	74.713	74.717	172	0	3
2025.09.02	12:00:00	74.720	74.772	74.640	74.758	244	0	3
2025.09.02	12:15:00	74.761	74.893	74.755	74.890	318	0	3
2025.09.02	12:30:00	74.894	74.952	74.864	74.942	305	0	3
2025.09.02	12:45:00	74.938	74.966	74.860	74.894	325	0	3
2025.09.02	13:00:00	74.898	74.948	74.803	74.807	288	0	3
2025.09.02	13:15:00	74.810	74.826	74.779	74.789	167	0	3
2025.09.02	13:30:00	74.794	74.816	74.686	74.691	243	0	3
2025.09.02	13:45:00	74.695	74.708	74.648	74.675	239	0	3
2025.09.02	14:00:00	74.679	74.679	74.521	74.534	531	0	3
2025.09.02	14:15:00	74.537	74.607	74.533	74.576	279	0	3
2025.09.02	14:30:00	74.573	74.633	74.550	74.586	263	0	3
2025.09.02	14:45:00	74.582	74.662	74.561	74.640	268	0	3
2025.09.02	15:00:00	74.637	74.726	74.626	74.712	187	0	3
2025.09.02	15:15:00	74.709	74.744	74.682	74.696	186	0	3
2025.09.02	15:30:00	74.693	74.769	74.679	74.721	208	0	3
2025.09.02	15:45:00	74.717	74.722	74.672	74.683	142	0	3
2025.09.02	16:00:00	74.679	74.715	74.668	74.673	136	0	3
2025.09.02	16:15:00	74.677	74.716	74.669	74.701	106	0	3
2025.09.02	16:30:00	74.697	74.719	74.687	74.702	70	0	3
2025.09.02	16:45:00	74.699	74.700	74.664	74.668	80	0	3
2025.09.02	17:00:00	74.665	74.711	74.661	74.700	78	0	3
2025.09.02	17:15:00	74.697	74.708	74.678	74.682	45	0	3
2025.09.02	17:30:00	74.679	74.693	74.664	74.680	50	0	3
2025.09.02	17:45:00	74.683	74.714	74.674	74.711	66	0	3
2025.09.02	18:00:00	74.715	74.733	74.700	74.715	74	0	3
2025.09.02	18:15:00	74.711	74.765	74.711	74.751	88	0	3
2025.09.02	18:30:00	74.748	74.760	74.744	74.756	38	0	3
2025.09.02	18:45:00	74.759	74.766	74.741	74.741	44	0	3
2025.09.02	19:00:00	74.738	74.741	74.717	74.724	59	0	3
2025.09.02	19:15:00	74.727	74.730	74.688	74.696	52	0	3
2025.09.02	19:30:00	74.693	74.699	74.685	74.690	42	0	3
2025.09.02	19:45:00	74.687	74.693	74.674	74.679	37	0	3
2025.09.02	20:00:00	74.675	74.677	74.649	74.663	43	0	3
2025.09.02	20:15:00	74.662	74.679	74.659	74.672	28	0	3
2025.09.02	20:30:00	74.675	74.678	74.661	74.662	22	0	3
2025.09.02	20:45:00	74.661	74.666	74.638	74.645	118	0	3
2025.09.02	21:00:00	74.643	74.644	74.632	74.639	14	0	18
2025.09.02	21:15:00	74.639	74.642	74.632	74.642	14	0	49
2025.09.02	21:30:00	74.642	74.648	74.635	74.639	14	0	42
2025.09.02	21:45:00	74.636	74.670	74.634	74.639	16	0	9
2025.09.02	22:00:00	74.661	74.661	74.648	74.657	19	0	3
2025.09.02	22:15:00	74.654	74.661	74.651	74.657	21	0	3
2025.09.02	22:30:00	74.656	74.661	74.655	74.661	17	0	3
2025.09.02	22:45:00	74.661	74.698	74.661	74.698	28	0	3
2025.09.02	23:00:00	74.695	74.712	74.694	74.704	33	0	3
2025.09.02	23:15:00	74.706	74.710	74.696	74.701	24	0	3
2025.09.02	23:30:00	74.705	74.712	74.700	74.709	26	0	3
2025.09.02	23:45:00	74.711	74.727	74.707	74.727	25	0	3
2025.09.03	00:00:00	74.724	74.765	74.721	74.758	40	0	3
2025.09.03	00:15:00	74.757	74.769	74.747	74.762	47	0	3
2025.09.03	00:30:00	74.761	74.773	74.748	74.773	40	0	3
2025.09.03	00:45:00	74.770	74.779	74.761	74.763	45	0	3
2025.09.03	01:00:00	74.766	74.787	74.749	74.774	64	0	3
2025.09.03	01:15:00	74.777	74.800	74.777	74.789	54	0	3
2025.09.03	01:30:00	74.785	74.795	74.772	74.787	76	0	3
2025.09.03	01:45:00	74.784	74.807	74.780	74.796	60	0	3
2025.09.03	02:00:00	74.796	74.803	74.771	74.790	45	0	3
2025.09.03	02:15:00	74.791	74.791	74.763	74.784	42	0	3
2025.09.03	02:30:00	74.788	74.828	74.785	74.813	49	0	3
2025.09.03	02:45:00	74.810	74.817	74.801	74.817	36	0	3
2025.09.03	03:00:00	74.813	74.813	74.791	74.801	45	0	3
2025.09.03	03:15:00	74.804	74.824	74.801	74.824	36	0	3
2025.09.03	03:30:00	74.820	74.830	74.818	74.823	30	0	3
2025.09.03	03:45:00	74.827	74.837	74.817	74.837	30	0	3
2025.09.03	04:00:00	74.841	74.845	74.810	74.812	39	0	3
2025.09.03	04:15:00	74.810	74.818	74.801	74.818	33	0	3
2025.09.03	04:30:00	74.814	74.814	74.795	74.795	31	0	3
2025.09.03	04:45:00	74.796	74.808	74.790	74.798	22	0	3
2025.09.03	05:00:00	74.799	74.803	74.789	74.798	38	0	3
2025.09.03	05:15:00	74.801	74.802	74.773	74.787	32	0	3
2025.09.03	05:30:00	74.791	74.838	74.788	74.831	62	0	3
2025.09.03	05:45:00	74.834	74.853	74.828	74.837	52	0	3
2025.09.03	06:00:00	74.834	74.837	74.790	74.794	72	0	3
2025.09.03	06:15:00	74.790	74.803	74.746	74.746	80	0	3
2025.09.03	06:30:00	74.742	74.742	74.676	74.694	121	0	3
2025.09.03	06:45:00	74.697	74.771	74.697	74.755	84	0	3
2025.09.03	07:00:00	74.758	74.834	74.735	74.826	181	0	3
2025.09.03	07:15:00	74.829	74.998	74.816	74.908	353	0	3
2025.09.03	07:30:00	74.911	74.930	74.845	74.900	233	0	3
2025.09.03	07:45:00	74.896	74.904	74.808	74.815	198	0	3
2025.09.03	08:00:00	74.811	74.811	74.719	74.726	218	0	3
2025.09.03	08:15:00	74.729	74.732	74.665	74.683	160	0	3
2025.09.03	08:30:00	74.680	74.743	74.666	74.705	170	0	3
2025.09.03	08:45:00	74.702	74.707	74.573	74.586	210	0	3
2025.09.03	09:00:00	74.583	74.598	74.529	74.598	178	0	3
2025.09.03	09:15:00	74.595	74.614	74.564	74.598	141	0	3
2025.09.03	09:30:00	74.595	74.611	74.549	74.556	153	0	3
2025.09.03	09:45:00	74.559	74.595	74.540	74.581	136	0	3
2025.09.03	10:00:00	74.585	74.604	74.572	74.584	93	0	3
2025.09.03	10:15:00	74.581	74.596	74.564	74.579	82	0	3
2025.09.03	10:30:00	74.582	74.637	74.573	74.637	129	0	3
2025.09.03	10:45:00	74.634	74.651	74.602	74.602	98	0	3
2025.09.03	11:00:00	74.599	74.639	74.594	74.616	99	0	3
2025.09.03	11:15:00	74.619	74.628	74.599	74.617	51	0	3
2025.09.03	12:00:00	74.562	74.564	74.528	74.528	76	0	3
2025.09.03	12:15:00	74.531	74.567	74.518	74.532	106	0	3
2025.09.03	12:30:00	74.529	74.571	74.501	74.566	161	0	3
2025.09.03	12:45:00	74.570	74.575	74.461	74.488	178	0	3
2025.09.03	13:00:00	74.484	74.528	74.480	74.484	184	0	3
2025.09.03	13:15:00	74.480	74.510	74.463	74.468	139	0	3
2025.09.03	13:30:00	74.464	74.554	74.425	74.516	274	0	3
2025.09.03	13:45:00	74.519	74.566	74.511	74.530	233	0	3
2025.09.03	14:00:00	74.538	74.539	74.385	74.428	508	0	3
2025.09.03	14:15:00	74.425	74.425	74.368	74.405	270	0	3
2025.09.03	14:30:00	74.402	74.441	74.380	74.396	217	0	3
2025.09.03	14:45:00	74.393	74.484	74.391	74.439	193	0	3
2025.09.03	15:00:00	74.442	74.458	74.372	74.397	178	0	3
2025.09.03	15:15:00	74.393	74.412	74.343	74.353	133	0	3
2025.09.03	15:30:00	74.350	74.364	74.335	74.363	144	0	3
2025.09.03	15:45:00	74.360	74.378	74.326	74.360	128	0	3
2025.09.03	16:00:00	74.357	74.375	74.341	74.345	120	0	3
2025.09.03	16:15:00	74.348	74.380	74.340	74.350	77	0	3
2025.09.03	16:30:00	74.347	74.368	74.339	74.365	55	0	3
2025.09.03	16:45:00	74.369	74.369	74.337	74.349	59	0	3
2025.09.03	17:00:00	74.346	74.347	74.307	74.311	64	0	3
2025.09.03	17:15:00	74.315	74.324	74.301	74.307	75	0	3
2025.09.03	17:30:00	74.310	74.360	74.306	74.357	61	0	3
2025.09.03	17:45:00	74.360	74.410	74.360	74.395	74	0	3
2025.09.03	18:00:00	74.398	74.411	74.361	74.370	68	0	3
2025.09.03	18:15:00	74.374	74.387	74.364	74.375	58	0	3
2025.09.03	18:30:00	74.378	74.407	74.372	74.387	59	0	3
2025.09.03	18:45:00	74.384	74.396	74.373	74.393	46	0	3
2025.09.03	19:00:00	74.396	74.417	74.396	74.416	47	0	3
2025.09.03	19:15:00	74.420	74.433	74.413	74.415	33	0	3
2025.09.03	19:30:00	74.412	74.416	74.399	74.406	52	0	3
2025.09.03	19:45:00	74.403	74.412	74.397	74.412	43	0	3
2025.09.03	20:00:00	74.410	74.411	74.387	74.387	30	0	3
2025.09.03	20:15:00	74.391	74.394	74.375	74.375	29	0	3
2025.09.03	20:30:00	74.372	74.386	74.371	74.383	25	0	3
2025.09.03	20:45:00	74.387	74.399	74.362	74.362	62	0	3
2025.09.03	21:00:00	74.365	74.367	74.358	74.359	14	0	16
2025.09.03	21:15:00	74.363	74.369	74.359	74.369	14	0	26
2025.09.03	21:30:00	74.371	74.387	74.371	74.386	14	0	9
2025.09.03	21:45:00	74.386	74.386	74.361	74.380	16	0	9
2025.09.03	22:00:00	74.402	74.403	74.390	74.401	23	0	3
2025.09.03	22:15:00	74.398	74.406	74.398	74.406	17	0	3
2025.09.03	22:30:00	74.403	74.403	74.392	74.392	19	0	3
2025.09.03	22:45:00	74.392	74.409	74.392	74.409	17	0	3
2025.09.03	23:00:00	74.406	74.407	74.391	74.392	20	0	3
2025.09.03	23:15:00	74.391	74.397	74.387	74.394	18	0	3
2025.09.03	23:30:00	74.392	74.413	74.392	74.403	24	0	3
2025.09.03	23:45:00	74.402	74.404	74.393	74.397	27	0	3
2025.09.04	00:00:00	74.394	74.424	74.391	74.396	73	0	3
2025.09.04	00:15:00	74.393	74.404	74.390	74.399	37	0	3
2025.09.04	00:30:00	74.402	74.412	74.398	74.403	44	0	3
2025.09.04	00:45:00	74.406	74.410	74.384	74.392	53	0	3
2025.09.04	01:00:00	74.389	74.438	74.389	74.420	61	0	3
2025.09.04	01:15:00	74.424	74.426	74.410	74.411	52	0	3
2025.09.04	01:30:00	74.408	74.412	74.350	74.398	87	0	3
2025.09.04	01:45:00	74.394	74.434	74.394	74.418	79	0	3
2025.09.04	02:00:00	74.422	74.447	74.414	74.447	55	0	3
2025.09.04	02:15:00	74.444	74.451	74.426	74.433	43	0	3
2025.09.04	02:30:00	74.436	74.449	74.423	74.442	46	0	3
2025.09.04	02:45:00	74.445	74.463	74.445	74.453	49	0	3
2025.09.04	03:00:00	74.449	74.474	74.442	74.472	43	0	3
2025.09.04	03:15:00	74.475	74.475	74.459	74.464	40	0	3
2025.09.04	03:30:00	74.461	74.477	74.453	74.464	32	0	3
2025.09.04	03:45:00	74.460	74.481	74.460	74.470	29	0	3
2025.09.04	04:00:00	74.466	74.473	74.459	74.473	23	0	3
2025.09.04	04:15:00	74.472	74.479	74.467	74.476	28	0	3
2025.09.04	04:30:00	74.479	74.482	74.454	74.461	26	0	3
2025.09.04	04:45:00	74.461	74.476	74.459	74.475	20	0	3
2025.09.04	05:00:00	74.476	74.490	74.470	74.475	30	0	3
2025.09.04	05:15:00	74.474	74.480	74.466	74.466	34	0	3
2025.09.04	05:30:00	74.463	74.475	74.459	74.463	38	0	3
2025.09.04	05:45:00	74.463	74.483	74.463	74.469	41	0	3
2025.09.04	06:00:00	74.466	74.466	74.436	74.448	58	0	3
2025.09.04	06:15:00	74.449	74.457	74.430	74.450	62	0	3
2025.09.04	06:30:00	74.454	74.467	74.436	74.437	76	0	3
2025.09.04	06:45:00	74.440	74.447	74.400	74.428	68	0	3
2025.09.04	07:00:00	74.431	74.459	74.413	74.449	126	0	3
2025.09.04	07:15:00	74.453	74.532	74.448	74.470	107	0	3
2025.09.04	07:30:00	74.470	74.486	74.457	74.464	80	0	3
2025.09.04	07:45:00	74.461	74.496	74.441	74.474	92	0	3
2025.09.04	08:00:00	74.471	74.475	74.382	74.408	106	0	3
2025.09.04	08:15:00	74.405	74.406	74.369	74.387	100	0	3
2025.09.04	08:30:00	74.390	74.400	74.312	74.338	144	0	3
2025.09.04	08:45:00	74.341	74.354	74.321	74.325	74	0	3
2025.09.04	09:00:00	74.321	74.364	74.296	74.356	112	0	3
2025.09.04	09:15:00	74.353	74.435	74.346	74.435	110	0	3
2025.09.04	09:30:00	74.431	74.435	74.400	74.419	74	0	3
2025.09.04	09:45:00	74.416	74.419	74.387	74.402	88	0	3
2025.09.04	10:00:00	74.405	74.414	74.341	74.341	94	0	3
2025.09.04	10:15:00	74.345	74.369	74.338	74.363	93	0	3
2025.09.04	10:30:00	74.367	74.368	74.314	74.327	74	0	3
2025.09.04	10:45:00	74.330	74.356	74.326	74.356	68	0	3
2025.09.04	11:00:00	74.359	74.416	74.359	74.411	82	0	3
2025.09.04	11:15:00	74.414	74.437	74.398	74.430	53	0	3
2025.09.04	11:30:00	74.433	74.457	74.423	74.448	99	0	3
2025.09.04	11:45:00	74.444	74.484	74.431	74.440	113	0	3
2025.09.04	12:00:00	74.436	74.444	74.360	74.385	123	0	3
2025.09.04	12:15:00	74.388	74.450	74.314	74.449	352	0	3
2025.09.04	12:30:00	74.440	74.503	74.371	74.455	369	0	3
2025.09.04	12:45:00	74.459	74.487	74.394	74.397	191	0	3
2025.09.04	13:00:00	74.394	74.475	74.380	74.473	196	0	3
2025.09.04	13:15:00	74.469	74.480	74.377	74.396	144	0	3
2025.09.04	13:30:00	74.400	74.408	74.364	74.373	148	0	3
2025.09.04	13:45:00	74.369	74.419	74.369	74.392	158	0	3
2025.09.04	14:00:00	74.396	74.486	74.396	74.443	433	0	3
2025.09.04	14:15:00	74.447	74.483	74.436	74.469	184	0	3
2025.09.04	14:30:00	74.465	74.526	74.455	74.522	175	0	3
2025.09.04	14:45:00	74.519	74.528	74.471	74.475	154	0	3
2025.09.04	15:00:00	74.474	74.482	74.444	74.464	114	0	3
2025.09.04	15:15:00	74.467	74.470	74.433	74.437	69	0	3
2025.09.04	15:30:00	74.433	74.451	74.429	74.430	81	0	3
2025.09.04	15:45:00	74.431	74.431	74.400	74.410	66	0	3
2025.09.04	16:00:00	74.407	74.495	74.406	74.492	83	0	3
2025.09.04	16:15:00	74.488	74.529	74.466	74.514	89	0	3
2025.09.04	16:30:00	74.510	74.520	74.473	74.493	59	0	3
2025.09.04	16:45:00	74.496	74.517	74.492	74.505	60	0	3
2025.09.04	17:00:00	74.508	74.520	74.497	74.504	48	0	3
2025.09.04	17:15:00	74.499	74.499	74.480	74.485	33	0	3
2025.09.04	17:30:00	74.481	74.508	74.477	74.495	35	0	3
2025.09.04	17:45:00	74.492	74.517	74.490	74.504	49	0	3
2025.09.04	18:00:00	74.500	74.500	74.453	74.453	50	0	3
2025.09.04	18:15:00	74.456	74.474	74.453	74.453	50	0	3
2025.09.04	18:30:00	74.457	74.476	74.451	74.472	43	0	3
2025.09.04	18:45:00	74.476	74.485	74.462	74.481	42	0	3
2025.09.04	19:00:00	74.478	74.478	74.441	74.441	37	0	3
2025.09.04	19:15:00	74.443	74.459	74.431	74.451	37	0	3
2025.09.04	19:30:00	74.454	74.458	74.427	74.442	35	0	3
2025.09.04	19:45:00	74.442	74.444	74.422	74.426	35	0	3
2025.09.04	20:00:00	74.430	74.448	74.420	74.441	34	0	3
2025.09.04	20:15:00	74.441	74.442	74.424	74.426	21	0	3
2025.09.04	20:30:00	74.426	74.426	74.420	74.420	16	0	3
2025.09.04	20:45:00	74.420	74.429	74.419	74.423	24	0	3
2025.09.04	21:00:00	74.425	74.427	74.418	74.420	13	0	9
2025.09.04	21:15:00	74.418	74.422	74.417	74.420	14	0	35
2025.09.04	21:30:00	74.426	74.443	74.418	74.418	15	0	9
2025.09.04	21:45:00	74.424	74.437	74.418	74.437	14	0	9
2025.09.07	21:00:00	74.008	74.019	74.008	74.019	9	0	51
2025.09.07	21:15:00	74.019	74.027	74.019	74.027	14	0	36
2025.09.07	21:30:00	74.025	74.036	74.025	74.036	15	0	26
2025.09.07	21:45:00	74.036	74.042	74.036	74.042	14	0	24
2025.09.07	22:00:00	74.043	74.142	74.043	74.134	50	0	3
2025.09.07	22:15:00	74.127	74.136	74.114	74.132	48	0	3
2025.09.07	22:30:00	74.129	74.169	74.125	74.160	49	0	3
2025.09.07	22:45:00	74.163	74.163	74.139	74.147	35	0	3
2025.09.07	23:00:00	74.143	74.147	74.115	74.140	56	0	3
2025.09.07	23:15:00	74.137	74.147	74.124	74.126	36	0	3
2025.09.07	23:30:00	74.126	74.136	74.110	74.113	42	0	3
2025.09.07	23:45:00	74.110	74.117	74.093	74.113	63	0	3
2025.09.08	00:00:00	74.117	74.163	74.117	74.148	104	0	3
2025.09.08	00:15:00	74.152	74.160	74.123	74.130	61	0	3
2025.09.08	00:30:00	74.127	74.139	74.117	74.127	46	0	3
2025.09.08	00:45:00	74.128	74.134	74.095	74.096	61	0	3
2025.09.08	01:00:00	74.092	74.099	74.072	74.088	56	0	3
2025.09.08	01:15:00	74.084	74.122	74.084	74.117	67	0	3
2025.09.08	01:30:00	74.120	74.123	74.088	74.106	81	0	3
2025.09.08	01:45:00	74.109	74.109	74.054	74.064	92	0	3
2025.09.08	02:00:00	74.060	74.080	74.045	74.070	93	0	3
2025.09.08	02:15:00	74.067	74.088	74.066	74.083	65	0	3
2025.09.08	02:30:00	74.080	74.084	74.062	74.076	51	0	3
2025.09.08	02:45:00	74.075	74.076	74.044	74.050	41	0	3
2025.09.08	03:00:00	74.046	74.065	74.042	74.060	34	0	3
2025.09.08	03:15:00	74.063	74.069	74.048	74.063	36	0	3
2025.09.08	03:30:00	74.066	74.083	74.062	74.081	34	0	3
2025.09.08	03:45:00	74.077	74.102	74.075	74.097	35	0	3
2025.09.08	04:00:00	74.098	74.144	74.094	74.141	48	0	3
2025.09.08	04:15:00	74.139	74.139	74.101	74.101	29	0	3
2025.09.08	04:30:00	74.098	74.105	74.087	74.095	37	0	3
2025.09.08	04:45:00	74.092	74.098	74.086	74.092	36	0	3
2025.09.08	05:00:00	74.096	74.096	74.071	74.081	40	0	3
2025.09.08	05:15:00	74.078	74.083	74.065	74.066	33	0	3
2025.09.08	05:30:00	74.063	74.079	74.051	74.079	46	0	3
2025.09.08	05:45:00	74.076	74.093	74.068	74.090	54	0	3
2025.09.08	06:00:00	74.087	74.087	74.029	74.030	98	0	3
2025.09.08	06:15:00	74.033	74.072	74.023	74.041	125	0	3
2025.09.08	06:30:00	74.037	74.046	74.009	74.028	99	0	3
2025.09.08	06:45:00	74.024	74.024	73.969	73.973	109	0	3
2025.09.08	07:00:00	73.976	74.011	73.965	73.979	134	0	3
2025.09.08	07:15:00	73.976	74.001	73.968	73.982	106	0	3
2025.09.08	07:30:00	73.979	73.989	73.933	73.937	98	0	3
2025.09.08	07:45:00	73.934	74.007	73.930	73.983	98	0	3
2025.09.08	08:00:00	73.980	73.989	73.930	73.957	95	0	3
2025.09.08	08:15:00	73.953	74.014	73.946	74.004	116	0	3
2025.09.08	08:30:00	74.007	74.018	73.995	74.015	75	0	3
2025.09.08	08:45:00	74.011	74.039	73.989	74.006	67	0	3
2025.09.08	09:00:00	74.009	74.027	73.996	74.019	77	0	3
2025.09.08	09:15:00	74.016	74.025	74.001	74.021	74	0	3
2025.09.08	09:30:00	74.022	74.025	73.996	74.004	55	0	3
2025.09.08	09:45:00	74.008	74.028	74.006	74.021	75	0	3
2025.09.08	10:00:00	74.024	74.061	74.019	74.027	74	0	3
2025.09.08	10:15:00	74.031	74.031	74.005	74.005	49	0	3
2025.09.08	10:30:00	74.002	74.008	73.947	73.950	97	0	3
2025.09.08	10:45:00	73.953	73.959	73.898	73.908	111	0	3
2025.09.08	11:00:00	73.905	73.936	73.905	73.908	92	0	3
2025.09.08	11:15:00	73.911	73.949	73.905	73.933	53	0	3
2025.09.08	11:30:00	73.929	73.929	73.875	73.889	73	0	3
2025.09.08	11:45:00	73.893	73.912	73.876	73.912	109	0	3
2025.09.08	12:00:00	73.909	73.920	73.873	73.899	107	0	3
2025.09.08	12:15:00	73.896	73.923	73.875	73.894	114	0	3
2025.09.08	12:30:00	73.891	73.891	73.835	73.848	106	0	3
2025.09.08	12:45:00	73.845	73.873	73.802	73.837	129	0	3
2025.09.08	13:00:00	73.833	73.852	73.801	73.818	112	0	3
2025.09.08	13:15:00	73.815	73.831	73.803	73.808	97	0	3
2025.09.08	13:30:00	73.804	73.819	73.765	73.809	134	0	3
2025.09.08	13:45:00	73.806	73.832	73.787	73.826	160	0	3
2025.09.08	14:00:00	73.829	73.886	73.820	73.886	160	0	3
2025.09.08	14:15:00	73.889	73.902	73.858	73.862	126	0	3
2025.09.08	14:30:00	73.859	73.890	73.845	73.875	114	0	3
2025.09.08	14:45:00	73.871	73.902	73.864	73.879	125	0	3
2025.09.08	15:00:00	73.881	73.891	73.824	73.833	97	0	3
2025.09.08	15:15:00	73.830	73.846	73.817	73.840	102	0	3
2025.09.08	15:30:00	73.843	73.853	73.825	73.836	89	0	3
2025.09.08	15:45:00	73.832	73.857	73.820	73.820	73	0	3
2025.09.08	16:00:00	73.816	73.837	73.809	73.831	62	0	3
2025.09.08	16:15:00	73.828	73.856	73.820	73.856	41	0	3
2025.09.08	16:30:00	73.860	73.917	73.860	73.895	74	0	3
2025.09.08	16:45:00	73.891	73.901	73.864	73.868	59	0	3
2025.09.08	17:00:00	73.871	73.909	73.868	73.890	57	0	3
2025.09.08	17:15:00	73.886	73.895	73.861	73.864	45	0	3
2025.09.08	17:30:00	73.861	73.892	73.854	73.886	47	0	3
2025.09.08	17:45:00	73.885	73.922	73.879	73.922	62	0	3
2025.09.08	18:00:00	73.919	73.921	73.865	73.871	53	0	3
2025.09.08	18:15:00	73.868	73.869	73.821	73.824	42	0	3
2025.09.08	18:30:00	73.821	73.831	73.808	73.827	40	0	3
2025.09.08	18:45:00	73.831	73.834	73.780	73.784	59	0	3
2025.09.08	19:00:00	73.787	73.793	73.773	73.783	57	0	3
2025.09.08	19:15:00	73.787	73.803	73.782	73.794	55	0	3
2025.09.08	19:30:00	73.792	73.798	73.790	73.795	36	0	3
2025.09.08	19:45:00	73.791	73.800	73.784	73.796	43	0	3
2025.09.08	20:00:00	73.799	73.806	73.792	73.800	33	0	3
2025.09.08	20:15:00	73.803	73.821	73.800	73.816	28	0	3
2025.09.08	20:30:00	73.815	73.826	73.809	73.824	26	0	3
2025.09.08	20:45:00	73.826	73.830	73.820	73.825	21	0	3
2025.09.08	21:00:00	73.821	73.823	73.810	73.813	14	0	14
2025.09.08	21:15:00	73.812	73.817	73.806	73.811	14	0	21
2025.09.08	21:30:00	73.810	73.817	73.810	73.817	15	0	8
2025.09.08	21:45:00	73.815	73.819	73.812	73.812	15	0	8
2025.09.08	22:00:00	73.811	73.816	73.811	73.811	16	0	3
2025.09.08	22:15:00	73.812	73.820	73.806	73.819	19	0	3
2025.09.08	22:30:00	73.818	73.818	73.803	73.803	19	0	3
2025.09.08	22:45:00	73.803	73.806	73.802	73.803	18	0	3
2025.09.08	23:00:00	73.803	73.803	73.781	73.788	27	0	3
2025.09.08	23:15:00	73.791	73.791	73.762	73.764	25	0	3
2025.09.08	23:30:00	73.761	73.769	73.758	73.765	24	0	3
2025.09.08	23:45:00	73.769	73.788	73.766	73.784	25	0	3
2025.09.09	00:00:00	73.787	73.797	73.781	73.785	52	0	3
2025.09.09	00:15:00	73.783	73.786	73.743	73.748	39	0	3
2025.09.09	00:30:00	73.751	73.760	73.734	73.752	41	0	3
2025.09.09	00:45:00	73.752	73.755	73.737	73.755	50	0	3
2025.09.09	01:00:00	73.759	73.769	73.748	73.758	54	0	3
2025.09.09	01:15:00	73.762	73.780	73.762	73.778	39	0	3
2025.09.09	01:30:00	73.774	73.775	73.740	73.752	44	0	3
2025.09.09	01:45:00	73.749	73.753	73.690	73.707	64	0	3
2025.09.09	02:00:00	73.703	73.707	73.685	73.689	45	0	3
2025.09.09	02:15:00	73.686	73.714	73.686	73.705	50	0	3
2025.09.09	02:30:00	73.709	73.714	73.698	73.707	40	0	3
2025.09.09	02:45:00	73.705	73.728	73.704	73.724	46	0	3
2025.09.09	03:00:00	73.721	73.737	73.718	73.734	40	0	3
2025.09.09	03:15:00	73.736	73.755	73.732	73.745	29	0	3
2025.09.09	03:30:00	73.746	73.746	73.734	73.740	28	0	3
2025.09.09	03:45:00	73.737	73.754	73.734	73.747	30	0	3
2025.09.09	04:00:00	73.747	73.749	73.727	73.735	25	0	3
2025.09.09	04:15:00	73.732	73.732	73.694	73.701	36	0	3
2025.09.09	04:30:00	73.698	73.704	73.689	73.700	33	0	3
2025.09.09	04:45:00	73.695	73.695	73.661	73.668	35	0	3
2025.09.09	05:00:00	73.672	73.675	73.649	73.670	46	0	3
2025.09.09	05:15:00	73.667	73.683	73.666	73.673	46	0	3
2025.09.09	05:30:00	73.672	73.686	73.650	73.654	42	0	3
2025.09.09	05:45:00	73.657	73.665	73.634	73.638	55	0	3
2025.09.09	06:00:00	73.634	73.685	73.621	73.667	114	0	3
2025.09.09	06:15:00	73.670	73.695	73.661	73.695	82	0	3
2025.09.09	06:30:00	73.698	73.715	73.679	73.708	103	0	3
2025.09.09	06:45:00	73.711	73.756	73.695	73.711	104	0	3
2025.09.09	07:00:00	73.708	73.721	73.678	73.679	103	0	3
2025.09.09	07:15:00	73.676	73.710	73.656	73.671	106	0	3
2025.09.09	07:30:00	73.674	73.723	73.670	73.723	91	0	3
2025.09.09	07:45:00	73.726	73.753	73.696	73.715	154	0	3
2025.09.09	08:00:00	73.718	73.754	73.701	73.740	112	0	3
2025.09.09	08:15:00	73.744	73.750	73.661	73.678	234	0	3
2025.09.09	08:30:00	73.675	73.720	73.667	73.677	142	0	3
2025.09.09	08:45:00	73.680	73.723	73.670	73.674	144	0	3
2025.09.09	09:00:00	73.671	73.674	73.620	73.621	109	0	3
2025.09.09	09:15:00	73.624	73.635	73.599	73.613	95	0	3
2025.09.09	09:30:00	73.609	73.615	73.580	73.615	116	0	3
2025.09.09	09:45:00	73.612	73.623	73.580	73.598	79	0	3
2025.09.09	10:00:00	73.594	73.618	73.585	73.614	62	0	3
2025.09.09	10:15:00	73.618	73.623	73.590	73.616	73	0	3
2025.09.09	10:30:00	73.613	73.648	73.610	73.644	60	0	3
2025.09.09	10:45:00	73.641	73.665	73.636	73.652	53	0	3
2025.09.09	11:00:00	73.648	73.671	73.645	73.665	52	0	3
2025.09.09	11:15:00	73.668	73.693	73.660	73.668	60	0	3
2025.09.09	11:30:00	73.665	73.707	73.665	73.704	59	0	3
2025.09.09	11:45:00	73.700	73.758	73.696	73.756	78	0	3
2025.09.09	12:00:00	73.752	73.792	73.749	73.760	128	0	3
2025.09.09	12:15:00	73.763	73.776	73.744	73.773	105	0	3
2025.09.09	12:30:00	73.776	73.821	73.776	73.799	107	0	3
2025.09.09	12:45:00	73.801	73.812	73.772	73.775	97	0	3
2025.09.09	13:00:00	73.779	73.791	73.753	73.759	144	0	3
2025.09.09	13:15:00	73.756	73.759	73.721	73.733	101	0	3
2025.09.09	13:30:00	73.736	73.771	73.720	73.747	137	0	3
2025.09.09	13:45:00	73.744	73.788	73.715	73.780	172	0	3
2025.09.09	14:00:00	73.776	73.897	73.666	73.834	772	0	3
2025.09.09	14:15:00	73.830	73.859	73.800	73.812	282	0	3
2025.09.09	14:30:00	73.808	73.894	73.808	73.849	247	0	3
2025.09.09	14:45:00	73.846	73.890	73.818	73.857	190	0	3
2025.09.09	15:00:00	73.854	73.909	73.848	73.901	162	0	3
2025.09.09	15:15:00	73.905	73.949	73.892	73.895	180	0	3
2025.09.09	15:30:00	73.898	73.911	73.883	73.895	108	0	3
2025.09.09	15:45:00	73.899	73.921	73.878	73.901	80	0	3
2025.09.09	16:00:00	73.904	73.921	73.886	73.890	95	0	3
2025.09.09	16:15:00	73.887	73.929	73.852	73.869	95	0	3
2025.09.09	16:30:00	73.865	73.868	73.820	73.861	75	0	3
2025.09.09	16:45:00	73.864	73.883	73.846	73.883	72	0	3
2025.09.09	17:00:00	73.880	73.890	73.863	73.878	84	0	3
2025.09.09	17:15:00	73.875	73.893	73.869	73.890	56	0	3
2025.09.09	17:30:00	73.887	73.906	73.866	73.899	68	0	3
2025.09.09	17:45:00	73.902	73.936	73.879	73.929	98	0	3
2025.09.09	18:00:00	73.933	73.948	73.923	73.928	67	0	3
2025.09.09	18:15:00	73.925	73.952	73.922	73.945	64	0	3
2025.09.09	18:30:00	73.942	73.950	73.932	73.950	43	0	3
2025.09.09	18:45:00	73.950	73.952	73.938	73.948	36	0	3
2025.09.09	19:00:00	73.950	73.971	73.946	73.965	42	0	3
2025.09.09	19:15:00	73.965	73.969	73.954	73.958	27	0	3
2025.09.09	19:30:00	73.955	73.967	73.936	73.959	38	0	3
2025.09.09	19:45:00	73.956	73.967	73.950	73.967	30	0	3
2025.09.09	20:00:00	73.967	73.973	73.958	73.969	26	0	3
2025.09.09	20:15:00	73.966	73.969	73.948	73.961	34	0	3
2025.09.09	20:30:00	73.961	73.967	73.938	73.938	21	0	3
2025.09.09	20:45:00	73.934	73.938	73.917	73.917	46	0	3
2025.09.09	21:00:00	73.919	73.921	73.916	73.920	13	0	14
2025.09.09	21:15:00	73.915	73.920	73.913	73.917	14	0	26
2025.09.09	21:30:00	73.918	73.927	73.913	73.927	15	0	15
2025.09.09	21:45:00	73.925	73.926	73.915	73.925	14	0	14
2025.09.09	22:00:00	73.934	73.937	73.919	73.923	22	0	3
2025.09.09	22:15:00	73.923	73.929	73.922	73.924	18	0	3
2025.09.09	22:30:00	73.922	73.922	73.912	73.912	18	0	3
2025.09.09	22:45:00	73.913	73.913	73.905	73.909	20	0	3
2025.09.09	23:00:00	73.912	73.925	73.910	73.925	28	0	3
2025.09.09	23:15:00	73.921	73.971	73.921	73.960	60	0	3
2025.09.09	23:30:00	73.963	73.971	73.957	73.965	32	0	3
2025.09.09	23:45:00	73.965	73.965	73.955	73.960	26	0	3
2025.09.10	00:00:00	73.964	73.985	73.945	73.949	64	0	3
2025.09.10	00:15:00	73.952	73.965	73.949	73.954	43	0	3
2025.09.10	00:30:00	73.955	73.955	73.943	73.954	44	0	3
2025.09.10	00:45:00	73.958	73.960	73.942	73.951	49	0	3
2025.09.10	01:00:00	73.947	73.974	73.932	73.960	77	0	3
2025.09.10	01:15:00	73.960	73.989	73.952	73.986	63	0	3
2025.09.10	01:30:00	73.989	73.992	73.935	73.942	75	0	3
2025.09.10	01:45:00	73.941	73.959	73.920	73.950	70	0	3
2025.09.10	02:00:00	73.946	73.957	73.914	73.919	100	0	3
2025.09.10	02:15:00	73.915	73.925	73.905	73.922	43	0	3
2025.09.10	02:30:00	73.925	73.925	73.902	73.906	39	0	3
2025.09.10	02:45:00	73.909	73.910	73.894	73.899	30	0	3
2025.09.10	03:00:00	73.902	73.902	73.880	73.893	34	0	3
2025.09.10	03:15:00	73.889	73.889	73.878	73.884	34	0	3
2025.09.10	03:30:00	73.881	73.892	73.878	73.888	29	0	3
2025.09.10	03:45:00	73.884	73.894	73.873	73.891	33	0	3
2025.09.10	04:00:00	73.893	73.900	73.885	73.886	28	0	3
2025.09.10	04:15:00	73.886	73.886	73.872	73.873	31	0	3
2025.09.10	04:30:00	73.876	73.878	73.869	73.869	23	0	3
2025.09.10	04:45:00	73.866	73.866	73.840	73.840	29	0	3
2025.09.10	05:00:00	73.843	73.859	73.843	73.857	38	0	3
2025.09.10	05:15:00	73.856	73.859	73.849	73.851	24	0	3
2025.09.10	05:30:00	73.854	73.871	73.848	73.867	34	0	3
2025.09.10	05:45:00	73.871	73.894	73.868	73.879	34	0	3
2025.09.10	06:00:00	73.882	73.882	73.846	73.846	70	0	3
2025.09.10	06:15:00	73.848	73.879	73.835	73.877	97	0	3
2025.09.10	06:30:00	73.873	73.918	73.869	73.890	103	0	3
2025.09.10	06:45:00	73.894	73.955	73.859	73.932	128	0	3
2025.09.10	07:00:00	73.929	73.999	73.902	73.912	233	0	3
2025.09.10	07:15:00	73.908	73.923	73.861	73.868	118	0	3
2025.09.10	07:30:00	73.864	73.903	73.864	73.884	101	0	3
2025.09.10	07:45:00	73.887	73.893	73.870	73.889	80	0	3
2025.09.10	08:00:00	73.892	73.932	73.889	73.912	105	0	3
2025.09.10	08:15:00	73.908	73.964	73.902	73.956	99	0	3
2025.09.10	08:30:00	73.960	73.962	73.916	73.943	100	0	3
2025.09.10	08:45:00	73.940	73.940	73.916	73.921	74	0	3
2025.09.10	09:00:00	73.924	73.928	73.888	73.888	74	0	3
2025.09.10	09:15:00	73.891	73.899	73.860	73.872	61	0	3
2025.09.10	09:30:00	73.868	73.871	73.829	73.846	77	0	3
2025.09.10	09:45:00	73.843	73.853	73.823	73.841	88	0	3
2025.09.10	10:00:00	73.838	73.870	73.834	73.859	66	0	3
2025.09.10	10:15:00	73.856	73.899	73.856	73.895	70	0	3
2025.09.10	10:30:00	73.898	73.902	73.856	73.859	81	0	3
2025.09.10	10:45:00	73.863	73.882	73.844	73.858	83	0	3
2025.09.10	11:00:00	73.862	73.886	73.858	73.872	75	0	3
2025.09.10	11:15:00	73.873	73.893	73.869	73.881	52	0	3
2025.09.10	11:30:00	73.885	73.922	73.877	73.912	83	0	3
2025.09.10	11:45:00	73.915	73.915	73.875	73.888	90	0	3
2025.09.10	12:00:00	73.885	73.933	73.871	73.923	101	0	3
2025.09.10	12:15:00	73.919	73.933	73.888	73.909	118	0	3
2025.09.10	12:30:00	73.902	73.903	73.715	73.861	835	0	3
2025.09.10	12:45:00	73.857	73.945	73.840	73.908	292	0	3
2025.09.10	13:00:00	73.911	73.932	73.854	73.857	258	0	3
2025.09.10	13:15:00	73.861	73.861	73.811	73.835	210	0	3
2025.09.10	13:30:00	73.838	73.841	73.776	73.796	194	0	3
2025.09.10	13:45:00	73.799	73.802	73.758	73.772	191	0	3
2025.09.10	14:00:00	73.775	73.785	73.737	73.758	198	0	3
2025.09.10	14:15:00	73.754	73.808	73.751	73.785	154	0	3
2025.09.10	14:30:00	73.781	73.786	73.749	73.763	141	0	3
2025.09.10	14:45:00	73.760	73.814	73.747	73.798	131	0	3
2025.09.10	15:00:00	73.802	73.802	73.772	73.789	92	0	3
2025.09.10	15:15:00	73.793	73.837	73.793	73.823	90	0	3
2025.09.10	15:30:00	73.820	73.821	73.786	73.804	90	0	3
2025.09.10	15:45:00	73.801	73.822	73.781	73.818	70	0	3
2025.09.10	16:00:00	73.822	73.834	73.805	73.834	89	0	3
2025.09.10	16:15:00	73.831	73.832	73.804	73.828	58	0	3
2025.09.10	16:30:00	73.825	73.851	73.825	73.851	50	0	3
2025.09.10	16:45:00	73.847	73.889	73.847	73.875	60	0	3
2025.09.10	17:00:00	73.878	73.884	73.849	73.859	95	0	3
2025.09.10	17:15:00	73.862	73.903	73.854	73.899	65	0	3
2025.09.10	17:30:00	73.903	73.921	73.890	73.901	44	0	3
2025.09.10	17:45:00	73.897	73.904	73.878	73.883	36	0	3
2025.09.10	18:00:00	73.886	73.889	73.871	73.879	44	0	3
2025.09.10	18:15:00	73.875	73.875	73.844	73.850	49	0	3
2025.09.10	18:30:00	73.854	73.874	73.849	73.872	45	0	3
2025.09.10	18:45:00	73.875	73.894	73.875	73.876	42	0	3
2025.09.10	19:00:00	73.876	73.905	73.873	73.905	36	0	3
2025.09.10	19:15:00	73.909	73.932	73.900	73.932	51	0	3
2025.09.10	19:30:00	73.935	73.954	73.925	73.944	47	0	3
2025.09.10	19:45:00	73.943	73.946	73.900	73.904	42	0	3
2025.09.10	20:00:00	73.901	73.909	73.894	73.899	28	0	3
2025.09.10	20:15:00	73.899	73.927	73.894	73.920	28	0	3
2025.09.10	20:30:00	73.917	73.924	73.916	73.916	19	0	3
2025.09.10	20:45:00	73.915	73.927	73.898	73.898	35	0	3
2025.09.10	21:00:00	73.901	73.902	73.880	73.891	14	0	14
2025.09.10	21:15:00	73.893	73.900	73.888	73.900	14	0	17
2025.09.10	21:30:00	73.900	73.905	73.888	73.898	15	0	17
2025.09.10	21:45:00	73.903	73.907	73.889	73.895	15	0	14
2025.09.10	22:00:00	73.896	73.896	73.887	73.892	17	0	3
2025.09.10	22:15:00	73.891	73.891	73.880	73.880	20	0	3
2025.09.10	22:30:00	73.881	73.881	73.880	73.881	14	0	3
2025.09.10	22:45:00	73.878	73.884	73.864	73.864	23	0	3
2025.09.10	23:00:00	73.868	73.885	73.868	73.870	27	0	3
2025.09.10	23:15:00	73.870	73.870	73.854	73.865	20	0	3
2025.09.10	23:30:00	73.865	73.876	73.865	73.876	18	0	3
2025.09.10	23:45:00	73.876	73.889	73.866	73.889	29	0	3
2025.09.11	00:00:00	73.893	73.907	73.893	73.902	47	0	3
2025.09.11	00:15:00	73.899	73.924	73.899	73.920	44	0	3
2025.09.11	00:30:00	73.918	73.921	73.909	73.910	37	0	3
2025.09.11	00:45:00	73.909	73.924	73.898	73.923	56	0	3
2025.09.11	01:00:00	73.926	73.926	73.906	73.913	53	0	3
2025.09.11	01:15:00	73.913	73.925	73.900	73.901	43	0	3
2025.09.11	01:30:00	73.898	73.909	73.887	73.897	44	0	3
2025.09.11	01:45:00	73.897	73.913	73.891	73.910	37	0	3
2025.09.11	02:00:00	73.913	73.922	73.909	73.910	31	0	3
2025.09.11	02:15:00	73.914	73.947	73.910	73.935	39	0	3
2025.09.11	02:30:00	73.932	73.939	73.921	73.935	27	0	3
2025.09.11	02:45:00	73.932	73.933	73.924	73.930	34	0	3
2025.09.11	03:00:00	73.933	73.933	73.911	73.918	25	0	3
2025.09.11	03:15:00	73.921	73.932	73.908	73.911	27	0	3
2025.09.11	03:30:00	73.914	73.922	73.911	73.921	26	0	3
2025.09.11	03:45:00	73.925	73.928	73.921	73.924	24	0	3
2025.09.11	04:00:00	73.921	73.931	73.917	73.925	27	0	3
2025.09.11	04:15:00	73.925	73.944	73.925	73.933	32	0	3
2025.09.11	04:30:00	73.931	73.939	73.925	73.934	22	0	3
2025.09.11	04:45:00	73.937	73.946	73.926	73.926	24	0	3
2025.09.11	05:00:00	73.927	73.955	73.927	73.952	28	0	3
2025.09.11	05:15:00	73.951	73.955	73.941	73.950	27	0	3
2025.09.11	05:30:00	73.953	73.961	73.933	73.947	33	0	3
2025.09.11	05:45:00	73.951	73.992	73.945	73.985	64	0	3
2025.09.11	06:00:00	73.982	74.004	73.937	73.992	115	0	3
2025.09.11	06:15:00	73.995	74.009	73.958	73.965	84	0	3
2025.09.11	06:30:00	73.967	73.984	73.963	73.968	97	0	3
2025.09.11	06:45:00	73.972	73.990	73.953	73.984	90	0	3
2025.09.11	07:00:00	73.981	73.997	73.952	73.990	118	0	3
2025.09.11	07:15:00	73.994	74.040	73.980	74.040	123	0	3
2025.09.11	07:30:00	74.044	74.055	73.984	73.988	111	0	3
2025.09.11	07:45:00	73.985	74.000	73.977	73.988	109	0	3
2025.09.11	08:00:00	73.985	73.998	73.971	73.994	97	0	3
2025.09.11	08:15:00	73.990	73.994	73.956	73.966	55	0	3
2025.09.11	08:30:00	73.963	73.995	73.963	73.976	100	0	3
2025.09.11	08:45:00	73.980	73.996	73.963	73.992	71	0	3
2025.09.11	09:00:00	73.988	74.040	73.985	74.025	88	0	3
2025.09.11	09:15:00	74.028	74.061	74.022	74.040	63	0	3
2025.09.11	09:30:00	74.043	74.089	74.014	74.086	101	0	3
2025.09.11	09:45:00	74.089	74.102	74.035	74.058	120	0	3
2025.09.11	10:00:00	74.061	74.076	74.024	74.024	80	0	3
2025.09.11	10:15:00	74.027	74.062	74.014	74.045	73	0	3
2025.09.11	10:30:00	74.042	74.045	74.015	74.018	85	0	3
2025.09.11	10:45:00	74.015	74.045	73.986	73.993	82	0	3
2025.09.11	11:00:00	73.996	73.998	73.974	73.986	88	0	3
2025.09.11	11:15:00	73.983	73.990	73.968	73.983	65	0	3
2025.09.11	11:30:00	73.979	73.992	73.961	73.987	76	0	3
2025.09.11	11:45:00	73.983	74.041	73.948	74.032	188	0	3
2025.09.11	12:00:00	74.029	74.029	73.979	73.997	168	0	3
2025.09.11	12:15:00	74.001	74.045	73.953	73.954	271	0	3
2025.09.11	12:30:00	73.951	74.111	73.804	73.883	1469	0	3
2025.09.11	12:45:00	73.887	73.956	73.826	73.827	444	0	3
2025.09.11	13:00:00	73.823	73.829	73.736	73.777	489	0	3
2025.09.11	13:15:00	73.774	73.854	73.771	73.831	288	0	3
2025.09.11	13:30:00	73.834	73.854	73.770	73.804	324	0	3
2025.09.11	13:45:00	73.807	73.832	73.767	73.783	232	0	3
2025.09.11	14:00:00	73.786	73.799	73.735	73.745	202	0	3
2025.09.11	14:15:00	73.742	73.763	73.707	73.751	229	0	3
2025.09.11	14:30:00	73.754	73.763	73.717	73.726	210	0	3
2025.09.11	14:45:00	73.722	73.783	73.714	73.759	154	0	3
2025.09.11	15:00:00	73.756	73.786	73.705	73.707	147	0	3
2025.09.11	15:15:00	73.704	73.713	73.643	73.674	142	0	3
2025.09.11	15:30:00	73.678	73.719	73.665	73.695	114	0	3
2025.09.11	15:45:00	73.699	73.719	73.690	73.711	90	0	3
2025.09.11	16:00:00	73.708	73.712	73.648	73.654	89	0	3
2025.09.11	16:15:00	73.651	73.654	73.642	73.652	63	0	3
2025.09.11	16:30:00	73.649	73.660	73.642	73.656	79	0	3
2025.09.11	16:45:00	73.659	73.662	73.642	73.650	41	0	3
2025.09.11	17:00:00	73.646	73.659	73.633	73.645	64	0	3
2025.09.11	17:15:00	73.648	73.653	73.622	73.653	52	0	3
2025.09.11	17:30:00	73.656	73.676	73.637	73.676	75	0	3
2025.09.11	17:45:00	73.679	73.697	73.673	73.684	55	0	3
2025.09.11	18:00:00	73.687	73.691	73.662	73.668	46	0	3
2025.09.11	18:15:00	73.664	73.673	73.657	73.661	49	0	3
2025.09.11	18:30:00	73.664	73.676	73.651	73.659	41	0	3
2025.09.11	18:45:00	73.656	73.657	73.625	73.641	47	0	3
2025.09.11	19:00:00	73.638	73.651	73.627	73.641	49	0	3
2025.09.11	19:15:00	73.637	73.646	73.631	73.643	43	0	3
2025.09.11	19:30:00	73.646	73.653	73.637	73.645	40	0	3
2025.09.11	19:45:00	73.649	73.649	73.635	73.648	33	0	3
2025.09.11	20:00:00	73.645	73.649	73.635	73.638	35	0	3
2025.09.11	20:15:00	73.639	73.656	73.636	73.655	21	0	3
2025.09.11	20:30:00	73.651	73.656	73.643	73.643	23	0	3
2025.09.11	20:45:00	73.642	73.677	73.638	73.666	168	0	3
2025.09.11	21:00:00	73.664	73.668	73.663	73.663	13	0	8
2025.09.11	21:15:00	73.663	73.667	73.663	73.666	14	0	14
2025.09.11	21:30:00	73.668	73.668	73.656	73.659	15	0	14
2025.09.11	21:45:00	73.658	73.660	73.654	73.656	14	0	14
2025.09.14	21:00:00	73.735	73.744	73.733	73.744	9	0	50
2025.09.14	21:15:00	73.744	73.753	73.741	73.753	14	0	52
2025.09.14	21:30:00	73.751	73.762	73.718	73.727	15	0	34
2025.09.14	21:45:00	73.743	73.748	73.701	73.719	14	0	28
2025.09.14	22:00:00	73.759	73.761	73.735	73.743	24	0	3
2025.09.14	22:15:00	73.743	73.753	73.740	73.749	23	0	3
2025.09.14	22:30:00	73.749	73.760	73.744	73.758	30	0	3
2025.09.14	22:45:00	73.759	73.765	73.757	73.763	23	0	3
2025.09.14	23:00:00	73.760	73.779	73.753	73.773	33	0	3
2025.09.14	23:15:00	73.772	73.776	73.770	73.773	18	0	3
2025.09.14	23:30:00	73.773	73.787	73.773	73.779	29	0	3
2025.09.14	23:45:00	73.779	73.789	73.776	73.785	28	0	3
2025.09.15	00:00:00	73.783	73.793	73.769	73.779	51	0	3
2025.09.15	00:15:00	73.778	73.803	73.778	73.803	31	0	3
2025.09.15	00:30:00	73.806	73.806	73.783	73.783	31	0	3
2025.09.15	00:45:00	73.786	73.794	73.768	73.768	35	0	3
2025.09.15	01:00:00	73.771	73.783	73.763	73.779	76	0	3
2025.09.15	01:15:00	73.782	73.784	73.764	73.764	65	0	3
2025.09.15	01:30:00	73.761	73.773	73.756	73.764	53	0	3
2025.09.15	01:45:00	73.766	73.766	73.744	73.751	31	0	3
2025.09.15	02:00:00	73.748	73.765	73.745	73.762	46	0	3
2025.09.15	02:15:00	73.765	73.772	73.761	73.763	34	0	3
2025.09.15	02:30:00	73.763	73.766	73.750	73.750	22	0	3
2025.09.15	02:45:00	73.751	73.751	73.739	73.749	26	0	3
2025.09.15	03:00:00	73.745	73.750	73.733	73.735	33	0	3
2025.09.15	03:15:00	73.738	73.740	73.713	73.714	28	0	3
2025.09.15	03:30:00	73.718	73.728	73.712	73.712	34	0	3
2025.09.15	03:45:00	73.713	73.719	73.705	73.719	26	0	3
2025.09.15	04:00:00	73.716	73.716	73.705	73.712	19	0	3
2025.09.15	04:15:00	73.712	73.712	73.685	73.694	28	0	3
2025.09.15	04:30:00	73.698	73.715	73.696	73.713	24	0	3
2025.09.15	04:45:00	73.709	73.718	73.707	73.707	23	0	3
2025.09.15	05:00:00	73.704	73.718	73.702	73.718	31	0	3
2025.09.15	05:15:00	73.721	73.727	73.715	73.718	28	0	3
2025.09.15	05:30:00	73.718	73.719	73.712	73.717	23	0	3
2025.09.15	05:45:00	73.720	73.738	73.719	73.734	30	0	3
2025.09.15	06:00:00	73.731	73.731	73.702	73.725	65	0	3
2025.09.15	06:15:00	73.728	73.782	73.725	73.768	73	0	3
2025.09.15	06:30:00	73.771	73.777	73.747	73.756	75	0	3
2025.09.15	06:45:00	73.753	73.758	73.720	73.731	70	0	3
2025.09.15	07:00:00	73.734	73.734	73.651	73.654	164	0	3
2025.09.15	07:15:00	73.651	73.651	73.619	73.623	92	0	3
2025.09.15	07:30:00	73.626	73.628	73.560	73.621	103	0	3
2025.09.15	07:45:00	73.624	73.648	73.610	73.627	135	0	3
2025.09.15	08:00:00	73.630	73.636	73.594	73.594	108	0	3
2025.09.15	08:15:00	73.597	73.597	73.534	73.551	101	0	3
2025.09.15	08:30:00	73.554	73.639	73.539	73.631	139	0	3
2025.09.15	08:45:00	73.634	73.640	73.611	73.628	91	0	3
2025.09.15	09:00:00	73.632	73.643	73.607	73.608	100	0	3
2025.09.15	09:15:00	73.605	73.608	73.558	73.558	93	0	3
2025.09.15	09:30:00	73.555	73.577	73.526	73.577	98	0	3
2025.09.15	09:45:00	73.578	73.585	73.558	73.570	103	0	3
2025.09.15	10:00:00	73.573	73.573	73.532	73.544	95	0	3
2025.09.15	10:15:00	73.546	73.553	73.459	73.481	168	0	3
2025.09.15	10:30:00	73.484	73.503	73.456	73.503	146	0	3
2025.09.15	10:45:00	73.501	73.513	73.470	73.489	121	0	3
2025.09.15	11:00:00	73.486	73.500	73.457	73.460	95	0	3
2025.09.15	11:15:00	73.463	73.471	73.446	73.452	77	0	3
2025.09.15	11:30:00	73.449	73.474	73.425	73.472	108	0	3
2025.09.15	11:45:00	73.468	73.486	73.441	73.445	84	0	3
2025.09.15	12:00:00	73.442	73.449	73.420	73.444	116	0	3
2025.09.15	12:15:00	73.447	73.481	73.431	73.475	109	0	3
2025.09.15	12:30:00	73.478	73.483	73.438	73.449	153	0	3
2025.09.15	12:45:00	73.451	73.465	73.437	73.449	117	0	3
2025.09.15	13:00:00	73.446	73.487	73.434	73.477	144	0	3
2025.09.15	13:15:00	73.480	73.509	73.480	73.496	115	0	3
2025.09.15	13:30:00	73.499	73.519	73.486	73.514	110	0	3
2025.09.15	13:45:00	73.510	73.554	73.491	73.551	144	0	3
2025.09.15	14:00:00	73.547	73.611	73.547	73.579	174	0	3
2025.09.15	14:15:00	73.582	73.605	73.558	73.562	132	0	3
2025.09.15	14:30:00	73.559	73.606	73.559	73.597	159	0	3
2025.09.15	14:45:00	73.593	73.607	73.561	73.587	154	0	3
2025.09.15	15:00:00	73.584	73.599	73.561	73.570	105	0	3
2025.09.15	15:15:00	73.567	73.573	73.527	73.530	92	0	3
2025.09.15	15:30:00	73.533	73.558	73.521	73.551	94	0	3
2025.09.15	15:45:00	73.553	73.553	73.490	73.490	100	0	3
2025.09.15	16:00:00	73.487	73.529	73.476	73.513	106	0	3
2025.09.15	16:15:00	73.516	73.558	73.510	73.550	100	0	3
2025.09.15	16:30:00	73.553	73.553	73.519	73.524	74	0	3
2025.09.15	16:45:00	73.527	73.547	73.517	73.535	53	0	3
2025.09.15	17:00:00	73.537	73.541	73.521	73.541	55	0	3
2025.09.15	17:15:00	73.541	73.554	73.535	73.535	46	0	3
2025.09.15	17:30:00	73.533	73.533	73.494	73.500	59	0	3
2025.09.15	17:45:00	73.497	73.497	73.467	73.478	76	0	3
2025.09.15	18:00:00	73.475	73.495	73.472	73.495	55	0	3
2025.09.15	18:15:00	73.492	73.502	73.489	73.498	47	0	3
2025.09.15	18:30:00	73.495	73.523	73.495	73.507	57	0	3
2025.09.15	18:45:00	73.510	73.528	73.495	73.500	45	0	3
2025.09.15	19:00:00	73.499	73.504	73.489	73.496	46	0	3
2025.09.15	19:15:00	73.493	73.504	73.482	73.484	44	0	3
2025.09.15	19:30:00	73.487	73.490	73.472	73.488	46	0	3
2025.09.15	19:45:00	73.491	73.497	73.471	73.479	64	0	3
2025.09.15	20:00:00	73.476	73.484	73.469	73.483	29	0	3
2025.09.15	20:15:00	73.480	73.493	73.472	73.493	28	0	3
2025.09.15	20:30:00	73.496	73.532	73.496	73.532	36	0	3
2025.09.15	20:45:00	73.529	73.548	73.523	73.533	59	0	3
2025.09.15	21:00:00	73.532	73.534	73.530	73.534	13	0	13
2025.09.15	21:15:00	73.532	73.532	73.518	73.518	14	0	14
2025.09.15	21:30:00	73.514	73.520	73.511	73.516	14	0	15
2025.09.15	21:45:00	73.517	73.517	73.498	73.498	15	0	13
2025.09.15	22:00:00	73.509	73.526	73.506	73.518	34	0	3
2025.09.15	22:15:00	73.519	73.519	73.511	73.513	20	0	3
2025.09.15	22:30:00	73.516	73.516	73.510	73.512	19	0	3
2025.09.15	22:45:00	73.510	73.519	73.507	73.507	22	0	3
2025.09.15	23:00:00	73.505	73.511	73.505	73.506	22	0	3
2025.09.15	23:15:00	73.506	73.506	73.502	73.505	18	0	3
2025.09.15	23:30:00	73.506	73.517	73.506	73.511	17	0	3
2025.09.15	23:45:00	73.512	73.522	73.506	73.522	25	0	3
2025.09.16	00:00:00	73.525	73.525	73.498	73.513	70	0	3
2025.09.16	00:15:00	73.512	73.524	73.505	73.521	38	0	3
2025.09.16	00:30:00	73.522	73.534	73.522	73.529	44	0	3
2025.09.16	00:45:00	73.528	73.537	73.517	73.520	49	0	3
2025.09.16	01:00:00	73.516	73.523	73.509	73.512	61	0	3
2025.09.16	01:15:00	73.515	73.537	73.512	73.537	44	0	3
2025.09.16	01:30:00	73.534	73.534	73.507	73.518	53	0	3
2025.09.16	01:45:00	73.515	73.515	73.494	73.511	45	0	3
2025.09.16	02:00:00	73.508	73.508	73.479	73.484	48	0	3
2025.09.16	02:15:00	73.486	73.486	73.460	73.473	58	0	3
2025.09.16	02:30:00	73.469	73.490	73.468	73.481	34	0	3
2025.09.16	02:45:00	73.477	73.482	73.453	73.462	47	0	3
2025.09.16	03:00:00	73.459	73.469	73.454	73.457	51	0	3
2025.09.16	03:15:00	73.454	73.457	73.439	73.444	39	0	3
2025.09.16	03:30:00	73.441	73.441	73.397	73.402	59	0	3
2025.09.16	03:45:00	73.402	73.445	73.393	73.437	49	0	3
2025.09.16	04:00:00	73.433	73.458	73.433	73.443	52	0	3
2025.09.16	04:15:00	73.445	73.449	73.435	73.443	37	0	3
2025.09.16	04:30:00	73.447	73.461	73.438	73.456	38	0	3
2025.09.16	04:45:00	73.458	73.459	73.440	73.444	40	0	3
2025.09.16	05:00:00	73.441	73.446	73.421	73.421	41	0	3
2025.09.16	05:15:00	73.424	73.433	73.414	73.430	36	0	3
2025.09.16	05:30:00	73.428	73.433	73.415	73.428	46	0	3
2025.09.16	05:45:00	73.431	73.450	73.418	73.420	83	0	3
2025.09.16	06:00:00	73.417	73.417	73.379	73.389	136	0	3
2025.09.16	06:15:00	73.393	73.393	73.350	73.376	106	0	3
2025.09.16	06:30:00	73.379	73.383	73.349	73.365	104	0	3
2025.09.16	06:45:00	73.368	73.397	73.364	73.367	88	0	3
2025.09.16	07:00:00	73.370	73.370	73.320	73.325	140	0	3
2025.09.16	07:15:00	73.328	73.333	73.301	73.301	93	0	3
2025.09.16	07:30:00	73.298	73.364	73.298	73.350	109	0	3
2025.09.16	07:45:00	73.353	73.385	73.335	73.374	98	0	3
2025.09.16	08:00:00	73.377	73.398	73.354	73.360	102	0	3
2025.09.16	08:15:00	73.357	73.374	73.323	73.362	142	0	3
2025.09.16	08:30:00	73.366	73.391	73.365	73.388	100	0	3
2025.09.16	08:45:00	73.385	73.391	73.349	73.383	108	0	3
2025.09.16	09:00:00	73.386	73.386	73.312	73.318	161	0	3
2025.09.16	09:15:00	73.316	73.341	73.301	73.336	110	0	3
2025.09.16	09:30:00	73.333	73.336	73.306	73.309	107	0	3
2025.09.16	09:45:00	73.312	73.316	73.283	73.302	101	0	3
2025.09.16	10:00:00	73.305	73.347	73.302	73.343	90	0	3
2025.09.16	10:15:00	73.347	73.353	73.320	73.334	108	0	3
2025.09.16	10:30:00	73.331	73.346	73.319	73.346	95	0	3
2025.09.16	10:45:00	73.342	73.388	73.331	73.385	111	0	3
2025.09.16	11:00:00	73.382	73.397	73.355	73.362	167	0	3
2025.09.16	11:15:00	73.365	73.365	73.337	73.355	102	0	3
2025.09.16	11:30:00	73.352	73.364	73.299	73.316	100	0	3
2025.09.16	11:45:00	73.313	73.320	73.262	73.294	141	0	3
2025.09.16	12:00:00	73.297	73.330	73.290	73.326	129	0	3
2025.09.16	12:15:00	73.323	73.344	73.310	73.315	138	0	3
2025.09.16	12:30:00	73.318	73.394	73.309	73.347	444	0	3
2025.09.16	12:45:00	73.350	73.353	73.279	73.310	256	0	3
2025.09.16	13:00:00	73.307	73.319	73.283	73.302	189	0	3
2025.09.16	13:15:00	73.300	73.314	73.226	73.236	156	0	3
2025.09.16	13:30:00	73.233	73.243	73.214	73.240	154	0	3
2025.09.16	13:45:00	73.243	73.263	73.209	73.218	154	0	3
2025.09.16	14:00:00	73.221	73.235	73.161	73.161	219	0	3
2025.09.16	14:15:00	73.158	73.200	73.141	73.179	238	0	3
2025.09.16	14:30:00	73.176	73.261	73.173	73.215	312	0	3
2025.09.16	14:45:00	73.212	73.235	73.204	73.225	220	0	3
2025.09.16	15:00:00	73.221	73.289	73.217	73.285	196	0	3
2025.09.16	15:15:00	73.288	73.298	73.270	73.273	146	0	3
2025.09.16	15:30:00	73.271	73.318	73.271	73.298	148	0	3
2025.09.16	15:45:00	73.301	73.301	73.242	73.242	117	0	3
2025.09.16	16:00:00	73.245	73.254	73.233	73.238	102	0	3
2025.09.16	16:15:00	73.235	73.238	73.189	73.207	101	0	3
2025.09.16	16:30:00	73.204	73.224	73.191	73.195	107	0	3
2025.09.16	16:45:00	73.192	73.219	73.183	73.216	74	0	3
2025.09.16	17:00:00	73.219	73.242	73.200	73.206	99	0	3
2025.09.16	17:15:00	73.204	73.210	73.162	73.193	110	0	3
2025.09.16	17:30:00	73.190	73.237	73.182	73.231	97	0	3
2025.09.16	17:45:00	73.227	73.231	73.202	73.211	83	0	3
2025.09.16	18:00:00	73.214	73.223	73.196	73.199	77	0	3
2025.09.16	18:15:00	73.195	73.206	73.183	73.200	63	0	3
2025.09.16	18:30:00	73.203	73.220	73.203	73.215	49	0	3
2025.09.16	18:45:00	73.218	73.226	73.201	73.210	60	0	3
2025.09.16	19:00:00	73.213	73.219	73.199	73.200	50	0	3
2025.09.16	19:15:00	73.203	73.225	73.198	73.224	47	0	3
2025.09.16	19:30:00	73.227	73.246	73.226	73.241	43	0	3
2025.09.16	19:45:00	73.238	73.257	73.234	73.252	44	0	3
2025.09.16	20:00:00	73.249	73.256	73.242	73.246	26	0	3
2025.09.16	20:15:00	73.246	73.253	73.238	73.252	37	0	3
2025.09.16	20:30:00	73.256	73.301	73.253	73.289	65	0	3
2025.09.16	20:45:00	73.286	73.294	73.268	73.283	54	0	3
2025.09.16	21:00:00	73.276	73.276	73.231	73.231	13	0	15
2025.09.16	21:15:00	73.228	73.258	73.228	73.253	14	0	38
2025.09.16	21:30:00	73.252	73.265	73.252	73.262	15	0	13
2025.09.16	21:45:00	73.261	73.261	73.251	73.252	15	0	8
2025.09.16	22:00:00	73.272	73.280	73.260	73.262	29	0	3
2025.09.16	22:15:00	73.262	73.266	73.247	73.251	22	0	3
2025.09.16	22:30:00	73.252	73.252	73.235	73.237	19	0	3
2025.09.16	22:45:00	73.239	73.271	73.236	73.257	39	0	3
2025.09.16	23:00:00	73.257	73.263	73.247	73.247	23	0	3
2025.09.16	23:15:00	73.247	73.247	73.236	73.240	26	0	3
2025.09.16	23:30:00	73.241	73.245	73.232	73.241	24	0	3
2025.09.16	23:45:00	73.238	73.247	73.230	73.244	31	0	3
2025.09.17	00:00:00	73.241	73.242	73.215	73.219	66	0	3
2025.09.17	00:15:00	73.220	73.226	73.209	73.220	45	0	3
2025.09.17	00:30:00	73.223	73.279	73.223	73.279	68	0	3
2025.09.17	00:45:00	73.282	73.287	73.269	73.287	55	0	3
2025.09.17	01:00:00	73.284	73.285	73.269	73.275	47	0	3
2025.09.17	01:15:00	73.278	73.296	73.278	73.291	59	0	3
2025.09.17	01:30:00	73.294	73.316	73.291	73.311	46	0	3
2025.09.17	01:45:00	73.308	73.308	73.281	73.293	39	0	3
2025.09.17	02:00:00	73.297	73.303	73.291	73.293	39	0	3
2025.09.17	02:15:00	73.290	73.301	73.285	73.297	38	0	3
2025.09.17	02:30:00	73.300	73.306	73.297	73.301	37	0	3
2025.09.17	02:45:00	73.301	73.301	73.285	73.295	34	0	3
2025.09.17	03:00:00	73.292	73.306	73.290	73.290	30	0	3
2025.09.17	03:15:00	73.294	73.297	73.280	73.296	29	0	3
2025.09.17	03:30:00	73.296	73.297	73.290	73.291	29	0	3
2025.09.17	03:45:00	73.294	73.301	73.290	73.294	26	0	3
2025.09.17	04:00:00	73.296	73.308	73.293	73.301	30	0	3
2025.09.17	04:15:00	73.302	73.302	73.291	73.295	22	0	3
2025.09.17	04:30:00	73.292	73.298	73.291	73.296	20	0	3
2025.09.17	04:45:00	73.295	73.305	73.295	73.302	20	0	3
2025.09.17	05:00:00	73.299	73.299	73.272	73.281	38	0	3
2025.09.17	05:15:00	73.283	73.286	73.274	73.281	23	0	3
2025.09.17	05:30:00	73.277	73.287	73.274	73.279	28	0	3
2025.09.17	05:45:00	73.280	73.284	73.261	73.265	51	0	3
2025.09.17	06:00:00	73.262	73.322	73.241	73.317	307	0	3
2025.09.17	06:15:00	73.320	73.320	73.286	73.296	94	0	3
2025.09.17	06:30:00	73.293	73.330	73.287	73.327	102	0	3
2025.09.17	06:45:00	73.330	73.339	73.307	73.312	108	0	3
2025.09.17	07:00:00	73.309	73.356	73.305	73.352	139	0	3
2025.09.17	07:15:00	73.355	73.365	73.334	73.336	89	0	3
2025.09.17	07:30:00	73.333	73.362	73.326	73.333	95	0	3
2025.09.17	07:45:00	73.330	73.344	73.319	73.341	84	0	3
2025.09.17	08:00:00	73.344	73.353	73.332	73.341	67	0	3
2025.09.17	08:15:00	73.344	73.346	73.312	73.315	76	0	3
2025.09.17	08:30:00	73.318	73.325	73.294	73.295	87	0	3
2025.09.17	08:45:00	73.292	73.312	73.246	73.312	102	0	3
2025.09.17	09:00:00	73.309	73.309	73.270	73.275	94	0	3
2025.09.17	09:15:00	73.272	73.292	73.272	73.275	65	0	3
2025.09.17	09:30:00	73.279	73.286	73.235	73.240	71	0	3
2025.09.17	09:45:00	73.238	73.281	73.225	73.266	136	0	3
2025.09.17	10:00:00	73.264	73.319	73.246	73.306	111	0	3
2025.09.17	10:15:00	73.309	73.315	73.278	73.281	77	0	3
2025.09.17	10:30:00	73.284	73.284	73.247	73.250	79	0	3
2025.09.17	10:45:00	73.247	73.315	73.247	73.291	106	0	3
2025.09.17	11:00:00	73.294	73.308	73.287	73.302	94	0	3
2025.09.17	11:15:00	73.305	73.314	73.287	73.287	49	0	3
2025.09.17	11:30:00	73.290	73.303	73.263	73.270	63	0	3
2025.09.17	11:45:00	73.267	73.278	73.246	73.275	73	0	3
2025.09.17	12:00:00	73.278	73.291	73.266	73.278	94	0	3
2025.09.17	12:15:00	73.282	73.293	73.261	73.292	78	0	3
2025.09.17	12:30:00	73.289	73.289	73.248	73.263	130	0	3
2025.09.17	12:45:00	73.267	73.270	73.237	73.237	84	0	3
2025.09.17	13:00:00	73.235	73.259	73.230	73.242	100	0	3
2025.09.17	13:15:00	73.239	73.257	73.237	73.247	80	0	3
2025.09.17	13:30:00	73.249	73.267	73.225	73.227	108	0	3
2025.09.17	13:45:00	73.230	73.230	73.181	73.189	175	0	3
2025.09.17	14:00:00	73.192	73.217	73.180	73.188	144	0	3
2025.09.17	14:15:00	73.186	73.186	73.155	73.167	97	0	3
2025.09.17	14:30:00	73.164	73.200	73.159	73.193	95	0	3
2025.09.17	14:45:00	73.191	73.215	73.171	73.209	147	0	3
2025.09.17	15:00:00	73.212	73.231	73.171	73.177	113	0	3
2025.09.17	15:15:00	73.179	73.205	73.170	73.194	84	0	3
2025.09.17	15:30:00	73.191	73.216	73.186	73.206	93	0	3
2025.09.17	15:45:00	73.209	73.216	73.176	73.210	91	0	3
2025.09.17	16:00:00	73.213	73.219	73.192	73.197	73	0	3
2025.09.17	16:15:00	73.194	73.200	73.155	73.156	55	0	3
2025.09.17	16:30:00	73.159	73.175	73.156	73.170	52	0	3
2025.09.17	16:45:00	73.173	73.189	73.168	73.177	79	0	3
2025.09.17	17:00:00	73.180	73.202	73.179	73.193	78	0	3
2025.09.17	17:15:00	73.196	73.206	73.179	73.182	71	0	3
2025.09.17	17:30:00	73.179	73.186	73.160	73.185	45	0	3
2025.09.17	17:45:00	73.182	73.186	73.163	73.171	74	0	3
2025.09.17	18:00:00	73.168	73.168	72.851	73.003	1670	0	3
2025.09.17	18:15:00	73.006	73.046	72.936	73.023	806	0	3
2025.09.17	18:30:00	73.020	73.274	73.001	73.227	2033	0	3
2025.09.17	18:45:00	73.224	73.392	73.224	73.315	1215	0	3
2025.09.17	19:00:00	73.318	73.344	73.176	73.322	857	0	3
2025.09.17	19:15:00	73.319	73.328	73.202	73.240	830	0	3
2025.09.17	19:30:00	73.243	73.320	73.241	73.267	423	0	3
2025.09.17	19:45:00	73.270	73.342	73.267	73.329	278	0	3
2025.09.17	20:00:00	73.326	73.355	73.321	73.354	124	0	3
2025.09.17	20:15:00	73.358	73.422	73.358	73.386	123	0	3
2025.09.17	20:30:00	73.389	73.395	73.363	73.369	102	0	3
2025.09.17	20:45:00	73.366	73.402	73.358	73.393	84	0	3
2025.09.17	21:00:00	73.386	73.386	73.378	73.378	12	0	21
2025.09.17	21:15:00	73.375	73.379	73.348	73.348	13	0	28
2025.09.17	21:30:00	73.347	73.363	73.345	73.361	14	0	38
2025.09.17	21:45:00	73.354	73.369	73.349	73.368	15	0	13
2025.09.17	22:00:00	73.368	73.379	73.347	73.369	37	0	3
2025.09.17	22:15:00	73.372	73.376	73.357	73.365	32	0	3
2025.09.17	22:30:00	73.370	73.382	73.358	73.358	30	0	3
2025.09.17	22:45:00	73.360	73.396	73.357	73.369	83	0	3
2025.09.17	23:00:00	73.366	73.373	73.355	73.368	48	0	3
2025.09.17	23:15:00	73.371	73.379	73.356	73.356	45	0	3
2025.09.17	23:30:00	73.353	73.366	73.338	73.349	52	0	3
2025.09.17	23:45:00	73.352	73.373	73.345	73.370	52	0	3
2025.09.18	00:00:00	73.367	73.416	73.367	73.401	120	0	3
2025.09.18	00:15:00	73.401	73.413	73.375	73.386	96	0	3
2025.09.18	00:30:00	73.388	73.391	73.372	73.386	79	0	3
2025.09.18	00:45:00	73.388	73.403	73.367	73.382	116	0	3
2025.09.18	01:00:00	73.378	73.434	73.364	73.429	127	0	3
2025.09.18	01:15:00	73.432	73.460	73.423	73.429	101	0	3
2025.09.18	01:30:00	73.432	73.464	73.425	73.449	165	0	3
2025.09.18	01:45:00	73.446	73.473	73.434	73.434	105	0	3
2025.09.18	02:00:00	73.431	73.431	73.411	73.418	62	0	3
2025.09.18	02:15:00	73.421	73.421	73.376	73.381	72	0	3
2025.09.18	02:30:00	73.378	73.406	73.378	73.403	66	0	3
2025.09.18	02:45:00	73.400	73.405	73.376	73.380	54	0	3
2025.09.18	03:00:00	73.377	73.384	73.365	73.378	50	0	3
2025.09.18	03:15:00	73.381	73.396	73.378	73.388	48	0	3
2025.09.18	03:30:00	73.390	73.413	73.388	73.413	43	0	3
2025.09.18	03:45:00	73.412	73.419	73.404	73.415	37	0	3
2025.09.18	04:00:00	73.412	73.429	73.409	73.422	44	0	3
2025.09.18	04:15:00	73.419	73.451	73.414	73.449	33	0	3
2025.09.18	04:30:00	73.449	73.482	73.447	73.474	63	0	3
2025.09.18	04:45:00	73.475	73.500	73.475	73.492	56	0	3
2025.09.18	05:00:00	73.495	73.516	73.478	73.505	63	0	3
2025.09.18	05:15:00	73.503	73.509	73.475	73.488	68	0	3
2025.09.18	05:30:00	73.485	73.510	73.474	73.503	55	0	3
2025.09.18	05:45:00	73.506	73.570	73.506	73.544	110	0	3
2025.09.18	06:00:00	73.541	73.603	73.521	73.596	166	0	3
2025.09.18	06:15:00	73.592	73.592	73.536	73.557	157	0	3
2025.09.18	06:30:00	73.554	73.574	73.504	73.508	168	0	3
2025.09.18	06:45:00	73.511	73.566	73.502	73.554	147	0	3
2025.09.18	07:00:00	73.557	73.557	73.443	73.455	215	0	3
2025.09.18	07:15:00	73.452	73.457	73.412	73.419	192	0	3
2025.09.18	07:30:00	73.416	73.434	73.344	73.347	159	0	3
2025.09.18	07:45:00	73.350	73.354	73.312	73.349	169	0	3
2025.09.18	08:00:00	73.352	73.375	73.335	73.361	181	0	3
2025.09.18	08:15:00	73.357	73.384	73.353	73.359	149	0	3
2025.09.18	08:30:00	73.361	73.370	73.303	73.314	135	0	3
2025.09.18	08:45:00	73.311	73.322	73.266	73.314	168	0	3
2025.09.18	09:00:00	73.311	73.328	73.270	73.270	134	0	3
2025.09.18	09:15:00	73.267	73.294	73.256	73.272	137	0	3
2025.09.18	09:30:00	73.275	73.281	73.231	73.243	111	0	3
2025.09.18	09:45:00	73.247	73.284	73.244	73.281	113	0	3
2025.09.18	10:00:00	73.284	73.287	73.268	73.283	103	0	3
2025.09.18	10:15:00	73.286	73.304	73.254	73.262	123	0	3
2025.09.18	10:30:00	73.260	73.283	73.247	73.277	78	0	3
2025.09.18	10:45:00	73.273	73.274	73.237	73.264	135	0	3
2025.09.18	11:00:00	73.261	73.387	73.201	73.370	397	0	3
2025.09.18	11:15:00	73.373	73.412	73.353	73.398	198	0	3
2025.09.18	11:30:00	73.395	73.446	73.383	73.446	193	0	3
2025.09.18	11:45:00	73.449	73.459	73.394	73.410	165	0	3
2025.09.18	12:00:00	73.413	73.448	73.404	73.437	213	0	3
2025.09.18	12:15:00	73.434	73.445	73.408	73.421	145	0	3
2025.09.18	12:30:00	73.424	73.524	73.424	73.504	411	0	3
2025.09.18	12:45:00	73.507	73.557	73.498	73.557	230	0	3
2025.09.18	13:00:00	73.560	73.609	73.551	73.594	220	0	3
2025.09.18	13:15:00	73.591	73.649	73.585	73.646	147	0	3
2025.09.18	13:30:00	73.642	73.852	73.634	73.852	390	0	3
2025.09.18	13:45:00	73.855	73.887	73.782	73.793	459	0	3
2025.09.18	14:00:00	73.796	73.825	73.686	73.710	491	0	3
2025.09.18	14:15:00	73.707	73.766	73.685	73.749	305	0	3
2025.09.18	14:30:00	73.746	73.799	73.719	73.792	267	0	3
2025.09.18	14:45:00	73.789	73.802	73.721	73.788	329	0	3
2025.09.18	15:00:00	73.785	73.824	73.734	73.813	324	0	3
2025.09.18	15:15:00	73.810	73.822	73.766	73.773	225	0	3
2025.09.18	15:30:00	73.770	73.841	73.752	73.838	198	0	3
2025.09.18	15:45:00	73.834	73.876	73.809	73.812	160	0	3
2025.09.18	16:00:00	73.815	73.830	73.755	73.801	200	0	3
2025.09.18	16:15:00	73.804	73.843	73.783	73.821	130	0	3
2025.09.18	16:30:00	73.818	73.843	73.801	73.815	105	0	3
2025.09.18	16:45:00	73.812	73.815	73.767	73.785	98	0	3
2025.09.18	17:00:00	73.782	73.797	73.739	73.752	128	0	3
2025.09.18	17:15:00	73.755	73.761	73.744	73.750	80	0	3
2025.09.18	17:30:00	73.746	73.748	73.727	73.735	74	0	3
2025.09.18	17:45:00	73.738	73.777	73.732	73.771	75	0	3
2025.09.18	18:00:00	73.774	73.792	73.764	73.769	88	0	3
2025.09.18	18:15:00	73.766	73.789	73.763	73.781	59	0	3
2025.09.18	18:30:00	73.778	73.825	73.775	73.825	64	0	3
2025.09.18	18:45:00	73.829	73.829	73.771	73.783	50	0	3
2025.09.18	19:00:00	73.786	73.798	73.770	73.777	58	0	3
2025.09.18	19:15:00	73.773	73.777	73.760	73.777	42	0	3
2025.09.18	19:30:00	73.774	73.812	73.771	73.799	52	0	3
2025.09.18	19:45:00	73.802	73.808	73.795	73.807	47	0	3
2025.09.18	20:00:00	73.811	73.826	73.794	73.794	64	0	3
2025.09.18	20:15:00	73.793	73.796	73.788	73.793	19	0	3
2025.09.18	20:30:00	73.796	73.813	73.786	73.799	51	0	3
2025.09.18	20:45:00	73.796	73.805	73.772	73.772	59	0	3
2025.09.18	21:00:00	73.774	73.775	73.767	73.769	14	0	13
2025.09.18	21:15:00	73.769	73.773	73.766	73.769	15	0	24
2025.09.18	21:30:00	73.770	73.773	73.768	73.771	14	0	13
2025.09.18	21:45:00	73.771	73.773	73.769	73.769	16	0	8
2025.09.21	21:00:00	74.199	74.220	74.199	74.220	10	0	47
2025.09.21	21:15:00	74.222	74.232	74.221	74.232	13	0	35
2025.09.21	21:30:00	74.234	74.238	74.234	74.234	14	0	21
2025.09.21	21:45:00	74.234	74.239	74.231	74.239	15	0	15
2025.09.21	22:00:00	74.233	74.240	74.221	74.232	33	0	3
2025.09.21	22:15:00	74.233	74.243	74.230	74.235	26	0	3
2025.09.21	22:30:00	74.237	74.242	74.230	74.233	32	0	3
2025.09.21	22:45:00	74.234	74.241	74.229	74.231	20	0	3
2025.09.21	23:00:00	74.230	74.245	74.228	74.242	24	0	3
2025.09.21	23:15:00	74.240	74.242	74.235	74.241	19	0	3
2025.09.21	23:30:00	74.244	74.255	74.241	74.252	27	0	3
2025.09.21	23:45:00	74.255	74.278	74.253	74.278	49	0	3
2025.09.22	00:00:00	74.281	74.284	74.252	74.252	69	0	3
2025.09.22	00:15:00	74.255	74.267	74.250	74.254	54	0	3
2025.09.22	00:30:00	74.255	74.268	74.252	74.267	40	0	3
2025.09.22	00:45:00	74.267	74.304	74.252	74.252	82	0	3
2025.09.22	01:00:00	74.248	74.252	74.213	74.228	112	0	3
2025.09.22	01:15:00	74.225	74.238	74.214	74.235	73	0	3
2025.09.22	01:30:00	74.238	74.250	74.217	74.235	86	0	3
2025.09.22	01:45:00	74.233	74.261	74.220	74.258	65	0	3
2025.09.22	02:00:00	74.261	74.295	74.256	74.284	74	0	3
2025.09.22	02:15:00	74.287	74.301	74.283	74.287	56	0	3
2025.09.22	02:30:00	74.290	74.290	74.257	74.262	60	0	3
2025.09.22	02:45:00	74.266	74.298	74.263	74.298	53	0	3
2025.09.22	03:00:00	74.301	74.307	74.267	74.268	62	0	3
2025.09.22	03:15:00	74.268	74.276	74.263	74.269	33	0	3
2025.09.22	03:30:00	74.272	74.280	74.263	74.267	31	0	3
2025.09.22	03:45:00	74.269	74.284	74.254	74.281	35	0	3
2025.09.22	04:00:00	74.283	74.295	74.279	74.285	50	0	3
2025.09.22	04:15:00	74.288	74.331	74.288	74.330	38	0	3
2025.09.22	04:30:00	74.327	74.331	74.307	74.316	38	0	3
2025.09.22	04:45:00	74.316	74.324	74.290	74.290	43	0	3
2025.09.22	05:00:00	74.291	74.296	74.278	74.281	38	0	3
2025.09.22	05:15:00	74.278	74.286	74.258	74.258	35	0	3
2025.09.22	05:30:00	74.261	74.268	74.228	74.236	47	0	3
2025.09.22	05:45:00	74.233	74.240	74.217	74.230	58	0	3
2025.09.22	06:00:00	74.233	74.233	74.194	74.202	121	0	3
2025.09.22	06:15:00	74.205	74.212	74.167	74.174	116	0	3
2025.09.22	06:30:00	74.177	74.194	74.169	74.174	106	0	3
2025.09.22	06:45:00	74.176	74.237	74.168	74.211	138	0	3
2025.09.22	07:00:00	74.209	74.224	74.171	74.217	206	0	3
2025.09.22	07:15:00	74.221	74.229	74.166	74.172	174	0	3
2025.09.22	07:30:00	74.175	74.212	74.172	74.203	141	0	3
2025.09.22	07:45:00	74.206	74.212	74.179	74.190	115	0	3
2025.09.22	08:00:00	74.194	74.201	74.069	74.093	185	0	3
2025.09.22	08:15:00	74.096	74.109	74.065	74.091	143	0	3
2025.09.22	08:30:00	74.088	74.091	74.053	74.084	122	0	3
2025.09.22	08:45:00	74.081	74.103	74.072	74.096	79	0	3
2025.09.22	09:00:00	74.093	74.103	74.076	74.098	92	0	3
2025.09.22	09:15:00	74.102	74.126	74.087	74.116	95	0	3
2025.09.22	09:30:00	74.119	74.122	74.084	74.091	96	0	3
2025.09.22	09:45:00	74.088	74.107	74.050	74.062	79	0	3
2025.09.22	10:00:00	74.065	74.082	74.054	74.074	90	0	3
2025.09.22	10:15:00	74.077	74.085	74.037	74.054	96	0	3
2025.09.22	10:30:00	74.057	74.099	74.054	74.084	77	0	3
2025.09.22	10:45:00	74.081	74.081	74.053	74.073	92	0	3
2025.09.22	11:00:00	74.077	74.105	74.074	74.091	74	0	3
2025.09.22	11:15:00	74.088	74.100	74.074	74.086	61	0	3
2025.09.22	11:30:00	74.083	74.111	74.077	74.111	72	0	3
2025.09.22	11:45:00	74.108	74.114	74.078	74.084	97	0	3
2025.09.22	12:00:00	74.080	74.123	74.077	74.097	139	0	3
2025.09.22	12:15:00	74.094	74.128	74.087	74.120	101	0	3
2025.09.22	12:30:00	74.117	74.117	74.030	74.037	187	0	3
2025.09.22	12:45:00	74.034	74.051	73.984	74.027	178	0	3
2025.09.22	13:00:00	74.030	74.078	73.992	74.032	364	0	3
2025.09.22	13:15:00	74.029	74.045	74.013	74.033	124	0	3
2025.09.22	13:30:00	74.036	74.055	74.004	74.055	206	0	3
2025.09.22	13:45:00	74.052	74.082	74.033	74.033	123	0	3
2025.09.22	14:00:00	74.036	74.075	74.033	74.073	123	0	3
2025.09.22	14:15:00	74.076	74.114	74.076	74.080	116	0	3
2025.09.22	14:30:00	74.078	74.100	74.052	74.053	105	0	3
2025.09.22	14:45:00	74.050	74.103	74.042	74.103	184	0	3
2025.09.22	15:00:00	74.100	74.110	74.081	74.110	108	0	3
2025.09.22	15:15:00	74.112	74.116	74.052	74.059	89	0	3
2025.09.22	15:30:00	74.062	74.071	74.044	74.071	97	0	3
2025.09.22	15:45:00	74.067	74.076	74.055	74.060	90	0	3
2025.09.22	16:00:00	74.063	74.074	74.022	74.032	87	0	3
2025.09.22	16:15:00	74.035	74.035	73.960	74.014	145	0	3
2025.09.22	16:30:00	74.011	74.053	74.011	74.042	79	0	3
2025.09.22	16:45:00	74.045	74.070	74.020	74.027	100	0	3
2025.09.22	17:00:00	74.024	74.036	74.014	74.027	59	0	3
2025.09.22	17:15:00	74.027	74.027	74.016	74.023	37	0	3
2025.09.22	17:30:00	74.023	74.023	73.986	73.986	43	0	3
2025.09.22	17:45:00	73.984	74.005	73.977	73.982	52	0	3
2025.09.22	18:00:00	73.982	73.989	73.967	73.978	53	0	3
2025.09.22	18:15:00	73.979	73.985	73.974	73.978	33	0	3
2025.09.22	18:30:00	73.978	73.982	73.967	73.982	46	0	3
2025.09.22	18:45:00	73.983	73.991	73.980	73.980	33	0	3
2025.09.22	19:00:00	73.977	73.990	73.975	73.985	39	0	3
2025.09.22	19:15:00	73.984	73.992	73.984	73.985	29	0	3
2025.09.22	19:30:00	73.983	73.989	73.980	73.983	35	0	3
2025.09.22	19:45:00	73.984	73.984	73.969	73.984	30	0	3
2025.09.22	20:00:00	73.986	73.992	73.980	73.985	37	0	3
2025.09.22	20:15:00	73.984	73.992	73.983	73.983	22	0	3
2025.09.22	20:30:00	73.984	73.990	73.982	73.984	27	0	3
2025.09.22	20:45:00	73.987	74.006	73.987	74.000	37	0	3
2025.09.22	21:00:00	73.996	73.999	73.990	73.990	13	0	13
2025.09.22	21:15:00	73.992	73.996	73.992	73.996	14	0	24
2025.09.22	21:30:00	73.994	74.000	73.994	74.000	15	0	13
2025.09.22	21:45:00	74.001	74.004	73.996	73.999	15	0	5
2025.09.22	22:00:00	74.006	74.007	73.980	73.998	29	0	3
2025.09.22	22:15:00	73.995	73.997	73.991	73.996	16	0	3
2025.09.22	22:30:00	73.992	73.996	73.985	73.995	22	0	3
2025.09.22	22:45:00	73.995	73.998	73.995	73.995	17	0	3
2025.09.22	23:00:00	73.992	73.994	73.989	73.993	19	0	3
2025.09.22	23:15:00	73.996	73.996	73.984	73.985	22	0	3
2025.09.22	23:30:00	73.988	73.992	73.985	73.990	25	0	3
2025.09.22	23:45:00	73.989	73.998	73.989	73.995	25	0	3
2025.09.23	00:00:00	73.997	74.012	73.996	74.008	50	0	3
2025.09.23	00:15:00	74.011	74.012	73.995	73.996	38	0	3
2025.09.23	00:30:00	73.995	73.995	73.980	73.984	35	0	3
2025.09.23	00:45:00	73.988	73.988	73.960	73.960	40	0	3
2025.09.23	01:00:00	73.964	73.979	73.951	73.972	55	0	3
2025.09.23	01:15:00	73.969	73.982	73.965	73.977	34	0	3
2025.09.23	01:30:00	73.978	73.984	73.926	73.934	58	0	3
2025.09.23	01:45:00	73.931	73.949	73.924	73.946	66	0	3
2025.09.23	02:00:00	73.949	74.002	73.939	74.000	57	0	3
2025.09.23	02:15:00	73.997	74.016	73.989	74.016	45	0	3
2025.09.23	02:30:00	74.020	74.042	74.003	74.009	66	0	3
2025.09.23	02:45:00	74.009	74.039	74.006	74.023	52	0	3
2025.09.23	03:00:00	74.027	74.056	74.022	74.043	52	0	3
2025.09.23	03:15:00	74.047	74.050	74.011	74.011	57	0	3
2025.09.23	03:30:00	74.014	74.021	74.003	74.006	35	0	3
2025.09.23	03:45:00	74.005	74.008	73.987	73.987	44	0	3
2025.09.23	04:00:00	73.984	74.020	73.978	74.008	53	0	3
2025.09.23	04:15:00	74.011	74.048	74.011	74.038	46	0	3
2025.09.23	04:30:00	74.041	74.041	74.015	74.023	32	0	3
2025.09.23	04:45:00	74.019	74.033	74.014	74.030	35	0	3
2025.09.23	05:00:00	74.033	74.053	74.021	74.032	48	0	3
2025.09.23	05:15:00	74.031	74.031	74.005	74.012	49	0	3
2025.09.23	05:30:00	74.009	74.017	73.992	74.005	51	0	3
2025.09.23	05:45:00	74.005	74.031	73.999	74.031	64	0	3
2025.09.23	06:00:00	74.034	74.055	74.024	74.040	123	0	3
2025.09.23	06:15:00	74.043	74.057	74.018	74.021	96	0	3
2025.09.23	06:30:00	74.024	74.041	73.993	73.993	102	0	3
2025.09.23	06:45:00	73.990	73.992	73.953	73.988	112	0	3
2025.09.23	07:00:00	73.985	74.044	73.975	74.003	267	0	3
2025.09.23	07:15:00	74.005	74.043	73.979	73.997	269	0	3
2025.09.23	07:30:00	73.993	74.012	73.972	73.999	266	0	3
2025.09.23	07:45:00	73.996	73.996	73.947	73.961	203	0	3
2025.09.23	08:00:00	73.964	73.980	73.949	73.980	141	0	3
2025.09.23	08:15:00	73.977	73.984	73.919	73.951	143	0	3
2025.09.23	08:30:00	73.955	74.143	73.955	74.086	552	0	3
2025.09.23	08:45:00	74.089	74.092	74.024	74.053	217	0	3
2025.09.23	09:00:00	74.049	74.089	74.035	74.045	184	0	3
2025.09.23	09:15:00	74.048	74.050	73.995	74.026	149	0	3
2025.09.23	09:30:00	74.023	74.053	74.017	74.039	128	0	3
2025.09.23	09:45:00	74.036	74.060	74.033	74.044	71	0	3
2025.09.23	10:00:00	74.041	74.061	73.986	73.998	101	0	3
2025.09.23	10:15:00	73.995	74.043	73.985	74.040	122	0	3
2025.09.23	10:30:00	74.037	74.077	74.036	74.070	106	0	3
2025.09.23	10:45:00	74.068	74.078	74.005	74.015	139	0	3
2025.09.23	11:00:00	74.017	74.018	73.962	74.003	124	0	3
2025.09.23	11:15:00	74.006	74.037	73.999	74.002	85	0	3
2025.09.23	11:30:00	73.999	74.016	73.990	73.991	100	0	3
2025.09.23	11:45:00	73.988	73.997	73.972	73.992	75	0	3
2025.09.23	12:00:00	73.995	74.020	73.992	74.010	102	0	3
2025.09.23	12:15:00	74.007	74.007	73.971	73.974	133	0	3
2025.09.23	12:30:00	73.977	74.010	73.977	73.988	104	0	3
2025.09.23	12:45:00	73.992	73.995	73.910	73.938	127	0	3
2025.09.23	13:00:00	73.934	73.934	73.874	73.923	265	0	3
2025.09.23	13:15:00	73.919	73.940	73.912	73.940	142	0	3
2025.09.23	13:30:00	73.937	73.991	73.922	73.976	184	0	3
2025.09.23	13:45:00	73.972	74.038	73.947	73.979	363	0	3
2025.09.23	14:00:00	73.976	74.023	73.957	73.966	302	0	3
2025.09.23	14:15:00	73.963	74.003	73.941	73.992	224	0	3
2025.09.23	14:30:00	73.989	74.005	73.951	73.957	207	0	3
2025.09.23	14:45:00	73.954	73.994	73.931	73.939	201	0	3
2025.09.23	15:00:00	73.942	73.978	73.934	73.954	168	0	3
2025.09.23	15:15:00	73.957	73.995	73.954	73.995	106	0	3
2025.09.23	15:30:00	73.992	74.028	73.989	74.028	107	0	3
2025.09.23	15:45:00	74.027	74.029	73.976	73.982	117	0	3
2025.09.23	16:00:00	73.978	74.001	73.972	73.984	100	0	3
2025.09.23	16:15:00	73.981	73.988	73.945	73.964	85	0	3
2025.09.23	16:30:00	73.961	74.033	73.944	73.973	355	0	3
2025.09.23	16:45:00	73.970	73.973	73.942	73.960	174	0	3
2025.09.23	17:00:00	73.958	73.970	73.932	73.947	160	0	3
2025.09.23	17:15:00	73.944	73.979	73.931	73.950	97	0	3
2025.09.23	17:30:00	73.946	73.968	73.939	73.955	143	0	3
2025.09.23	17:45:00	73.952	73.988	73.940	73.981	89	0	3
2025.09.23	18:00:00	73.984	73.996	73.959	73.968	80	0	3
2025.09.23	18:15:00	73.965	73.995	73.960	73.983	65	0	3
2025.09.23	18:30:00	73.986	73.986	73.954	73.957	50	0	3
2025.09.23	18:45:00	73.954	73.999	73.954	73.980	72	0	3
2025.09.23	19:00:00	73.977	73.983	73.961	73.972	65	0	3
2025.09.23	19:15:00	73.975	73.993	73.974	73.976	48	0	3
2025.09.23	19:30:00	73.979	73.982	73.939	73.939	39	0	3
2025.09.23	19:45:00	73.942	73.944	73.925	73.937	58	0	3
2025.09.23	20:00:00	73.934	73.936	73.924	73.928	24	0	3
2025.09.23	20:15:00	73.929	73.938	73.928	73.938	18	0	3
2025.09.23	20:30:00	73.938	73.959	73.938	73.955	27	0	3
2025.09.23	20:45:00	73.952	73.956	73.927	73.930	41	0	3
2025.09.23	21:00:00	73.928	73.930	73.917	73.928	14	0	13
2025.09.23	21:15:00	73.927	73.928	73.924	73.927	14	0	27
2025.09.23	21:30:00	73.927	73.948	73.924	73.948	15	0	13
2025.09.23	21:45:00	73.947	73.950	73.925	73.941	16	0	8
2025.09.23	22:00:00	73.933	73.950	73.916	73.938	47	0	3
2025.09.23	22:15:00	73.932	73.947	73.932	73.944	22	0	3
2025.09.23	22:30:00	73.941	73.945	73.930	73.935	22	0	3
2025.09.23	22:45:00	73.934	73.939	73.930	73.935	19	0	3
2025.09.23	23:00:00	73.936	73.942	73.932	73.940	24	0	3
2025.09.23	23:15:00	73.940	73.943	73.924	73.929	27	0	3
2025.09.23	23:30:00	73.931	73.943	73.922	73.939	30	0	3
2025.09.23	23:45:00	73.940	73.950	73.937	73.940	38	0	3
2025.09.24	00:00:00	73.937	73.967	73.929	73.967	103	0	3
2025.09.24	00:15:00	73.963	73.982	73.951	73.982	73	0	3
2025.09.24	00:30:00	73.983	73.990	73.978	73.984	53	0	3
2025.09.24	00:45:00	73.980	73.996	73.980	73.990	76	0	3
2025.09.24	01:00:00	73.987	74.017	73.984	74.001	73	0	3
2025.09.24	01:15:00	74.005	74.029	74.005	74.017	80	0	3
2025.09.24	01:30:00	74.020	74.020	73.990	73.998	116	0	3
2025.09.24	01:45:00	73.995	74.017	73.989	74.012	68	0	3
2025.09.24	02:00:00	74.015	74.018	73.991	73.994	53	0	3
2025.09.24	02:15:00	73.997	74.010	73.983	74.010	49	0	3
2025.09.24	02:30:00	74.006	74.017	73.992	73.996	45	0	3
2025.09.24	02:45:00	73.993	74.019	73.990	74.013	63	0	3
2025.09.24	03:00:00	74.015	74.019	73.995	74.016	46	0	3
2025.09.24	03:15:00	74.013	74.027	74.013	74.025	33	0	3
2025.09.24	03:30:00	74.025	74.035	74.019	74.020	29	0	3
2025.09.24	03:45:00	74.020	74.037	74.016	74.034	32	0	3
2025.09.24	04:00:00	74.037	74.043	74.026	74.027	30	0	3
2025.09.24	04:15:00	74.027	74.033	74.018	74.019	27	0	3
2025.09.24	04:30:00	74.019	74.037	74.016	74.030	37	0	3
2025.09.24	04:45:00	74.033	74.039	74.021	74.022	30	0	3
2025.09.24	05:00:00	74.025	74.029	74.006	74.022	36	0	3
2025.09.24	05:15:00	74.022	74.026	74.008	74.016	29	0	3
2025.09.24	05:30:00	74.019	74.044	74.017	74.034	43	0	3
2025.09.24	05:45:00	74.030	74.067	74.029	74.039	61	0	3
2025.09.24	06:00:00	74.036	74.073	74.011	74.068	107	0	3
2025.09.24	06:15:00	74.065	74.109	74.060	74.087	105	0	3
2025.09.24	06:30:00	74.083	74.116	74.071	74.081	108	0	3
2025.09.24	06:45:00	74.078	74.105	74.073	74.081	90	0	3
2025.09.24	07:00:00	74.084	74.145	74.062	74.142	167	0	3
2025.09.24	07:15:00	74.144	74.154	74.119	74.131	111	0	3
2025.09.24	07:30:00	74.134	74.173	74.134	74.150	126	0	3
2025.09.24	07:45:00	74.147	74.167	74.140	74.156	106	0	3
2025.09.24	08:00:00	74.160	74.192	74.157	74.179	181	0	3
2025.09.24	08:15:00	74.182	74.215	74.163	74.213	122	0	3
2025.09.24	08:30:00	74.216	74.219	74.162	74.209	108	0	3
2025.09.24	08:45:00	74.213	74.213	74.158	74.161	88	0	3
2025.09.24	09:00:00	74.158	74.174	74.141	74.162	99	0	3
2025.09.24	09:15:00	74.159	74.180	74.157	74.171	63	0	3
2025.09.24	09:30:00	74.175	74.219	74.172	74.211	74	0	3
2025.09.24	09:45:00	74.214	74.230	74.173	74.197	79	0	3
2025.09.24	10:00:00	74.200	74.230	74.184	74.227	97	0	3
2025.09.24	10:15:00	74.224	74.236	74.208	74.208	65	0	3
2025.09.24	10:30:00	74.211	74.242	74.190	74.239	80	0	3
2025.09.24	10:45:00	74.240	74.267	74.227	74.267	64	0	3
2025.09.24	11:00:00	74.264	74.284	74.248	74.261	130	0	3
2025.09.24	11:15:00	74.258	74.282	74.241	74.276	82	0	3
2025.09.24	11:30:00	74.279	74.301	74.247	74.289	87	0	3
2025.09.24	11:45:00	74.293	74.321	74.285	74.306	105	0	3
2025.09.24	12:00:00	74.310	74.317	74.258	74.267	136	0	3
2025.09.24	12:15:00	74.264	74.276	74.232	74.262	131	0	3
2025.09.24	12:30:00	74.262	74.347	74.262	74.347	156	0	3
2025.09.24	12:45:00	74.344	74.424	74.333	74.372	237	0	3
2025.09.24	13:00:00	74.375	74.436	74.361	74.427	194	0	3
2025.09.24	13:15:00	74.424	74.439	74.378	74.405	154	0	3
2025.09.24	13:30:00	74.409	74.476	74.409	74.470	208	0	3
2025.09.24	13:45:00	74.466	74.473	74.389	74.415	194	0	3
2025.09.24	14:00:00	74.418	74.477	74.418	74.432	289	0	3
2025.09.24	14:15:00	74.428	74.459	74.378	74.386	200	0	3
2025.09.24	14:30:00	74.382	74.395	74.316	74.316	203	0	3
2025.09.24	14:45:00	74.312	74.353	74.305	74.342	203	0	3
2025.09.24	15:00:00	74.339	74.375	74.314	74.375	147	0	3
2025.09.24	15:15:00	74.372	74.378	74.314	74.341	107	0	3
2025.09.24	15:30:00	74.344	74.380	74.323	74.351	166	0	3
2025.09.24	15:45:00	74.348	74.376	74.347	74.363	120	0	3
2025.09.24	16:00:00	74.360	74.386	74.351	74.371	131	0	3
2025.09.24	16:15:00	74.374	74.392	74.364	74.378	107	0	3
2025.09.24	16:30:00	74.375	74.400	74.362	74.365	88	0	3
2025.09.24	16:45:00	74.362	74.409	74.362	74.389	77	0	3
2025.09.24	17:00:00	74.392	74.392	74.318	74.324	91	0	3
2025.09.24	17:15:00	74.327	74.339	74.316	74.329	63	0	3
2025.09.24	17:30:00	74.328	74.357	74.328	74.357	55	0	3
2025.09.24	17:45:00	74.354	74.367	74.318	74.328	74	0	3
2025.09.24	18:00:00	74.331	74.385	74.327	74.359	69	0	3
2025.09.24	18:15:00	74.357	74.361	74.332	74.337	64	0	3
2025.09.24	18:30:00	74.335	74.347	74.321	74.328	86	0	3
2025.09.24	18:45:00	74.326	74.358	74.326	74.357	73	0	3
2025.09.24	19:00:00	74.354	74.373	74.346	74.369	49	0	3
2025.09.24	19:15:00	74.366	74.386	74.363	74.383	30	0	3
2025.09.24	19:30:00	74.379	74.379	74.349	74.361	38	0	3
2025.09.24	19:45:00	74.362	74.380	74.361	74.369	74	0	3
2025.09.24	20:00:00	74.366	74.375	74.356	74.367	33	0	3
2025.09.24	20:15:00	74.364	74.374	74.355	74.363	46	0	3
2025.09.24	20:30:00	74.362	74.367	74.360	74.367	17	0	3
2025.09.24	20:45:00	74.370	74.384	74.357	74.357	45	0	3
2025.09.24	21:00:00	74.356	74.357	74.339	74.348	13	0	13
2025.09.24	21:15:00	74.348	74.350	74.343	74.350	15	0	18
2025.09.24	21:30:00	74.350	74.356	74.347	74.349	14	0	13
2025.09.24	21:45:00	74.349	74.350	74.338	74.338	16	0	8
2025.09.24	22:00:00	74.366	74.366	74.351	74.352	24	0	3
2025.09.24	22:15:00	74.351	74.356	74.344	74.346	23	0	3
2025.09.24	22:30:00	74.346	74.349	74.344	74.347	18	0	3
2025.09.24	22:45:00	74.346	74.346	74.339	74.343	20	0	3
2025.09.24	23:00:00	74.340	74.350	74.338	74.338	28	0	3
2025.09.24	23:15:00	74.339	74.345	74.333	74.345	30	0	3
2025.09.24	23:30:00	74.343	74.348	74.339	74.339	19	0	3
2025.09.24	23:45:00	74.339	74.353	74.327	74.350	30	0	3
2025.09.25	00:00:00	74.353	74.354	74.323	74.338	92	0	3
2025.09.25	00:15:00	74.339	74.350	74.336	74.343	42	0	3
2025.09.25	00:30:00	74.340	74.340	74.324	74.338	45	0	3
2025.09.25	00:45:00	74.337	74.347	74.305	74.311	80	0	3
2025.09.25	01:00:00	74.308	74.328	74.298	74.328	74	0	3
2025.09.25	01:15:00	74.331	74.349	74.331	74.345	47	0	3
2025.09.25	01:30:00	74.348	74.350	74.328	74.345	52	0	3
2025.09.25	01:45:00	74.342	74.352	74.323	74.327	45	0	3
2025.09.25	02:00:00	74.324	74.328	74.293	74.298	51	0	3
2025.09.25	02:15:00	74.301	74.314	74.301	74.304	43	0	3
2025.09.25	02:30:00	74.301	74.304	74.286	74.288	33	0	3
2025.09.25	02:45:00	74.286	74.306	74.283	74.300	47	0	3
2025.09.25	03:00:00	74.304	74.318	74.302	74.312	39	0	3
2025.09.25	03:15:00	74.315	74.315	74.283	74.294	29	0	3
2025.09.25	03:30:00	74.291	74.295	74.283	74.289	27	0	3
2025.09.25	03:45:00	74.290	74.295	74.279	74.285	24	0	3
2025.09.25	04:00:00	74.282	74.291	74.272	74.291	31	0	3
2025.09.25	04:15:00	74.288	74.289	74.271	74.275	32	0	3
2025.09.25	04:30:00	74.271	74.277	74.266	74.272	30	0	3
2025.09.25	04:45:00	74.271	74.281	74.268	74.277	32	0	3
2025.09.25	05:00:00	74.277	74.303	74.277	74.303	28	0	3
2025.09.25	05:15:00	74.306	74.318	74.304	74.318	30	0	3
2025.09.25	05:30:00	74.322	74.322	74.305	74.314	45	0	3
2025.09.25	05:45:00	74.316	74.328	74.316	74.322	34	0	3
2025.09.25	06:00:00	74.325	74.349	74.325	74.325	48	0	3
2025.09.25	06:15:00	74.328	74.331	74.299	74.322	91	0	3
2025.09.25	06:30:00	74.319	74.325	74.287	74.311	99	0	3
2025.09.25	06:45:00	74.314	74.324	74.253	74.266	137	0	3
2025.09.25	07:00:00	74.270	74.314	74.266	74.309	128	0	3
2025.09.25	07:15:00	74.306	74.310	74.277	74.295	98	0	3
2025.09.25	07:30:00	74.298	74.336	74.276	74.336	150	0	3
2025.09.25	07:45:00	74.339	74.423	74.332	74.418	208	0	3
2025.09.25	08:00:00	74.421	74.434	74.350	74.361	167	0	3
2025.09.25	08:15:00	74.364	74.375	74.342	74.360	119	0	3
2025.09.25	08:30:00	74.357	74.375	74.331	74.354	121	0	3
2025.09.25	08:45:00	74.351	74.375	74.329	74.335	104	0	3
2025.09.25	09:00:00	74.332	74.352	74.297	74.317	106	0	3
2025.09.25	09:15:00	74.314	74.346	74.314	74.341	71	0	3
2025.09.25	09:30:00	74.344	74.368	74.340	74.362	85	0	3
2025.09.25	09:45:00	74.365	74.366	74.332	74.348	84	0	3
2025.09.25	10:00:00	74.350	74.367	74.335	74.338	71	0	3
2025.09.25	10:15:00	74.335	74.356	74.327	74.351	67	0	3
2025.09.25	10:30:00	74.348	74.348	74.314	74.332	60	0	3
2025.09.25	10:45:00	74.329	74.368	74.323	74.368	81	0	3
2025.09.25	11:00:00	74.371	74.450	74.358	74.450	129	0	3
2025.09.25	11:15:00	74.447	74.455	74.424	74.444	77	0	3
2025.09.25	11:30:00	74.441	74.523	74.438	74.523	130	0	3
2025.09.25	11:45:00	74.520	74.526	74.488	74.505	115	0	3
2025.09.25	12:00:00	74.502	74.540	74.498	74.527	153	0	3
2025.09.25	12:15:00	74.530	74.557	74.523	74.536	166	0	3
2025.09.25	12:30:00	74.540	74.706	74.540	74.685	631	0	3
2025.09.25	12:45:00	74.687	74.781	74.673	74.718	366	0	3
2025.09.25	13:00:00	74.715	74.757	74.692	74.694	372	0	3
2025.09.25	13:15:00	74.697	74.716	74.666	74.703	285	0	3
2025.09.25	13:30:00	74.706	74.760	74.657	74.760	279	0	3
2025.09.25	13:45:00	74.763	74.829	74.755	74.788	297	0	3
2025.09.25	14:00:00	74.786	74.815	74.713	74.769	291	0	3
2025.09.25	14:15:00	74.772	74.796	74.730	74.793	242	0	3
2025.09.25	14:30:00	74.796	74.876	74.792	74.857	252	0	3
2025.09.25	14:45:00	74.854	74.920	74.807	74.917	243	0	3
2025.09.25	15:00:00	74.914	74.953	74.914	74.936	179	0	3
2025.09.25	15:15:00	74.939	74.942	74.902	74.915	179	0	3
2025.09.25	15:30:00	74.918	74.950	74.897	74.903	173	0	3
2025.09.25	15:45:00	74.906	74.921	74.895	74.913	117	0	3
2025.09.25	16:00:00	74.916	74.924	74.865	74.887	110	0	3
2025.09.25	16:15:00	74.891	74.930	74.891	74.897	123	0	3
2025.09.25	16:30:00	74.900	74.945	74.900	74.939	74	0	3
2025.09.25	16:45:00	74.936	74.984	74.936	74.966	76	0	3
2025.09.25	17:00:00	74.970	74.985	74.942	74.946	90	0	3
2025.09.25	17:15:00	74.943	75.032	74.943	75.032	143	0	3
2025.09.25	17:30:00	75.035	75.035	74.994	75.012	113	0	3
2025.09.25	17:45:00	75.015	75.021	74.981	74.988	94	0	3
2025.09.25	18:00:00	74.985	75.053	74.973	75.041	156	0	3
2025.09.25	18:15:00	75.038	75.042	75.004	75.016	75	0	3
2025.09.25	18:30:00	75.020	75.030	74.994	75.000	74	0	3
2025.09.25	18:45:00	74.997	75.008	74.972	74.995	72	0	3
2025.09.25	19:00:00	74.992	74.998	74.961	74.962	55	0	3
2025.09.25	19:15:00	74.959	74.975	74.957	74.972	57	0	3
2025.09.25	19:30:00	74.975	74.993	74.969	74.990	60	0	3
2025.09.25	19:45:00	74.987	74.991	74.968	74.980	65	0	3
2025.09.25	20:00:00	74.980	74.981	74.966	74.967	37	0	3
2025.09.25	20:15:00	74.964	74.964	74.945	74.945	26	0	3
2025.09.25	20:30:00	74.942	74.947	74.935	74.941	25	0	3
2025.09.25	20:45:00	74.940	74.950	74.921	74.941	72	0	3
2025.09.25	21:00:00	74.933	74.933	74.928	74.929	10	0	22
2025.09.25	21:15:00	74.932	74.936	74.904	74.904	14	0	20
2025.09.25	21:30:00	74.913	74.928	74.913	74.921	14	0	20
2025.09.25	21:45:00	74.922	74.950	74.922	74.940	16	0	13
2025.09.28	21:00:00	74.589	74.603	74.589	74.603	8	0	53
2025.09.28	21:15:00	74.606	74.614	74.606	74.614	14	0	34
2025.09.28	21:30:00	74.613	74.626	74.593	74.593	14	0	23
2025.09.28	21:45:00	74.605	74.616	74.588	74.588	16	0	20
2025.09.28	22:00:00	74.605	74.628	74.605	74.607	27	0	3
2025.09.28	22:15:00	74.605	74.606	74.592	74.596	25	0	3
2025.09.28	22:30:00	74.594	74.604	74.594	74.599	18	0	3
2025.09.28	22:45:00	74.599	74.606	74.596	74.601	19	0	3
2025.09.28	23:00:00	74.601	74.606	74.591	74.591	26	0	3
2025.09.28	23:15:00	74.594	74.594	74.566	74.569	38	0	3
2025.09.28	23:30:00	74.572	74.573	74.563	74.567	26	0	3
2025.09.28	23:45:00	74.568	74.584	74.567	74.584	24	0	3
2025.09.29	00:00:00	74.588	74.588	74.527	74.532	76	0	3
2025.09.29	00:15:00	74.535	74.539	74.518	74.528	47	0	3
2025.09.29	00:30:00	74.525	74.526	74.502	74.505	56	0	3
2025.09.29	00:45:00	74.505	74.505	74.487	74.492	54	0	3
2025.09.29	01:00:00	74.495	74.532	74.495	74.532	66	0	3
2025.09.29	01:15:00	74.535	74.535	74.507	74.510	62	0	3
2025.09.29	01:30:00	74.507	74.513	74.468	74.484	58	0	3
2025.09.29	01:45:00	74.481	74.496	74.472	74.478	68	0	3
2025.09.29	02:00:00	74.479	74.482	74.447	74.471	62	0	3
2025.09.29	02:15:00	74.475	74.477	74.448	74.457	56	0	3
2025.09.29	02:30:00	74.454	74.461	74.436	74.445	51	0	3
2025.09.29	02:45:00	74.449	74.464	74.442	74.461	51	0	3
2025.09.29	03:00:00	74.458	74.464	74.443	74.448	41	0	3
2025.09.29	03:15:00	74.446	74.452	74.438	74.441	36	0	3
2025.09.29	03:30:00	74.445	74.450	74.439	74.439	27	0	3
2025.09.29	03:45:00	74.441	74.448	74.434	74.447	38	0	3
2025.09.29	04:00:00	74.451	74.467	74.446	74.449	26	0	3
2025.09.29	04:15:00	74.451	74.454	74.442	74.445	25	0	3
2025.09.29	04:30:00	74.445	74.448	74.426	74.426	35	0	3
2025.09.29	04:45:00	74.426	74.426	74.397	74.415	47	0	3
2025.09.29	05:00:00	74.416	74.424	74.399	74.399	50	0	3
2025.09.29	05:15:00	74.400	74.413	74.400	74.406	35	0	3
2025.09.29	05:30:00	74.409	74.433	74.386	74.411	86	0	3
2025.09.29	05:45:00	74.407	74.411	74.391	74.394	58	0	3
2025.09.29	06:00:00	74.392	74.433	74.389	74.406	149	0	3
2025.09.29	06:15:00	74.409	74.414	74.393	74.407	78	0	3
2025.09.29	06:30:00	74.410	74.425	74.396	74.409	90	0	3
2025.09.29	06:45:00	74.413	74.431	74.400	74.413	89	0	3
2025.09.29	07:00:00	74.415	74.421	74.370	74.379	113	0	3
2025.09.29	07:15:00	74.376	74.378	74.353	74.370	80	0	3
2025.09.29	07:30:00	74.367	74.408	74.364	74.387	110	0	3
2025.09.29	07:45:00	74.384	74.384	74.349	74.368	87	0	3
2025.09.29	08:00:00	74.365	74.384	74.352	74.359	81	0	3
2025.09.29	08:15:00	74.356	74.450	74.346	74.424	117	0	3
2025.09.29	08:30:00	74.421	74.437	74.394	74.434	91	0	3
2025.09.29	08:45:00	74.430	74.434	74.408	74.428	89	0	3
2025.09.29	09:00:00	74.425	74.440	74.403	74.413	102	0	3
2025.09.29	09:15:00	74.409	74.420	74.391	74.401	72	0	3
2025.09.29	09:30:00	74.399	74.429	74.389	74.420	77	0	3
2025.09.29	09:45:00	74.422	74.457	74.422	74.451	78	0	3
2025.09.29	10:00:00	74.447	74.461	74.445	74.448	52	0	3
2025.09.29	10:15:00	74.445	74.473	74.441	74.462	84	0	3
2025.09.29	10:30:00	74.466	74.485	74.457	74.471	55	0	3
2025.09.29	10:45:00	74.468	74.474	74.449	74.467	70	0	3
2025.09.29	11:00:00	74.464	74.487	74.456	74.484	83	0	3
2025.09.29	11:15:00	74.481	74.485	74.461	74.477	90	0	3
2025.09.29	11:30:00	74.480	74.480	74.424	74.430	74	0	3
2025.09.29	11:45:00	74.433	74.462	74.361	74.361	95	0	3
2025.09.29	12:00:00	74.358	74.420	74.356	74.398	156	0	3
2025.09.29	12:15:00	74.401	74.424	74.383	74.413	102	0	3
2025.09.29	12:30:00	74.410	74.434	74.355	74.378	174	0	3
2025.09.29	12:45:00	74.374	74.374	74.311	74.340	164	0	3
2025.09.29	13:00:00	74.337	74.382	74.337	74.368	153	0	3
2025.09.29	13:15:00	74.371	74.400	74.365	74.378	130	0	3
2025.09.29	13:30:00	74.375	74.382	74.340	74.355	214	0	3
2025.09.29	13:45:00	74.358	74.415	74.340	74.412	171	0	3
2025.09.29	14:00:00	74.416	74.467	74.403	74.464	193	0	3
2025.09.29	14:15:00	74.460	74.513	74.455	74.499	136	0	3
2025.09.29	14:30:00	74.496	74.512	74.471	74.479	131	0	3
2025.09.29	14:45:00	74.483	74.535	74.478	74.525	162	0	3
2025.09.29	15:00:00	74.528	74.530	74.494	74.503	148	0	3
2025.09.29	15:15:00	74.500	74.509	74.423	74.430	117	0	3
2025.09.29	15:30:00	74.433	74.470	74.428	74.455	123	0	3
2025.09.29	15:45:00	74.458	74.461	74.431	74.446	87	0	3
2025.09.29	16:00:00	74.443	74.480	74.428	74.436	91	0	3
2025.09.29	16:15:00	74.439	74.456	74.426	74.444	62	0	3
2025.09.29	16:30:00	74.448	74.467	74.436	74.467	54	0	3
2025.09.29	16:45:00	74.466	74.472	74.455	74.455	41	0	3
2025.09.29	17:00:00	74.451	74.465	74.436	74.464	60	0	3
2025.09.29	17:15:00	74.463	74.483	74.461	74.479	45	0	3
2025.09.29	17:30:00	74.479	74.493	74.478	74.487	58	0	3
2025.09.29	17:45:00	74.484	74.488	74.461	74.486	57	0	3
2025.09.29	18:00:00	74.483	74.497	74.466	74.466	36	0	3
2025.09.29	18:15:00	74.467	74.467	74.439	74.439	39	0	3
2025.09.29	18:30:00	74.442	74.446	74.428	74.439	45	0	3
2025.09.29	18:45:00	74.436	74.439	74.410	74.414	36	0	3
2025.09.29	19:00:00	74.418	74.433	74.414	74.426	52	0	3
2025.09.29	19:15:00	74.429	74.432	74.412	74.422	45	0	3
2025.09.29	19:30:00	74.422	74.433	74.416	74.426	26	0	3
2025.09.29	19:45:00	74.426	74.434	74.420	74.425	28	0	3
2025.09.29	20:00:00	74.427	74.447	74.427	74.444	33	0	3
2025.09.29	20:15:00	74.448	74.456	74.440	74.456	30	0	3
2025.09.29	20:30:00	74.456	74.462	74.453	74.454	20	0	3
2025.09.29	20:45:00	74.458	74.461	74.447	74.448	28	0	3
2025.09.29	21:00:00	74.446	74.451	74.445	74.450	13	0	13
2025.09.29	21:15:00	74.446	74.454	74.445	74.454	14	0	20
2025.09.29	21:30:00	74.448	74.464	74.448	74.461	14	0	13
2025.09.29	21:45:00	74.463	74.466	74.443	74.453	16	0	8
2025.09.29	22:00:00	74.450	74.450	74.439	74.448	24	0	3
2025.09.29	22:15:00	74.448	74.448	74.439	74.447	17	0	3
2025.09.29	22:30:00	74.450	74.455	74.448	74.449	23	0	3
2025.09.29	22:45:00	74.448	74.449	74.438	74.439	17	0	3
2025.09.29	23:00:00	74.438	74.439	74.429	74.429	16	0	3
2025.09.29	23:15:00	74.431	74.432	74.417	74.424	23	0	3
2025.09.29	23:30:00	74.422	74.427	74.421	74.424	18	0	3
2025.09.29	23:45:00	74.420	74.433	74.416	74.433	26	0	3
2025.09.30	00:00:00	74.432	74.460	74.432	74.436	78	0	3
2025.09.30	00:15:00	74.439	74.448	74.426	74.445	49	0	3
2025.09.30	00:30:00	74.448	74.472	74.448	74.469	41	0	3
2025.09.30	00:45:00	74.472	74.510	74.472	74.489	129	0	3
2025.09.30	01:00:00	74.485	74.485	74.443	74.448	111	0	3
2025.09.30	01:15:00	74.445	74.461	74.443	74.444	48	0	3
2025.09.30	01:30:00	74.441	74.472	74.434	74.469	73	0	3
2025.09.30	01:45:00	74.467	74.499	74.460	74.496	88	0	3
2025.09.30	02:00:00	74.500	74.510	74.487	74.490	51	0	3
2025.09.30	02:15:00	74.487	74.487	74.460	74.468	41	0	3
2025.09.30	02:30:00	74.471	74.472	74.448	74.455	45	0	3
2025.09.30	02:45:00	74.458	74.461	74.446	74.452	36	0	3
2025.09.30	03:00:00	74.455	74.470	74.438	74.445	57	0	3
2025.09.30	03:15:00	74.442	74.454	74.430	74.432	46	0	3
2025.09.30	03:30:00	74.429	74.444	74.427	74.434	42	0	3
2025.09.30	03:45:00	74.430	74.431	74.409	74.429	38	0	3
2025.09.30	04:00:00	74.428	74.444	74.422	74.440	38	0	3
2025.09.30	04:15:00	74.439	74.471	74.438	74.467	39	0	3
2025.09.30	04:30:00	74.470	74.470	74.431	74.445	96	0	3
2025.09.30	04:45:00	74.448	74.450	74.412	74.412	65	0	3
2025.09.30	05:00:00	74.415	74.415	74.385	74.390	63	0	3
2025.09.30	05:15:00	74.386	74.401	74.367	74.400	64	0	3
2025.09.30	05:30:00	74.403	74.427	74.394	74.427	73	0	3
2025.09.30	05:45:00	74.423	74.440	74.399	74.440	79	0	3
2025.09.30	06:00:00	74.437	74.466	74.404	74.416	192	0	3
2025.09.30	06:15:00	74.413	74.422	74.372	74.376	115	0	3
2025.09.30	06:30:00	74.379	74.379	74.340	74.346	114	0	3
2025.09.30	06:45:00	74.342	74.402	74.341	74.402	122	0	3
2025.09.30	07:00:00	74.404	74.418	74.386	74.401	153	0	3
2025.09.30	07:15:00	74.404	74.404	74.340	74.356	108	0	3
2025.09.30	07:30:00	74.354	74.447	74.354	74.410	181	0	3
2025.09.30	07:45:00	74.408	74.408	74.363	74.367	133	0	3
2025.09.30	08:00:00	74.363	74.371	74.338	74.346	164	0	3
2025.09.30	08:15:00	74.350	74.399	74.340	74.384	130	0	3
2025.09.30	08:30:00	74.381	74.383	74.336	74.357	142	0	3
2025.09.30	08:45:00	74.360	74.376	74.336	74.370	87	0	3
2025.09.30	09:00:00	74.374	74.395	74.349	74.388	117	0	3
2025.09.30	09:15:00	74.387	74.394	74.368	74.394	84	0	3
2025.09.30	09:30:00	74.397	74.399	74.381	74.381	90	0	3
2025.09.30	09:45:00	74.378	74.386	74.355	74.379	94	0	3
2025.09.30	10:00:00	74.376	74.395	74.343	74.389	75	0	3
2025.09.30	10:15:00	74.392	74.412	74.376	74.406	91	0	3
2025.09.30	10:30:00	74.409	74.409	74.387	74.392	68	0	3
2025.09.30	10:45:00	74.395	74.423	74.383	74.416	87	0	3
2025.09.30	11:00:00	74.413	74.486	74.382	74.482	145	0	3
2025.09.30	11:15:00	74.483	74.489	74.442	74.450	94	0	3
2025.09.30	11:30:00	74.452	74.453	74.421	74.439	64	0	3
2025.09.30	11:45:00	74.438	74.446	74.417	74.421	71	0	3
2025.09.30	12:00:00	74.418	74.421	74.361	74.374	166	0	3
2025.09.30	12:15:00	74.378	74.381	74.337	74.364	148	0	3
2025.09.30	12:30:00	74.362	74.409	74.359	74.409	110	0	3
2025.09.30	12:45:00	74.407	74.414	74.380	74.393	112	0	3
2025.09.30	13:00:00	74.390	74.500	74.376	74.460	199	0	3
2025.09.30	13:15:00	74.464	74.549	74.461	74.514	163	0	3
2025.09.30	13:30:00	74.517	74.517	74.417	74.417	173	0	3
2025.09.30	13:45:00	74.414	74.420	74.348	74.385	275	0	3
2025.09.30	14:00:00	74.388	74.432	74.348	74.357	423	0	3
2025.09.30	14:15:00	74.360	74.409	74.356	74.377	242	0	3
2025.09.30	14:30:00	74.374	74.374	74.315	74.332	231	0	3
2025.09.30	14:45:00	74.328	74.341	74.252	74.282	341	0	3
2025.09.30	15:00:00	74.285	74.359	74.279	74.351	222	0	3
2025.09.30	15:15:00	74.349	74.394	74.348	74.394	206	0	3
2025.09.30	15:30:00	74.391	74.413	74.370	74.406	176	0	3
2025.09.30	15:45:00	74.403	74.423	74.386	74.387	107	0	3
2025.09.30	16:00:00	74.384	74.406	74.360	74.396	149	0	3
2025.09.30	16:15:00	74.399	74.402	74.355	74.355	107	0	3
2025.09.30	16:30:00	74.351	74.367	74.324	74.329	114	0	3
2025.09.30	16:45:00	74.332	74.348	74.281	74.299	101	0	3
2025.09.30	17:00:00	74.296	74.321	74.288	74.315	80	0	3
2025.09.30	17:15:00	74.312	74.312	74.272	74.289	76	0	3
2025.09.30	17:30:00	74.286	74.295	74.276	74.290	66	0	3
2025.09.30	17:45:00	74.293	74.350	74.290	74.342	125	0	3
2025.09.30	18:00:00	74.345	74.362	74.331	74.334	78	0	3
2025.09.30	18:15:00	74.331	74.378	74.331	74.371	62	0	3
2025.09.30	18:30:00	74.368	74.399	74.351	74.365	94	0	3
2025.09.30	18:45:00	74.369	74.380	74.337	74.355	63	0	3
2025.09.30	19:00:00	74.358	74.382	74.345	74.360	87	0	3
2025.09.30	19:15:00	74.357	74.364	74.340	74.357	50	0	3
2025.09.30	19:30:00	74.360	74.373	74.356	74.361	63	0	3
2025.09.30	19:45:00	74.358	74.363	74.337	74.355	52	0	3
2025.09.30	20:00:00	74.352	74.400	74.349	74.393	54	0	3
2025.09.30	20:15:00	74.394	74.405	74.377	74.402	34	0	3
2025.09.30	20:30:00	74.398	74.405	74.391	74.405	21	0	3
2025.09.30	20:45:00	74.402	74.402	74.375	74.375	69	0	3
2025.09.30	21:00:00	74.374	74.374	74.371	74.372	12	0	13
2025.09.30	21:15:00	74.370	74.375	74.370	74.373	14	0	13
2025.09.30	21:30:00	74.376	74.377	74.372	74.376	14	0	13
2025.09.30	21:45:00	74.373	74.376	74.346	74.346	16	0	13
2025.09.30	22:00:00	74.374	74.375	74.335	74.360	35	0	3
2025.09.30	22:15:00	74.364	74.371	74.357	74.369	28	0	3
2025.09.30	22:30:00	74.373	74.380	74.366	74.380	19	0	3
2025.09.30	22:45:00	74.381	74.388	74.380	74.383	19	0	3
2025.09.30	23:00:00	74.380	74.386	74.348	74.361	48	0	3
2025.09.30	23:15:00	74.361	74.367	74.351	74.367	33	0	3
2025.09.30	23:30:00	74.370	74.384	74.366	74.374	25	0	3
2025.09.30	23:45:00	74.371	74.391	74.368	74.391	38	0	3
2025.10.01	00:00:00	74.394	74.425	74.394	74.421	91	0	3
2025.10.01	00:15:00	74.418	74.422	74.387	74.396	71	0	3
2025.10.01	00:30:00	74.399	74.405	74.385	74.400	55	0	3
2025.10.01	00:45:00	74.404	74.404	74.381	74.398	43	0	3
2025.10.01	01:00:00	74.402	74.432	74.393	74.411	50	0	3
2025.10.01	01:15:00	74.411	74.411	74.394	74.397	36	0	3
2025.10.01	01:30:00	74.394	74.416	74.393	74.394	48	0	3
2025.10.01	01:45:00	74.397	74.413	74.392	74.394	38	0	3
2025.10.01	02:00:00	74.391	74.408	74.383	74.408	44	0	3
2025.10.01	02:15:00	74.405	74.405	74.386	74.398	47	0	3
2025.10.01	02:30:00	74.401	74.430	74.396	74.420	51	0	3
2025.10.01	02:45:00	74.417	74.421	74.391	74.398	39	0	3
2025.10.01	03:00:00	74.395	74.411	74.390	74.405	41	0	3
2025.10.01	03:15:00	74.405	74.416	74.402	74.405	32	0	3
2025.10.01	03:30:00	74.405	74.427	74.405	74.413	34	0	3
2025.10.01	03:45:00	74.413	74.414	74.390	74.398	36	0	3
2025.10.01	04:00:00	74.395	74.395	74.368	74.378	45	0	3
2025.10.01	04:15:00	74.375	74.379	74.361	74.361	41	0	3
2025.10.01	04:30:00	74.358	74.361	74.335	74.337	40	0	3
2025.10.01	04:45:00	74.339	74.339	74.269	74.276	63	0	3
2025.10.01	05:00:00	74.273	74.294	74.227	74.277	137	0	3
2025.10.01	05:15:00	74.280	74.288	74.258	74.278	58	0	3
2025.10.01	05:30:00	74.281	74.290	74.275	74.289	48	0	3
2025.10.01	05:45:00	74.292	74.317	74.288	74.317	39	0	3
2025.10.01	06:00:00	74.315	74.317	74.259	74.281	147	0	3
2025.10.01	06:15:00	74.283	74.297	74.250	74.251	123	0	3
2025.10.01	06:30:00	74.254	74.261	74.196	74.200	151	0	3
2025.10.01	06:45:00	74.197	74.262	74.197	74.259	197	0	3
2025.10.01	07:00:00	74.256	74.257	74.198	74.211	242	0	3
2025.10.01	07:15:00	74.214	74.313	74.197	74.307	190	0	3
2025.10.01	07:30:00	74.310	74.328	74.257	74.297	247	0	3
2025.10.01	07:45:00	74.294	74.301	74.238	74.256	220	0	3
2025.10.01	08:00:00	74.252	74.257	74.220	74.245	204	0	3
2025.10.01	08:15:00	74.242	74.250	74.201	74.226	207	0	3
2025.10.01	08:30:00	74.229	74.236	74.182	74.209	162	0	3
2025.10.01	08:45:00	74.206	74.254	74.203	74.251	108	0	3
2025.10.01	09:00:00	74.248	74.256	74.217	74.231	109	0	3
2025.10.01	09:15:00	74.234	74.259	74.227	74.232	91	0	3
2025.10.01	09:30:00	74.236	74.256	74.211	74.223	156	0	3
2025.10.01	09:45:00	74.226	74.279	74.211	74.268	133	0	3
2025.10.01	10:00:00	74.271	74.283	74.248	74.251	153	0	3
2025.10.01	10:15:00	74.255	74.295	74.245	74.292	150	0	3
2025.10.01	10:30:00	74.296	74.304	74.224	74.234	114	0	3
2025.10.01	10:45:00	74.230	74.246	74.205	74.233	112	0	3
2025.10.01	11:00:00	74.230	74.235	74.179	74.190	131	0	3
2025.10.01	11:15:00	74.188	74.190	74.153	74.157	89	0	3
2025.10.01	11:30:00	74.160	74.174	74.144	74.149	97	0	3
2025.10.01	11:45:00	74.146	74.181	74.136	74.172	76	0	3
2025.10.01	12:00:00	74.175	74.240	74.160	74.209	154	0	3
2025.10.01	12:15:00	74.213	74.226	73.968	74.067	1083	0	3
2025.10.01	12:30:00	74.064	74.069	73.972	73.975	585	0	3
2025.10.01	12:45:00	73.973	74.035	73.955	74.004	357	0	3
2025.10.01	13:00:00	74.001	74.029	73.963	73.995	284	0	3
2025.10.01	13:15:00	73.998	74.037	73.972	73.978	230	0	3
2025.10.01	13:30:00	73.982	73.982	73.924	73.935	233	0	3
2025.10.01	13:45:00	73.938	74.010	73.928	73.978	213	0	3
2025.10.01	14:00:00	73.981	74.084	73.940	74.084	440	0	3
2025.10.01	14:15:00	74.081	74.112	74.041	74.060	232	0	3
2025.10.01	14:30:00	74.057	74.061	73.996	74.005	233	0	3
2025.10.01	14:45:00	74.002	74.108	73.969	74.035	928	0	3
2025.10.01	15:00:00	74.038	74.167	74.027	74.155	359	0	3
2025.10.01	15:15:00	74.152	74.223	74.152	74.208	259	0	3
2025.10.01	15:30:00	74.205	74.220	74.162	74.184	188	0	3
2025.10.01	15:45:00	74.187	74.233	74.171	74.227	126	0	3
2025.10.01	16:00:00	74.231	74.264	74.202	74.234	164	0	3
2025.10.01	16:15:00	74.237	74.249	74.206	74.212	95	0	3
2025.10.01	16:30:00	74.215	74.261	74.211	74.258	88	0	3
2025.10.01	16:45:00	74.254	74.254	74.206	74.215	95	0	3
2025.10.01	17:00:00	74.212	74.226	74.193	74.200	81	0	3
2025.10.01	17:15:00	74.197	74.204	74.188	74.201	51	0	3
2025.10.01	17:30:00	74.201	74.228	74.201	74.219	62	0	3
2025.10.01	17:45:00	74.216	74.227	74.209	74.221	58	0	3
2025.10.01	18:00:00	74.224	74.245	74.194	74.194	69	0	3
2025.10.01	18:15:00	74.197	74.197	74.167	74.167	55	0	3
2025.10.01	18:30:00	74.164	74.164	74.147	74.157	80	0	3
2025.10.01	18:45:00	74.159	74.163	74.130	74.152	91	0	3
2025.10.01	19:00:00	74.149	74.179	74.137	74.172	52	0	3
2025.10.01	19:15:00	74.171	74.186	74.170	74.173	45	0	3
2025.10.01	19:30:00	74.175	74.175	74.150	74.166	36	0	3
2025.10.01	19:45:00	74.168	74.190	74.162	74.184	49	0	3
2025.10.01	20:00:00	74.187	74.211	74.187	74.206	29	0	3
2025.10.01	20:15:00	74.206	74.226	74.204	74.221	39	0	3
2025.10.01	20:30:00	74.218	74.218	74.210	74.218	24	0	3
2025.10.01	20:45:00	74.215	74.227	74.196	74.196	57	0	3
2025.10.01	21:00:00	74.194	74.200	74.194	74.196	11	0	6
2025.10.01	21:15:00	74.195	74.200	74.193	74.196	15	0	8
2025.10.01	21:30:00	74.197	74.197	74.191	74.191	14	0	8
2025.10.01	21:45:00	74.187	74.190	74.172	74.172	15	0	8
2025.10.01	22:00:00	74.181	74.199	74.174	74.192	39	0	3
2025.10.01	22:15:00	74.189	74.192	74.176	74.178	25	0	3
2025.10.01	22:30:00	74.181	74.188	74.175	74.181	25	0	3
2025.10.01	22:45:00	74.181	74.186	74.180	74.186	18	0	3
2025.10.01	23:00:00	74.189	74.189	74.172	74.175	28	0	3
2025.10.01	23:15:00	74.175	74.181	74.167	74.167	18	0	3
2025.10.01	23:30:00	74.165	74.175	74.165	74.173	23	0	3
2025.10.01	23:45:00	74.176	74.192	74.175	74.192	41	0	3
2025.10.02	00:00:00	74.189	74.233	74.189	74.231	81	0	3
2025.10.02	00:15:00	74.231	74.239	74.214	74.233	59	0	3
2025.10.02	00:30:00	74.236	74.241	74.225	74.229	47	0	3
2025.10.02	00:45:00	74.233	74.242	74.216	74.242	75	0	3
2025.10.02	01:00:00	74.244	74.252	74.209	74.216	98	0	3
2025.10.02	01:15:00	74.219	74.219	74.174	74.183	51	0	3
2025.10.02	01:30:00	74.180	74.187	74.161	74.180	57	0	3
2025.10.02	01:45:00	74.177	74.177	74.159	74.161	44	0	3
2025.10.02	02:00:00	74.159	74.172	74.140	74.156	48	0	3
2025.10.02	02:15:00	74.158	74.179	74.155	74.167	31	0	3
2025.10.02	02:30:00	74.166	74.177	74.160	74.177	31	0	3
2025.10.02	02:45:00	74.177	74.184	74.165	74.178	33	0	3
2025.10.02	03:00:00	74.181	74.205	74.176	74.177	34	0	3
2025.10.02	03:15:00	74.177	74.188	74.177	74.188	30	0	3
2025.10.02	03:30:00	74.186	74.203	74.186	74.202	42	0	3
2025.10.02	03:45:00	74.199	74.199	74.188	74.193	23	0	3
2025.10.02	04:00:00	74.193	74.207	74.191	74.204	27	0	3
2025.10.02	04:15:00	74.201	74.205	74.195	74.198	26	0	3
2025.10.02	04:30:00	74.197	74.216	74.197	74.211	30	0	3
2025.10.02	04:45:00	74.215	74.215	74.197	74.209	40	0	3
2025.10.02	05:00:00	74.205	74.244	74.190	74.240	90	0	3
2025.10.02	05:15:00	74.237	74.238	74.218	74.220	47	0	3
2025.10.02	05:30:00	74.217	74.227	74.195	74.198	43	0	3
2025.10.02	05:45:00	74.195	74.215	74.192	74.211	44	0	3
2025.10.02	06:00:00	74.208	74.208	74.173	74.193	98	0	3
2025.10.02	06:15:00	74.193	74.199	74.183	74.196	53	0	3
2025.10.02	06:30:00	74.193	74.213	74.148	74.203	157	0	3
2025.10.02	06:45:00	74.206	74.220	74.132	74.132	198	0	3
2025.10.02	07:00:00	74.129	74.142	74.069	74.087	180	0	3
2025.10.02	07:15:00	74.083	74.132	74.077	74.132	133	0	3
2025.10.02	07:30:00	74.129	74.133	74.093	74.093	105	0	3
2025.10.02	07:45:00	74.094	74.114	74.068	74.104	117	0	3
2025.10.02	08:00:00	74.100	74.117	74.074	74.084	109	0	3
2025.10.02	08:15:00	74.087	74.108	74.065	74.095	112	0	3
2025.10.02	08:30:00	74.092	74.116	74.077	74.088	108	0	3
2025.10.02	08:45:00	74.091	74.099	74.018	74.047	112	0	3
2025.10.02	09:00:00	74.050	74.085	74.028	74.049	116	0	3
2025.10.02	09:15:00	74.050	74.079	74.038	74.062	116	0	3
2025.10.02	09:30:00	74.065	74.089	74.036	74.073	94	0	3
2025.10.02	09:45:00	74.070	74.085	74.060	74.081	98	0	3
2025.10.02	10:00:00	74.084	74.119	74.082	74.114	113	0	3
2025.10.02	10:15:00	74.117	74.154	74.114	74.143	77	0	3
2025.10.02	10:30:00	74.140	74.178	74.130	74.172	82	0	3
2025.10.02	10:45:00	74.169	74.182	74.151	74.182	84	0	3
2025.10.02	11:00:00	74.185	74.226	74.166	74.197	112	0	3
2025.10.02	11:15:00	74.200	74.220	74.195	74.216	82	0	3
2025.10.02	11:30:00	74.219	74.229	74.184	74.194	130	0	3
2025.10.02	11:45:00	74.191	74.232	74.188	74.203	151	0	3
2025.10.02	12:00:00	74.200	74.209	74.177	74.181	117	0	3
2025.10.02	12:15:00	74.177	74.190	74.166	74.178	83	0	3
2025.10.02	12:30:00	74.181	74.238	74.176	74.227	127	0	3
2025.10.02	12:45:00	74.225	74.269	74.220	74.260	145	0	3
2025.10.02	13:00:00	74.256	74.311	74.244	74.311	183	0	3
2025.10.02	13:15:00	74.314	74.336	74.294	74.306	161	0	3
2025.10.02	13:30:00	74.310	74.424	74.290	74.421	207	0	3
2025.10.02	13:45:00	74.418	74.477	74.395	74.455	245	0	3
2025.10.02	14:00:00	74.458	74.536	74.455	74.506	278	0	3
2025.10.02	14:15:00	74.502	74.542	74.493	74.498	238	0	3
2025.10.02	14:30:00	74.501	74.529	74.491	74.529	157	0	3
2025.10.02	14:45:00	74.526	74.559	74.489	74.510	253	0	3
2025.10.02	15:00:00	74.513	74.523	74.475	74.523	195	0	3
2025.10.02	15:15:00	74.527	74.564	74.524	74.547	170	0	3
2025.10.02	15:30:00	74.550	74.621	74.548	74.586	174	0	3
2025.10.02	15:45:00	74.583	74.605	74.506	74.506	147	0	3
2025.10.02	16:00:00	74.510	74.512	74.441	74.457	146	0	3
2025.10.02	16:15:00	74.454	74.470	74.430	74.444	99	0	3
2025.10.02	16:30:00	74.447	74.454	74.415	74.418	82	0	3
2025.10.02	16:45:00	74.421	74.443	74.407	74.409	64	0	3
2025.10.02	17:00:00	74.408	74.419	74.374	74.405	78	0	3
2025.10.02	17:15:00	74.402	74.408	74.387	74.404	57	0	3
2025.10.02	17:30:00	74.407	74.426	74.402	74.417	70	0	3
2025.10.02	17:45:00	74.419	74.423	74.398	74.415	59	0	3
2025.10.02	18:00:00	74.418	74.424	74.382	74.391	71	0	3
2025.10.02	18:15:00	74.391	74.395	74.374	74.376	49	0	3
2025.10.02	18:30:00	74.373	74.383	74.362	74.379	51	0	3
2025.10.02	18:45:00	74.376	74.376	74.359	74.366	36	0	3
2025.10.02	19:00:00	74.363	74.363	74.338	74.354	38	0	3
2025.10.02	19:15:00	74.353	74.362	74.350	74.362	28	0	3
2025.10.02	19:30:00	74.365	74.382	74.363	74.379	34	0	3
2025.10.02	19:45:00	74.381	74.387	74.374	74.386	34	0	3
2025.10.02	20:00:00	74.389	74.392	74.350	74.377	35	0	3
2025.10.02	20:15:00	74.380	74.393	74.380	74.387	36	0	3
2025.10.02	20:30:00	74.384	74.394	74.378	74.394	25	0	3
2025.10.02	20:45:00	74.392	74.412	74.392	74.406	52	0	3
2025.10.02	21:00:00	74.404	74.404	74.382	74.386	12	0	13
2025.10.02	21:15:00	74.387	74.392	74.377	74.383	14	0	27
2025.10.02	21:30:00	74.383	74.393	74.383	74.393	15	0	19
2025.10.02	21:45:00	74.391	74.399	74.391	74.396	15	0	13
2025.10.05	21:00:00	74.340	74.340	74.299	74.315	13	0	13
2025.10.05	21:15:00	74.313	74.316	74.291	74.315	15	0	61
2025.10.05	21:30:00	74.318	74.327	74.317	74.325	14	0	45
2025.10.05	21:45:00	74.326	74.341	74.325	74.341	15	0	40
2025.10.05	22:00:00	74.367	74.483	74.367	74.467	24	0	8
2025.10.05	22:15:00	74.467	74.467	74.436	74.439	22	0	8
2025.10.05	22:30:00	74.437	74.441	74.417	74.419	20	0	5
2025.10.05	22:45:00	74.423	74.435	74.419	74.431	21	0	5
2025.10.05	23:00:00	74.428	74.468	74.428	74.434	119	0	3
2025.10.05	23:15:00	74.431	74.449	74.409	74.434	165	0	3
2025.10.05	23:30:00	74.437	74.477	74.433	74.458	180	0	3
2025.10.05	23:45:00	74.454	74.464	74.437	74.447	163	0	3
2025.10.06	00:00:00	74.444	74.470	74.409	74.467	203	0	3
2025.10.06	00:15:00	74.464	74.466	74.427	74.445	88	0	3
2025.10.06	00:30:00	74.441	74.444	74.422	74.441	73	0	3
2025.10.06	00:45:00	74.438	74.438	74.404	74.404	69	0	3
2025.10.06	01:00:00	74.400	74.422	74.390	74.398	70	0	3
2025.10.06	01:15:00	74.396	74.428	74.388	74.419	64	0	3
2025.10.06	01:30:00	74.416	74.416	74.364	74.376	66	0	3
2025.10.06	01:45:00	74.373	74.376	74.345	74.348	68	0	3
2025.10.06	02:00:00	74.350	74.351	74.316	74.327	62	0	3
2025.10.06	02:15:00	74.324	74.328	74.317	74.323	37	0	3
2025.10.06	02:30:00	74.326	74.334	74.312	74.327	41	0	3
2025.10.06	02:45:00	74.330	74.333	74.307	74.321	31	0	3
2025.10.06	03:00:00	74.325	74.325	74.306	74.320	43	0	3
2025.10.06	03:15:00	74.317	74.320	74.307	74.307	30	0	3
2025.10.06	03:30:00	74.310	74.317	74.303	74.308	41	0	3
2025.10.06	03:45:00	74.306	74.339	74.302	74.336	46	0	3
2025.10.06	04:00:00	74.339	74.354	74.320	74.354	64	0	3
2025.10.06	04:15:00	74.351	74.370	74.339	74.350	61	0	3
2025.10.06	04:30:00	74.350	74.369	74.343	74.354	53	0	3
2025.10.06	04:45:00	74.357	74.366	74.348	74.366	49	0	3
2025.10.06	05:00:00	74.363	74.393	74.332	74.393	53	0	3
2025.10.06	05:15:00	74.396	74.403	74.368	74.380	55	0	3
2025.10.06	05:30:00	74.377	74.397	74.377	74.387	54	0	3
2025.10.06	05:45:00	74.390	74.394	74.378	74.385	49	0	3
2025.10.06	06:00:00	74.382	74.455	74.356	74.438	172	0	3
2025.10.06	06:15:00	74.435	74.441	74.393	74.394	144	0	3
2025.10.06	06:30:00	74.390	74.414	74.377	74.405	148	0	3
2025.10.06	06:45:00	74.402	74.444	74.388	74.396	172	0	3
2025.10.06	07:00:00	74.399	74.421	74.308	74.331	217	0	3
2025.10.06	07:15:00	74.335	74.361	74.305	74.305	158	0	3
2025.10.06	07:30:00	74.309	74.419	74.270	74.419	515	0	3
2025.10.06	07:45:00	74.416	74.422	74.367	74.383	400	0	3
2025.10.06	08:00:00	74.380	74.493	74.374	74.477	322	0	3
2025.10.06	08:15:00	74.474	74.523	74.471	74.479	170	0	3
2025.10.06	08:30:00	74.476	74.476	74.420	74.431	169	0	3
2025.10.06	08:45:00	74.427	74.433	74.405	74.426	140	0	3
2025.10.06	09:00:00	74.429	74.488	74.429	74.457	138	0	3
2025.10.06	09:15:00	74.454	74.489	74.454	74.459	103	0	3
2025.10.06	09:30:00	74.463	74.488	74.418	74.488	124	0	3
2025.10.06	09:45:00	74.484	74.491	74.410	74.418	113	0	3
2025.10.06	10:00:00	74.421	74.486	74.421	74.465	117	0	3
2025.10.06	10:15:00	74.462	74.485	74.446	74.447	89	0	3
2025.10.06	10:30:00	74.443	74.450	74.416	74.424	83	0	3
2025.10.06	10:45:00	74.428	74.503	74.428	74.503	205	0	3
2025.10.06	11:00:00	74.500	74.532	74.487	74.494	153	0	3
2025.10.06	11:15:00	74.493	74.499	74.456	74.473	88	0	3
2025.10.06	11:30:00	74.470	74.481	74.450	74.477	106	0	3
2025.10.06	11:45:00	74.480	74.498	74.459	74.486	125	0	3
2025.10.06	12:00:00	74.489	74.496	74.426	74.442	278	0	3
2025.10.06	12:15:00	74.439	74.460	74.417	74.433	162	0	3
2025.10.06	12:30:00	74.429	74.448	74.419	74.431	142	0	3
2025.10.06	12:45:00	74.427	74.430	74.401	74.417	125	0	3
2025.10.06	13:00:00	74.413	74.418	74.377	74.404	133	0	3
2025.10.06	13:15:00	74.401	74.411	74.387	74.399	108	0	3
2025.10.06	13:30:00	74.396	74.410	74.304	74.313	195	0	3
2025.10.06	13:45:00	74.310	74.319	74.266	74.286	225	0	3
2025.10.06	14:00:00	74.283	74.298	74.240	74.256	222	0	3
2025.10.06	14:15:00	74.253	74.264	74.212	74.219	123	0	3
2025.10.06	14:30:00	74.216	74.244	74.193	74.199	143	0	3
2025.10.06	14:45:00	74.201	74.206	74.159	74.183	167	0	3
2025.10.06	15:00:00	74.185	74.201	74.161	74.180	160	0	3
2025.10.06	15:15:00	74.184	74.218	74.177	74.218	115	0	3
2025.10.06	15:30:00	74.221	74.242	74.213	74.224	90	0	3
2025.10.06	15:45:00	74.227	74.245	74.208	74.211	99	0	3
2025.10.06	16:00:00	74.208	74.244	74.202	74.243	85	0	3
2025.10.06	16:15:00	74.240	74.252	74.228	74.250	53	0	3
2025.10.06	16:30:00	74.248	74.260	74.239	74.239	42	0	3
2025.10.06	16:45:00	74.235	74.239	74.209	74.209	50	0	3
2025.10.06	17:00:00	74.206	74.208	74.172	74.181	58	0	3
2025.10.06	17:15:00	74.185	74.190	74.173	74.177	50	0	3
2025.10.06	17:30:00	74.181	74.188	74.171	74.184	40	0	3
2025.10.06	17:45:00	74.187	74.199	74.161	74.161	63	0	3
2025.10.06	18:00:00	74.163	74.177	74.146	74.177	43	0	3
2025.10.06	18:15:00	74.174	74.179	74.150	74.155	35	0	3
2025.10.06	18:30:00	74.158	74.169	74.151	74.163	33	0	3
2025.10.06	18:45:00	74.162	74.183	74.153	74.168	43	0	3
2025.10.06	19:00:00	74.171	74.172	74.153	74.156	49	0	3
2025.10.06	19:15:00	74.159	74.167	74.154	74.156	34	0	3
2025.10.06	19:30:00	74.159	74.159	74.127	74.130	36	0	3
2025.10.06	19:45:00	74.133	74.179	74.129	74.172	46	0	3
2025.10.06	20:00:00	74.175	74.182	74.161	74.162	31	0	3
2025.10.06	20:15:00	74.162	74.167	74.145	74.158	31	0	3
2025.10.06	20:30:00	74.158	74.158	74.145	74.150	23	0	3
2025.10.06	20:45:00	74.153	74.156	74.150	74.151	30	0	3
2025.10.06	21:00:00	74.155	74.155	74.149	74.152	13	0	5
2025.10.06	21:15:00	74.150	74.157	74.149	74.157	14	0	13
2025.10.06	21:30:00	74.157	74.170	74.157	74.170	15	0	13
2025.10.06	21:45:00	74.169	74.176	74.159	74.172	15	0	5
2025.10.06	22:00:00	74.168	74.171	74.158	74.161	33	0	3
2025.10.06	22:15:00	74.158	74.170	74.148	74.152	32	0	3
2025.10.06	22:30:00	74.155	74.173	74.153	74.167	48	0	3
2025.10.06	22:45:00	74.170	74.174	74.166	74.173	23	0	3
2025.10.06	23:00:00	74.171	74.181	74.171	74.177	21	0	3
2025.10.06	23:15:00	74.174	74.178	74.171	74.173	20	0	3
2025.10.06	23:30:00	74.170	74.170	74.143	74.149	33	0	3
2025.10.06	23:45:00	74.152	74.162	74.145	74.160	45	0	3
2025.10.07	00:00:00	74.157	74.189	74.157	74.183	78	0	3
2025.10.07	00:15:00	74.180	74.180	74.157	74.166	47	0	3
2025.10.07	00:30:00	74.170	74.196	74.165	74.193	42	0	3
2025.10.07	00:45:00	74.193	74.194	74.167	74.171	48	0	3
2025.10.07	01:00:00	74.174	74.219	74.171	74.201	57	0	3
2025.10.07	01:15:00	74.198	74.199	74.176	74.187	44	0	3
2025.10.07	01:30:00	74.190	74.222	74.190	74.215	44	0	3
2025.10.07	01:45:00	74.212	74.218	74.205	74.215	49	0	3
2025.10.07	02:00:00	74.212	74.221	74.196	74.199	43	0	3
2025.10.07	02:15:00	74.199	74.207	74.194	74.194	32	0	3
2025.10.07	02:30:00	74.191	74.212	74.185	74.210	34	0	3
2025.10.07	02:45:00	74.207	74.209	74.191	74.204	30	0	3
2025.10.07	03:00:00	74.201	74.211	74.186	74.186	31	0	3
2025.10.07	03:15:00	74.183	74.194	74.177	74.194	32	0	3
2025.10.07	03:30:00	74.195	74.212	74.194	74.195	32	0	3
2025.10.07	03:45:00	74.195	74.210	74.195	74.204	26	0	3
2025.10.07	04:00:00	74.207	74.217	74.189	74.192	35	0	3
2025.10.07	04:15:00	74.192	74.196	74.181	74.192	30	0	3
2025.10.07	04:30:00	74.189	74.218	74.183	74.218	41	0	3
2025.10.07	04:45:00	74.221	74.249	74.218	74.239	51	0	3
2025.10.07	05:00:00	74.241	74.281	74.234	74.276	70	0	3
2025.10.07	05:15:00	74.273	74.301	74.270	74.301	46	0	3
2025.10.07	05:30:00	74.300	74.322	74.298	74.304	48	0	3
2025.10.07	05:45:00	74.307	74.313	74.290	74.294	61	0	3
2025.10.07	06:00:00	74.291	74.376	74.291	74.370	148	0	3
2025.10.07	06:15:00	74.367	74.375	74.347	74.347	109	0	3
2025.10.07	06:30:00	74.344	74.355	74.313	74.313	105	0	3
2025.10.07	06:45:00	74.316	74.348	74.313	74.332	71	0	3
2025.10.07	07:00:00	74.329	74.464	74.326	74.432	197	0	3
2025.10.07	07:15:00	74.435	74.448	74.393	74.419	136	0	3
2025.10.07	07:30:00	74.416	74.429	74.392	74.429	130	0	3
2025.10.07	07:45:00	74.426	74.445	74.412	74.423	117	0	3
2025.10.07	08:00:00	74.420	74.426	74.380	74.380	113	0	3
2025.10.07	08:15:00	74.377	74.433	74.374	74.433	81	0	3
2025.10.07	08:30:00	74.430	74.442	74.410	74.419	92	0	3
2025.10.07	08:45:00	74.422	74.435	74.397	74.419	102	0	3
2025.10.07	09:00:00	74.422	74.431	74.399	74.411	98	0	3
2025.10.07	09:15:00	74.414	74.441	74.414	74.432	81	0	3
2025.10.07	09:30:00	74.429	74.443	74.420	74.421	79	0	3
2025.10.07	09:45:00	74.424	74.427	74.382	74.382	62	0	3
2025.10.07	10:00:00	74.384	74.405	74.381	74.401	90	0	3
2025.10.07	10:15:00	74.398	74.403	74.389	74.400	57	0	3
2025.10.07	10:30:00	74.396	74.404	74.387	74.401	35	0	3
2025.10.07	10:45:00	74.404	74.492	74.398	74.482	177	0	3
2025.10.07	11:00:00	74.479	74.526	74.468	74.520	158	0	3
2025.10.07	11:15:00	74.517	74.601	74.515	74.598	97	0	3
2025.10.07	11:30:00	74.595	74.613	74.589	74.600	101	0	3
2025.10.07	11:45:00	74.597	74.670	74.596	74.619	189	0	3
2025.10.07	12:00:00	74.622	74.642	74.590	74.642	135	0	3
2025.10.07	12:15:00	74.644	74.660	74.596	74.596	156	0	3
2025.10.07	12:30:00	74.600	74.626	74.573	74.573	165	0	3
2025.10.07	12:45:00	74.576	74.603	74.543	74.546	129	0	3
2025.10.07	13:00:00	74.543	74.569	74.517	74.560	164	0	3
2025.10.07	13:15:00	74.557	74.561	74.484	74.501	148	0	3
2025.10.07	13:30:00	74.498	74.509	74.470	74.498	185	0	3
2025.10.07	13:45:00	74.494	74.538	74.490	74.524	164	0	3
2025.10.07	14:00:00	74.528	74.544	74.502	74.526	161	0	3
2025.10.07	14:15:00	74.522	74.522	74.479	74.502	119	0	3
2025.10.07	14:30:00	74.499	74.507	74.473	74.505	147	0	3
2025.10.07	14:45:00	74.502	74.506	74.437	74.451	149	0	3
2025.10.07	15:00:00	74.449	74.451	74.397	74.414	167	0	3
2025.10.07	15:15:00	74.411	74.412	74.364	74.379	126	0	3
2025.10.07	15:30:00	74.376	74.419	74.370	74.372	145	0	3
2025.10.07	15:45:00	74.369	74.404	74.323	74.404	190	0	3
2025.10.07	16:00:00	74.400	74.403	74.349	74.363	155	0	3
2025.10.07	16:15:00	74.360	74.391	74.357	74.380	117	0	3
2025.10.07	16:30:00	74.383	74.407	74.369	74.398	129	0	3
2025.10.07	16:45:00	74.395	74.406	74.378	74.390	79	0	3
2025.10.07	17:00:00	74.387	74.391	74.338	74.352	94	0	3
2025.10.07	17:15:00	74.355	74.387	74.354	74.366	67	0	3
2025.10.07	17:30:00	74.369	74.388	74.358	74.361	87	0	3
2025.10.07	17:45:00	74.364	74.401	74.361	74.398	62	0	3
2025.10.07	18:00:00	74.402	74.431	74.396	74.413	81	0	3
2025.10.07	18:15:00	74.415	74.432	74.408	74.410	68	0	3
2025.10.07	18:30:00	74.410	74.459	74.410	74.450	101	0	3
2025.10.07	18:45:00	74.447	74.462	74.435	74.459	61	0	3
2025.10.07	19:00:00	74.462	74.485	74.453	74.485	60	0	3
2025.10.07	19:15:00	74.488	74.505	74.488	74.500	43	0	3
2025.10.07	19:30:00	74.503	74.537	74.493	74.528	63	0	3
2025.10.07	19:45:00	74.525	74.531	74.506	74.507	64	0	3
2025.10.07	20:00:00	74.510	74.521	74.494	74.510	48	0	3
2025.10.07	20:15:00	74.507	74.520	74.496	74.496	39	0	3
2025.10.07	20:30:00	74.493	74.503	74.483	74.483	20	0	3
2025.10.07	20:45:00	74.480	74.494	74.480	74.485	53	0	3
2025.10.07	21:00:00	74.488	74.489	74.461	74.463	13	0	8
2025.10.07	21:15:00	74.463	74.478	74.462	74.466	14	0	21
2025.10.07	21:30:00	74.468	74.475	74.467	74.467	15	0	15
2025.10.07	21:45:00	74.467	74.467	74.457	74.457	15	0	6
2025.10.07	22:00:00	74.474	74.479	74.462	74.475	30	0	3
2025.10.07	22:15:00	74.471	74.483	74.471	74.474	19	0	3
2025.10.07	22:30:00	74.477	74.481	74.473	74.475	20	0	3
2025.10.07	22:45:00	74.475	74.485	74.474	74.485	17	0	3
2025.10.07	23:00:00	74.482	74.499	74.481	74.491	28	0	3
2025.10.07	23:15:00	74.494	74.506	74.490	74.490	40	0	3
2025.10.07	23:30:00	74.492	74.498	74.484	74.490	25	0	3
2025.10.07	23:45:00	74.487	74.517	74.479	74.513	46	0	3
2025.10.08	00:00:00	74.510	74.554	74.508	74.545	97	0	3
2025.10.08	00:15:00	74.547	74.559	74.540	74.547	42	0	3
2025.10.08	00:30:00	74.550	74.558	74.535	74.541	55	0	3
2025.10.08	00:45:00	74.538	74.543	74.515	74.540	55	0	3
2025.10.08	01:00:00	74.543	74.586	74.543	74.554	325	0	3
2025.10.08	01:15:00	74.551	74.611	74.546	74.598	116	0	3
2025.10.08	01:30:00	74.601	74.625	74.587	74.619	99	0	3
2025.10.08	01:45:00	74.622	74.643	74.618	74.641	63	0	3
2025.10.08	02:00:00	74.637	74.670	74.637	74.653	95	0	3
2025.10.08	02:15:00	74.650	74.664	74.613	74.618	72	0	3
2025.10.08	02:30:00	74.615	74.636	74.612	74.622	50	0	3
2025.10.08	02:45:00	74.619	74.648	74.611	74.641	55	0	3
2025.10.08	03:00:00	74.645	74.673	74.640	74.670	39	0	3
2025.10.08	03:15:00	74.670	74.678	74.657	74.666	42	0	3
2025.10.08	03:30:00	74.663	74.668	74.658	74.661	36	0	3
2025.10.08	03:45:00	74.657	74.657	74.627	74.630	47	0	3
2025.10.08	04:00:00	74.627	74.663	74.621	74.659	54	0	3
2025.10.08	04:15:00	74.662	74.670	74.657	74.666	29	0	3
2025.10.08	04:30:00	74.669	74.678	74.665	74.677	43	0	3
2025.10.08	04:45:00	74.675	74.675	74.660	74.662	21	0	3
2025.10.08	05:00:00	74.665	74.694	74.665	74.691	32	0	3
2025.10.08	05:15:00	74.691	74.693	74.679	74.689	29	0	3
2025.10.08	05:30:00	74.692	74.710	74.675	74.710	39	0	3
2025.10.08	05:45:00	74.706	74.709	74.673	74.673	66	0	3
2025.10.08	06:00:00	74.670	74.715	74.659	74.710	130	0	3
2025.10.08	06:15:00	74.708	74.713	74.643	74.678	152	0	3
2025.10.08	06:30:00	74.681	74.707	74.647	74.680	167	0	3
2025.10.08	06:45:00	74.683	74.689	74.639	74.644	122	0	3
2025.10.08	07:00:00	74.641	74.657	74.608	74.625	204	0	3
2025.10.08	07:15:00	74.628	74.649	74.585	74.598	133	0	3
2025.10.08	07:30:00	74.601	74.608	74.542	74.564	186	0	3
2025.10.08	07:45:00	74.567	74.567	74.528	74.529	142	0	3
2025.10.08	08:00:00	74.532	74.533	74.484	74.496	117	0	3
2025.10.08	08:15:00	74.499	74.539	74.483	74.521	116	0	3
2025.10.08	08:30:00	74.518	74.541	74.499	74.534	90	0	3
2025.10.08	08:45:00	74.538	74.594	74.527	74.579	128	0	3
2025.10.08	09:00:00	74.576	74.597	74.555	74.558	143	0	3
2025.10.08	09:15:00	74.561	74.575	74.555	74.555	82	0	3
2025.10.08	09:30:00	74.552	74.600	74.549	74.600	116	0	3
2025.10.08	09:45:00	74.597	74.622	74.579	74.608	137	0	3
2025.10.08	10:00:00	74.611	74.617	74.554	74.556	89	0	3
2025.10.08	10:15:00	74.560	74.566	74.511	74.511	91	0	3
2025.10.08	10:30:00	74.508	74.515	74.478	74.483	76	0	3
2025.10.08	10:45:00	74.485	74.562	74.473	74.556	152	0	3
2025.10.08	11:00:00	74.553	74.586	74.534	74.556	216	0	3
2025.10.08	11:15:00	74.559	74.610	74.554	74.602	128	0	3
2025.10.08	11:30:00	74.602	74.618	74.590	74.602	72	0	3
2025.10.08	11:45:00	74.604	74.608	74.569	74.586	77	0	3
2025.10.08	12:00:00	74.583	74.584	74.530	74.538	143	0	3
2025.10.08	12:15:00	74.535	74.562	74.532	74.552	111	0	3
2025.10.08	12:30:00	74.549	74.574	74.531	74.545	117	0	3
2025.10.08	12:45:00	74.542	74.557	74.506	74.518	103	0	3
2025.10.08	13:00:00	74.515	74.529	74.489	74.496	103	0	3
2025.10.08	13:15:00	74.493	74.510	74.457	74.510	141	0	3
2025.10.08	13:30:00	74.507	74.517	74.460	74.469	145	0	3
2025.10.08	13:45:00	74.473	74.510	74.469	74.490	141	0	3
2025.10.08	14:00:00	74.493	74.505	74.427	74.440	196	0	3
2025.10.08	14:15:00	74.443	74.450	74.421	74.421	123	0	3
2025.10.08	14:30:00	74.424	74.434	74.412	74.427	111	0	3
2025.10.08	14:45:00	74.424	74.518	74.416	74.507	154	0	3
2025.10.08	15:00:00	74.511	74.567	74.499	74.561	130	0	3
2025.10.08	15:15:00	74.564	74.600	74.557	74.577	120	0	3
2025.10.08	15:30:00	74.574	74.618	74.571	74.608	111	0	3
2025.10.08	15:45:00	74.611	74.698	74.605	74.690	138	0	3
2025.10.08	16:00:00	74.686	74.735	74.679	74.734	110	0	3
2025.10.08	16:15:00	74.732	74.749	74.730	74.742	77	0	3
2025.10.08	16:30:00	74.739	74.779	74.718	74.725	96	0	3
2025.10.08	16:45:00	74.729	74.739	74.692	74.695	73	0	3
2025.10.08	17:00:00	74.698	74.735	74.696	74.718	85	0	3
2025.10.08	17:15:00	74.722	74.723	74.709	74.719	54	0	3
2025.10.08	17:30:00	74.721	74.737	74.711	74.723	51	0	3
2025.10.08	17:45:00	74.720	74.741	74.710	74.734	40	0	3
2025.10.08	18:00:00	74.731	74.787	74.728	74.768	145	0	3
2025.10.08	18:15:00	74.772	74.774	74.710	74.718	267	0	3
2025.10.08	18:30:00	74.714	74.729	74.684	74.707	85	0	3
2025.10.08	18:45:00	74.706	74.706	74.685	74.685	69	0	3
2025.10.08	19:00:00	74.681	74.681	74.650	74.667	83	0	3
2025.10.08	19:15:00	74.670	74.673	74.653	74.655	39	0	3
2025.10.08	19:30:00	74.658	74.662	74.645	74.653	48	0	3
2025.10.08	19:45:00	74.654	74.654	74.623	74.629	35	0	3
2025.10.08	20:00:00	74.625	74.628	74.606	74.617	37	0	3
2025.10.08	20:15:00	74.613	74.637	74.606	74.633	26	0	3
2025.10.08	20:30:00	74.634	74.646	74.608	74.611	37	0	3
2025.10.08	20:45:00	74.607	74.608	74.591	74.604	63	0	3
2025.10.08	21:00:00	74.601	74.603	74.593	74.594	14	0	7
2025.10.08	21:15:00	74.598	74.599	74.595	74.599	15	0	18
2025.10.08	21:30:00	74.597	74.606	74.596	74.606	15	0	12
2025.10.08	21:45:00	74.606	74.607	74.600	74.603	14	0	5
2025.10.08	22:00:00	74.597	74.610	74.597	74.602	34	0	3
2025.10.08	22:15:00	74.601	74.612	74.598	74.609	30	0	3
2025.10.08	22:30:00	74.609	74.614	74.604	74.611	27	0	3
2025.10.08	22:45:00	74.610	74.610	74.582	74.591	26	0	3
2025.10.08	23:00:00	74.588	74.608	74.588	74.599	28	0	3
2025.10.08	23:15:00	74.602	74.625	74.598	74.621	29	0	3
2025.10.08	23:30:00	74.617	74.619	74.607	74.616	25	0	3
2025.10.08	23:45:00	74.616	74.629	74.615	74.623	51	0	3
2025.10.09	00:00:00	74.626	74.630	74.593	74.598	72	0	3
2025.10.09	00:15:00	74.601	74.606	74.574	74.582	60	0	3
2025.10.09	00:30:00	74.579	74.582	74.554	74.554	40	0	3
2025.10.09	00:45:00	74.554	74.573	74.553	74.570	55	0	3
2025.10.09	01:00:00	74.573	74.573	74.519	74.535	136	0	3
2025.10.09	01:15:00	74.539	74.544	74.522	74.531	103	0	3
2025.10.09	01:30:00	74.528	74.571	74.528	74.565	73	0	3
2025.10.09	01:45:00	74.562	74.580	74.561	74.570	54	0	3
2025.10.09	02:00:00	74.573	74.588	74.565	74.565	52	0	3
2025.10.09	02:15:00	74.566	74.577	74.559	74.559	38	0	3
2025.10.09	02:30:00	74.559	74.560	74.532	74.532	31	0	3
2025.10.09	02:45:00	74.529	74.540	74.521	74.536	30	0	3
2025.10.09	03:00:00	74.533	74.571	74.524	74.568	44	0	3
2025.10.09	03:15:00	74.571	74.577	74.552	74.555	50	0	3
2025.10.09	03:30:00	74.558	74.559	74.537	74.537	32	0	3
2025.10.09	03:45:00	74.538	74.547	74.532	74.541	27	0	3
2025.10.09	04:00:00	74.544	74.553	74.538	74.547	30	0	3
2025.10.09	04:15:00	74.548	74.558	74.539	74.558	30	0	3
2025.10.09	04:30:00	74.561	74.577	74.561	74.570	33	0	3
2025.10.09	04:45:00	74.568	74.568	74.548	74.553	26	0	3
2025.10.09	05:00:00	74.555	74.555	74.532	74.534	29	0	3
2025.10.09	05:15:00	74.537	74.565	74.534	74.560	38	0	3
2025.10.09	05:30:00	74.557	74.577	74.548	74.567	46	0	3
2025.10.09	05:45:00	74.570	74.596	74.567	74.596	47	0	3
2025.10.09	06:00:00	74.593	74.685	74.587	74.667	126	0	3
2025.10.09	06:15:00	74.664	74.773	74.654	74.769	172	0	3
2025.10.09	06:30:00	74.772	74.812	74.755	74.806	251	0	3
2025.10.09	06:45:00	74.809	74.862	74.795	74.825	212	0	3
2025.10.09	07:00:00	74.822	74.843	74.778	74.806	265	0	3
2025.10.09	07:15:00	74.803	74.882	74.801	74.866	172	0	3
2025.10.09	07:30:00	74.870	74.907	74.832	74.878	190	0	3
2025.10.09	07:45:00	74.881	74.898	74.864	74.893	146	0	3
2025.10.09	08:00:00	74.889	74.919	74.879	74.892	127	0	3
2025.10.09	08:15:00	74.895	74.898	74.856	74.890	110	0	3
2025.10.09	08:30:00	74.894	74.944	74.829	74.838	166	0	3
2025.10.09	08:45:00	74.841	74.877	74.827	74.839	141	0	3
2025.10.09	09:00:00	74.842	74.855	74.772	74.805	330	0	3
2025.10.09	09:15:00	74.808	74.822	74.748	74.748	155	0	3
2025.10.09	09:30:00	74.751	74.771	74.696	74.720	163	0	3
2025.10.09	09:45:00	74.723	74.746	74.687	74.697	104	0	3
2025.10.09	10:00:00	74.693	74.703	74.681	74.698	94	0	3
2025.10.09	10:15:00	74.701	74.737	74.701	74.715	99	0	3
2025.10.09	10:30:00	74.712	74.759	74.712	74.749	70	0	3
2025.10.09	10:45:00	74.752	74.798	74.723	74.794	229	0	3
2025.10.09	11:00:00	74.797	74.856	74.783	74.813	231	0	3
2025.10.09	11:15:00	74.816	74.816	74.773	74.773	79	0	3
2025.10.09	11:30:00	74.770	74.777	74.739	74.749	85	0	3
2025.10.09	11:45:00	74.746	74.781	74.728	74.766	89	0	3
2025.10.09	12:00:00	74.763	74.796	74.748	74.796	142	0	3
2025.10.09	12:15:00	74.793	74.801	74.742	74.768	110	0	3
2025.10.09	12:30:00	74.764	74.771	74.690	74.718	207	0	3
2025.10.09	12:45:00	74.721	74.737	74.708	74.711	175	0	3
2025.10.09	13:00:00	74.708	74.737	74.650	74.698	585	0	3
2025.10.09	13:15:00	74.695	74.799	74.682	74.768	212	0	3
2025.10.09	13:30:00	74.765	74.871	74.762	74.859	305	0	3
2025.10.09	13:45:00	74.862	74.871	74.793	74.799	292	0	3
2025.10.09	14:00:00	74.802	74.912	74.802	74.893	333	0	3
2025.10.09	14:15:00	74.896	74.979	74.878	74.972	292	0	3
2025.10.09	14:30:00	74.975	75.018	74.972	75.007	276	0	3
2025.10.09	14:45:00	75.011	75.037	74.983	75.006	300	0	3
2025.10.09	15:00:00	75.003	75.118	74.994	75.085	236	0	3
2025.10.09	15:15:00	75.088	75.192	75.017	75.192	339	0	3
2025.10.09	15:30:00	75.189	75.236	75.177	75.204	293	0	3
2025.10.09	15:45:00	75.208	75.208	75.115	75.135	201	0	3
2025.10.09	16:00:00	75.132	75.195	75.104	75.192	125	0	3
2025.10.09	16:15:00	75.195	75.220	75.186	75.191	133	0	3
2025.10.09	16:30:00	75.191	75.231	75.186	75.202	145	0	3
2025.10.09	16:45:00	75.206	75.236	75.184	75.219	188	0	3
2025.10.09	17:00:00	75.216	75.250	75.187	75.200	198	0	3
2025.10.09	17:15:00	75.197	75.225	75.181	75.189	142	0	3
2025.10.09	17:30:00	75.186	75.209	75.167	75.197	123	0	3
2025.10.09	17:45:00	75.194	75.231	75.187	75.196	110	0	3
2025.10.09	18:00:00	75.200	75.222	75.195	75.215	82	0	3
2025.10.09	18:15:00	75.212	75.231	75.196	75.225	60	0	3
2025.10.09	18:30:00	75.228	75.254	75.220	75.247	57	0	3
2025.10.09	18:45:00	75.250	75.302	75.250	75.292	97	0	3
2025.10.09	19:00:00	75.289	75.292	75.268	75.273	57	0	3
2025.10.09	19:15:00	75.269	75.280	75.238	75.244	57	0	3
2025.10.09	19:30:00	75.247	75.249	75.197	75.220	82	0	3
2025.10.09	19:45:00	75.223	75.226	75.198	75.207	69	0	3
2025.10.09	20:00:00	75.210	75.210	75.169	75.172	59	0	3
2025.10.09	20:15:00	75.174	75.196	75.166	75.180	41	0	3
2025.10.09	20:30:00	75.183	75.186	75.153	75.167	43	0	3
2025.10.09	20:45:00	75.166	75.173	75.155	75.165	86	0	3
2025.10.09	21:00:00	75.162	75.164	75.162	75.163	12	0	8
2025.10.09	21:15:00	75.164	75.164	75.152	75.152	13	0	21
2025.10.09	21:30:00	75.149	75.157	75.146	75.157	15	0	16
2025.10.09	21:45:00	75.156	75.159	75.145	75.145	14	0	14
2025.10.12	21:00:00	74.918	74.918	74.892	74.897	11	0	8
2025.10.12	21:15:00	74.899	74.952	74.899	74.950	15	0	63
2025.10.12	21:30:00	74.951	74.962	74.881	74.881	14	0	31
2025.10.12	21:45:00	74.887	74.939	74.887	74.939	15	0	22
2025.10.12	22:00:00	74.931	74.954	74.880	74.946	71	0	5
2025.10.12	22:15:00	74.951	74.976	74.948	74.957	72	0	3
2025.10.12	22:30:00	74.962	74.972	74.941	74.946	72	0	3
2025.10.12	22:45:00	74.951	74.962	74.943	74.950	37	0	3
2025.10.12	23:00:00	74.947	74.958	74.918	74.958	114	0	3
2025.10.12	23:15:00	74.955	74.978	74.933	74.937	65	0	3
2025.10.12	23:30:00	74.940	74.983	74.930	74.973	68	0	3
2025.10.12	23:45:00	74.976	74.988	74.953	74.985	87	0	3
2025.10.13	00:00:00	74.988	74.988	74.934	74.948	167	0	3
2025.10.13	00:15:00	74.952	74.973	74.944	74.970	83	0	3
2025.10.13	00:30:00	74.967	74.981	74.912	74.919	110	0	3
2025.10.13	00:45:00	74.916	74.927	74.901	74.901	97	0	3
2025.10.13	01:00:00	74.898	74.924	74.877	74.918	144	0	3
2025.10.13	01:15:00	74.915	74.930	74.899	74.928	91	0	3
2025.10.13	01:30:00	74.925	74.933	74.862	74.873	95	0	3
2025.10.13	01:45:00	74.870	74.895	74.866	74.878	88	0	3
2025.10.13	02:00:00	74.882	74.885	74.833	74.833	98	0	3
2025.10.13	02:15:00	74.836	74.888	74.833	74.888	63	0	3
2025.10.13	02:30:00	74.892	74.892	74.875	74.888	51	0	3
2025.10.13	02:45:00	74.891	74.903	74.884	74.893	57	0	3
2025.10.13	03:00:00	74.896	74.896	74.878	74.888	47	0	3
2025.10.13	03:15:00	74.892	74.910	74.887	74.909	40	0	3
2025.10.13	03:30:00	74.913	74.914	74.886	74.889	51	0	3
2025.10.13	03:45:00	74.888	74.904	74.880	74.886	48	0	3
2025.10.13	04:00:00	74.889	74.891	74.870	74.870	36	0	3
2025.10.13	04:15:00	74.867	74.867	74.849	74.855	33	0	3
2025.10.13	04:30:00	74.852	74.876	74.851	74.872	37	0	3
2025.10.13	04:45:00	74.872	74.881	74.871	74.871	30	0	3
2025.10.13	05:00:00	74.867	74.893	74.861	74.869	58	0	3
2025.10.13	05:15:00	74.865	74.876	74.842	74.875	64	0	3
2025.10.13	05:30:00	74.878	74.882	74.865	74.879	54	0	3
2025.10.13	05:45:00	74.881	74.921	74.875	74.914	78	0	3
2025.10.13	06:00:00	74.917	74.926	74.880	74.882	89	0	3
2025.10.13	06:15:00	74.879	74.882	74.813	74.823	121	0	3
2025.10.13	06:30:00	74.827	74.852	74.821	74.826	117	0	3
2025.10.13	06:45:00	74.829	74.915	74.826	74.914	164	0	3
2025.10.13	07:00:00	74.911	75.018	74.904	75.006	304	0	3
2025.10.13	07:15:00	75.009	75.017	74.940	74.957	201	0	3
2025.10.13	07:30:00	74.953	74.999	74.947	74.969	194	0	3
2025.10.13	07:45:00	74.973	75.002	74.954	74.989	134	0	3
2025.10.13	08:00:00	74.993	75.007	74.967	75.001	161	0	3
2025.10.13	08:15:00	75.004	75.075	74.999	75.070	137	0	3
2025.10.13	08:30:00	75.072	75.102	75.061	75.084	143	0	3
2025.10.13	08:45:00	75.080	75.084	75.033	75.039	126	0	3
2025.10.13	09:00:00	75.036	75.049	74.980	74.989	125	0	3
2025.10.13	09:15:00	74.992	75.002	74.982	74.997	73	0	3
2025.10.13	09:30:00	74.994	75.009	74.966	74.966	63	0	3
2025.10.13	09:45:00	74.963	74.984	74.944	74.978	99	0	3
2025.10.13	10:00:00	74.974	74.997	74.969	74.996	79	0	3
2025.10.13	10:15:00	74.992	75.026	74.977	74.986	78	0	3
2025.10.13	10:30:00	74.989	74.990	74.945	74.973	96	0	3
2025.10.13	10:45:00	74.976	74.998	74.968	74.978	102	0	3
2025.10.13	11:00:00	74.982	74.982	74.892	74.919	313	0	3
2025.10.13	11:15:00	74.916	74.962	74.895	74.948	124	0	3
2025.10.13	11:30:00	74.952	74.999	74.942	74.987	134	0	3
2025.10.13	11:45:00	74.984	75.032	74.968	75.014	214	0	3
2025.10.13	12:00:00	75.010	75.020	74.965	74.981	154	0	3
2025.10.13	12:15:00	74.978	74.998	74.962	74.998	126	0	3
2025.10.13	12:30:00	75.001	75.033	74.990	74.999	125	0	3
2025.10.13	12:45:00	74.996	75.047	74.989	74.996	136	0	3
2025.10.13	13:00:00	75.000	75.026	74.972	74.977	182	0	3
2025.10.13	13:15:00	74.973	74.995	74.970	74.990	137	0	3
2025.10.13	13:30:00	74.993	75.042	74.989	75.022	185	0	3
2025.10.13	13:45:00	75.025	75.025	74.988	75.000	192	0	3
2025.10.13	14:00:00	75.003	75.061	75.001	75.053	190	0	3
2025.10.13	14:15:00	75.050	75.072	75.027	75.068	172	0	3
2025.10.13	14:30:00	75.065	75.071	75.039	75.043	160	0	3
2025.10.13	14:45:00	75.040	75.076	75.029	75.036	168	0	3
2025.10.13	15:00:00	75.033	75.051	75.010	75.012	126	0	3
2025.10.13	15:15:00	75.009	75.028	74.994	75.023	84	0	3
2025.10.13	15:30:00	75.025	75.029	74.987	74.993	98	0	3
2025.10.13	15:45:00	74.996	75.026	74.988	75.026	69	0	3
2025.10.13	16:00:00	75.023	75.023	74.979	74.993	72	0	3
2025.10.13	16:15:00	74.989	75.031	74.986	75.005	110	0	3
2025.10.13	16:30:00	75.008	75.040	75.002	75.013	60	0	3
2025.10.13	16:45:00	75.016	75.027	74.995	75.015	65	0	3
2025.10.13	17:00:00	75.012	75.038	75.012	75.022	50	0	3
2025.10.13	17:15:00	75.025	75.028	74.993	75.000	63	0	3
2025.10.13	17:30:00	74.997	75.022	74.997	75.020	39	0	3
2025.10.13	17:45:00	75.019	75.022	74.998	75.004	52	0	3
2025.10.13	18:00:00	75.006	75.006	74.980	74.983	39	0	3
2025.10.13	18:15:00	74.980	74.980	74.965	74.972	35	0	3
2025.10.13	18:30:00	74.973	74.982	74.959	74.971	52	0	3
2025.10.13	18:45:00	74.968	75.010	74.968	74.995	53	0	3
2025.10.13	19:00:00	74.992	74.995	74.976	74.984	60	0	3
2025.10.13	19:15:00	74.983	74.983	74.966	74.981	28	0	3
2025.10.13	19:30:00	74.982	75.002	74.979	74.994	25	0	3
2025.10.13	19:45:00	74.997	75.015	74.988	75.013	38	0	3
2025.10.13	20:00:00	75.012	75.017	74.998	74.998	26	0	3
2025.10.13	20:15:00	74.999	75.010	74.994	75.007	27	0	3
2025.10.13	20:30:00	75.009	75.014	75.005	75.010	18	0	3
2025.10.13	20:45:00	75.007	75.018	74.989	74.991	53	0	3
2025.10.13	21:00:00	74.995	74.996	74.955	74.955	14	0	8
2025.10.13	21:15:00	74.952	74.977	74.951	74.977	13	0	31
2025.10.13	21:30:00	74.973	74.978	74.970	74.977	14	0	16
2025.10.13	21:45:00	74.975	74.981	74.974	74.979	15	0	8
2025.10.13	22:00:00	75.000	75.014	74.979	74.981	36	0	3
2025.10.13	22:15:00	74.983	74.988	74.976	74.982	21	0	3
2025.10.13	22:30:00	74.985	75.002	74.985	75.002	23	0	3
2025.10.13	22:45:00	75.003	75.012	74.996	75.012	25	0	3
2025.10.13	23:00:00	75.009	75.036	75.006	75.028	34	0	3
2025.10.13	23:15:00	75.028	75.028	75.011	75.023	22	0	3
2025.10.13	23:30:00	75.020	75.023	75.001	75.014	30	0	3
2025.10.13	23:45:00	75.017	75.017	74.988	75.005	63	0	3
2025.10.14	00:00:00	75.008	75.040	74.995	75.014	131	0	3
2025.10.14	00:15:00	75.011	75.020	74.994	75.013	60	0	3
2025.10.14	00:30:00	75.016	75.020	74.988	74.999	83	0	3
2025.10.14	00:45:00	75.002	75.002	74.971	74.981	63	0	3
2025.10.14	01:00:00	74.984	74.987	74.937	74.940	121	0	3
2025.10.14	01:15:00	74.943	74.958	74.920	74.934	82	0	3
2025.10.14	01:30:00	74.931	74.950	74.923	74.939	70	0	3
2025.10.14	01:45:00	74.938	74.950	74.932	74.943	45	0	3
2025.10.14	02:00:00	74.939	74.948	74.935	74.944	40	0	3
2025.10.14	02:15:00	74.944	74.962	74.936	74.959	42	0	3
2025.10.14	02:30:00	74.957	74.963	74.937	74.950	42	0	3
2025.10.14	02:45:00	74.952	74.959	74.929	74.938	42	0	3
2025.10.14	03:00:00	74.942	74.960	74.931	74.949	50	0	3
2025.10.14	03:15:00	74.946	74.950	74.931	74.935	50	0	3
2025.10.14	03:30:00	74.934	74.944	74.922	74.922	54	0	3
2025.10.14	03:45:00	74.925	74.932	74.906	74.932	48	0	3
2025.10.14	04:00:00	74.928	74.940	74.913	74.922	91	0	3
2025.10.14	04:15:00	74.918	74.926	74.899	74.904	112	0	3
2025.10.14	04:30:00	74.908	74.923	74.905	74.921	57	0	3
2025.10.14	04:45:00	74.921	74.921	74.891	74.892	44	0	3
2025.10.14	05:00:00	74.895	74.935	74.895	74.922	66	0	3
2025.10.14	05:15:00	74.925	74.940	74.919	74.929	60	0	3
2025.10.14	05:30:00	74.932	74.940	74.901	74.920	104	0	3
2025.10.14	05:45:00	74.923	74.959	74.921	74.959	130	0	3
2025.10.14	06:00:00	74.955	75.164	74.955	75.145	444	0	3
2025.10.14	06:15:00	75.142	75.229	75.132	75.209	310	0	3
2025.10.14	06:30:00	75.213	75.322	75.202	75.297	284	0	3
2025.10.14	06:45:00	75.301	75.328	75.280	75.300	205	0	3
2025.10.14	07:00:00	75.297	75.358	75.281	75.326	314	0	3
2025.10.14	07:15:00	75.329	75.424	75.316	75.417	249	0	3
2025.10.14	07:30:00	75.420	75.445	75.394	75.439	343	0	3
2025.10.14	07:45:00	75.442	75.454	75.405	75.431	209	0	3
2025.10.14	08:00:00	75.434	75.450	75.359	75.359	187	0	3
2025.10.14	08:15:00	75.356	75.382	75.350	75.351	137	0	3
2025.10.14	08:30:00	75.354	75.372	75.315	75.331	140	0	3
2025.10.14	08:45:00	75.334	75.337	75.278	75.279	184	0	3
2025.10.14	09:00:00	75.282	75.325	75.282	75.318	151	0	3
2025.10.14	09:15:00	75.314	75.328	75.276	75.286	120	0	3
2025.10.14	09:30:00	75.289	75.325	75.281	75.317	122	0	3
2025.10.14	09:45:00	75.320	75.389	75.320	75.369	170	0	3
2025.10.14	10:00:00	75.373	75.386	75.348	75.361	129	0	3
2025.10.14	10:15:00	75.364	75.418	75.364	75.404	145	0	3
2025.10.14	10:30:00	75.401	75.419	75.386	75.395	166	0	3
2025.10.14	10:45:00	75.398	75.422	75.372	75.389	162	0	3
2025.10.14	11:00:00	75.386	75.405	75.348	75.378	157	0	3
2025.10.14	11:15:00	75.381	75.381	75.322	75.349	138	0	3
2025.10.14	11:30:00	75.352	75.392	75.332	75.382	126	0	3
2025.10.14	11:45:00	75.385	75.390	75.356	75.363	130	0	3
2025.10.14	12:00:00	75.360	75.438	75.360	75.379	217	0	3
2025.10.14	12:15:00	75.375	75.382	75.340	75.368	207	0	3
2025.10.14	12:30:00	75.371	75.464	75.368	75.455	221	0	3
2025.10.14	12:45:00	75.452	75.480	75.396	75.405	155	0	3
2025.10.14	13:00:00	75.408	75.408	75.278	75.284	217	0	3
2025.10.14	13:15:00	75.288	75.318	75.231	75.254	316	0	3
2025.10.14	13:30:00	75.257	75.288	75.210	75.272	380	0	3
2025.10.14	13:45:00	75.275	75.292	75.255	75.289	281	0	3
2025.10.14	14:00:00	75.286	75.302	75.229	75.237	280	0	3
2025.10.14	14:15:00	75.240	75.271	75.202	75.232	217	0	3
2025.10.14	14:30:00	75.229	75.246	75.168	75.204	221	0	3
2025.10.14	14:45:00	75.207	75.238	75.184	75.203	283	0	3
2025.10.14	15:00:00	75.200	75.252	75.199	75.218	161	0	3
2025.10.14	15:15:00	75.221	75.246	75.196	75.233	164	0	3
2025.10.14	15:30:00	75.230	75.230	75.173	75.205	250	0	3
2025.10.14	15:45:00	75.201	75.201	75.079	75.085	254	0	3
2025.10.14	16:00:00	75.082	75.148	75.063	75.132	182	0	3
2025.10.14	16:15:00	75.129	75.133	75.054	75.092	344	0	3
2025.10.14	16:30:00	75.095	75.143	75.051	75.055	183	0	3
2025.10.14	16:45:00	75.058	75.096	75.020	75.086	180	0	3
2025.10.14	17:00:00	75.089	75.118	75.048	75.092	186	0	3
2025.10.14	17:15:00	75.092	75.113	75.058	75.064	106	0	3
2025.10.14	17:30:00	75.061	75.078	75.055	75.064	77	0	3
2025.10.14	17:45:00	75.067	75.067	75.019	75.031	93	0	3
2025.10.14	18:00:00	75.034	75.058	75.022	75.040	104	0	3
2025.10.14	18:15:00	75.043	75.073	75.030	75.043	83	0	3
2025.10.14	18:30:00	75.040	75.040	75.008	75.021	81	0	3
2025.10.14	18:45:00	75.017	75.033	75.007	75.031	78	0	3
2025.10.14	19:00:00	75.028	75.031	75.004	75.028	69	0	3
2025.10.14	19:15:00	75.031	75.038	75.010	75.035	52	0	3
2025.10.14	19:30:00	75.032	75.059	75.008	75.036	235	0	3
2025.10.14	19:45:00	75.032	75.058	75.032	75.042	107	0	3
2025.10.14	20:00:00	75.046	75.069	75.033	75.069	70	0	3
2025.10.14	20:15:00	75.073	75.105	75.069	75.103	41	0	3
2025.10.14	20:30:00	75.103	75.104	75.079	75.087	25	0	3
2025.10.14	20:45:00	75.087	75.087	75.070	75.070	37	0	3
2025.10.14	21:00:00	75.068	75.074	75.068	75.072	13	0	4
2025.10.14	21:15:00	75.071	75.072	75.067	75.070	15	0	6
2025.10.14	21:30:00	75.070	75.076	75.070	75.075	14	0	6
2025.10.14	21:45:00	75.075	75.078	75.075	75.078	14	0	4
2025.10.14	22:00:00	75.073	75.082	75.063	75.064	40	0	3
2025.10.14	22:15:00	75.058	75.072	75.058	75.066	25	0	3
2025.10.14	22:30:00	75.064	75.073	75.058	75.073	33	0	3
2025.10.14	22:45:00	75.074	75.079	75.068	75.077	26	0	3
2025.10.14	23:00:00	75.078	75.091	75.072	75.075	24	0	3
2025.10.14	23:15:00	75.074	75.077	75.057	75.058	27	0	3
2025.10.14	23:30:00	75.055	75.063	75.048	75.048	27	0	3
2025.10.14	23:45:00	75.051	75.070	75.051	75.062	27	0	3
2025.10.15	00:00:00	75.064	75.073	75.034	75.048	78	0	3
2025.10.15	00:15:00	75.052	75.058	75.032	75.038	63	0	3
2025.10.15	00:30:00	75.034	75.048	75.028	75.030	51	0	3
2025.10.15	00:45:00	75.031	75.034	75.014	75.027	55	0	3
2025.10.15	01:00:00	75.023	75.042	75.013	75.017	70	0	3
2025.10.15	01:15:00	75.014	75.014	74.965	74.973	123	0	3
2025.10.15	01:30:00	74.976	74.990	74.963	74.983	68	0	3
2025.10.15	01:45:00	74.980	74.981	74.959	74.961	42	0	3
2025.10.15	02:00:00	74.958	74.961	74.913	74.916	79	0	3
2025.10.15	02:15:00	74.920	74.923	74.907	74.911	53	0	3
2025.10.15	02:30:00	74.915	74.927	74.900	74.912	48	0	3
2025.10.15	02:45:00	74.909	74.918	74.899	74.908	51	0	3
2025.10.15	03:00:00	74.911	74.916	74.891	74.905	54	0	3
2025.10.15	03:15:00	74.908	74.913	74.896	74.899	43	0	3
2025.10.15	03:30:00	74.897	74.905	74.883	74.896	45	0	3
2025.10.15	03:45:00	74.892	74.907	74.889	74.900	34	0	3
2025.10.15	04:00:00	74.896	74.899	74.883	74.894	50	0	3
2025.10.15	04:15:00	74.891	74.915	74.890	74.915	37	0	3
2025.10.15	04:30:00	74.911	74.936	74.909	74.927	53	0	3
2025.10.15	04:45:00	74.924	74.929	74.907	74.912	39	0	3
2025.10.15	05:00:00	74.909	74.922	74.906	74.914	47	0	3
2025.10.15	05:15:00	74.917	74.917	74.885	74.886	38	0	3
2025.10.15	05:30:00	74.886	74.890	74.856	74.863	65	0	3
2025.10.15	05:45:00	74.865	74.890	74.865	74.890	54	0	3
2025.10.15	06:00:00	74.893	74.902	74.802	74.806	134	0	3
2025.10.15	06:15:00	74.803	74.838	74.774	74.823	195	0	3
2025.10.15	06:30:00	74.820	74.849	74.805	74.822	114	0	3
2025.10.15	06:45:00	74.825	74.842	74.808	74.834	165	0	3
2025.10.15	07:00:00	74.831	74.895	74.828	74.868	187	0	3
2025.10.15	07:15:00	74.865	74.942	74.862	74.935	167	0	3
2025.10.15	07:30:00	74.938	74.951	74.865	74.868	166	0	3
2025.10.15	07:45:00	74.871	74.903	74.841	74.903	188	0	3
2025.10.15	08:00:00	74.906	74.913	74.874	74.892	137	0	3
2025.10.15	08:15:00	74.889	74.919	74.883	74.892	148	0	3
2025.10.15	08:30:00	74.889	74.912	74.883	74.902	101	0	3
2025.10.15	08:45:00	74.898	74.952	74.875	74.929	177	0	3
2025.10.15	09:00:00	74.933	74.981	74.927	74.952	144	0	3
2025.10.15	09:15:00	74.949	74.956	74.933	74.937	117	0	3
2025.10.15	09:30:00	74.933	74.933	74.865	74.899	126	0	3
2025.10.15	09:45:00	74.903	74.925	74.880	74.903	103	0	3
2025.10.15	10:00:00	74.899	74.923	74.868	74.875	113	0	3
2025.10.15	10:15:00	74.878	74.914	74.878	74.907	103	0	3
2025.10.15	10:30:00	74.910	74.920	74.873	74.876	70	0	3
2025.10.15	10:45:00	74.879	74.881	74.817	74.823	90	0	3
2025.10.15	11:00:00	74.820	74.846	74.815	74.827	98	0	3
2025.10.15	11:15:00	74.830	74.864	74.813	74.852	120	0	3
2025.10.15	11:30:00	74.855	74.885	74.855	74.870	91	0	3
2025.10.15	11:45:00	74.874	74.905	74.874	74.894	109	0	3
2025.10.15	12:00:00	74.896	74.911	74.869	74.884	134	0	3
2025.10.15	12:15:00	74.887	74.910	74.883	74.888	136	0	3
2025.10.15	12:30:00	74.892	74.933	74.872	74.917	226	0	3
2025.10.15	12:45:00	74.914	74.952	74.900	74.929	197	0	3
2025.10.15	13:00:00	74.932	74.972	74.912	74.938	194	0	3
2025.10.15	13:15:00	74.941	74.990	74.933	74.987	190	0	3
2025.10.15	13:30:00	74.984	74.985	74.908	74.917	318	0	3
2025.10.15	13:45:00	74.913	74.962	74.889	74.908	302	0	3
2025.10.15	14:00:00	74.904	74.926	74.844	74.844	186	0	3
2025.10.15	14:15:00	74.848	74.855	74.828	74.851	129	0	3
2025.10.15	14:30:00	74.854	74.878	74.839	74.863	146	0	3
2025.10.15	14:45:00	74.867	74.867	74.813	74.819	170	0	3
2025.10.15	15:00:00	74.816	74.835	74.765	74.767	143	0	3
2025.10.15	15:15:00	74.763	74.773	74.642	74.649	198	0	3
2025.10.15	15:30:00	74.653	74.662	74.623	74.627	202	0	3
2025.10.15	15:45:00	74.630	74.691	74.607	74.660	237	0	3
2025.10.15	16:00:00	74.656	74.708	74.656	74.684	193	0	3
2025.10.15	16:15:00	74.681	74.692	74.661	74.661	123	0	3
2025.10.15	16:30:00	74.664	74.710	74.661	74.699	116	0	3
2025.10.15	16:45:00	74.702	74.705	74.666	74.678	102	0	3
2025.10.15	17:00:00	74.681	74.738	74.681	74.734	207	0	3
2025.10.15	17:15:00	74.738	74.763	74.734	74.756	185	0	3
2025.10.15	17:30:00	74.759	74.784	74.749	74.772	137	0	3
2025.10.15	17:45:00	74.775	74.778	74.754	74.754	83	0	3
2025.10.15	18:00:00	74.750	74.791	74.746	74.760	95	0	3
2025.10.15	18:15:00	74.757	74.767	74.699	74.715	82	0	3
2025.10.15	18:30:00	74.715	74.725	74.698	74.717	57	0	3
2025.10.15	18:45:00	74.720	74.732	74.716	74.722	57	0	3
2025.10.15	19:00:00	74.719	74.721	74.706	74.710	55	0	3
2025.10.15	19:15:00	74.707	74.717	74.692	74.697	39	0	3
2025.10.15	19:30:00	74.698	74.703	74.682	74.699	42	0	3
2025.10.15	19:45:00	74.698	74.713	74.663	74.663	56	0	3
2025.10.15	20:00:00	74.666	74.668	74.580	74.627	165	0	3
2025.10.15	20:15:00	74.624	74.644	74.614	74.631	45	0	3
2025.10.15	20:30:00	74.628	74.640	74.626	74.637	34	0	3
2025.10.15	20:45:00	74.633	74.649	74.607	74.608	52	0	3
2025.10.15	21:00:00	74.608	74.609	74.606	74.607	15	0	8
2025.10.15	21:15:00	74.608	74.609	74.606	74.609	14	0	18
2025.10.15	21:30:00	74.609	74.621	74.609	74.621	14	0	7
2025.10.15	21:45:00	74.621	74.636	74.621	74.630	16	0	9
2025.10.15	22:00:00	74.621	74.628	74.614	74.628	26	0	3
2025.10.15	22:15:00	74.624	74.625	74.599	74.605	25	0	3
2025.10.15	22:30:00	74.604	74.604	74.589	74.589	22	0	3
2025.10.15	22:45:00	74.586	74.606	74.579	74.605	32	0	3
2025.10.15	23:00:00	74.608	74.620	74.605	74.617	41	0	3
2025.10.15	23:15:00	74.614	74.623	74.614	74.621	24	0	3
2025.10.15	23:30:00	74.620	74.621	74.603	74.607	33	0	3
2025.10.15	23:45:00	74.608	74.612	74.599	74.607	34	0	3
2025.10.16	00:00:00	74.610	74.627	74.587	74.592	96	0	3
2025.10.16	00:15:00	74.589	74.595	74.531	74.531	69	0	3
2025.10.16	00:30:00	74.535	74.548	74.478	74.486	180	0	3
2025.10.16	00:45:00	74.483	74.512	74.467	74.504	127	0	3
2025.10.16	01:00:00	74.500	74.502	74.474	74.491	86	0	3
2025.10.16	01:15:00	74.488	74.491	74.453	74.474	135	0	3
2025.10.16	01:30:00	74.471	74.481	74.425	74.436	110	0	3
2025.10.16	01:45:00	74.432	74.437	74.392	74.427	95	0	3
2025.10.16	02:00:00	74.424	74.435	74.404	74.421	97	0	3
2025.10.16	02:15:00	74.424	74.452	74.421	74.449	67	0	3
2025.10.16	02:30:00	74.448	74.464	74.448	74.464	58	0	3
2025.10.16	02:45:00	74.460	74.463	74.442	74.451	52	0	3
2025.10.16	03:00:00	74.454	74.475	74.454	74.468	44	0	3
2025.10.16	03:15:00	74.471	74.480	74.448	74.477	51	0	3
2025.10.16	03:30:00	74.480	74.498	74.477	74.492	40	0	3
2025.10.16	03:45:00	74.493	74.504	74.489	74.504	28	0	3
2025.10.16	04:00:00	74.501	74.518	74.498	74.499	34	0	3
2025.10.16	04:15:00	74.502	74.532	74.502	74.532	30	0	3
2025.10.16	04:30:00	74.529	74.550	74.529	74.543	39	0	3
2025.10.16	04:45:00	74.547	74.553	74.541	74.547	33	0	3
2025.10.16	05:00:00	74.544	74.553	74.537	74.549	54	0	3
2025.10.16	05:15:00	74.546	74.553	74.537	74.539	55	0	3
2025.10.16	05:30:00	74.542	74.559	74.516	74.526	72	0	3
2025.10.16	05:45:00	74.529	74.536	74.508	74.529	84	0	3
2025.10.16	06:00:00	74.532	74.571	74.506	74.506	227	0	3
2025.10.16	06:15:00	74.509	74.548	74.500	74.534	144	0	3
2025.10.16	06:30:00	74.535	74.581	74.532	74.562	136	0	3
2025.10.16	06:45:00	74.564	74.602	74.552	74.564	145	0	3
2025.10.16	07:00:00	74.567	74.575	74.540	74.549	228	0	3
2025.10.16	07:15:00	74.545	74.559	74.513	74.532	170	0	3
2025.10.16	07:30:00	74.535	74.581	74.487	74.493	149	0	3
2025.10.16	07:45:00	74.489	74.541	74.472	74.477	305	0	3
2025.10.16	08:00:00	74.480	74.494	74.411	74.449	233	0	3
2025.10.16	08:15:00	74.446	74.458	74.388	74.416	150	0	3
2025.10.16	08:30:00	74.419	74.439	74.406	74.417	108	0	3
2025.10.16	08:45:00	74.421	74.444	74.411	74.415	116	0	3
2025.10.16	09:00:00	74.416	74.425	74.398	74.403	88	0	3
2025.10.16	09:15:00	74.406	74.442	74.402	74.442	87	0	3
2025.10.16	09:30:00	74.439	74.444	74.401	74.413	97	0	3
2025.10.16	09:45:00	74.410	74.436	74.400	74.424	78	0	3
2025.10.16	10:00:00	74.427	74.438	74.393	74.399	116	0	3
2025.10.16	10:15:00	74.396	74.400	74.360	74.370	87	0	3
2025.10.16	10:30:00	74.366	74.451	74.366	74.425	105	0	3
2025.10.16	10:45:00	74.428	74.459	74.415	74.438	85	0	3
2025.10.16	11:00:00	74.435	74.476	74.435	74.472	123	0	3
2025.10.16	11:15:00	74.476	74.498	74.463	74.498	94	0	3
2025.10.16	11:30:00	74.500	74.505	74.426	74.464	144	0	3
2025.10.16	11:45:00	74.461	74.461	74.372	74.400	179	0	3
2025.10.16	12:00:00	74.397	74.481	74.397	74.468	193	0	3
2025.10.16	12:15:00	74.465	74.489	74.438	74.487	153	0	3
2025.10.16	12:30:00	74.484	74.484	74.432	74.453	253	0	3
2025.10.16	12:45:00	74.456	74.462	74.354	74.360	153	0	3
2025.10.16	13:00:00	74.363	74.438	74.360	74.377	220	0	3
2025.10.16	13:15:00	74.380	74.437	74.324	74.429	226	0	3
2025.10.16	13:30:00	74.433	74.499	74.396	74.425	297	0	3
2025.10.16	13:45:00	74.422	74.511	74.404	74.511	245	0	3
2025.10.16	14:00:00	74.514	74.561	74.495	74.499	306	0	3
2025.10.16	14:15:00	74.502	74.502	74.431	74.444	237	0	3
2025.10.16	14:30:00	74.447	74.483	74.428	74.468	227	0	3
2025.10.16	14:45:00	74.465	74.478	74.424	74.440	212	0	3
2025.10.16	15:00:00	74.436	74.466	74.427	74.447	171	0	3
2025.10.16	15:15:00	74.450	74.484	74.450	74.463	134	0	3
2025.10.16	15:30:00	74.466	74.497	74.460	74.465	227	0	3
2025.10.16	15:45:00	74.462	74.527	74.462	74.499	160	0	3
2025.10.16	16:00:00	74.502	74.502	74.443	74.448	126	0	3
2025.10.16	16:15:00	74.445	74.515	74.441	74.511	159	0	3
2025.10.16	16:30:00	74.514	74.543	74.496	74.522	368	0	3
2025.10.16	16:45:00	74.525	74.537	74.459	74.477	225	0	3
2025.10.16	17:00:00	74.474	74.482	74.379	74.382	198	0	3
2025.10.16	17:15:00	74.379	74.404	74.361	74.377	151	0	3
2025.10.16	17:30:00	74.375	74.410	74.374	74.387	121	0	3
2025.10.16	17:45:00	74.390	74.426	74.378	74.413	106	0	3
2025.10.16	18:00:00	74.416	74.440	74.413	74.436	126	0	3
2025.10.16	18:15:00	74.440	74.512	74.440	74.490	145	0	3
2025.10.16	18:30:00	74.486	74.507	74.444	74.457	87	0	3
2025.10.16	18:45:00	74.454	74.464	74.414	74.431	97	0	3
2025.10.16	19:00:00	74.428	74.458	74.425	74.448	80	0	3
2025.10.16	19:15:00	74.445	74.449	74.413	74.430	78	0	3
2025.10.16	19:30:00	74.433	74.448	74.415	74.429	115	0	3
2025.10.16	19:45:00	74.426	74.442	74.420	74.434	89	0	3
2025.10.16	20:00:00	74.437	74.446	74.420	74.430	57	0	3
2025.10.16	20:15:00	74.432	74.434	74.421	74.434	27	0	3
2025.10.16	20:30:00	74.437	74.453	74.426	74.426	37	0	3
2025.10.16	20:45:00	74.426	74.436	74.421	74.428	46	0	3
2025.10.16	21:00:00	74.427	74.429	74.407	74.417	14	0	10
2025.10.16	21:15:00	74.417	74.419	74.415	74.419	14	0	35
2025.10.16	21:30:00	74.415	74.432	74.415	74.418	14	0	17
2025.10.16	21:45:00	74.419	74.432	74.416	74.426	16	0	6
2025.10.19	21:00:00	74.441	74.447	74.436	74.442	11	0	8
2025.10.19	21:15:00	74.443	74.449	74.443	74.449	14	0	18
2025.10.19	21:30:00	74.450	74.460	74.448	74.460	14	0	16
2025.10.19	21:45:00	74.461	74.468	74.461	74.467	15	0	19
2025.10.19	22:00:00	74.470	74.482	74.462	74.466	43	0	3
2025.10.19	22:15:00	74.463	74.485	74.463	74.480	38	0	3
2025.10.19	22:30:00	74.483	74.486	74.462	74.464	38	0	3
2025.10.19	22:45:00	74.467	74.480	74.463	74.472	27	0	3
2025.10.19	23:00:00	74.469	74.486	74.469	74.482	36	0	3
2025.10.19	23:15:00	74.478	74.484	74.462	74.465	34	0	3
2025.10.19	23:30:00	74.468	74.471	74.454	74.463	34	0	3
2025.10.19	23:45:00	74.466	74.487	74.465	74.485	37	0	3
2025.10.20	00:00:00	74.482	74.498	74.470	74.497	98	0	3
2025.10.20	00:15:00	74.494	74.504	74.465	74.482	67	0	3
2025.10.20	00:30:00	74.485	74.488	74.459	74.463	50	0	3
2025.10.20	00:45:00	74.460	74.470	74.432	74.435	69	0	3
2025.10.20	01:00:00	74.433	74.444	74.421	74.424	74	0	3
2025.10.20	01:15:00	74.421	74.454	74.420	74.454	61	0	3
2025.10.20	01:30:00	74.457	74.475	74.453	74.454	89	0	3
2025.10.20	01:45:00	74.457	74.457	74.426	74.445	48	0	3
2025.10.20	02:00:00	74.441	74.445	74.415	74.416	48	0	3
2025.10.20	02:15:00	74.416	74.419	74.393	74.394	28	0	3
2025.10.20	02:30:00	74.393	74.406	74.387	74.406	36	0	3
2025.10.20	02:45:00	74.409	74.431	74.408	74.429	37	0	3
2025.10.20	03:00:00	74.432	74.434	74.419	74.419	26	0	3
2025.10.20	03:15:00	74.422	74.422	74.406	74.410	25	0	3
2025.10.20	03:30:00	74.413	74.420	74.409	74.420	23	0	3
2025.10.20	03:45:00	74.422	74.422	74.399	74.404	36	0	3
2025.10.20	04:00:00	74.404	74.420	74.398	74.420	31	0	3
2025.10.20	04:15:00	74.417	74.420	74.404	74.414	35	0	3
2025.10.20	04:30:00	74.414	74.419	74.405	74.410	37	0	3
2025.10.20	04:45:00	74.406	74.426	74.388	74.426	49	0	3
2025.10.20	05:00:00	74.429	74.443	74.409	74.416	47	0	3
2025.10.20	05:15:00	74.414	74.426	74.407	74.408	33	0	3
2025.10.20	05:30:00	74.405	74.417	74.398	74.410	38	0	3
2025.10.20	05:45:00	74.414	74.415	74.399	74.399	49	0	3
2025.10.20	06:00:00	74.403	74.463	74.403	74.461	115	0	3
2025.10.20	06:15:00	74.464	74.509	74.451	74.496	100	0	3
2025.10.20	06:30:00	74.500	74.502	74.472	74.481	90	0	3
2025.10.20	06:45:00	74.484	74.538	74.481	74.533	98	0	3
2025.10.20	07:00:00	74.536	74.593	74.534	74.552	204	0	3
2025.10.20	07:15:00	74.549	74.558	74.502	74.503	117	0	3
2025.10.20	07:30:00	74.506	74.512	74.472	74.491	130	0	3
2025.10.20	07:45:00	74.488	74.553	74.488	74.537	162	0	3
2025.10.20	08:00:00	74.540	74.561	74.499	74.510	121	0	3
2025.10.20	08:15:00	74.507	74.522	74.494	74.497	78	0	3
2025.10.20	08:30:00	74.500	74.508	74.473	74.500	99	0	3
2025.10.20	08:45:00	74.497	74.499	74.466	74.471	137	0	3
2025.10.20	09:00:00	74.475	74.489	74.431	74.455	165	0	3
2025.10.20	09:15:00	74.452	74.455	74.410	74.419	91	0	3
2025.10.20	09:30:00	74.422	74.437	74.415	74.427	107	0	3
2025.10.20	09:45:00	74.430	74.485	74.426	74.468	127	0	3
2025.10.20	10:00:00	74.471	74.541	74.446	74.524	130	0	3
2025.10.20	10:15:00	74.520	74.556	74.520	74.541	96	0	3
2025.10.20	10:30:00	74.538	74.547	74.526	74.535	83	0	3
2025.10.20	10:45:00	74.531	74.569	74.531	74.568	85	0	3
2025.10.20	11:00:00	74.570	74.593	74.552	74.580	114	0	3
2025.10.20	11:15:00	74.583	74.588	74.553	74.562	74	0	3
2025.10.20	11:30:00	74.565	74.626	74.564	74.609	142	0	3
2025.10.20	11:45:00	74.612	74.615	74.559	74.560	82	0	3
2025.10.20	12:00:00	74.557	74.571	74.544	74.549	125	0	3
2025.10.20	12:15:00	74.546	74.563	74.535	74.549	138	0	3
2025.10.20	12:30:00	74.552	74.552	74.492	74.501	146	0	3
2025.10.20	12:45:00	74.498	74.503	74.459	74.483	177	0	3
2025.10.20	13:00:00	74.479	74.504	74.476	74.494	174	0	3
2025.10.20	13:15:00	74.493	74.530	74.491	74.516	129	0	3
2025.10.20	13:30:00	74.519	74.576	74.516	74.570	164	0	3
2025.10.20	13:45:00	74.567	74.612	74.561	74.600	162	0	3
2025.10.20	14:00:00	74.603	74.613	74.530	74.534	150	0	3
2025.10.20	14:15:00	74.531	74.541	74.503	74.503	114	0	3
2025.10.20	14:30:00	74.506	74.527	74.488	74.523	151	0	3
2025.10.20	14:45:00	74.526	74.563	74.510	74.536	164	0	3
2025.10.20	15:00:00	74.539	74.564	74.523	74.526	128	0	3
2025.10.20	15:15:00	74.523	74.531	74.476	74.487	120	0	3
2025.10.20	15:30:00	74.490	74.512	74.485	74.512	107	0	3
2025.10.20	15:45:00	74.515	74.520	74.472	74.515	156	0	3
2025.10.20	16:00:00	74.518	74.549	74.496	74.545	119	0	3
2025.10.20	16:15:00	74.542	74.561	74.523	74.534	115	0	3
2025.10.20	16:30:00	74.536	74.543	74.522	74.533	65	0	3
2025.10.20	16:45:00	74.537	74.548	74.527	74.538	46	0	3
2025.10.20	17:00:00	74.541	74.555	74.535	74.548	69	0	3
2025.10.20	17:15:00	74.551	74.585	74.551	74.565	50	0	3
2025.10.20	17:30:00	74.568	74.597	74.564	74.583	51	0	3
2025.10.20	17:45:00	74.587	74.613	74.580	74.613	52	0	3
2025.10.20	18:00:00	74.616	74.624	74.604	74.614	38	0	3
2025.10.20	18:15:00	74.611	74.620	74.598	74.598	40	0	3
2025.10.20	18:30:00	74.601	74.608	74.585	74.603	39	0	3
2025.10.20	18:45:00	74.602	74.602	74.564	74.574	50	0	3
2025.10.20	19:00:00	74.571	74.578	74.553	74.566	57	0	3
2025.10.20	19:15:00	74.569	74.578	74.567	74.574	29	0	3
2025.10.20	19:30:00	74.577	74.597	74.576	74.589	30	0	3
2025.10.20	19:45:00	74.593	74.597	74.587	74.589	35	0	3
2025.10.20	20:00:00	74.592	74.592	74.564	74.580	44	0	3
2025.10.20	20:15:00	74.577	74.592	74.574	74.586	33	0	3
2025.10.20	20:30:00	74.585	74.596	74.585	74.587	23	0	3
2025.10.20	20:45:00	74.586	74.603	74.586	74.601	32	0	3
2025.10.20	21:00:00	74.599	74.599	74.564	74.564	14	0	7
2025.10.20	21:15:00	74.564	74.582	74.564	74.574	14	0	23
2025.10.20	21:30:00	74.570	74.576	74.566	74.573	15	0	27
2025.10.20	21:45:00	74.573	74.578	74.573	74.577	14	0	4
2025.10.20	22:00:00	74.585	74.590	74.579	74.582	29	0	3
2025.10.20	22:15:00	74.582	74.602	74.576	74.602	26	0	3
2025.10.20	22:30:00	74.602	74.605	74.594	74.599	21	0	3
2025.10.20	22:45:00	74.600	74.605	74.589	74.604	27	0	3
2025.10.20	23:00:00	74.602	74.608	74.599	74.604	26	0	3
2025.10.20	23:15:00	74.600	74.608	74.599	74.603	26	0	3
2025.10.20	23:30:00	74.607	74.607	74.600	74.603	19	0	3
2025.10.20	23:45:00	74.600	74.606	74.596	74.601	30	0	3
2025.10.21	00:00:00	74.604	74.607	74.568	74.574	83	0	3
2025.10.21	00:15:00	74.571	74.583	74.567	74.575	42	0	3
2025.10.21	00:30:00	74.572	74.575	74.549	74.549	29	0	3
2025.10.21	00:45:00	74.552	74.553	74.536	74.546	46	0	3
2025.10.21	01:00:00	74.549	74.574	74.549	74.574	55	0	3
2025.10.21	01:15:00	74.577	74.601	74.569	74.599	46	0	3
2025.10.21	01:30:00	74.601	74.631	74.592	74.624	46	0	3
2025.10.21	01:45:00	74.621	74.628	74.600	74.622	58	0	3
2025.10.21	02:00:00	74.622	74.658	74.622	74.630	61	0	3
2025.10.21	02:15:00	74.627	74.642	74.627	74.631	53	0	3
2025.10.21	02:30:00	74.628	74.670	74.628	74.666	74	0	3
2025.10.21	02:45:00	74.669	74.676	74.663	74.667	46	0	3
2025.10.21	03:00:00	74.664	74.675	74.661	74.666	35	0	3
2025.10.21	03:15:00	74.665	74.680	74.665	74.674	31	0	3
2025.10.21	03:30:00	74.676	74.681	74.663	74.669	31	0	3
2025.10.21	03:45:00	74.671	74.678	74.663	74.666	33	0	3
2025.10.21	04:00:00	74.669	74.684	74.666	74.670	28	0	3
2025.10.21	04:15:00	74.673	74.680	74.665	74.678	31	0	3
2025.10.21	04:30:00	74.681	74.687	74.660	74.670	40	0	3
2025.10.21	04:45:00	74.667	74.693	74.661	74.671	89	0	3
2025.10.21	05:00:00	74.667	74.692	74.660	74.679	89	0	3
2025.10.21	05:15:00	74.679	74.728	74.679	74.728	60	0	3
2025.10.21	05:30:00	74.724	74.763	74.708	74.763	67	0	3
2025.10.21	05:45:00	74.766	74.770	74.747	74.765	93	0	3
2025.10.21	06:00:00	74.762	74.782	74.722	74.753	147	0	3
2025.10.21	06:15:00	74.756	74.773	74.734	74.758	104	0	3
2025.10.21	06:30:00	74.761	74.764	74.677	74.712	122	0	3
2025.10.21	06:45:00	74.709	74.709	74.668	74.680	149	0	3
2025.10.21	07:00:00	74.683	74.723	74.641	74.718	214	0	3
2025.10.21	07:15:00	74.721	74.732	74.671	74.683	174	0	3
2025.10.21	07:30:00	74.686	74.739	74.679	74.691	184	0	3
2025.10.21	07:45:00	74.688	74.709	74.651	74.666	201	0	3
2025.10.21	08:00:00	74.669	74.742	74.669	74.736	223	0	3
2025.10.21	08:15:00	74.733	74.745	74.710	74.725	184	0	3
2025.10.21	08:30:00	74.728	74.732	74.694	74.715	133	0	3
2025.10.21	08:45:00	74.719	74.771	74.708	74.739	207	0	3
2025.10.21	09:00:00	74.735	74.764	74.721	74.747	147	0	3
2025.10.21	09:15:00	74.750	74.756	74.695	74.707	112	0	3
2025.10.21	09:30:00	74.709	74.713	74.673	74.707	106	0	3
2025.10.21	09:45:00	74.704	74.731	74.693	74.710	109	0	3
2025.10.21	10:00:00	74.713	74.735	74.695	74.725	95	0	3
2025.10.21	10:15:00	74.721	74.813	74.718	74.775	148	0	3
2025.10.21	10:30:00	74.778	74.787	74.759	74.778	105	0	3
2025.10.21	10:45:00	74.781	74.784	74.713	74.722	124	0	3
2025.10.21	11:00:00	74.718	74.729	74.685	74.692	80	0	3
2025.10.21	11:15:00	74.689	74.691	74.655	74.685	121	0	3
2025.10.21	11:30:00	74.684	74.749	74.678	74.749	140	0	3
2025.10.21	11:45:00	74.752	74.781	74.712	74.712	171	0	3
2025.10.21	12:00:00	74.709	74.785	74.687	74.765	251	0	3
2025.10.21	12:15:00	74.762	74.778	74.721	74.768	157	0	3
2025.10.21	12:30:00	74.765	74.796	74.757	74.786	204	0	3
2025.10.21	12:45:00	74.783	74.796	74.696	74.699	209	0	3
2025.10.21	13:00:00	74.702	74.740	74.693	74.717	206	0	3
2025.10.21	13:15:00	74.720	74.725	74.695	74.713	206	0	3
2025.10.21	13:30:00	74.717	74.792	74.695	74.788	212	0	3
2025.10.21	13:45:00	74.791	74.843	74.748	74.756	305	0	3
2025.10.21	14:00:00	74.759	74.786	74.717	74.723	302	0	3
2025.10.21	14:15:00	74.720	74.744	74.701	74.728	208	0	3
2025.10.21	14:30:00	74.732	74.808	74.723	74.806	232	0	3
2025.10.21	14:45:00	74.802	74.824	74.753	74.777	273	0	3
2025.10.21	15:00:00	74.774	74.777	74.678	74.697	205	0	3
2025.10.21	15:15:00	74.693	74.704	74.660	74.660	134	0	3
2025.10.21	15:30:00	74.663	74.752	74.660	74.717	155	0	3
2025.10.21	15:45:00	74.720	74.723	74.669	74.689	147	0	3
2025.10.21	16:00:00	74.686	74.710	74.637	74.704	255	0	3
2025.10.21	16:15:00	74.708	74.735	74.704	74.723	116	0	3
2025.10.21	16:30:00	74.726	74.762	74.708	74.741	136	0	3
2025.10.21	16:45:00	74.744	74.784	74.738	74.774	187	0	3
2025.10.21	17:00:00	74.777	74.807	74.774	74.793	130	0	3
2025.10.21	17:15:00	74.797	74.818	74.788	74.809	75	0	3
2025.10.21	17:30:00	74.811	74.819	74.797	74.805	64	0	3
2025.10.21	17:45:00	74.802	74.808	74.774	74.783	79	0	3
2025.10.21	18:00:00	74.780	74.780	74.754	74.766	65	0	3
2025.10.21	18:15:00	74.769	74.782	74.763	74.778	42	0	3
2025.10.21	18:30:00	74.775	74.779	74.759	74.778	36	0	3
2025.10.21	18:45:00	74.775	74.787	74.761	74.780	52	0	3
2025.10.21	19:00:00	74.777	74.779	74.762	74.773	61	0	3
2025.10.21	19:15:00	74.776	74.792	74.769	74.790	37	0	3
2025.10.21	19:30:00	74.794	74.797	74.777	74.777	33	0	3
2025.10.21	19:45:00	74.780	74.788	74.768	74.782	43	0	3
2025.10.21	20:00:00	74.785	74.810	74.785	74.809	39	0	3
2025.10.21	20:15:00	74.805	74.814	74.805	74.811	20	0	3
2025.10.21	20:30:00	74.810	74.815	74.802	74.809	28	0	3
2025.10.21	20:45:00	74.809	74.814	74.789	74.789	44	0	3
2025.10.21	21:00:00	74.790	74.791	74.774	74.775	13	0	6
2025.10.21	21:15:00	74.774	74.783	74.771	74.771	14	0	16
2025.10.21	21:30:00	74.768	74.782	74.768	74.782	14	0	14
2025.10.21	21:45:00	74.783	74.792	74.783	74.791	15	0	7
2025.10.21	22:00:00	74.784	74.810	74.784	74.807	33	0	3
2025.10.21	22:15:00	74.804	74.804	74.787	74.791	22	0	3
2025.10.21	22:30:00	74.791	74.796	74.788	74.791	19	0	3
2025.10.21	22:45:00	74.791	74.802	74.791	74.802	18	0	3
2025.10.21	23:00:00	74.801	74.807	74.794	74.800	29	0	3
2025.10.21	23:15:00	74.803	74.808	74.797	74.808	23	0	3
2025.10.21	23:30:00	74.804	74.807	74.799	74.803	17	0	3
2025.10.21	23:45:00	74.806	74.826	74.806	74.820	38	0	3
2025.10.22	00:00:00	74.817	74.825	74.792	74.795	115	0	3
2025.10.22	00:15:00	74.792	74.802	74.774	74.781	58	0	3
2025.10.22	00:30:00	74.778	74.790	74.769	74.780	53	0	3
2025.10.22	00:45:00	74.777	74.788	74.771	74.788	67	0	3
2025.10.22	01:00:00	74.785	74.786	74.751	74.770	90	0	3
2025.10.22	01:15:00	74.767	74.792	74.763	74.792	56	0	3
2025.10.22	01:30:00	74.790	74.805	74.778	74.793	59	0	3
2025.10.22	01:45:00	74.790	74.796	74.778	74.787	40	0	3
2025.10.22	02:00:00	74.784	74.784	74.737	74.743	47	0	3
2025.10.22	02:15:00	74.739	74.770	74.736	74.770	45	0	3
2025.10.22	02:30:00	74.767	74.776	74.752	74.752	38	0	3
2025.10.22	02:45:00	74.755	74.763	74.750	74.757	38	0	3
2025.10.22	03:00:00	74.760	74.771	74.753	74.771	35	0	3
2025.10.22	03:15:00	74.769	74.787	74.769	74.781	30	0	3
2025.10.22	03:30:00	74.778	74.779	74.758	74.763	32	0	3
2025.10.22	03:45:00	74.764	74.772	74.758	74.769	34	0	3
2025.10.22	04:00:00	74.770	74.770	74.753	74.759	37	0	3
2025.10.22	04:15:00	74.756	74.769	74.747	74.761	28	0	3
2025.10.22	04:30:00	74.761	74.762	74.742	74.747	27	0	3
2025.10.22	04:45:00	74.747	74.748	74.737	74.742	26	0	3
2025.10.22	05:00:00	74.739	74.742	74.709	74.712	33	0	3
2025.10.22	05:15:00	74.714	74.720	74.709	74.713	33	0	3
2025.10.22	05:30:00	74.710	74.716	74.703	74.713	30	0	3
2025.10.22	05:45:00	74.716	74.736	74.698	74.720	56	0	3
2025.10.22	06:00:00	74.716	74.973	74.710	74.937	796	0	3
2025.10.22	06:15:00	74.941	75.000	74.902	74.951	333	0	3
2025.10.22	06:30:00	74.954	75.023	74.947	75.009	332	0	3
2025.10.22	06:45:00	75.005	75.021	74.959	74.992	216	0	3
2025.10.22	07:00:00	74.989	75.059	74.989	75.049	273	0	3
2025.10.22	07:15:00	75.046	75.077	75.029	75.055	203	0	3
2025.10.22	07:30:00	75.051	75.059	74.971	74.992	246	0	3
2025.10.22	07:45:00	74.989	75.061	74.978	75.061	165	0	3
2025.10.22	08:00:00	75.064	75.102	75.040	75.099	245	0	3
2025.10.22	08:15:00	75.101	75.101	75.046	75.053	234	0	3
2025.10.22	08:30:00	75.056	75.114	75.056	75.111	203	0	3
2025.10.22	08:45:00	75.107	75.111	75.039	75.068	195	0	3
2025.10.22	09:00:00	75.071	75.078	75.033	75.056	151	0	3
2025.10.22	09:15:00	75.060	75.091	75.053	75.056	141	0	3
2025.10.22	09:30:00	75.060	75.069	75.042	75.067	100	0	3
2025.10.22	09:45:00	75.064	75.081	75.054	75.081	74	0	3
2025.10.22	10:00:00	75.084	75.104	75.058	75.088	83	0	3
2025.10.22	10:15:00	75.085	75.145	75.078	75.138	88	0	3
2025.10.22	10:30:00	75.141	75.155	75.114	75.124	100	0	3
2025.10.22	10:45:00	75.128	75.134	75.096	75.113	135	0	3
2025.10.22	11:00:00	75.116	75.122	75.094	75.099	131	0	3
2025.10.22	11:15:00	75.097	75.120	75.092	75.108	87	0	3
2025.10.22	11:30:00	75.110	75.112	75.054	75.054	111	0	3
2025.10.22	11:45:00	75.057	75.077	74.999	75.030	156	0	3
2025.10.22	12:00:00	75.027	75.033	74.959	74.981	209	0	3
2025.10.22	12:15:00	74.978	75.023	74.972	75.007	140	0	3
2025.10.22	12:30:00	75.004	75.109	74.997	75.107	148	0	3
2025.10.22	12:45:00	75.110	75.129	74.992	75.052	283	0	3
2025.10.22	13:00:00	75.048	75.096	75.034	75.054	211	0	3
2025.10.22	13:15:00	75.050	75.068	75.004	75.005	165	0	3
2025.10.22	13:30:00	75.009	75.009	74.945	74.973	243	0	3
2025.10.22	13:45:00	74.975	75.011	74.941	74.949	217	0	3
2025.10.22	14:00:00	74.953	74.953	74.879	74.908	251	0	3
2025.10.22	14:15:00	74.904	74.930	74.889	74.894	191	0	3
2025.10.22	14:30:00	74.891	74.929	74.875	74.890	207	0	3
2025.10.22	14:45:00	74.892	74.941	74.865	74.878	248	0	3
2025.10.22	15:00:00	74.881	74.881	74.798	74.848	253	0	3
2025.10.22	15:15:00	74.845	74.862	74.795	74.805	206	0	3
2025.10.22	15:30:00	74.802	74.830	74.777	74.791	208	0	3
2025.10.22	15:45:00	74.794	74.811	74.767	74.790	167	0	3
2025.10.22	16:00:00	74.793	74.817	74.779	74.807	99	0	3
2025.10.22	16:15:00	74.810	74.823	74.791	74.816	69	0	3
2025.10.22	16:30:00	74.813	74.818	74.758	74.769	375	0	3
2025.10.22	16:45:00	74.767	74.798	74.763	74.786	129	0	3
2025.10.22	17:00:00	74.789	74.824	74.779	74.813	110	0	3
2025.10.22	17:15:00	74.816	74.840	74.808	74.821	86	0	3
2025.10.22	17:30:00	74.819	74.846	74.793	74.836	114	0	3
2025.10.22	17:45:00	74.834	74.860	74.828	74.849	83	0	3
2025.10.22	18:00:00	74.845	74.856	74.841	74.850	53	0	3
2025.10.22	18:15:00	74.853	74.864	74.845	74.855	61	0	3
2025.10.22	18:30:00	74.858	74.876	74.846	74.875	83	0	3
2025.10.22	18:45:00	74.878	74.883	74.864	74.873	44	0	3
2025.10.22	19:00:00	74.876	74.891	74.855	74.855	70	0	3
2025.10.22	19:15:00	74.852	74.864	74.844	74.860	49	0	3
2025.10.22	19:30:00	74.863	74.868	74.855	74.860	40	0	3
2025.10.22	19:45:00	74.863	74.877	74.863	74.866	43	0	3
2025.10.22	20:00:00	74.869	74.872	74.838	74.844	33	0	3
2025.10.22	20:15:00	74.844	74.860	74.843	74.845	32	0	3
2025.10.22	20:30:00	74.845	74.862	74.844	74.851	30	0	3
2025.10.22	20:45:00	74.851	74.872	74.850	74.871	37	0	3
2025.10.22	21:00:00	74.871	74.871	74.857	74.857	13	0	5
2025.10.22	21:15:00	74.859	74.865	74.856	74.865	14	0	14
2025.10.22	21:30:00	74.866	74.873	74.866	74.872	15	0	6
2025.10.22	21:45:00	74.873	74.874	74.861	74.870	15	0	4
2025.10.22	22:00:00	74.866	74.866	74.853	74.855	26	0	3
2025.10.22	22:15:00	74.851	74.861	74.850	74.859	20	0	3
2025.10.22	22:30:00	74.858	74.865	74.858	74.864	20	0	3
2025.10.22	22:45:00	74.865	74.872	74.862	74.872	22	0	3
2025.10.22	23:00:00	74.872	74.886	74.872	74.886	21	0	3
2025.10.22	23:15:00	74.885	74.885	74.879	74.885	19	0	3
2025.10.22	23:30:00	74.882	74.892	74.881	74.890	28	0	3
2025.10.22	23:45:00	74.894	74.907	74.889	74.901	46	0	3
2025.10.23	00:00:00	74.904	74.935	74.902	74.932	54	0	3
2025.10.23	00:15:00	74.935	74.964	74.934	74.953	59	0	3
2025.10.23	00:30:00	74.950	74.952	74.935	74.943	36	0	3
2025.10.23	00:45:00	74.945	74.945	74.923	74.931	53	0	3
2025.10.23	01:00:00	74.928	74.946	74.920	74.940	46	0	3
2025.10.23	01:15:00	74.943	74.966	74.931	74.963	55	0	3
2025.10.23	01:30:00	74.959	74.962	74.942	74.949	44	0	3
2025.10.23	01:45:00	74.952	74.969	74.940	74.966	41	0	3
2025.10.23	02:00:00	74.969	74.982	74.968	74.968	40	0	3
2025.10.23	02:15:00	74.969	74.979	74.962	74.974	32	0	3
2025.10.23	02:30:00	74.978	74.991	74.974	74.985	37	0	3
2025.10.23	02:45:00	74.985	74.985	74.970	74.979	32	0	3
2025.10.23	03:00:00	74.976	74.979	74.962	74.963	31	0	3
2025.10.23	03:15:00	74.963	74.980	74.960	74.980	26	0	3
2025.10.23	03:30:00	74.977	74.989	74.973	74.983	36	0	3
2025.10.23	03:45:00	74.983	75.002	74.982	74.998	26	0	3
2025.10.23	04:00:00	75.002	75.019	75.002	75.003	32	0	3
2025.10.23	04:15:00	75.000	75.000	74.988	74.989	21	0	3
2025.10.23	04:30:00	74.991	74.994	74.985	74.988	23	0	3
2025.10.23	04:45:00	74.985	74.988	74.965	74.967	24	0	3
2025.10.23	05:00:00	74.970	74.970	74.955	74.966	25	0	3
2025.10.23	05:15:00	74.966	74.969	74.953	74.957	28	0	3
2025.10.23	05:30:00	74.955	74.963	74.949	74.959	24	0	3
2025.10.23	05:45:00	74.961	74.961	74.901	74.917	64	0	3
2025.10.23	06:00:00	74.920	74.933	74.888	74.892	92	0	3
2025.10.23	06:15:00	74.889	74.903	74.865	74.895	75	0	3
2025.10.23	06:30:00	74.892	74.936	74.868	74.918	128	0	3
2025.10.23	06:45:00	74.921	74.927	74.905	74.907	88	0	3
2025.10.23	07:00:00	74.910	74.915	74.876	74.888	111	0	3
2025.10.23	07:15:00	74.891	74.917	74.873	74.916	105	0	3
2025.10.23	07:30:00	74.919	74.935	74.897	74.901	104	0	3
2025.10.23	07:45:00	74.904	74.920	74.883	74.900	101	0	3
2025.10.23	08:00:00	74.897	74.912	74.875	74.881	93	0	3
2025.10.23	08:15:00	74.884	74.910	74.877	74.883	80	0	3
2025.10.23	08:30:00	74.880	74.928	74.876	74.918	74	0	3
2025.10.23	08:45:00	74.922	74.940	74.909	74.909	70	0	3
2025.10.23	09:00:00	74.906	74.916	74.890	74.904	70	0	3
2025.10.23	09:15:00	74.907	74.907	74.887	74.890	59	0	3
2025.10.23	09:30:00	74.893	74.904	74.878	74.898	44	0	3
2025.10.23	09:45:00	74.901	74.916	74.892	74.910	69	0	3
2025.10.23	10:00:00	74.913	74.927	74.899	74.902	54	0	3
2025.10.23	10:15:00	74.905	74.918	74.896	74.912	47	0	3
2025.10.23	10:30:00	74.915	74.940	74.902	74.940	49	0	3
2025.10.23	10:45:00	74.943	74.988	74.942	74.977	101	0	3
2025.10.23	11:00:00	74.980	74.995	74.964	74.978	99	0	3
2025.10.23	11:15:00	74.975	74.981	74.966	74.973	53	0	3
2025.10.23	11:30:00	74.976	74.978	74.949	74.966	53	0	3
2025.10.23	11:45:00	74.969	74.988	74.959	74.985	68	0	3
2025.10.23	12:00:00	74.982	74.986	74.960	74.974	95	0	3
2025.10.23	12:15:00	74.977	75.038	74.974	74.996	106	0	3
2025.10.23	12:30:00	74.999	74.999	74.937	74.946	101	0	3
2025.10.23	12:45:00	74.943	74.949	74.904	74.943	107	0	3
2025.10.23	13:00:00	74.940	74.944	74.919	74.928	133	0	3
2025.10.23	13:15:00	74.930	74.953	74.922	74.922	114	0	3
2025.10.23	13:30:00	74.920	74.981	74.916	74.981	239	0	3
2025.10.23	13:45:00	74.984	75.048	74.981	75.036	213	0	3
2025.10.23	14:00:00	75.033	75.036	74.981	75.024	237	0	3
2025.10.23	14:15:00	75.027	75.043	75.004	75.019	133	0	3
2025.10.23	14:30:00	75.016	75.029	74.979	75.015	134	0	3
2025.10.23	14:45:00	75.012	75.073	75.012	75.064	199	0	3
2025.10.23	15:00:00	75.062	75.123	75.048	75.120	154	0	3
2025.10.23	15:15:00	75.117	75.124	75.054	75.062	123	0	3
2025.10.23	15:30:00	75.059	75.098	75.042	75.070	131	0	3
2025.10.23	15:45:00	75.067	75.083	75.052	75.068	92	0	3
2025.10.23	16:00:00	75.065	75.071	75.040	75.050	81	0	3
2025.10.23	16:15:00	75.053	75.087	75.051	75.080	79	0	3
2025.10.23	16:30:00	75.078	75.086	75.062	75.082	48	0	3
2025.10.23	16:45:00	75.079	75.120	75.079	75.116	65	0	3
2025.10.23	17:00:00	75.119	75.141	75.094	75.132	107	0	3
2025.10.23	17:15:00	75.128	75.141	75.111	75.118	66	0	3
2025.10.23	17:30:00	75.115	75.115	75.074	75.078	58	0	3
2025.10.23	17:45:00	75.074	75.091	75.067	75.090	57	0	3
2025.10.23	18:00:00	75.093	75.096	75.071	75.071	46	0	3
2025.10.23	18:15:00	75.074	75.086	75.066	75.080	45	0	3
2025.10.23	18:30:00	75.081	75.084	75.052	75.052	33	0	3
2025.10.23	18:45:00	75.052	75.058	75.050	75.057	31	0	3
2025.10.23	19:00:00	75.053	75.053	75.037	75.045	47	0	3
2025.10.23	19:15:00	75.045	75.053	75.045	75.050	22	0	3
2025.10.23	19:30:00	75.053	75.056	75.046	75.052	32	0	3
2025.10.23	19:45:00	75.049	75.057	75.047	75.051	34	0	3
2025.10.23	20:00:00	75.054	75.068	75.054	75.057	29	0	3
2025.10.23	20:15:00	75.059	75.069	75.058	75.064	21	0	3
2025.10.23	20:30:00	75.065	75.065	75.045	75.050	19	0	3
2025.10.23	20:45:00	75.050	75.050	75.027	75.043	35	0	3
2025.10.23	21:00:00	75.042	75.043	75.039	75.042	14	0	4
2025.10.23	21:15:00	75.043	75.043	75.039	75.040	14	0	5
2025.10.23	21:30:00	75.041	75.045	75.039	75.044	15	0	6
2025.10.23	21:45:00	75.045	75.045	75.033	75.033	15	0	6
2025.10.26	21:00:00	75.048	75.050	75.018	75.031	11	0	8
2025.10.26	21:15:00	75.023	75.036	75.023	75.032	14	0	23
2025.10.26	21:30:00	75.037	75.041	75.035	75.041	14	0	18
2025.10.26	21:45:00	75.042	75.050	75.042	75.045	14	0	15
2025.10.26	22:00:00	75.029	75.081	75.029	75.078	52	0	3
2025.10.26	22:15:00	75.075	75.085	75.046	75.072	48	0	3
2025.10.26	22:30:00	75.068	75.079	75.031	75.047	62	0	3
2025.10.26	22:45:00	75.049	75.060	75.037	75.056	38	0	3
2025.10.26	23:00:00	75.060	75.080	75.050	75.073	62	0	3
2025.10.26	23:15:00	75.076	75.076	75.057	75.060	34	0	3
2025.10.26	23:30:00	75.063	75.063	75.044	75.059	50	0	3
2025.10.26	23:45:00	75.056	75.076	75.056	75.062	37	0	3
2025.10.27	00:00:00	75.066	75.085	75.045	75.085	94	0	3
2025.10.27	00:15:00	75.082	75.083	75.062	75.065	46	0	3
2025.10.27	00:30:00	75.062	75.063	75.036	75.048	64	0	3
2025.10.27	00:45:00	75.051	75.058	75.027	75.052	90	0	3
2025.10.27	01:00:00	75.049	75.063	74.997	75.015	79	0	3
2025.10.27	01:15:00	75.012	75.015	74.984	74.991	64	0	3
2025.10.27	01:30:00	74.988	75.024	74.988	75.014	68	0	3
2025.10.27	01:45:00	75.011	75.037	75.011	75.030	56	0	3
2025.10.27	02:00:00	75.033	75.067	75.027	75.064	44	0	3
2025.10.27	02:15:00	75.061	75.062	75.055	75.059	37	0	3
2025.10.27	02:30:00	75.057	75.068	75.055	75.064	33	0	3
2025.10.27	02:45:00	75.061	75.065	75.052	75.055	26	0	3
2025.10.27	03:00:00	75.055	75.059	75.039	75.043	32	0	3
2025.10.27	03:15:00	75.047	75.050	75.036	75.046	27	0	3
2025.10.27	03:30:00	75.049	75.060	75.043	75.060	25	0	3
2025.10.27	03:45:00	75.057	75.073	75.051	75.063	35	0	3
2025.10.27	04:00:00	75.062	75.100	75.061	75.096	40	0	3
2025.10.27	04:15:00	75.095	75.102	75.090	75.098	23	0	3
2025.10.27	04:30:00	75.099	75.112	75.095	75.100	23	0	3
2025.10.27	04:45:00	75.101	75.109	75.095	75.095	23	0	3
2025.10.27	05:00:00	75.092	75.111	75.089	75.107	38	0	3
2025.10.27	05:15:00	75.106	75.115	75.090	75.090	28	0	3
2025.10.27	05:30:00	75.088	75.088	75.063	75.079	37	0	3
2025.10.27	05:45:00	75.079	75.085	75.071	75.071	31	0	3
2025.10.27	06:00:00	75.068	75.068	75.022	75.038	85	0	3
2025.10.27	06:15:00	75.041	75.048	75.020	75.031	75	0	3
2025.10.27	06:30:00	75.027	75.043	74.993	75.025	75	0	3
2025.10.27	06:45:00	75.022	75.065	75.018	75.055	60	0	3
2025.10.27	07:00:00	75.052	75.094	75.040	75.089	108	0	3
2025.10.27	07:15:00	75.092	75.128	75.089	75.121	73	0	3
2025.10.27	07:30:00	75.119	75.119	75.078	75.088	76	0	3
2025.10.27	07:45:00	75.084	75.101	75.077	75.098	82	0	3
2025.10.27	08:00:00	75.101	75.125	75.096	75.096	114	0	3
2025.10.27	08:15:00	75.099	75.099	75.061	75.071	128	0	3
2025.10.27	08:30:00	75.068	75.076	75.000	75.014	134	0	3
2025.10.27	08:45:00	75.011	75.049	74.995	75.037	147	0	3
2025.10.27	09:00:00	75.033	75.057	75.016	75.026	140	0	3
2025.10.27	09:15:00	75.029	75.035	74.975	75.010	116	0	3
2025.10.27	09:30:00	75.007	75.007	74.952	74.952	93	0	3
2025.10.27	09:45:00	74.955	74.964	74.924	74.933	111	0	3
2025.10.27	10:00:00	74.936	74.947	74.914	74.914	69	0	3
2025.10.27	10:15:00	74.917	74.941	74.900	74.937	83	0	3
2025.10.27	10:30:00	74.940	74.953	74.924	74.938	65	0	3
2025.10.27	10:45:00	74.935	74.944	74.918	74.934	77	0	3
2025.10.27	11:00:00	74.937	74.950	74.923	74.944	66	0	3
2025.10.27	11:15:00	74.947	74.973	74.926	74.955	75	0	3
2025.10.27	11:30:00	74.952	74.974	74.929	74.945	93	0	3
2025.10.27	11:45:00	74.948	74.962	74.888	74.917	108	0	3
2025.10.27	12:00:00	74.914	74.931	74.894	74.915	143	0	3
2025.10.27	12:15:00	74.918	74.946	74.902	74.946	91	0	3
2025.10.27	12:30:00	74.949	74.959	74.925	74.932	118	0	3
2025.10.27	12:45:00	74.929	74.941	74.917	74.919	80	0	3
2025.10.27	13:00:00	74.916	74.932	74.897	74.925	79	0	3
2025.10.27	13:15:00	74.922	74.957	74.922	74.953	88	0	3
2025.10.27	13:30:00	74.950	75.035	74.947	75.007	171	0	3
2025.10.27	13:45:00	75.010	75.042	74.981	74.992	195	0	3
2025.10.27	14:00:00	74.989	75.019	74.985	75.003	114	0	3
2025.10.27	14:15:00	75.000	75.038	74.993	75.004	108	0	3
2025.10.27	14:30:00	75.000	75.029	75.000	75.011	93	0	3
2025.10.27	14:45:00	75.014	75.031	74.981	75.011	111	0	3
2025.10.27	15:00:00	75.014	75.087	75.010	75.064	144	0	3
2025.10.27	15:15:00	75.068	75.077	75.031	75.041	88	0	3
2025.10.27	15:30:00	75.037	75.044	75.008	75.008	113	0	3
2025.10.27	15:45:00	75.012	75.057	75.002	75.025	132	0	3
2025.10.27	16:00:00	75.022	75.055	75.012	75.031	110	0	3
2025.10.27	16:15:00	75.034	75.041	75.013	75.016	55	0	3
2025.10.27	16:30:00	75.013	75.014	74.995	75.006	63	0	3
2025.10.27	16:45:00	75.009	75.016	74.988	74.988	47	0	3
2025.10.27	17:00:00	74.991	74.991	74.968	74.979	60	0	3
2025.10.27	17:15:00	74.982	75.003	74.978	74.991	64	0	3
2025.10.27	17:30:00	74.987	74.990	74.976	74.985	31	0	3
2025.10.27	17:45:00	74.985	75.000	74.985	74.997	30	0	3
2025.10.27	18:00:00	74.994	75.014	74.994	75.004	33	0	3
2025.10.27	18:15:00	75.001	75.048	75.001	75.041	46	0	3
2025.10.27	18:30:00	75.039	75.043	74.994	75.003	54	0	3
2025.10.27	18:45:00	75.006	75.009	74.967	74.973	98	0	3
2025.10.27	19:00:00	74.970	74.997	74.970	74.991	52	0	3
2025.10.27	19:15:00	74.995	75.023	74.991	75.020	35	0	3
2025.10.27	19:30:00	75.020	75.023	75.001	75.014	35	0	3
2025.10.27	19:45:00	75.017	75.017	74.975	74.991	41	0	3
2025.10.27	20:00:00	74.987	75.002	74.975	74.991	53	0	3
2025.10.27	20:15:00	74.991	74.993	74.973	74.973	21	0	3
2025.10.27	20:30:00	74.974	74.985	74.973	74.973	22	0	3
2025.10.27	20:45:00	74.974	74.993	74.968	74.987	42	0	3
2025.10.27	21:00:00	74.985	74.985	74.975	74.976	12	0	8
2025.10.27	21:15:00	74.977	74.977	74.968	74.969	14	0	17
2025.10.27	21:30:00	74.969	74.972	74.968	74.970	14	0	4
2025.10.27	21:45:00	74.971	74.973	74.970	74.970	15	0	4
2025.10.27	22:00:00	74.974	74.983	74.970	74.983	26	0	3
2025.10.27	22:15:00	74.984	74.984	74.972	74.978	22	0	3
2025.10.27	22:30:00	74.979	74.980	74.974	74.977	22	0	3
2025.10.27	22:45:00	74.978	74.979	74.962	74.966	23	0	3
2025.10.27	23:00:00	74.963	74.969	74.959	74.968	29	0	3
2025.10.27	23:15:00	74.965	74.968	74.948	74.949	24	0	3
2025.10.27	23:30:00	74.949	74.955	74.945	74.945	21	0	3
2025.10.27	23:45:00	74.946	74.960	74.937	74.959	34	0	3
2025.10.28	00:00:00	74.962	74.979	74.939	74.939	44	0	3
2025.10.28	00:15:00	74.937	74.940	74.906	74.919	39	0	3
2025.10.28	00:30:00	74.917	74.917	74.883	74.894	48	0	3
2025.10.28	00:45:00	74.895	74.908	74.887	74.905	47	0	3
2025.10.28	01:00:00	74.909	74.913	74.869	74.869	59	0	3
2025.10.28	01:15:00	74.866	74.917	74.859	74.917	83	0	3
2025.10.28	01:30:00	74.913	74.916	74.888	74.891	45	0	3
2025.10.28	01:45:00	74.894	74.907	74.885	74.892	47	0	3
2025.10.28	02:00:00	74.889	74.889	74.857	74.862	51	0	3
2025.10.28	02:15:00	74.865	74.884	74.862	74.873	40	0	3
2025.10.28	02:30:00	74.873	74.900	74.873	74.888	41	0	3
2025.10.28	02:45:00	74.891	74.912	74.888	74.912	39	0	3
2025.10.28	03:00:00	74.909	74.909	74.886	74.899	37	0	3
2025.10.28	03:15:00	74.899	74.907	74.887	74.890	39	0	3
2025.10.28	03:30:00	74.887	74.909	74.887	74.895	31	0	3
2025.10.28	03:45:00	74.896	74.896	74.864	74.873	34	0	3
2025.10.28	04:00:00	74.870	74.876	74.824	74.828	53	0	3
2025.10.28	04:15:00	74.825	74.842	74.810	74.839	73	0	3
2025.10.28	04:30:00	74.842	74.849	74.819	74.832	41	0	3
2025.10.28	04:45:00	74.828	74.828	74.811	74.814	61	0	3
2025.10.28	05:00:00	74.811	74.819	74.794	74.807	50	0	3
2025.10.28	05:15:00	74.804	74.845	74.797	74.810	59	0	3
2025.10.28	05:30:00	74.808	74.841	74.808	74.830	44	0	3
2025.10.28	05:45:00	74.829	74.842	74.819	74.836	40	0	3
2025.10.28	06:00:00	74.839	74.847	74.824	74.847	58	0	3
2025.10.28	06:15:00	74.844	74.844	74.809	74.822	62	0	3
2025.10.28	06:30:00	74.818	74.874	74.812	74.862	82	0	3
2025.10.28	06:45:00	74.865	74.890	74.851	74.890	65	0	3
2025.10.28	07:00:00	74.893	74.936	74.891	74.894	132	0	3
2025.10.28	07:15:00	74.897	74.911	74.892	74.905	63	0	3
2025.10.28	07:30:00	74.906	74.947	74.906	74.928	80	0	3
2025.10.28	07:45:00	74.931	75.008	74.930	74.984	102	0	3
2025.10.28	08:00:00	74.987	75.045	74.971	75.033	165	0	3
2025.10.28	08:15:00	75.030	75.070	75.001	75.066	159	0	3
2025.10.28	08:30:00	75.070	75.158	75.020	75.150	324	0	3
2025.10.28	08:45:00	75.148	75.179	75.127	75.145	202	0	3
2025.10.28	09:00:00	75.148	75.170	75.136	75.158	163	0	3
2025.10.28	09:15:00	75.155	75.182	75.132	75.160	117	0	3
2025.10.28	09:30:00	75.157	75.157	75.083	75.083	86	0	3
2025.10.28	09:45:00	75.080	75.114	75.061	75.086	97	0	3
2025.10.28	10:00:00	75.089	75.119	75.070	75.080	114	0	3
2025.10.28	10:15:00	75.078	75.087	75.041	75.068	90	0	3
2025.10.28	10:30:00	75.071	75.096	75.043	75.049	126	0	3
2025.10.28	10:45:00	75.046	75.073	75.026	75.044	100	0	3
2025.10.28	11:00:00	75.041	75.111	75.041	75.106	90	0	3
2025.10.28	11:15:00	75.103	75.143	75.073	75.143	135	0	3
2025.10.28	11:30:00	75.146	75.152	75.124	75.150	84	0	3
2025.10.28	11:45:00	75.153	75.162	75.136	75.143	93	0	3
2025.10.28	12:00:00	75.140	75.190	75.110	75.183	165	0	3
2025.10.28	12:15:00	75.187	75.210	75.156	75.186	139	0	3
2025.10.28	12:30:00	75.189	75.231	75.168	75.206	158	0	3
2025.10.28	12:45:00	75.209	75.302	75.199	75.275	252	0	3
2025.10.28	13:00:00	75.279	75.359	75.270	75.355	205	0	3
2025.10.28	13:15:00	75.352	75.405	75.349	75.375	146	0	3
2025.10.28	13:30:00	75.379	75.443	75.375	75.429	267	0	3
2025.10.28	13:45:00	75.432	75.485	75.414	75.435	308	0	3
2025.10.28	14:00:00	75.439	75.445	75.371	75.412	196	0	3
2025.10.28	14:15:00	75.415	75.416	75.319	75.392	188	0	3
2025.10.28	14:30:00	75.389	75.413	75.334	75.359	168	0	3
2025.10.28	14:45:00	75.356	75.383	75.307	75.320	148	0	3
2025.10.28	15:00:00	75.316	75.348	75.295	75.341	143	0	3
2025.10.28	15:15:00	75.344	75.346	75.310	75.311	94	0	3
2025.10.28	15:30:00	75.307	75.310	75.281	75.288	103	0	3
2025.10.28	15:45:00	75.291	75.370	75.288	75.315	158	0	3
2025.10.28	16:00:00	75.312	75.331	75.295	75.314	110	0	3
2025.10.28	16:15:00	75.311	75.330	75.281	75.281	78	0	3
2025.10.28	16:30:00	75.284	75.328	75.266	75.303	196	0	3
2025.10.28	16:45:00	75.306	75.313	75.236	75.243	163	0	3
2025.10.28	17:00:00	75.246	75.321	75.246	75.304	136	0	3
2025.10.28	17:15:00	75.307	75.317	75.283	75.315	81	0	3
2025.10.28	17:30:00	75.315	75.322	75.292	75.309	61	0	3
2025.10.28	17:45:00	75.312	75.325	75.306	75.316	46	0	3
2025.10.28	18:00:00	75.319	75.332	75.314	75.322	43	0	3
2025.10.28	18:15:00	75.319	75.338	75.315	75.337	36	0	3
2025.10.28	18:30:00	75.340	75.357	75.330	75.339	53	0	3
2025.10.28	18:45:00	75.341	75.341	75.285	75.301	57	0	3
2025.10.28	19:00:00	75.300	75.300	75.281	75.289	50	0	3
2025.10.28	19:15:00	75.286	75.296	75.279	75.296	41	0	3
2025.10.28	19:30:00	75.298	75.304	75.290	75.304	32	0	3
2025.10.28	19:45:00	75.301	75.341	75.301	75.341	57	0	3
2025.10.28	20:00:00	75.338	75.343	75.312	75.313	39	0	3
2025.10.28	20:15:00	75.310	75.341	75.307	75.336	28	0	3
2025.10.28	20:30:00	75.335	75.336	75.314	75.314	22	0	3
2025.10.28	20:45:00	75.313	75.357	75.308	75.345	46	0	3
2025.10.28	21:00:00	75.344	75.345	75.328	75.329	13	0	9
2025.10.28	21:15:00	75.329	75.329	75.312	75.315	13	0	24
2025.10.28	21:30:00	75.316	75.321	75.316	75.321	14	0	22
2025.10.28	21:45:00	75.321	75.321	75.316	75.317	15	0	7
2025.10.28	22:00:00	75.330	75.349	75.324	75.337	54	0	3
2025.10.28	22:15:00	75.340	75.346	75.332	75.335	26	0	3
2025.10.28	22:30:00	75.331	75.352	75.331	75.344	21	0	3
2025.10.28	22:45:00	75.348	75.354	75.342	75.347	29	0	3
2025.10.28	23:00:00	75.344	75.353	75.341	75.341	22	0	3
2025.10.28	23:15:00	75.345	75.353	75.336	75.353	21	0	3
2025.10.28	23:30:00	75.350	75.354	75.344	75.345	19	0	3
2025.10.28	23:45:00	75.342	75.359	75.308	75.308	42	0	3
2025.10.29	00:00:00	75.312	75.320	75.298	75.318	89	0	3
2025.10.29	00:15:00	75.314	75.330	75.305	75.310	60	0	3
2025.10.29	00:30:00	75.307	75.332	75.297	75.319	141	0	3
2025.10.29	00:45:00	75.315	75.367	75.303	75.344	112	0	3
2025.10.29	01:00:00	75.346	75.351	75.334	75.343	69	0	3
2025.10.29	01:15:00	75.340	75.383	75.337	75.371	69	0	3
2025.10.29	01:30:00	75.370	75.391	75.363	75.382	86	0	3
2025.10.29	01:45:00	75.379	75.391	75.371	75.391	62	0	3
2025.10.29	02:00:00	75.394	75.394	75.366	75.373	64	0	3
2025.10.29	02:15:00	75.376	75.407	75.376	75.407	47	0	3
2025.10.29	02:30:00	75.409	75.431	75.409	75.423	52	0	3
2025.10.29	02:45:00	75.424	75.424	75.392	75.392	47	0	3
2025.10.29	03:00:00	75.388	75.424	75.388	75.424	33	0	3
2025.10.29	03:15:00	75.423	75.435	75.418	75.435	29	0	3
2025.10.29	03:30:00	75.432	75.465	75.432	75.456	40	0	3
2025.10.29	03:45:00	75.459	75.466	75.450	75.456	33	0	3
2025.10.29	04:00:00	75.458	75.461	75.443	75.451	36	0	3
2025.10.29	04:15:00	75.452	75.458	75.444	75.446	32	0	3
2025.10.29	04:30:00	75.449	75.462	75.444	75.458	39	0	3
2025.10.29	04:45:00	75.458	75.473	75.453	75.466	37	0	3
2025.10.29	05:00:00	75.469	75.526	75.463	75.515	57	0	3
2025.10.29	05:15:00	75.513	75.545	75.513	75.545	71	0	3
2025.10.29	05:30:00	75.548	75.552	75.518	75.537	72	0	3
2025.10.29	05:45:00	75.534	75.564	75.527	75.555	59	0	3
2025.10.29	06:00:00	75.558	75.590	75.541	75.548	105	0	3
2025.10.29	06:15:00	75.551	75.561	75.535	75.554	51	0	3
2025.10.29	06:30:00	75.551	75.552	75.522	75.545	63	0	3
2025.10.29	06:45:00	75.548	75.612	75.548	75.604	66	0	3
2025.10.29	07:00:00	75.607	75.628	75.560	75.570	146	0	3
2025.10.29	07:15:00	75.566	75.638	75.562	75.616	111	0	3
2025.10.29	07:30:00	75.612	75.635	75.585	75.591	120	0	3
2025.10.29	07:45:00	75.594	75.617	75.588	75.593	89	0	3
2025.10.29	08:00:00	75.597	75.686	75.587	75.683	134	0	3
2025.10.29	08:15:00	75.687	75.687	75.637	75.655	106	0	3
2025.10.29	08:30:00	75.652	75.702	75.645	75.674	98	0	3
2025.10.29	08:45:00	75.671	75.706	75.664	75.706	98	0	3
2025.10.29	09:00:00	75.710	75.770	75.706	75.747	139	0	3
2025.10.29	09:15:00	75.750	75.757	75.700	75.704	84	0	3
2025.10.29	09:30:00	75.708	75.708	75.642	75.655	91	0	3
2025.10.29	09:45:00	75.652	75.655	75.593	75.642	137	0	3
2025.10.29	10:00:00	75.645	75.655	75.632	75.647	84	0	3
2025.10.29	10:15:00	75.643	75.650	75.623	75.639	72	0	3
2025.10.29	10:30:00	75.637	75.664	75.627	75.652	83	0	3
2025.10.29	10:45:00	75.649	75.673	75.639	75.650	72	0	3
2025.10.29	11:00:00	75.647	75.659	75.619	75.633	97	0	3
2025.10.29	11:15:00	75.636	75.674	75.632	75.654	104	0	3
2025.10.29	11:30:00	75.655	75.668	75.615	75.628	112	0	3
2025.10.29	11:45:00	75.625	75.655	75.615	75.654	98	0	3
2025.10.29	12:00:00	75.651	75.658	75.633	75.655	106	0	3
2025.10.29	12:15:00	75.652	75.747	75.645	75.731	150	0	3
2025.10.29	12:30:00	75.728	75.751	75.710	75.734	150	0	3
2025.10.29	12:45:00	75.731	75.773	75.724	75.735	132	0	3
2025.10.29	13:00:00	75.732	75.759	75.665	75.672	191	0	3
2025.10.29	13:15:00	75.669	75.675	75.618	75.668	229	0	3
2025.10.29	13:30:00	75.665	75.710	75.633	75.709	182	0	3
2025.10.29	13:45:00	75.706	75.786	75.700	75.718	246	0	3
2025.10.29	14:00:00	75.722	75.745	75.685	75.691	225	0	3
2025.10.29	14:15:00	75.688	75.706	75.626	75.658	171	0	3
2025.10.29	14:30:00	75.654	75.683	75.639	75.677	150	0	3
2025.10.29	14:45:00	75.674	75.677	75.599	75.599	114	0	3
2025.10.29	15:00:00	75.595	75.603	75.563	75.598	205	0	3
2025.10.29	15:15:00	75.601	75.610	75.560	75.583	134	0	3
2025.10.29	15:30:00	75.581	75.584	75.528	75.534	121	0	3
2025.10.29	15:45:00	75.537	75.550	75.486	75.520	286	0	3
2025.10.29	16:00:00	75.523	75.540	75.503	75.518	180	0	3
2025.10.29	16:15:00	75.522	75.554	75.519	75.539	97	0	3
2025.10.29	16:30:00	75.542	75.579	75.542	75.573	85	0	3
2025.10.29	16:45:00	75.576	75.602	75.566	75.597	76	0	3
2025.10.29	17:00:00	75.601	75.607	75.576	75.600	75	0	3
2025.10.29	17:15:00	75.598	75.624	75.575	75.621	52	0	3
2025.10.29	17:30:00	75.624	75.662	75.624	75.637	88	0	3
2025.10.29	17:45:00	75.640	75.647	75.590	75.611	97	0	3
2025.10.29	18:00:00	75.608	75.701	75.595	75.699	758	0	3
2025.10.29	18:15:00	75.702	75.716	75.657	75.688	233	0	3
2025.10.29	18:30:00	75.684	76.101	75.636	75.983	2049	0	3
2025.10.29	18:45:00	75.986	76.053	75.882	75.982	1338	0	3
2025.10.29	19:00:00	75.979	76.070	75.928	76.021	880	0	3
2025.10.29	19:15:00	76.018	76.045	75.948	76.012	690	0	3
2025.10.29	19:30:00	76.016	76.033	75.878	75.881	418	0	3
2025.10.29	19:45:00	75.878	75.878	75.785	75.788	341	0	3
2025.10.29	20:00:00	75.791	75.865	75.784	75.849	112	0	3
2025.10.29	20:15:00	75.846	75.846	75.799	75.807	84	0	3
2025.10.29	20:30:00	75.808	75.821	75.752	75.779	175	0	3
2025.10.29	20:45:00	75.782	75.803	75.776	75.781	144	0	3
2025.10.29	21:00:00	75.781	75.783	75.758	75.774	14	0	7
2025.10.29	21:15:00	75.777	75.778	75.774	75.777	14	0	20
2025.10.29	21:30:00	75.779	75.787	75.779	75.785	15	0	9
2025.10.29	21:45:00	75.782	75.783	75.767	75.778	15	0	9
2025.10.29	22:00:00	75.780	75.783	75.776	75.778	32	0	3
2025.10.29	22:15:00	75.777	75.787	75.777	75.784	22	0	3
2025.10.29	22:30:00	75.785	75.785	75.773	75.776	23	0	3
2025.10.29	22:45:00	75.773	75.800	75.770	75.793	27	0	3
2025.10.29	23:00:00	75.790	75.798	75.782	75.789	26	0	3
2025.10.29	23:15:00	75.786	75.787	75.773	75.775	25	0	3
2025.10.29	23:30:00	75.776	75.779	75.764	75.775	26	0	3
2025.10.29	23:45:00	75.778	75.802	75.778	75.786	48	0	3
2025.10.30	00:00:00	75.782	75.826	75.782	75.789	105	0	3
2025.10.30	00:15:00	75.785	75.788	75.724	75.732	85	0	3
2025.10.30	00:30:00	75.736	75.742	75.726	75.731	56	0	3
2025.10.30	00:45:00	75.735	75.739	75.715	75.735	63	0	3
2025.10.30	01:00:00	75.732	75.750	75.714	75.741	86	0	3
2025.10.30	01:15:00	75.744	75.774	75.739	75.770	92	0	3
2025.10.30	01:30:00	75.772	75.775	75.720	75.724	66	0	3
2025.10.30	01:45:00	75.724	75.728	75.713	75.722	50	0	3
2025.10.30	02:00:00	75.719	75.736	75.703	75.703	77	0	3
2025.10.30	02:15:00	75.700	75.736	75.698	75.729	60	0	3
2025.10.30	02:30:00	75.726	75.735	75.711	75.718	50	0	3
2025.10.30	02:45:00	75.721	75.739	75.721	75.732	48	0	3
2025.10.30	03:00:00	75.728	75.732	75.703	75.703	52	0	3
2025.10.30	03:15:00	75.706	75.765	75.706	75.750	123	0	3
2025.10.30	03:30:00	75.753	75.774	75.747	75.759	75	0	3
2025.10.30	03:45:00	75.762	75.769	75.742	75.742	50	0	3
2025.10.30	04:00:00	75.745	75.753	75.720	75.724	96	0	3
2025.10.30	04:15:00	75.728	75.730	75.654	75.667	137	0	3
2025.10.30	04:30:00	75.670	75.699	75.663	75.675	171	0	3
2025.10.30	04:45:00	75.679	75.690	75.656	75.661	75	0	3
2025.10.30	05:00:00	75.657	75.690	75.649	75.687	83	0	3
2025.10.30	05:15:00	75.690	75.706	75.684	75.700	70	0	3
2025.10.30	05:30:00	75.697	75.707	75.676	75.676	51	0	3
2025.10.30	05:45:00	75.679	75.702	75.669	75.699	58	0	3
2025.10.30	06:00:00	75.702	75.709	75.675	75.677	76	0	3
2025.10.30	06:15:00	75.680	75.723	75.680	75.723	64	0	3
2025.10.30	06:30:00	75.720	75.776	75.708	75.760	150	0	3
2025.10.30	06:45:00	75.764	75.774	75.706	75.743	113	0	3
2025.10.30	07:00:00	75.747	75.797	75.742	75.794	178	0	3
2025.10.30	07:15:00	75.798	75.798	75.736	75.755	176	0	3
2025.10.30	07:30:00	75.751	75.763	75.689	75.736	141	0	3
2025.10.30	07:45:00	75.739	75.799	75.739	75.770	95	0	3
2025.10.30	08:00:00	75.767	75.838	75.743	75.799	240	0	3
2025.10.30	08:15:00	75.803	75.833	75.771	75.788	237	0	3
2025.10.30	08:30:00	75.792	75.821	75.731	75.739	164	0	3
2025.10.30	08:45:00	75.736	75.745	75.692	75.713	133	0	3
2025.10.30	09:00:00	75.716	75.782	75.701	75.765	159	0	3
2025.10.30	09:15:00	75.762	75.796	75.755	75.779	106	0	3
2025.10.30	09:30:00	75.776	75.840	75.759	75.839	115	0	3
2025.10.30	09:45:00	75.842	75.847	75.812	75.822	113	0	3
2025.10.30	10:00:00	75.819	75.854	75.819	75.840	110	0	3
2025.10.30	10:15:00	75.836	75.854	75.816	75.851	110	0	3
2025.10.30	10:30:00	75.853	75.885	75.844	75.877	74	0	3
2025.10.30	10:45:00	75.880	75.903	75.870	75.890	64	0	3
2025.10.30	11:00:00	75.894	75.903	75.842	75.861	81	0	3
2025.10.30	11:15:00	75.858	75.875	75.840	75.846	93	0	3
2025.10.30	11:30:00	75.843	75.879	75.811	75.870	124	0	3
2025.10.30	11:45:00	75.874	75.896	75.867	75.880	87	0	3
2025.10.30	12:00:00	75.883	75.913	75.841	75.907	110	0	3
2025.10.30	12:15:00	75.911	75.997	75.907	75.978	97	0	3
2025.10.30	12:30:00	75.980	76.060	75.942	76.043	232	0	3
2025.10.30	12:45:00	76.040	76.128	76.040	76.118	240	0	3
2025.10.30	13:00:00	76.121	76.238	76.109	76.187	323	0	3
2025.10.30	13:15:00	76.184	76.198	76.102	76.113	258	0	3
2025.10.30	13:30:00	76.116	76.128	76.045	76.046	261	0	3
2025.10.30	13:45:00	76.050	76.089	75.961	76.006	390	0	3
2025.10.30	14:00:00	76.003	76.030	75.905	75.940	381	0	3
2025.10.30	14:15:00	75.937	75.970	75.879	75.904	274	0	3
2025.10.30	14:30:00	75.900	75.993	75.865	75.972	280	0	3
2025.10.30	14:45:00	75.969	76.026	75.961	76.003	208	0	3
2025.10.30	15:00:00	75.999	76.023	75.962	75.971	170	0	3
2025.10.30	15:15:00	75.974	75.981	75.934	75.978	95	0	3
2025.10.30	15:30:00	75.982	76.073	75.981	76.032	114	0	3
2025.10.30	15:45:00	76.035	76.073	76.022	76.064	151	0	3
2025.10.30	16:00:00	76.067	76.101	76.050	76.099	131	0	3
2025.10.30	16:15:00	76.096	76.131	76.047	76.066	136	0	3
2025.10.30	16:30:00	76.069	76.076	75.994	75.994	149	0	3
2025.10.30	16:45:00	75.997	76.021	75.987	76.011	87	0	3
2025.10.30	17:00:00	76.014	76.066	76.014	76.057	74	0	3
2025.10.30	17:15:00	76.061	76.065	75.999	76.002	76	0	3
2025.10.30	17:30:00	76.005	76.035	75.999	76.033	85	0	3
2025.10.30	17:45:00	76.030	76.031	75.990	76.029	84	0	3
2025.10.30	18:00:00	76.032	76.046	75.998	76.046	83	0	3
2025.10.30	18:15:00	76.049	76.056	76.027	76.027	49	0	3
2025.10.30	18:30:00	76.024	76.041	76.009	76.038	52	0	3
2025.10.30	18:45:00	76.041	76.069	76.031	76.062	65	0	3
2025.10.30	19:00:00	76.058	76.075	76.044	76.057	84	0	3
2025.10.30	19:15:00	76.060	76.106	76.055	76.097	86	0	3
2025.10.30	19:30:00	76.093	76.093	76.075	76.078	42	0	3
2025.10.30	19:45:00	76.082	76.084	76.070	76.077	51	0	3
2025.10.30	20:00:00	76.073	76.081	76.048	76.048	38	0	3
2025.10.30	20:15:00	76.049	76.055	76.030	76.048	27	0	3
2025.10.30	20:30:00	76.045	76.045	76.028	76.036	26	0	3
2025.10.30	20:45:00	76.039	76.047	76.010	76.038	53	0	3
2025.10.30	21:00:00	76.038	76.039	76.034	76.037	13	0	4
2025.10.30	21:15:00	76.035	76.038	76.035	76.037	14	0	6
2025.10.30	21:30:00	76.035	76.038	76.028	76.028	14	0	7
2025.10.30	21:45:00	76.030	76.030	76.024	76.024	15	0	4
2025.11.02	22:00:00	76.136	76.136	76.094	76.112	22	0	9
2025.11.02	22:15:00	76.117	76.132	76.098	76.121	20	0	14
2025.11.02	22:30:00	76.121	76.156	76.121	76.132	20	0	8
2025.11.02	22:45:00	76.126	76.127	76.090	76.092	17	0	8
2025.11.02	23:00:00	76.089	76.122	76.088	76.110	340	0	3
2025.11.02	23:15:00	76.107	76.137	76.101	76.116	221	0	3
2025.11.02	23:30:00	76.112	76.135	76.109	76.125	147	0	3
2025.11.02	23:45:00	76.123	76.149	76.102	76.136	138	0	3
2025.11.03	00:00:00	76.139	76.148	76.123	76.143	90	0	3
2025.11.03	00:15:00	76.140	76.160	76.132	76.137	46	0	3
2025.11.03	00:30:00	76.139	76.151	76.131	76.135	35	0	3
2025.11.03	00:45:00	76.138	76.144	76.119	76.128	43	0	3
2025.11.03	01:00:00	76.131	76.144	76.130	76.137	53	0	3
2025.11.03	01:15:00	76.133	76.139	76.120	76.129	34	0	3
2025.11.03	01:30:00	76.127	76.145	76.120	76.144	30	0	3
2025.11.03	01:45:00	76.141	76.141	76.120	76.131	38	0	3
2025.11.03	02:00:00	76.130	76.140	76.098	76.102	43	0	3
2025.11.03	02:15:00	76.099	76.104	76.091	76.098	37	0	3
2025.11.03	02:30:00	76.101	76.112	76.089	76.108	37	0	3
2025.11.03	02:45:00	76.111	76.118	76.103	76.110	31	0	3
2025.11.03	03:00:00	76.110	76.116	76.108	76.116	28	0	3
2025.11.03	03:15:00	76.114	76.114	76.103	76.109	21	0	3
2025.11.03	03:30:00	76.112	76.115	76.093	76.107	28	0	3
2025.11.03	03:45:00	76.107	76.116	76.099	76.108	27	0	3
2025.11.03	04:00:00	76.107	76.110	76.074	76.074	35	0	3
2025.11.03	04:15:00	76.077	76.087	76.075	76.081	21	0	3
2025.11.03	04:30:00	76.085	76.093	76.085	76.092	21	0	3
2025.11.03	04:45:00	76.092	76.103	76.088	76.095	23	0	3
2025.11.03	05:00:00	76.098	76.103	76.085	76.098	28	0	3
2025.11.03	05:15:00	76.095	76.095	76.077	76.080	25	0	3
2025.11.03	05:30:00	76.080	76.087	76.072	76.080	36	0	3
2025.11.03	05:45:00	76.079	76.088	76.068	76.088	32	0	3
2025.11.03	06:00:00	76.092	76.092	76.069	76.089	42	0	3
2025.11.03	06:15:00	76.091	76.091	76.071	76.075	27	0	3
2025.11.03	06:30:00	76.071	76.071	76.051	76.064	31	0	3
2025.11.03	06:45:00	76.062	76.071	76.059	76.063	34	0	3
2025.11.03	07:00:00	76.066	76.083	76.052	76.083	61	0	3
2025.11.03	07:15:00	76.080	76.084	76.065	76.079	50	0	3
2025.11.03	07:30:00	76.082	76.092	76.058	76.078	68	0	3
2025.11.03	07:45:00	76.075	76.136	76.075	76.115	83	0	3
2025.11.03	08:00:00	76.111	76.177	76.111	76.143	102	0	3
2025.11.03	08:15:00	76.147	76.168	76.141	76.168	79	0	3
2025.11.03	08:30:00	76.164	76.204	76.154	76.204	81	0	3
2025.11.03	08:45:00	76.201	76.233	76.191	76.198	113	0	3
2025.11.03	09:00:00	76.195	76.217	76.195	76.217	78	0	3
2025.11.03	09:15:00	76.221	76.227	76.144	76.144	66	0	3
2025.11.03	09:30:00	76.142	76.167	76.131	76.164	69	0	3
2025.11.03	09:45:00	76.167	76.201	76.161	76.189	67	0	3
2025.11.03	10:00:00	76.192	76.213	76.157	76.161	108	0	3
2025.11.03	10:15:00	76.164	76.176	76.108	76.137	93	0	3
2025.11.03	10:30:00	76.140	76.168	76.140	76.147	73	0	3
2025.11.03	10:45:00	76.144	76.179	76.144	76.158	69	0	3
2025.11.03	11:00:00	76.161	76.168	76.115	76.121	83	0	3
2025.11.03	11:15:00	76.118	76.141	76.109	76.131	74	0	3
2025.11.03	11:30:00	76.128	76.191	76.128	76.191	80	0	3
2025.11.03	11:45:00	76.188	76.195	76.156	76.172	59	0	3
2025.11.03	12:00:00	76.169	76.182	76.114	76.130	85	0	3
2025.11.03	12:15:00	76.134	76.137	76.122	76.131	56	0	3
2025.11.03	12:30:00	76.128	76.142	76.100	76.100	72	0	3
2025.11.03	12:45:00	76.097	76.109	76.061	76.098	100	0	3
2025.11.03	13:00:00	76.102	76.137	76.102	76.129	69	0	3
2025.11.03	13:15:00	76.126	76.202	76.124	76.199	117	0	3
2025.11.03	13:30:00	76.196	76.196	76.152	76.182	84	0	3
2025.11.03	13:45:00	76.186	76.213	76.178	76.181	81	0	3
2025.11.03	14:00:00	76.177	76.211	76.167	76.198	105	0	3
2025.11.03	14:15:00	76.194	76.218	76.181	76.217	91	0	3
2025.11.03	14:30:00	76.220	76.273	76.217	76.259	159	0	3
2025.11.03	14:45:00	76.262	76.286	76.246	76.256	160	0	3
2025.11.03	15:00:00	76.245	76.255	76.139	76.142	331	0	3
2025.11.03	15:15:00	76.145	76.220	76.139	76.214	188	0	3
2025.11.03	15:30:00	76.218	76.236	76.161	76.165	127	0	3
2025.11.03	15:45:00	76.162	76.179	76.061	76.065	168	0	3
2025.11.03	16:00:00	76.068	76.095	76.038	76.080	187	0	3
2025.11.03	16:15:00	76.078	76.097	76.060	76.067	129	0	3
2025.11.03	16:30:00	76.064	76.067	76.047	76.052	92	0	3
2025.11.03	16:45:00	76.055	76.079	76.051	76.059	61	0	3
2025.11.03	17:00:00	76.061	76.070	76.047	76.052	68	0	3
2025.11.03	17:15:00	76.054	76.054	75.973	76.025	129	0	3
2025.11.03	17:30:00	76.021	76.080	76.018	76.077	77	0	3
2025.11.03	17:45:00	76.074	76.088	76.070	76.075	46	0	3
2025.11.03	18:00:00	76.071	76.093	76.056	76.093	56	0	3
2025.11.03	18:15:00	76.097	76.131	76.094	76.113	55	0	3
2025.11.03	18:30:00	76.110	76.118	76.102	76.103	45	0	3
2025.11.03	18:45:00	76.106	76.126	76.101	76.109	55	0	3
2025.11.03	19:00:00	76.106	76.131	76.097	76.108	77	0	3
2025.11.03	19:15:00	76.110	76.119	76.092	76.103	42	0	3
2025.11.03	19:30:00	76.100	76.120	76.096	76.114	43	0	3
2025.11.03	19:45:00	76.114	76.122	76.091	76.114	49	0	3
2025.11.03	20:00:00	76.112	76.116	76.096	76.099	45	0	3
2025.11.03	20:15:00	76.096	76.108	76.092	76.108	28	0	3
2025.11.03	20:30:00	76.109	76.117	76.107	76.109	26	0	3
2025.11.03	20:45:00	76.112	76.121	76.101	76.101	40	0	3
2025.11.03	21:00:00	76.103	76.115	76.103	76.115	15	0	14
2025.11.03	21:15:00	76.116	76.117	76.097	76.113	15	0	14
2025.11.03	21:30:00	76.110	76.110	76.098	76.101	14	0	14
2025.11.03	21:45:00	76.104	76.105	76.082	76.103	15	0	11
2025.11.03	22:00:00	76.106	76.106	76.101	76.101	12	0	6
2025.11.03	22:15:00	76.101	76.104	76.075	76.075	14	0	9
2025.11.03	22:30:00	76.075	76.086	76.075	76.086	14	0	21
2025.11.03	22:45:00	76.087	76.100	76.087	76.100	14	0	13
2025.11.03	23:00:00	76.122	76.127	76.104	76.121	74	0	3
2025.11.03	23:15:00	76.125	76.128	76.115	76.120	42	0	3
2025.11.03	23:30:00	76.128	76.132	76.108	76.123	32	0	3
2025.11.03	23:45:00	76.120	76.134	76.120	76.133	16	0	3
2025.11.04	00:00:00	76.136	76.219	76.136	76.210	83	0	3
2025.11.04	00:15:00	76.207	76.220	76.201	76.220	42	0	3
2025.11.04	00:30:00	76.219	76.223	76.198	76.213	57	0	3
2025.11.04	00:45:00	76.214	76.218	76.188	76.191	77	0	3
2025.11.04	01:00:00	76.194	76.214	76.194	76.195	64	0	3
2025.11.04	01:15:00	76.192	76.225	76.175	76.215	59	0	3
2025.11.04	01:30:00	76.218	76.228	76.188	76.192	63	0	3
2025.11.04	01:45:00	76.196	76.204	76.185	76.190	42	0	3
2025.11.04	02:00:00	76.194	76.213	76.190	76.205	45	0	3
2025.11.04	02:15:00	76.209	76.223	76.195	76.208	45	0	3
2025.11.04	02:30:00	76.206	76.212	76.183	76.206	51	0	3
2025.11.04	02:45:00	76.203	76.228	76.199	76.201	46	0	3
2025.11.04	03:00:00	76.198	76.198	76.177	76.178	39	0	3
2025.11.04	03:15:00	76.178	76.178	76.148	76.152	36	0	3
2025.11.04	03:30:00	76.155	76.172	76.137	76.158	96	0	3
2025.11.04	03:45:00	76.162	76.172	76.154	76.172	28	0	3
2025.11.04	04:00:00	76.168	76.186	76.168	76.183	28	0	3
2025.11.04	04:15:00	76.183	76.183	76.167	76.177	34	0	3
2025.11.04	04:30:00	76.174	76.174	76.143	76.159	48	0	3
2025.11.04	04:45:00	76.162	76.199	76.162	76.199	28	0	3
2025.11.04	05:00:00	76.202	76.214	76.194	76.213	37	0	3
2025.11.04	05:15:00	76.210	76.226	76.202	76.205	47	0	3
2025.11.04	05:30:00	76.202	76.213	76.188	76.206	66	0	3
2025.11.04	05:45:00	76.202	76.223	76.198	76.211	53	0	3
2025.11.04	06:00:00	76.208	76.239	76.201	76.218	62	0	3
2025.11.04	06:15:00	76.218	76.223	76.187	76.190	87	0	3
2025.11.04	06:30:00	76.186	76.220	76.179	76.182	72	0	3
2025.11.04	06:45:00	76.185	76.204	76.181	76.197	95	0	3
2025.11.04	07:00:00	76.200	76.230	76.188	76.192	98	0	3
2025.11.04	07:15:00	76.193	76.197	76.107	76.116	151	0	3
2025.11.04	07:30:00	76.119	76.189	76.119	76.184	113	0	3
2025.11.04	07:45:00	76.188	76.231	76.171	76.212	86	0	3
2025.11.04	08:00:00	76.209	76.329	76.209	76.286	180	0	3
2025.11.04	08:15:00	76.289	76.336	76.252	76.300	280	0	3
2025.11.04	08:30:00	76.297	76.348	76.257	76.318	212	0	3
2025.11.04	08:45:00	76.315	76.417	76.303	76.380	255	0	3
2025.11.04	09:00:00	76.377	76.436	76.360	76.429	151	0	3
2025.11.04	09:15:00	76.426	76.510	76.399	76.496	200	0	3
2025.11.04	09:30:00	76.492	76.529	76.474	76.522	129	0	3
2025.11.04	09:45:00	76.519	76.573	76.515	76.553	166	0	3
2025.11.04	10:00:00	76.556	76.559	76.518	76.519	122	0	3
2025.11.04	10:15:00	76.523	76.529	76.505	76.514	81	0	3
2025.11.04	10:30:00	76.517	76.519	76.456	76.470	82	0	3
2025.11.04	10:45:00	76.474	76.501	76.466	76.495	77	0	3
2025.11.04	11:00:00	76.492	76.536	76.482	76.523	94	0	3
2025.11.04	11:15:00	76.519	76.527	76.493	76.494	55	0	3
2025.11.04	11:30:00	76.497	76.528	76.483	76.510	81	0	3
2025.11.04	11:45:00	76.506	76.587	76.497	76.576	114	0	3
2025.11.04	12:00:00	76.580	76.587	76.546	76.557	117	0	3
2025.11.04	12:15:00	76.554	76.608	76.547	76.582	102	0	3
2025.11.04	12:30:00	76.585	76.601	76.557	76.564	118	0	3
2025.11.04	12:45:00	76.561	76.578	76.519	76.529	128	0	3
2025.11.04	13:00:00	76.533	76.552	76.521	76.552	119	0	3
2025.11.04	13:15:00	76.549	76.568	76.530	76.568	90	0	3
2025.11.04	13:30:00	76.571	76.571	76.538	76.538	79	0	3
2025.11.04	13:45:00	76.536	76.584	76.536	76.581	81	0	3
2025.11.04	14:00:00	76.584	76.618	76.538	76.612	132	0	3
2025.11.04	14:15:00	76.608	76.673	76.594	76.672	133	0	3
2025.11.04	14:30:00	76.668	76.722	76.664	76.677	158	0	3
2025.11.04	14:45:00	76.680	76.706	76.639	76.639	162	0	3
2025.11.04	15:00:00	76.636	76.681	76.593	76.610	221	0	3
2025.11.04	15:15:00	76.614	76.657	76.610	76.649	158	0	3
2025.11.04	15:30:00	76.652	76.665	76.580	76.590	149	0	3
2025.11.04	15:45:00	76.593	76.662	76.593	76.652	203	0	3
2025.11.04	16:00:00	76.649	76.680	76.632	76.665	137	0	3
2025.11.04	16:15:00	76.662	76.684	76.634	76.651	100	0	3
2025.11.04	16:30:00	76.654	76.663	76.617	76.653	122	0	3
2025.11.04	16:45:00	76.656	76.685	76.629	76.668	110	0	3
2025.11.04	17:00:00	76.664	76.711	76.655	76.709	69	0	3
2025.11.04	17:15:00	76.712	76.727	76.705	76.721	55	0	3
2025.11.04	17:30:00	76.724	76.761	76.724	76.758	54	0	3
2025.11.04	17:45:00	76.755	76.768	76.744	76.754	53	0	3
2025.11.04	18:00:00	76.757	76.815	76.753	76.797	103	0	3
2025.11.04	18:15:00	76.793	76.805	76.787	76.792	43	0	3
2025.11.04	18:30:00	76.796	76.819	76.771	76.771	65	0	3
2025.11.04	18:45:00	76.774	76.796	76.759	76.786	54	0	3
2025.11.04	19:00:00	76.785	76.788	76.767	76.772	51	0	3
2025.11.04	19:15:00	76.769	76.811	76.769	76.811	54	0	3
2025.11.04	19:30:00	76.808	76.836	76.808	76.833	58	0	3
2025.11.04	19:45:00	76.836	76.843	76.818	76.833	49	0	3
2025.11.04	20:00:00	76.836	76.861	76.816	76.816	62	0	3
2025.11.04	20:15:00	76.819	76.822	76.805	76.811	38	0	3
2025.11.04	20:30:00	76.807	76.810	76.773	76.784	51	0	3
2025.11.04	20:45:00	76.781	76.822	76.781	76.809	54	0	3
2025.11.04	21:00:00	76.804	76.804	76.786	76.800	15	0	14
2025.11.04	21:15:00	76.800	76.812	76.800	76.812	14	0	14
2025.11.04	21:30:00	76.813	76.813	76.776	76.783	16	0	14
2025.11.04	21:45:00	76.785	76.802	76.785	76.802	15	0	6
2025.11.04	22:00:00	76.800	76.802	76.798	76.799	14	0	8
2025.11.04	22:15:00	76.791	76.791	76.760	76.761	14	0	30
2025.11.04	22:30:00	76.760	76.777	76.760	76.773	14	0	22
2025.11.04	22:45:00	76.772	76.773	76.755	76.757	15	0	14
2025.11.04	23:00:00	76.771	76.808	76.771	76.801	34	0	3
2025.11.04	23:15:00	76.804	76.804	76.786	76.790	22	0	3
2025.11.04	23:30:00	76.789	76.796	76.786	76.786	26	0	3
2025.11.04	23:45:00	76.787	76.797	76.781	76.797	21	0	3
2025.11.05	00:00:00	76.794	76.812	76.794	76.797	32	0	3
2025.11.05	00:15:00	76.796	76.804	76.788	76.791	25	0	3
2025.11.05	00:30:00	76.788	76.829	76.788	76.829	34	0	3
2025.11.05	00:45:00	76.832	76.833	76.808	76.810	55	0	3
2025.11.05	01:00:00	76.807	76.847	76.803	76.829	72	0	3
2025.11.05	01:15:00	76.826	76.861	76.821	76.839	100	0	3
2025.11.05	01:30:00	76.836	76.836	76.778	76.786	95	0	3
2025.11.05	01:45:00	76.790	76.831	76.781	76.831	77	0	3
2025.11.05	02:00:00	76.828	76.839	76.799	76.835	78	0	3
2025.11.05	02:15:00	76.838	76.838	76.798	76.798	60	0	3
2025.11.05	02:30:00	76.795	76.816	76.790	76.811	50	0	3
2025.11.05	02:45:00	76.810	76.835	76.795	76.831	49	0	3
2025.11.05	03:00:00	76.827	76.830	76.803	76.818	60	0	3
2025.11.05	03:15:00	76.822	76.823	76.809	76.817	31	0	3
2025.11.05	03:30:00	76.820	76.829	76.807	76.807	46	0	3
2025.11.05	03:45:00	76.803	76.827	76.803	76.804	62	0	3
2025.11.05	04:00:00	76.800	76.804	76.789	76.794	35	0	3
2025.11.05	04:15:00	76.790	76.794	76.785	76.789	24	0	3
2025.11.05	04:30:00	76.786	76.788	76.762	76.764	36	0	3
2025.11.05	04:45:00	76.768	76.785	76.764	76.769	33	0	3
2025.11.05	05:00:00	76.773	76.780	76.763	76.763	32	0	3
2025.11.05	05:15:00	76.762	76.764	76.744	76.748	23	0	3
2025.11.05	05:30:00	76.751	76.758	76.744	76.747	28	0	3
2025.11.05	05:45:00	76.751	76.791	76.750	76.791	43	0	3
2025.11.05	06:00:00	76.795	76.795	76.757	76.758	43	0	3
2025.11.05	06:15:00	76.762	76.770	76.752	76.760	39	0	3
2025.11.05	06:30:00	76.763	76.789	76.757	76.763	51	0	3
2025.11.05	06:45:00	76.760	76.763	76.740	76.756	36	0	3
2025.11.05	07:00:00	76.760	76.778	76.757	76.767	70	0	3
2025.11.05	07:15:00	76.770	76.807	76.767	76.785	62	0	3
2025.11.05	07:30:00	76.788	76.792	76.762	76.771	66	0	3
2025.11.05	07:45:00	76.775	76.778	76.740	76.761	60	0	3
2025.11.05	08:00:00	76.757	76.763	76.657	76.667	146	0	3
2025.11.05	08:15:00	76.664	76.723	76.661	76.704	116	0	3
2025.11.05	08:30:00	76.707	76.710	76.643	76.672	113	0	3
2025.11.05	08:45:00	76.669	76.675	76.630	76.652	111	0	3
2025.11.05	09:00:00	76.656	76.665	76.608	76.643	144	0	3
2025.11.05	09:15:00	76.647	76.684	76.634	76.681	79	0	3
2025.11.05	09:30:00	76.677	76.709	76.656	76.702	105	0	3
2025.11.05	09:45:00	76.703	76.722	76.685	76.685	84	0	3
2025.11.05	10:00:00	76.688	76.759	76.685	76.752	123	0	3
2025.11.05	10:15:00	76.755	76.769	76.742	76.743	70	0	3
2025.11.05	10:30:00	76.746	76.753	76.733	76.746	44	0	3
2025.11.05	10:45:00	76.742	76.780	76.738	76.774	64	0	3
2025.11.05	11:00:00	76.771	76.852	76.763	76.842	76	0	3
2025.11.05	11:15:00	76.845	76.845	76.773	76.775	85	0	3
2025.11.05	11:30:00	76.778	76.781	76.744	76.758	67	0	3
2025.11.05	11:45:00	76.755	76.758	76.705	76.716	76	0	3
2025.11.05	12:00:00	76.713	76.723	76.678	76.685	109	0	3
2025.11.05	12:15:00	76.688	76.698	76.672	76.687	86	0	3
2025.11.05	12:30:00	76.690	76.707	76.668	76.668	68	0	3
2025.11.05	12:45:00	76.671	76.690	76.648	76.673	106	0	3
2025.11.05	13:00:00	76.677	76.695	76.646	76.695	87	0	3
2025.11.05	13:15:00	76.690	76.734	76.674	76.674	171	0	3
2025.11.05	13:30:00	76.677	76.719	76.676	76.716	141	0	3
2025.11.05	13:45:00	76.719	76.771	76.714	76.770	113	0	3
2025.11.05	14:00:00	76.773	76.810	76.763	76.778	134	0	3
2025.11.05	14:15:00	76.782	76.782	76.745	76.761	106	0	3
2025.11.05	14:30:00	76.757	76.770	76.725	76.743	125	0	3
2025.11.05	14:45:00	76.740	76.781	76.711	76.730	182	0	3
2025.11.05	15:00:00	76.734	76.843	76.728	76.748	476	0	3
2025.11.05	15:15:00	76.745	76.745	76.652	76.658	236	0	3
2025.11.05	15:30:00	76.661	76.702	76.644	76.698	143	0	3
2025.11.05	15:45:00	76.695	76.703	76.655	76.679	146	0	3
2025.11.05	16:00:00	76.682	76.737	76.670	76.721	153	0	3
2025.11.05	16:15:00	76.717	76.722	76.666	76.684	91	0	3
2025.11.05	16:30:00	76.687	76.700	76.670	76.670	131	0	3
2025.11.05	16:45:00	76.666	76.686	76.633	76.639	112	0	3
2025.11.05	17:00:00	76.636	76.658	76.633	76.657	69	0	3
2025.11.05	17:15:00	76.654	76.667	76.644	76.663	47	0	3
2025.11.05	17:30:00	76.667	76.688	76.667	76.682	56	0	3
2025.11.05	17:45:00	76.679	76.717	76.679	76.693	79	0	3
2025.11.05	18:00:00	76.690	76.697	76.660	76.677	84	0	3
2025.11.05	18:15:00	76.680	76.690	76.666	76.669	54	0	3
2025.11.05	18:30:00	76.672	76.686	76.663	76.680	41	0	3
2025.11.05	18:45:00	76.677	76.685	76.652	76.655	42	0	3
2025.11.05	19:00:00	76.659	76.670	76.655	76.670	32	0	3
2025.11.05	19:15:00	76.672	76.674	76.645	76.645	25	0	3
2025.11.05	19:30:00	76.645	76.656	76.640	76.656	31	0	3
2025.11.05	19:45:00	76.656	76.664	76.642	76.657	30	0	3
2025.11.05	20:00:00	76.654	76.654	76.631	76.632	44	0	3
2025.11.05	20:15:00	76.632	76.634	76.616	76.629	32	0	3
2025.11.05	20:30:00	76.632	76.644	76.627	76.630	35	0	3
2025.11.05	20:45:00	76.628	76.638	76.620	76.621	24	0	3
2025.11.05	21:00:00	76.622	76.628	76.615	76.616	14	0	14
2025.11.05	21:15:00	76.608	76.616	76.601	76.601	15	0	14
2025.11.05	21:30:00	76.603	76.610	76.597	76.605	15	0	14
2025.11.05	21:45:00	76.597	76.612	76.597	76.612	14	0	8
2025.11.05	22:00:00	76.605	76.608	76.605	76.606	12	0	17
2025.11.05	22:15:00	76.606	76.608	76.602	76.602	13	0	30
2025.11.05	22:30:00	76.602	76.619	76.602	76.608	15	0	19
2025.11.05	22:45:00	76.610	76.631	76.610	76.631	15	0	4
2025.11.05	23:00:00	76.628	76.650	76.620	76.623	40	0	3
2025.11.05	23:15:00	76.624	76.625	76.618	76.622	20	0	3
2025.11.05	23:30:00	76.619	76.619	76.609	76.612	24	0	3
2025.11.05	23:45:00	76.612	76.620	76.612	76.615	23	0	3
2025.11.06	00:00:00	76.613	76.625	76.613	76.613	23	0	3
2025.11.06	00:15:00	76.613	76.616	76.601	76.601	23	0	3
2025.11.06	00:30:00	76.598	76.613	76.590	76.594	46	0	3
2025.11.06	00:45:00	76.594	76.594	76.569	76.572	54	0	3
2025.11.06	01:00:00	76.569	76.573	76.552	76.573	63	0	3
2025.11.06	01:15:00	76.569	76.573	76.553	76.554	35	0	3
2025.11.06	01:30:00	76.550	76.564	76.537	76.546	45	0	3
2025.11.06	01:45:00	76.544	76.554	76.541	76.548	31	0	3
2025.11.06	02:00:00	76.551	76.560	76.544	76.560	39	0	3
2025.11.06	02:15:00	76.559	76.559	76.550	76.558	26	0	3
2025.11.06	02:30:00	76.555	76.577	76.548	76.574	33	0	3
2025.11.06	02:45:00	76.575	76.583	76.568	76.571	29	0	3
2025.11.06	03:00:00	76.568	76.583	76.558	76.558	34	0	3
2025.11.06	03:15:00	76.556	76.560	76.547	76.547	28	0	3
2025.11.06	03:30:00	76.544	76.549	76.542	76.547	22	0	3
2025.11.06	03:45:00	76.545	76.549	76.540	76.548	19	0	3
2025.11.06	04:00:00	76.545	76.554	76.541	76.542	22	0	3
2025.11.06	04:15:00	76.542	76.556	76.534	76.555	23	0	3
2025.11.06	04:30:00	76.555	76.566	76.554	76.566	16	0	3
2025.11.06	04:45:00	76.566	76.576	76.554	76.555	28	0	3
2025.11.06	05:00:00	76.555	76.567	76.555	76.558	22	0	3
2025.11.06	05:15:00	76.554	76.559	76.542	76.543	20	0	3
2025.11.06	05:30:00	76.546	76.572	76.546	76.572	32	0	3
2025.11.06	05:45:00	76.575	76.583	76.560	76.565	38	0	3
2025.11.06	06:00:00	76.569	76.572	76.524	76.534	61	0	3
2025.11.06	06:15:00	76.538	76.561	76.538	76.558	32	0	3
2025.11.06	06:30:00	76.554	76.583	76.548	76.575	34	0	3
2025.11.06	06:45:00	76.577	76.609	76.577	76.602	42	0	3
2025.11.06	07:00:00	76.598	76.604	76.561	76.564	60	0	3
2025.11.06	07:15:00	76.568	76.572	76.501	76.507	69	0	3
2025.11.06	07:30:00	76.511	76.565	76.511	76.538	120	0	3
2025.11.06	07:45:00	76.534	76.565	76.531	76.551	91	0	3
2025.11.06	08:00:00	76.554	76.559	76.516	76.555	140	0	3
2025.11.06	08:15:00	76.558	76.572	76.508	76.521	110	0	3
2025.11.06	08:30:00	76.524	76.547	76.514	76.541	84	0	3
2025.11.06	08:45:00	76.544	76.552	76.410	76.423	125	0	3
2025.11.06	09:00:00	76.427	76.456	76.408	76.440	143	0	3
2025.11.06	09:15:00	76.443	76.467	76.422	76.427	106	0	3
2025.11.06	09:30:00	76.430	76.462	76.404	76.404	115	0	3
2025.11.06	09:45:00	76.407	76.464	76.398	76.451	82	0	3
2025.11.06	10:00:00	76.453	76.467	76.412	76.412	84	0	3
2025.11.06	10:15:00	76.415	76.436	76.410	76.428	56	0	3
2025.11.06	10:30:00	76.431	76.453	76.413	76.414	97	0	3
2025.11.06	10:45:00	76.417	76.465	76.417	76.460	60	0	3
2025.11.06	11:00:00	76.457	76.470	76.438	76.453	70	0	3
2025.11.06	11:15:00	76.450	76.450	76.403	76.413	61	0	3
2025.11.06	11:30:00	76.416	76.421	76.367	76.383	91	0	3
2025.11.06	11:45:00	76.380	76.409	76.368	76.382	140	0	3
2025.11.06	12:00:00	76.379	76.570	76.349	76.502	923	0	3
2025.11.06	12:15:00	76.499	76.508	76.445	76.489	192	0	3
2025.11.06	12:30:00	76.486	76.497	76.400	76.434	302	0	3
2025.11.06	12:45:00	76.431	76.431	76.310	76.333	238	0	3
2025.11.06	13:00:00	76.336	76.372	76.316	76.364	163	0	3
2025.11.06	13:15:00	76.361	76.371	76.330	76.354	154	0	3
2025.11.06	13:30:00	76.351	76.360	76.228	76.276	253	0	3
2025.11.06	13:45:00	76.272	76.292	76.187	76.286	246	0	3
2025.11.06	14:00:00	76.289	76.348	76.274	76.332	218	0	3
2025.11.06	14:15:00	76.335	76.396	76.335	76.382	138	0	3
2025.11.06	14:30:00	76.384	76.407	76.357	76.407	171	0	3
2025.11.06	14:45:00	76.404	76.431	76.387	76.429	142	0	3
2025.11.06	15:00:00	76.432	76.446	76.377	76.391	243	0	3
2025.11.06	15:15:00	76.394	76.402	76.305	76.340	189	0	3
2025.11.06	15:30:00	76.337	76.414	76.337	76.394	176	0	3
2025.11.06	15:45:00	76.390	76.401	76.306	76.322	189	0	3
2025.11.06	16:00:00	76.319	76.351	76.309	76.322	141	0	3
2025.11.06	16:15:00	76.319	76.334	76.288	76.303	102	0	3
2025.11.06	16:30:00	76.306	76.327	76.274	76.299	149	0	3
2025.11.06	16:45:00	76.302	76.314	76.272	76.305	106	0	3
2025.11.06	17:00:00	76.301	76.301	76.242	76.268	142	0	3
2025.11.06	17:15:00	76.271	76.320	76.225	76.301	104	0	3
2025.11.06	17:30:00	76.298	76.298	76.194	76.194	123	0	3
2025.11.06	17:45:00	76.198	76.234	76.192	76.206	93	0	3
2025.11.06	18:00:00	76.202	76.216	76.143	76.147	106	0	3
2025.11.06	18:15:00	76.143	76.171	76.129	76.136	88	0	3
2025.11.06	18:30:00	76.139	76.139	76.089	76.089	66	0	3
2025.11.06	18:45:00	76.092	76.107	76.087	76.105	65	0	3
2025.11.06	19:00:00	76.108	76.114	76.088	76.095	48	0	3
2025.11.06	19:15:00	76.096	76.107	76.094	76.101	35	0	3
2025.11.06	19:30:00	76.104	76.138	76.091	76.130	50	0	3
2025.11.06	19:45:00	76.131	76.160	76.131	76.149	60	0	3
2025.11.06	20:00:00	76.146	76.147	76.104	76.105	45	0	3
2025.11.06	20:15:00	76.108	76.150	76.103	76.143	45	0	3
2025.11.06	20:30:00	76.139	76.139	76.126	76.134	38	0	3
2025.11.06	20:45:00	76.137	76.147	76.118	76.126	96	0	3
2025.11.06	21:00:00	76.129	76.138	76.125	76.127	60	0	3
2025.11.06	21:15:00	76.127	76.130	76.107	76.114	23	0	3
2025.11.06	21:30:00	76.114	76.137	76.113	76.131	52	0	3
2025.11.06	21:45:00	76.132	76.132	76.105	76.107	68	0	3
2025.11.09	22:00:00	75.938	75.947	75.932	75.945	10	0	60
2025.11.09	22:15:00	75.938	75.963	75.938	75.960	14	0	39
2025.11.09	22:30:00	75.961	75.989	75.961	75.989	15	0	32
2025.11.09	22:45:00	75.991	76.007	75.991	76.007	15	0	26
2025.11.09	23:00:00	75.996	76.051	75.988	76.047	31	0	5
2025.11.09	23:15:00	76.051	76.075	76.045	76.073	22	0	3
2025.11.09	23:30:00	76.069	76.086	76.069	76.084	29	0	3
2025.11.09	23:45:00	76.088	76.104	76.084	76.095	44	0	3
2025.11.10	00:00:00	76.091	76.122	76.020	76.087	210	0	3
2025.11.10	00:15:00	76.084	76.095	76.064	76.080	69	0	3
2025.11.10	00:30:00	76.077	76.092	76.065	76.080	103	0	3
2025.11.10	00:45:00	76.077	76.083	76.059	76.073	95	0	3
2025.11.10	01:00:00	76.076	76.101	76.054	76.057	90	0	3
2025.11.10	01:15:00	76.054	76.054	76.016	76.029	81	0	3
2025.11.10	01:30:00	76.026	76.061	76.026	76.058	90	0	3
2025.11.10	01:45:00	76.055	76.062	76.037	76.038	55	0	3
2025.11.10	02:00:00	76.042	76.067	76.034	76.057	49	0	3
2025.11.10	02:15:00	76.056	76.059	76.033	76.049	38	0	3
2025.11.10	02:30:00	76.047	76.061	76.035	76.043	55	0	3
2025.11.10	02:45:00	76.039	76.054	76.039	76.054	123	0	3
2025.11.10	03:00:00	76.051	76.064	76.047	76.050	35	0	3
2025.11.10	03:15:00	76.050	76.073	76.048	76.069	53	0	3
2025.11.10	03:30:00	76.066	76.089	76.066	76.081	69	0	3
2025.11.10	03:45:00	76.084	76.085	76.062	76.062	40	0	3
2025.11.10	04:00:00	76.062	76.062	76.035	76.053	44	0	3
2025.11.10	04:15:00	76.054	76.072	76.054	76.054	32	0	3
2025.11.10	04:30:00	76.050	76.053	76.023	76.036	57	0	3
2025.11.10	04:45:00	76.035	76.042	76.019	76.031	39	0	3
2025.11.10	05:00:00	76.034	76.039	76.024	76.039	66	0	3
2025.11.10	05:15:00	76.038	76.041	75.995	76.001	54	0	3
2025.11.10	05:30:00	75.998	76.008	75.989	75.989	44	0	3
2025.11.10	05:45:00	75.986	76.017	75.986	76.014	39	0	3
2025.11.10	06:00:00	76.015	76.021	75.992	75.999	35	0	3
2025.11.10	06:15:00	75.999	76.034	75.999	76.024	42	0	3
2025.11.10	06:30:00	76.028	76.040	76.016	76.034	46	0	3
2025.11.10	06:45:00	76.031	76.106	76.031	76.093	109	0	3
2025.11.10	07:00:00	76.091	76.095	76.027	76.039	154	0	3
2025.11.10	07:15:00	76.035	76.063	76.014	76.022	175	0	3
2025.11.10	07:30:00	76.019	76.019	75.948	75.956	125	0	3
2025.11.10	07:45:00	75.959	76.006	75.947	76.005	78	0	3
2025.11.10	08:00:00	76.002	76.014	75.983	75.992	158	0	3
2025.11.10	08:15:00	75.989	75.989	75.897	75.900	140	0	3
2025.11.10	08:30:00	75.896	75.914	75.845	75.886	126	0	3
2025.11.10	08:45:00	75.889	75.913	75.875	75.906	151	0	3
2025.11.10	09:00:00	75.903	75.935	75.892	75.924	149	0	3
2025.11.10	09:15:00	75.921	75.947	75.895	75.916	114	0	3
2025.11.10	09:30:00	75.917	75.930	75.875	75.883	102	0	3
2025.11.10	09:45:00	75.886	75.912	75.882	75.909	84	0	3
2025.11.10	10:00:00	75.913	75.928	75.899	75.906	94	0	3
2025.11.10	10:15:00	75.902	75.944	75.899	75.944	67	0	3
2025.11.10	10:30:00	75.940	76.003	75.940	75.999	81	0	3
2025.11.10	10:45:00	75.996	76.002	75.982	75.988	63	0	3
2025.11.10	11:00:00	75.991	76.032	75.983	76.020	104	0	3
2025.11.10	11:15:00	76.016	76.028	75.964	75.967	84	0	3
2025.11.10	11:30:00	75.971	75.974	75.939	75.945	57	0	3
2025.11.10	11:45:00	75.942	75.945	75.887	75.895	90	0	3
2025.11.10	12:00:00	75.891	75.896	75.864	75.864	60	0	3
2025.11.10	12:15:00	75.861	75.869	75.826	75.863	86	0	3
2025.11.10	12:30:00	75.860	75.865	75.826	75.859	62	0	3
2025.11.10	12:45:00	75.860	75.881	75.831	75.862	79	0	3
2025.11.10	13:00:00	75.865	75.875	75.840	75.841	98	0	3
2025.11.10	13:15:00	75.844	75.858	75.807	75.851	80	0	3
2025.11.10	13:30:00	75.854	75.922	75.851	75.905	102	0	3
2025.11.10	13:45:00	75.902	75.923	75.887	75.900	101	0	3
2025.11.10	14:00:00	75.903	75.941	75.903	75.934	92	0	3
2025.11.10	14:15:00	75.930	75.966	75.915	75.956	75	0	3
2025.11.10	14:30:00	75.960	76.009	75.947	76.003	152	0	3
2025.11.10	14:45:00	76.000	76.030	75.937	75.951	187	0	3
2025.11.10	15:00:00	75.954	75.983	75.927	75.973	164	0	3
2025.11.10	15:15:00	75.971	76.011	75.959	76.007	118	0	3
2025.11.10	15:30:00	76.004	76.031	75.993	76.021	140	0	3
2025.11.10	15:45:00	76.025	76.069	76.008	76.055	236	0	3
2025.11.10	16:00:00	76.052	76.062	76.001	76.001	118	0	3
2025.11.10	16:15:00	75.999	76.005	75.968	75.987	100	0	3
2025.11.10	16:30:00	75.990	76.025	75.979	76.017	116	0	3
2025.11.10	16:45:00	76.014	76.031	76.005	76.010	71	0	3
2025.11.10	17:00:00	76.007	76.014	75.961	75.974	120	0	3
2025.11.10	17:15:00	75.971	75.998	75.946	75.950	75	0	3
2025.11.10	17:30:00	75.947	75.951	75.903	75.916	83	0	3
2025.11.10	17:45:00	75.912	75.912	75.873	75.881	71	0	3
2025.11.10	18:00:00	75.878	75.884	75.844	75.859	54	0	3
2025.11.10	18:15:00	75.862	75.882	75.858	75.876	55	0	3
2025.11.10	18:30:00	75.876	75.878	75.864	75.871	43	0	3
2025.11.10	18:45:00	75.867	75.887	75.867	75.872	45	0	3
2025.11.10	19:00:00	75.875	75.875	75.847	75.848	45	0	3
2025.11.10	19:15:00	75.851	75.867	75.847	75.856	36	0	3
2025.11.10	19:30:00	75.853	75.869	75.849	75.861	40	0	3
2025.11.10	19:45:00	75.863	75.873	75.857	75.872	45	0	3
2025.11.10	20:00:00	75.872	75.875	75.849	75.849	37	0	3
2025.11.10	20:15:00	75.849	75.867	75.849	75.852	31	0	3
2025.11.10	20:30:00	75.856	75.859	75.846	75.856	34	0	3
2025.11.10	20:45:00	75.859	75.868	75.851	75.864	34	0	3
2025.11.10	21:00:00	75.867	75.871	75.860	75.869	24	0	3
2025.11.10	21:15:00	75.873	75.887	75.864	75.884	23	0	3
2025.11.10	21:30:00	75.887	75.890	75.881	75.889	23	0	3
2025.11.10	21:45:00	75.889	75.910	75.888	75.894	45	0	3
2025.11.10	22:00:00	75.893	75.896	75.893	75.894	14	0	5
2025.11.10	22:15:00	75.894	75.896	75.893	75.893	14	0	10
2025.11.10	22:30:00	75.894	75.896	75.887	75.888	15	0	8
2025.11.10	22:45:00	75.889	75.899	75.889	75.893	16	0	5
2025.11.10	23:00:00	75.894	75.907	75.886	75.891	27	0	3
2025.11.10	23:15:00	75.888	75.910	75.887	75.910	17	0	3
2025.11.10	23:30:00	75.906	75.908	75.895	75.905	18	0	3
2025.11.10	23:45:00	75.905	75.920	75.903	75.916	27	0	3
2025.11.11	00:00:00	75.913	75.921	75.900	75.910	39	0	3
2025.11.11	00:15:00	75.911	75.922	75.905	75.913	29	0	3
2025.11.11	00:30:00	75.916	75.948	75.912	75.943	35	0	3
2025.11.11	00:45:00	75.946	75.958	75.943	75.955	57	0	3
2025.11.11	01:00:00	75.959	75.994	75.948	75.987	69	0	3
2025.11.11	01:15:00	75.984	76.000	75.975	75.987	57	0	3
2025.11.11	01:30:00	75.984	75.990	75.965	75.976	43	0	3
2025.11.11	01:45:00	75.975	75.985	75.959	75.959	53	0	3
2025.11.11	02:00:00	75.956	75.957	75.939	75.947	50	0	3
2025.11.11	02:15:00	75.944	75.951	75.940	75.948	37	0	3
2025.11.11	02:30:00	75.951	75.968	75.949	75.968	29	0	3
2025.11.11	02:45:00	75.965	75.979	75.963	75.967	33	0	3
2025.11.11	03:00:00	75.967	75.968	75.937	75.946	39	0	3
2025.11.11	03:15:00	75.949	75.956	75.936	75.942	27	0	3
2025.11.11	03:30:00	75.945	75.946	75.927	75.940	35	0	3
2025.11.11	03:45:00	75.937	75.940	75.928	75.937	24	0	3
2025.11.11	04:00:00	75.941	75.950	75.920	75.950	29	0	3
2025.11.11	04:15:00	75.949	75.952	75.941	75.948	28	0	3
2025.11.11	04:30:00	75.951	75.957	75.935	75.938	30	0	3
2025.11.11	04:45:00	75.935	75.969	75.935	75.951	28	0	3
2025.11.11	05:00:00	75.948	75.973	75.941	75.942	51	0	3
2025.11.11	05:15:00	75.939	75.946	75.923	75.928	34	0	3
2025.11.11	05:30:00	75.925	75.936	75.917	75.929	45	0	3
2025.11.11	05:45:00	75.931	75.955	75.922	75.951	41	0	3
2025.11.11	06:00:00	75.947	75.951	75.925	75.935	39	0	3
2025.11.11	06:15:00	75.939	75.947	75.923	75.925	36	0	3
2025.11.11	06:30:00	75.922	75.985	75.922	75.985	44	0	3
2025.11.11	06:45:00	75.988	76.034	75.982	76.022	122	0	3
2025.11.11	07:00:00	76.018	76.214	75.996	76.164	719	0	3
2025.11.11	07:15:00	76.167	76.170	76.101	76.120	235	0	3
2025.11.11	07:30:00	76.123	76.183	76.115	76.151	206	0	3
2025.11.11	07:45:00	76.154	76.208	76.140	76.186	198	0	3
2025.11.11	08:00:00	76.182	76.200	76.129	76.171	240	0	3
2025.11.11	08:15:00	76.175	76.216	76.164	76.177	127	0	3
2025.11.11	08:30:00	76.180	76.191	76.158	76.178	115	0	3
2025.11.11	08:45:00	76.182	76.206	76.162	76.198	89	0	3
2025.11.11	09:00:00	76.202	76.239	76.185	76.226	126	0	3
2025.11.11	09:15:00	76.222	76.229	76.166	76.174	90	0	3
2025.11.11	09:30:00	76.170	76.177	76.136	76.148	88	0	3
2025.11.11	09:45:00	76.144	76.165	76.141	76.161	61	0	3
2025.11.11	10:00:00	76.165	76.212	76.147	76.176	122	0	3
2025.11.11	10:15:00	76.173	76.188	76.126	76.131	67	0	3
2025.11.11	10:30:00	76.129	76.140	76.115	76.120	64	0	3
2025.11.11	10:45:00	76.116	76.116	76.100	76.110	51	0	3
2025.11.11	11:00:00	76.107	76.138	76.092	76.137	76	0	3
2025.11.11	11:15:00	76.136	76.136	76.077	76.077	77	0	3
2025.11.11	11:30:00	76.080	76.093	76.058	76.078	80	0	3
2025.11.11	11:45:00	76.079	76.089	76.031	76.052	80	0	3
2025.11.11	12:00:00	76.055	76.069	76.022	76.022	74	0	3
2025.11.11	12:15:00	76.018	76.044	76.018	76.040	63	0	3
2025.11.11	12:30:00	76.043	76.056	76.022	76.027	67	0	3
2025.11.11	12:45:00	76.030	76.107	76.030	76.092	137	0	3
2025.11.11	13:00:00	76.089	76.089	76.039	76.044	104	0	3
2025.11.11	13:15:00	76.047	76.052	75.900	75.926	287	0	3
2025.11.11	13:30:00	75.930	75.936	75.890	75.894	213	0	3
2025.11.11	13:45:00	75.897	75.943	75.882	75.921	148	0	3
2025.11.11	14:00:00	75.918	75.945	75.889	75.942	111	0	3
2025.11.11	14:15:00	75.945	75.982	75.902	75.908	139	0	3
2025.11.11	14:30:00	75.904	75.914	75.854	75.873	123	0	3
2025.11.11	14:45:00	75.870	75.889	75.844	75.868	130	0	3
2025.11.11	15:00:00	75.871	75.992	75.867	75.975	196	0	3
2025.11.11	15:15:00	75.972	75.974	75.935	75.952	150	0	3
2025.11.11	15:30:00	75.955	75.960	75.934	75.945	109	0	3
2025.11.11	15:45:00	75.948	75.948	75.885	75.910	140	0	3
2025.11.11	16:00:00	75.906	75.910	75.882	75.896	102	0	3
2025.11.11	16:15:00	75.893	75.938	75.876	75.925	91	0	3
2025.11.11	16:30:00	75.928	75.942	75.894	75.921	87	0	3
2025.11.11	16:45:00	75.921	75.937	75.914	75.914	51	0	3
2025.11.11	17:00:00	75.910	75.936	75.902	75.905	63	0	3
2025.11.11	17:15:00	75.909	75.917	75.881	75.909	52	0	3
2025.11.11	17:30:00	75.913	75.932	75.905	75.912	36	0	3
2025.11.11	17:45:00	75.911	75.911	75.877	75.905	53	0	3
2025.11.11	18:00:00	75.909	75.917	75.893	75.896	60	0	3
2025.11.11	18:15:00	75.899	75.905	75.883	75.902	34	0	3
2025.11.11	18:30:00	75.898	75.914	75.898	75.912	34	0	3
2025.11.11	18:45:00	75.913	75.915	75.888	75.898	53	0	3
2025.11.11	19:00:00	75.902	75.926	75.898	75.926	64	0	3
2025.11.11	19:15:00	75.923	75.933	75.917	75.917	49	0	3
2025.11.11	19:30:00	75.915	75.915	75.907	75.910	24	0	3
2025.11.11	19:45:00	75.913	75.957	75.913	75.947	73	0	3
2025.11.11	20:00:00	75.943	75.943	75.926	75.927	36	0	3
2025.11.11	20:15:00	75.928	75.953	75.919	75.947	37	0	3
2025.11.11	20:30:00	75.951	75.958	75.939	75.952	32	0	3
2025.11.11	20:45:00	75.953	75.980	75.953	75.979	50	0	3
2025.11.11	21:00:00	75.976	75.982	75.972	75.975	34	0	3
2025.11.11	21:15:00	75.975	76.003	75.975	75.986	37	0	3
2025.11.11	21:30:00	75.986	76.006	75.986	76.006	20	0	3
2025.11.11	21:45:00	76.008	76.056	76.008	76.047	92	0	3
2025.11.11	22:00:00	76.046	76.046	75.974	75.993	7	0	6
2025.11.11	22:15:00	75.997	76.011	75.997	76.011	14	0	41
2025.11.11	22:30:00	76.012	76.020	76.012	76.019	15	0	28
2025.11.11	22:45:00	76.019	76.033	76.019	76.027	15	0	6
2025.11.11	23:00:00	76.033	76.048	76.033	76.048	14	0	8
2025.11.11	23:15:00	76.049	76.055	76.048	76.055	16	0	5
2025.11.11	23:30:00	76.054	76.054	76.027	76.027	18	0	3
2025.11.11	23:45:00	76.029	76.033	76.022	76.032	19	0	3
2025.11.12	00:00:00	76.032	76.045	76.028	76.038	34	0	3
2025.11.12	00:15:00	76.035	76.056	76.035	76.055	25	0	3
2025.11.12	00:30:00	76.052	76.078	76.045	76.074	40	0	3
2025.11.12	00:45:00	76.071	76.095	76.061	76.095	48	0	3
2025.11.12	01:00:00	76.098	76.103	76.075	76.086	71	0	3
2025.11.12	01:15:00	76.082	76.107	76.078	76.106	44	0	3
2025.11.12	01:30:00	76.109	76.119	76.100	76.103	54	0	3
2025.11.12	01:45:00	76.099	76.113	76.086	76.110	42	0	3
2025.11.12	02:00:00	76.107	76.107	76.093	76.097	27	0	3
2025.11.12	02:15:00	76.100	76.103	76.081	76.084	28	0	3
2025.11.12	02:30:00	76.088	76.108	76.088	76.107	26	0	3
2025.11.12	02:45:00	76.104	76.115	76.100	76.111	42	0	3
2025.11.12	03:00:00	76.114	76.127	76.110	76.114	34	0	3
2025.11.12	03:15:00	76.112	76.112	76.086	76.089	28	0	3
2025.11.12	03:30:00	76.092	76.106	76.090	76.101	24	0	3
2025.11.12	03:45:00	76.098	76.106	76.096	76.103	25	0	3
2025.11.12	04:00:00	76.100	76.128	76.097	76.125	24	0	3
2025.11.12	04:15:00	76.128	76.158	76.128	76.145	34	0	3
2025.11.12	04:30:00	76.142	76.160	76.141	76.158	35	0	3
2025.11.12	04:45:00	76.158	76.166	76.151	76.160	40	0	3
2025.11.12	05:00:00	76.161	76.167	76.136	76.138	37	0	3
2025.11.12	05:15:00	76.138	76.143	76.115	76.131	44	0	3
2025.11.12	05:30:00	76.134	76.137	76.105	76.124	35	0	3
2025.11.12	05:45:00	76.128	76.137	76.117	76.137	44	0	3
2025.11.12	06:00:00	76.140	76.148	76.110	76.148	48	0	3
2025.11.12	06:15:00	76.148	76.155	76.135	76.136	41	0	3
2025.11.12	06:30:00	76.132	76.138	76.104	76.111	49	0	3
2025.11.12	06:45:00	76.115	76.122	76.091	76.098	45	0	3
2025.11.12	07:00:00	76.095	76.095	76.062	76.076	89	0	3
2025.11.12	07:15:00	76.073	76.080	76.051	76.063	67	0	3
2025.11.12	07:30:00	76.060	76.108	76.055	76.085	79	0	3
2025.11.12	07:45:00	76.089	76.091	76.052	76.072	71	0	3
2025.11.12	08:00:00	76.069	76.079	76.012	76.022	139	0	3
2025.11.12	08:15:00	76.019	76.053	76.016	76.033	142	0	3
2025.11.12	08:30:00	76.037	76.047	76.022	76.041	91	0	3
2025.11.12	08:45:00	76.038	76.237	76.038	76.235	241	0	3
2025.11.12	09:00:00	76.237	76.245	76.154	76.245	184	0	3
2025.11.12	09:15:00	76.242	76.242	76.159	76.190	166	0	3
2025.11.12	09:30:00	76.186	76.206	76.165	76.187	135	0	3
2025.11.12	09:45:00	76.184	76.245	76.172	76.240	128	0	3
2025.11.12	10:00:00	76.237	76.256	76.213	76.242	106	0	3
2025.11.12	10:15:00	76.239	76.270	76.232	76.270	80	0	3
2025.11.12	10:30:00	76.269	76.269	76.189	76.199	76	0	3
2025.11.12	10:45:00	76.202	76.211	76.171	76.185	83	0	3
2025.11.12	11:00:00	76.188	76.230	76.184	76.224	57	0	3
2025.11.12	11:15:00	76.228	76.241	76.174	76.177	81	0	3
2025.11.12	11:30:00	76.174	76.199	76.159	76.194	80	0	3
2025.11.12	11:45:00	76.197	76.197	76.109	76.119	126	0	3
2025.11.12	12:00:00	76.116	76.191	76.103	76.160	184	0	3
2025.11.12	12:15:00	76.157	76.196	76.154	76.195	77	0	3
2025.11.12	12:30:00	76.199	76.287	76.199	76.251	152	0	3
2025.11.12	12:45:00	76.247	76.265	76.223	76.231	128	0	3
2025.11.12	13:00:00	76.228	76.263	76.201	76.259	154	0	3
2025.11.12	13:15:00	76.255	76.306	76.249	76.306	127	0	3
2025.11.12	13:30:00	76.303	76.359	76.293	76.337	118	0	3
2025.11.12	13:45:00	76.340	76.343	76.304	76.304	98	0	3
2025.11.12	14:00:00	76.307	76.396	76.289	76.396	132	0	3
2025.11.12	14:15:00	76.392	76.425	76.381	76.402	206	0	3
2025.11.12	14:30:00	76.398	76.414	76.347	76.350	185	0	3
2025.11.12	14:45:00	76.347	76.375	76.337	76.340	152	0	3
2025.11.12	15:00:00	76.343	76.347	76.292	76.303	197	0	3
2025.11.12	15:15:00	76.299	76.307	76.244	76.264	127	0	3
2025.11.12	15:30:00	76.267	76.276	76.228	76.228	123	0	3
2025.11.12	15:45:00	76.225	76.225	76.146	76.156	197	0	3
2025.11.12	16:00:00	76.152	76.152	76.125	76.137	131	0	3
2025.11.12	16:15:00	76.140	76.173	76.130	76.159	138	0	3
2025.11.12	16:30:00	76.162	76.172	76.128	76.132	99	0	3
2025.11.12	16:45:00	76.129	76.172	76.129	76.159	76	0	3
2025.11.12	17:00:00	76.162	76.162	76.108	76.108	85	0	3
2025.11.12	17:15:00	76.104	76.132	76.104	76.125	60	0	3
2025.11.12	17:30:00	76.129	76.133	76.109	76.126	46	0	3
2025.11.12	17:45:00	76.130	76.142	76.105	76.108	65	0	3
2025.11.12	18:00:00	76.111	76.114	76.094	76.104	74	0	3
2025.11.12	18:15:00	76.101	76.116	76.101	76.106	47	0	3
2025.11.12	18:30:00	76.103	76.106	76.080	76.088	43	0	3
2025.11.12	18:45:00	76.085	76.104	76.080	76.101	52	0	3
2025.11.12	19:00:00	76.104	76.142	76.096	76.142	63	0	3
2025.11.12	19:15:00	76.139	76.152	76.127	76.145	44	0	3
2025.11.12	19:30:00	76.148	76.153	76.132	76.150	51	0	3
2025.11.12	19:45:00	76.153	76.171	76.143	76.161	50	0	3
2025.11.12	20:00:00	76.164	76.167	76.146	76.146	48	0	3
2025.11.12	20:15:00	76.143	76.160	76.142	76.155	29	0	3
2025.11.12	20:30:00	76.158	76.172	76.154	76.154	36	0	3
2025.11.12	20:45:00	76.151	76.168	76.148	76.156	41	0	3
2025.11.12	21:00:00	76.153	76.188	76.153	76.177	46	0	3
2025.11.12	21:15:00	76.174	76.184	76.160	76.184	32	0	3
2025.11.12	21:30:00	76.184	76.184	76.164	76.176	30	0	3
2025.11.12	21:45:00	76.180	76.192	76.135	76.138	50	0	3
2025.11.12	22:00:00	76.137	76.139	76.136	76.139	13	0	11
2025.11.12	22:15:00	76.138	76.139	76.137	76.138	14	0	17
2025.11.12	22:30:00	76.140	76.156	76.140	76.156	14	0	6
2025.11.12	22:45:00	76.156	76.158	76.135	76.155	16	0	4
2025.11.12	23:00:00	76.158	76.164	76.144	76.157	25	0	3
2025.11.12	23:15:00	76.159	76.162	76.157	76.159	17	0	3
2025.11.12	23:30:00	76.161	76.178	76.158	76.175	24	0	3
2025.11.12	23:45:00	76.178	76.179	76.172	76.173	17	0	3
2025.11.13	00:00:00	76.170	76.205	76.170	76.203	44	0	3
2025.11.13	00:15:00	76.207	76.214	76.194	76.205	29	0	3
2025.11.13	00:30:00	76.201	76.230	76.185	76.222	109	0	3
2025.11.13	00:45:00	76.225	76.244	76.222	76.231	72	0	3
2025.11.13	01:00:00	76.234	76.241	76.216	76.240	87	0	3
2025.11.13	01:15:00	76.242	76.271	76.238	76.254	77	0	3
2025.11.13	01:30:00	76.257	76.260	76.220	76.231	45	0	3
2025.11.13	01:45:00	76.234	76.238	76.189	76.196	59	0	3
2025.11.13	02:00:00	76.196	76.200	76.172	76.194	68	0	3
2025.11.13	02:15:00	76.191	76.230	76.191	76.226	36	0	3
2025.11.13	02:30:00	76.230	76.230	76.196	76.197	37	0	3
2025.11.13	02:45:00	76.197	76.208	76.187	76.190	38	0	3
2025.11.13	03:00:00	76.187	76.191	76.169	76.176	56	0	3
2025.11.13	03:15:00	76.180	76.197	76.180	76.189	38	0	3
2025.11.13	03:30:00	76.185	76.207	76.183	76.201	30	0	3
2025.11.13	03:45:00	76.204	76.207	76.176	76.183	43	0	3
2025.11.13	04:00:00	76.182	76.191	76.173	76.185	45	0	3
2025.11.13	04:15:00	76.185	76.211	76.184	76.202	29	0	3
2025.11.13	04:30:00	76.202	76.210	76.200	76.205	20	0	3
2025.11.13	04:45:00	76.209	76.215	76.198	76.198	22	0	3
2025.11.13	05:00:00	76.196	76.208	76.191	76.202	30	0	3
2025.11.13	05:15:00	76.202	76.208	76.190	76.208	31	0	3
2025.11.13	05:30:00	76.204	76.223	76.204	76.223	32	0	3
2025.11.13	05:45:00	76.220	76.244	76.218	76.233	47	0	3
2025.11.13	06:00:00	76.236	76.236	76.207	76.225	59	0	3
2025.11.13	06:15:00	76.225	76.225	76.202	76.225	43	0	3
2025.11.13	06:30:00	76.229	76.247	76.217	76.220	57	0	3
2025.11.13	06:45:00	76.220	76.227	76.203	76.210	39	0	3
2025.11.13	07:00:00	76.215	76.329	76.215	76.252	299	0	3
2025.11.13	07:15:00	76.249	76.262	76.167	76.174	136	0	3
2025.11.13	07:30:00	76.171	76.174	76.112	76.115	151	0	3
2025.11.13	07:45:00	76.112	76.128	76.082	76.099	133	0	3
2025.11.13	08:00:00	76.095	76.122	76.073	76.080	129	0	3
2025.11.13	08:15:00	76.077	76.107	76.074	76.102	114	0	3
2025.11.13	08:30:00	76.106	76.157	76.087	76.131	132	0	3
2025.11.13	08:45:00	76.128	76.134	75.938	75.944	281	0	3
2025.11.13	09:00:00	75.941	75.987	75.925	75.967	228	0	3
2025.11.13	09:15:00	75.964	76.012	75.953	75.993	117	0	3
2025.11.13	09:30:00	75.990	76.086	75.975	76.049	172	0	3
2025.11.13	09:45:00	76.045	76.053	76.000	76.011	113	0	3
2025.11.13	10:00:00	76.010	76.019	75.971	75.982	118	0	3
2025.11.13	10:15:00	75.985	76.018	75.969	75.983	109	0	3
2025.11.13	10:30:00	75.980	76.030	75.967	76.027	82	0	3
2025.11.13	10:45:00	76.030	76.035	76.004	76.005	88	0	3
2025.11.13	11:00:00	76.008	76.028	75.988	75.996	98	0	3
2025.11.13	11:15:00	75.993	76.040	75.989	76.011	92	0	3
2025.11.13	11:30:00	76.008	76.028	75.983	76.026	94	0	3
2025.11.13	11:45:00	76.029	76.082	76.029	76.054	150	0	3
2025.11.13	12:00:00	76.057	76.062	76.009	76.015	116	0	3
2025.11.13	12:15:00	76.012	76.030	75.962	75.966	115	0	3
2025.11.13	12:30:00	75.963	75.969	75.880	75.888	187	0	3
2025.11.13	12:45:00	75.891	75.901	75.855	75.863	143	0	3
2025.11.13	13:00:00	75.860	75.911	75.846	75.879	144	0	3
2025.11.13	13:15:00	75.876	75.927	75.860	75.908	107	0	3
2025.11.13	13:30:00	75.912	75.997	75.907	75.973	172	0	3
2025.11.13	13:45:00	75.976	75.980	75.935	75.935	133	0	3
2025.11.13	14:00:00	75.932	75.939	75.878	75.902	173	0	3
2025.11.13	14:15:00	75.898	75.953	75.895	75.931	138	0	3
2025.11.13	14:30:00	75.934	75.953	75.877	75.921	205	0	3
2025.11.13	14:45:00	75.918	75.932	75.861	75.865	217	0	3
2025.11.13	15:00:00	75.868	75.907	75.862	75.874	165	0	3
2025.11.13	15:15:00	75.877	75.903	75.831	75.831	158	0	3
2025.11.13	15:30:00	75.827	75.851	75.769	75.786	210	0	3
2025.11.13	15:45:00	75.783	75.820	75.762	75.766	198	0	3
2025.11.13	16:00:00	75.769	75.802	75.762	75.786	174	0	3
2025.11.13	16:15:00	75.790	75.806	75.765	75.768	113	0	3
2025.11.13	16:30:00	75.772	75.773	75.730	75.734	141	0	3
2025.11.13	16:45:00	75.733	75.768	75.682	75.686	150	0	3
2025.11.13	17:00:00	75.689	75.725	75.685	75.720	176	0	3
2025.11.13	17:15:00	75.718	75.718	75.674	75.680	130	0	3
2025.11.13	17:30:00	75.677	75.733	75.669	75.692	119	0	3
2025.11.13	17:45:00	75.693	75.715	75.665	75.691	171	0	3
2025.11.13	18:00:00	75.688	75.715	75.676	75.692	135	0	3
2025.11.13	18:15:00	75.696	75.720	75.682	75.717	94	0	3
2025.11.13	18:30:00	75.720	75.779	75.720	75.767	148	0	3
2025.11.13	18:45:00	75.764	75.801	75.751	75.776	111	0	3
2025.11.13	19:00:00	75.780	75.805	75.779	75.795	91	0	3
2025.11.13	19:15:00	75.791	75.798	75.773	75.782	74	0	3
2025.11.13	19:30:00	75.785	75.795	75.774	75.786	56	0	3
2025.11.13	19:45:00	75.783	75.815	75.776	75.814	58	0	3
2025.11.13	20:00:00	75.811	75.831	75.807	75.824	62	0	3
2025.11.13	20:15:00	75.821	75.827	75.801	75.807	50	0	3
2025.11.13	20:30:00	75.810	75.814	75.789	75.814	46	0	3
2025.11.13	20:45:00	75.817	75.845	75.808	75.842	50	0	3
2025.11.13	21:00:00	75.846	75.846	75.819	75.823	32	0	3
2025.11.13	21:15:00	75.824	75.836	75.815	75.826	27	0	3
2025.11.13	21:30:00	75.825	75.825	75.805	75.816	30	0	3
2025.11.13	21:45:00	75.813	75.819	75.787	75.796	51	0	3
2025.11.16	22:00:00	75.908	75.916	75.908	75.915	9	0	41
2025.11.16	22:15:00	75.920	75.929	75.919	75.929	14	0	40
2025.11.16	22:30:00	75.932	75.941	75.931	75.941	13	0	28
2025.11.16	22:45:00	75.939	75.943	75.905	75.931	15	0	19
2025.11.16	23:00:00	75.925	75.945	75.921	75.937	25	0	5
2025.11.16	23:15:00	75.932	75.960	75.932	75.959	24	0	3
2025.11.16	23:30:00	75.958	75.976	75.957	75.976	25	0	3
2025.11.16	23:45:00	75.973	76.007	75.973	75.991	37	0	3
2025.11.17	00:00:00	75.993	76.039	75.993	76.028	74	0	3
2025.11.17	00:15:00	76.025	76.045	76.011	76.015	59	0	3
2025.11.17	00:30:00	76.015	76.024	76.004	76.008	60	0	3
2025.11.17	00:45:00	76.005	76.017	76.004	76.008	52	0	3
2025.11.17	01:00:00	76.012	76.022	75.965	75.973	60	0	3
2025.11.17	01:15:00	75.976	75.987	75.971	75.982	44	0	3
2025.11.17	01:30:00	75.979	75.992	75.959	75.982	52	0	3
2025.11.17	01:45:00	75.980	76.016	75.977	76.012	49	0	3
2025.11.17	02:00:00	76.012	76.032	76.010	76.017	52	0	3
2025.11.17	02:15:00	76.020	76.027	76.016	76.019	32	0	3
2025.11.17	02:30:00	76.015	76.032	76.015	76.032	24	0	3
2025.11.17	02:45:00	76.034	76.034	76.012	76.033	33	0	3
2025.11.17	03:00:00	76.034	76.062	76.034	76.060	40	0	3
2025.11.17	03:15:00	76.062	76.074	76.062	76.068	28	0	3
2025.11.17	03:30:00	76.068	76.093	76.068	76.082	43	0	3
2025.11.17	03:45:00	76.085	76.085	76.069	76.074	34	0	3
2025.11.17	04:00:00	76.071	76.077	76.060	76.062	22	0	3
2025.11.17	04:15:00	76.059	76.063	76.054	76.057	21	0	3
2025.11.17	04:30:00	76.056	76.057	76.040	76.050	24	0	3
2025.11.17	04:45:00	76.050	76.051	76.036	76.037	23	0	3
2025.11.17	05:00:00	76.034	76.038	76.016	76.021	40	0	3
2025.11.17	05:15:00	76.020	76.045	76.020	76.044	23	0	3
2025.11.17	05:30:00	76.044	76.051	76.036	76.045	32	0	3
2025.11.17	05:45:00	76.048	76.086	76.044	76.085	42	0	3
2025.11.17	06:00:00	76.081	76.125	76.081	76.108	69	0	3
2025.11.17	06:15:00	76.112	76.115	76.085	76.091	39	0	3
2025.11.17	06:30:00	76.088	76.091	76.052	76.057	46	0	3
2025.11.17	06:45:00	76.061	76.063	76.037	76.049	50	0	3
2025.11.17	07:00:00	76.053	76.053	76.002	76.015	66	0	3
2025.11.17	07:15:00	76.015	76.015	75.921	75.925	110	0	3
2025.11.17	07:30:00	75.929	75.934	75.887	75.912	111	0	3
2025.11.17	07:45:00	75.909	75.931	75.896	75.896	100	0	3
2025.11.17	08:00:00	75.893	75.918	75.867	75.898	180	0	3
2025.11.17	08:15:00	75.901	75.980	75.901	75.957	121	0	3
2025.11.17	08:30:00	75.960	75.965	75.922	75.950	139	0	3
2025.11.17	08:45:00	75.954	75.991	75.942	75.956	143	0	3
2025.11.17	09:00:00	75.959	75.995	75.948	75.965	128	0	3
2025.11.17	09:15:00	75.968	75.968	75.922	75.929	98	0	3
2025.11.17	09:30:00	75.931	75.931	75.895	75.911	96	0	3
2025.11.17	09:45:00	75.907	75.965	75.907	75.962	157	0	3
2025.11.17	10:00:00	75.959	75.979	75.939	75.969	89	0	3
2025.11.17	10:15:00	75.972	75.976	75.955	75.957	73	0	3
2025.11.17	10:30:00	75.961	75.969	75.923	75.944	98	0	3
2025.11.17	10:45:00	75.948	76.034	75.941	76.021	150	0	3
2025.11.17	11:00:00	76.025	76.049	75.962	75.980	159	0	3
2025.11.17	11:15:00	75.979	75.988	75.946	75.968	75	0	3
2025.11.17	11:30:00	75.968	75.969	75.915	75.932	100	0	3
2025.11.17	11:45:00	75.929	75.932	75.867	75.867	157	0	3
2025.11.17	12:00:00	75.870	75.890	75.853	75.862	114	0	3
2025.11.17	12:15:00	75.866	75.869	75.820	75.833	73	0	3
2025.11.17	12:30:00	75.836	75.859	75.799	75.799	132	0	3
2025.11.17	12:45:00	75.797	75.883	75.796	75.872	132	0	3
2025.11.17	13:00:00	75.868	75.876	75.828	75.864	126	0	3
2025.11.17	13:15:00	75.861	75.873	75.825	75.847	106	0	3
2025.11.17	13:30:00	75.844	75.894	75.839	75.892	170	0	3
2025.11.17	13:45:00	75.896	75.916	75.873	75.913	148	0	3
2025.11.17	14:00:00	75.916	75.919	75.885	75.894	66	0	3
2025.11.17	14:15:00	75.893	75.931	75.885	75.929	78	0	3
2025.11.17	14:30:00	75.932	75.974	75.914	75.950	234	0	3
2025.11.17	14:45:00	75.953	75.962	75.912	75.955	167	0	3
2025.11.17	15:00:00	75.959	75.980	75.921	75.962	192	0	3
2025.11.17	15:15:00	75.959	75.966	75.915	75.928	104	0	3
2025.11.17	15:30:00	75.931	75.976	75.928	75.952	143	0	3
2025.11.17	15:45:00	75.949	75.972	75.885	75.887	201	0	3
2025.11.17	16:00:00	75.891	75.949	75.883	75.945	132	0	3
2025.11.17	16:15:00	75.949	75.956	75.905	75.910	112	0	3
2025.11.17	16:30:00	75.907	75.915	75.878	75.911	119	0	3
2025.11.17	16:45:00	75.908	75.917	75.882	75.882	80	0	3
2025.11.17	17:00:00	75.886	75.912	75.877	75.910	56	0	3
2025.11.17	17:15:00	75.907	75.923	75.889	75.893	84	0	3
2025.11.17	17:30:00	75.897	75.930	75.897	75.905	65	0	3
2025.11.17	17:45:00	75.909	75.943	75.909	75.929	85	0	3
2025.11.17	18:00:00	75.932	75.965	75.925	75.953	76	0	3
2025.11.17	18:15:00	75.950	75.976	75.950	75.967	63	0	3
2025.11.17	18:30:00	75.968	75.973	75.949	75.950	52	0	3
2025.11.17	18:45:00	75.950	75.991	75.940	75.984	78	0	3
2025.11.17	19:00:00	75.988	76.001	75.969	75.972	78	0	3
2025.11.17	19:15:00	75.973	75.981	75.960	75.963	46	0	3
2025.11.17	19:30:00	75.966	76.046	75.966	76.036	87	0	3
2025.11.17	19:45:00	76.040	76.069	76.026	76.066	85	0	3
2025.11.17	20:00:00	76.069	76.075	76.036	76.050	78	0	3
2025.11.17	20:15:00	76.054	76.054	76.028	76.031	53	0	3
2025.11.17	20:30:00	76.029	76.040	76.008	76.008	77	0	3
2025.11.17	20:45:00	76.005	76.025	76.002	76.016	50	0	3
2025.11.17	21:00:00	76.020	76.020	76.004	76.012	33	0	3
2025.11.17	21:15:00	76.013	76.016	76.006	76.006	16	0	3
2025.11.17	21:30:00	76.002	76.004	75.991	76.002	20	0	3
2025.11.17	21:45:00	76.002	76.021	75.993	76.018	42	0	3
2025.11.17	22:00:00	76.018	76.018	76.018	76.018	1	0	8
2025.11.17	22:15:00	76.018	76.018	75.982	75.984	13	0	8
2025.11.17	22:30:00	75.993	76.002	75.993	76.001	15	0	6
2025.11.17	22:45:00	75.999	76.008	75.999	76.003	15	0	6
2025.11.17	23:00:00	76.012	76.021	76.004	76.008	18	0	3
2025.11.17	23:15:00	76.009	76.013	76.002	76.008	19	0	3
2025.11.17	23:30:00	76.011	76.020	76.008	76.020	24	0	3
2025.11.17	23:45:00	76.025	76.028	76.013	76.013	22	0	3
2025.11.18	00:00:00	76.017	76.065	76.017	76.049	49	0	3
2025.11.18	00:15:00	76.052	76.067	76.046	76.056	41	0	3
2025.11.18	00:30:00	76.052	76.056	76.041	76.054	39	0	3
2025.11.18	00:45:00	76.054	76.066	76.046	76.053	36	0	3
2025.11.18	01:00:00	76.056	76.071	76.049	76.061	55	0	3
2025.11.18	01:15:00	76.057	76.067	76.034	76.037	42	0	3
2025.11.18	01:30:00	76.038	76.038	76.017	76.019	32	0	3
2025.11.18	01:45:00	76.019	76.037	76.016	76.037	33	0	3
2025.11.18	02:00:00	76.040	76.050	76.036	76.039	34	0	3
2025.11.18	02:15:00	76.036	76.045	76.031	76.036	30	0	3
2025.11.18	02:30:00	76.032	76.034	76.018	76.022	36	0	3
2025.11.18	02:45:00	76.018	76.036	76.018	76.025	35	0	3
2025.11.18	03:00:00	76.022	76.033	76.013	76.032	39	0	3
2025.11.18	03:15:00	76.032	76.045	76.026	76.040	33	0	3
2025.11.18	03:30:00	76.037	76.044	76.031	76.034	32	0	3
2025.11.18	03:45:00	76.037	76.053	76.033	76.050	33	0	3
2025.11.18	04:00:00	76.053	76.072	76.046	76.066	51	0	3
2025.11.18	04:15:00	76.067	76.067	75.985	76.000	104	0	3
2025.11.18	04:30:00	75.997	75.997	75.970	75.980	52	0	3
2025.11.18	04:45:00	75.979	75.999	75.967	75.971	42	0	3
2025.11.18	05:00:00	75.968	75.981	75.968	75.974	43	0	3
2025.11.18	05:15:00	75.978	75.981	75.964	75.972	43	0	3
2025.11.18	05:30:00	75.975	75.981	75.968	75.972	31	0	3
2025.11.18	05:45:00	75.975	75.980	75.963	75.980	32	0	3
2025.11.18	06:00:00	75.984	76.022	75.984	75.998	39	0	3
2025.11.18	06:15:00	75.998	76.003	75.974	75.993	40	0	3
2025.11.18	06:30:00	75.992	76.009	75.974	76.009	63	0	3
2025.11.18	06:45:00	76.006	76.055	75.996	76.049	91	0	3
2025.11.18	07:00:00	76.052	76.055	75.995	75.995	131	0	3
2025.11.18	07:15:00	75.991	76.003	75.968	76.003	90	0	3
2025.11.18	07:30:00	76.006	76.016	75.989	75.998	122	0	3
2025.11.18	07:45:00	76.002	76.045	75.996	76.043	91	0	3
2025.11.18	08:00:00	76.039	76.053	75.889	75.907	229	0	3
2025.11.18	08:15:00	75.910	75.950	75.907	75.945	152	0	3
2025.11.18	08:30:00	75.949	75.991	75.934	75.981	127	0	3
2025.11.18	08:45:00	75.984	76.020	75.980	76.011	114	0	3
2025.11.18	09:00:00	76.013	76.046	75.966	76.025	157	0	3
2025.11.18	09:15:00	76.028	76.029	75.991	76.003	136	0	3
2025.11.18	09:30:00	76.006	76.035	75.995	75.996	124	0	3
2025.11.18	09:45:00	75.999	76.043	75.999	76.030	103	0	3
2025.11.18	10:00:00	76.032	76.047	76.010	76.025	75	0	3
2025.11.18	10:15:00	76.022	76.084	76.019	76.051	101	0	3
2025.11.18	10:30:00	76.054	76.073	76.037	76.073	101	0	3
2025.11.18	10:45:00	76.077	76.080	76.054	76.055	70	0	3
2025.11.18	11:00:00	76.058	76.085	76.049	76.074	63	0	3
2025.11.18	11:15:00	76.078	76.098	76.074	76.085	60	0	3
2025.11.18	11:30:00	76.082	76.089	76.069	76.083	62	0	3
2025.11.18	11:45:00	76.086	76.117	76.076	76.097	104	0	3
2025.11.18	12:00:00	76.100	76.115	76.037	76.064	123	0	3
2025.11.18	12:15:00	76.061	76.074	76.049	76.069	81	0	3
2025.11.18	12:30:00	76.066	76.066	76.031	76.065	74	0	3
2025.11.18	12:45:00	76.062	76.068	76.023	76.027	75	0	3
2025.11.18	13:00:00	76.024	76.136	76.002	76.106	237	0	3
2025.11.18	13:15:00	76.102	76.106	76.041	76.057	228	0	3
2025.11.18	13:30:00	76.053	76.079	76.017	76.041	235	0	3
2025.11.18	13:45:00	76.038	76.053	75.983	76.019	134	0	3
2025.11.18	14:00:00	76.016	76.033	76.002	76.033	131	0	3
2025.11.18	14:15:00	76.036	76.043	76.016	76.016	105	0	3
2025.11.18	14:30:00	76.020	76.036	75.968	76.009	171	0	3
2025.11.18	14:45:00	76.006	76.039	75.990	76.000	166	0	3
2025.11.18	15:00:00	75.997	76.031	75.987	76.002	188	0	3
2025.11.18	15:15:00	76.005	76.010	75.921	75.929	197	0	3
2025.11.18	15:30:00	75.926	75.960	75.920	75.959	173	0	3
2025.11.18	15:45:00	75.956	76.081	75.956	76.079	174	0	3
2025.11.18	16:00:00	76.083	76.128	76.065	76.101	209	0	3
2025.11.18	16:15:00	76.097	76.128	76.082	76.117	141	0	3
2025.11.18	16:30:00	76.114	76.117	76.086	76.093	121	0	3
2025.11.18	16:45:00	76.090	76.090	76.043	76.043	107	0	3
2025.11.18	17:00:00	76.040	76.088	76.037	76.072	69	0	3
2025.11.18	17:15:00	76.069	76.113	76.066	76.113	105	0	3
2025.11.18	17:30:00	76.112	76.112	76.072	76.088	85	0	3
2025.11.18	17:45:00	76.091	76.102	76.078	76.096	69	0	3
2025.11.18	18:00:00	76.099	76.103	76.059	76.059	97	0	3
2025.11.18	18:15:00	76.055	76.060	76.032	76.032	70	0	3
2025.11.18	18:30:00	76.035	76.042	76.006	76.012	83	0	3
2025.11.18	18:45:00	76.013	76.039	76.009	76.030	68	0	3
2025.11.18	19:00:00	76.033	76.049	76.030	76.031	79	0	3
2025.11.18	19:15:00	76.034	76.037	76.019	76.026	40	0	3
2025.11.18	19:30:00	76.025	76.035	76.014	76.025	48	0	3
2025.11.18	19:45:00	76.022	76.025	76.004	76.015	58	0	3
2025.11.18	20:00:00	76.012	76.028	76.005	76.009	41	0	3
2025.11.18	20:15:00	76.008	76.038	76.008	76.036	33	0	3
2025.11.18	20:30:00	76.036	76.057	76.033	76.054	51	0	3
2025.11.18	20:45:00	76.057	76.073	76.056	76.065	56	0	3
2025.11.18	21:00:00	76.068	76.077	76.049	76.049	41	0	3
2025.11.18	21:15:00	76.052	76.066	76.049	76.066	25	0	3
2025.11.18	21:30:00	76.067	76.082	76.066	76.072	25	0	3
2025.11.18	21:45:00	76.069	76.073	76.051	76.071	36	0	1
2025.11.18	22:00:00	76.070	76.070	76.045	76.045	9	0	6
2025.11.18	22:15:00	76.043	76.043	76.021	76.022	14	0	34
2025.11.18	22:30:00	76.029	76.047	76.029	76.045	13	0	30
2025.11.18	22:45:00	76.044	76.051	76.044	76.048	14	0	10
2025.11.18	23:00:00	76.062	76.075	76.054	76.072	30	0	3
2025.11.18	23:15:00	76.075	76.082	76.054	76.055	25	0	3
2025.11.18	23:30:00	76.057	76.069	76.057	76.064	22	0	3
2025.11.18	23:45:00	76.062	76.068	76.054	76.060	20	0	3
2025.11.19	00:00:00	76.060	76.078	76.048	76.060	56	0	3
2025.11.19	00:15:00	76.062	76.066	76.052	76.062	30	0	3
2025.11.19	00:30:00	76.065	76.074	76.061	76.073	29	0	3
2025.11.19	00:45:00	76.073	76.102	76.065	76.098	57	0	3
2025.11.19	01:00:00	76.095	76.130	76.085	76.097	71	0	3
2025.11.19	01:15:00	76.100	76.114	76.090	76.109	34	0	3
2025.11.19	01:30:00	76.108	76.108	76.092	76.105	41	0	3
2025.11.19	01:45:00	76.108	76.151	76.102	76.142	57	0	3
2025.11.19	02:00:00	76.139	76.164	76.139	76.159	54	0	3
2025.11.19	02:15:00	76.156	76.159	76.128	76.130	49	0	3
2025.11.19	02:30:00	76.127	76.127	76.100	76.106	41	0	3
2025.11.19	02:45:00	76.103	76.123	76.102	76.118	42	0	3
2025.11.19	03:00:00	76.115	76.124	76.103	76.119	32	0	3
2025.11.19	03:15:00	76.116	76.121	76.098	76.102	44	0	3
2025.11.19	03:30:00	76.102	76.109	76.083	76.086	35	0	3
2025.11.19	03:45:00	76.083	76.107	76.074	76.101	38	0	3
2025.11.19	04:00:00	76.104	76.123	76.101	76.122	35	0	3
2025.11.19	04:15:00	76.120	76.146	76.120	76.131	35	0	3
2025.11.19	04:30:00	76.127	76.136	76.117	76.120	27	0	3
2025.11.19	04:45:00	76.119	76.126	76.101	76.101	35	0	3
2025.11.19	05:00:00	76.101	76.103	76.088	76.095	40	0	3
2025.11.19	05:15:00	76.099	76.108	76.094	76.106	27	0	3
2025.11.19	05:30:00	76.103	76.107	76.079	76.079	36	0	3
2025.11.19	05:45:00	76.079	76.081	76.063	76.067	52	0	3
2025.11.19	06:00:00	76.063	76.073	76.057	76.069	47	0	3
2025.11.19	06:15:00	76.072	76.073	76.037	76.040	47	0	3
2025.11.19	06:30:00	76.043	76.052	76.035	76.043	34	0	3
2025.11.19	06:45:00	76.046	76.062	76.014	76.030	74	0	3
2025.11.19	07:00:00	76.034	76.149	76.014	76.076	377	0	3
2025.11.19	07:15:00	76.079	76.107	76.035	76.066	175	0	3
2025.11.19	07:30:00	76.069	76.096	76.040	76.056	173	0	3
2025.11.19	07:45:00	76.059	76.116	76.047	76.088	170	0	3
2025.11.19	08:00:00	76.085	76.123	76.052	76.105	217	0	3
2025.11.19	08:15:00	76.108	76.134	76.108	76.127	115	0	3
2025.11.19	08:30:00	76.130	76.169	76.124	76.152	98	0	3
2025.11.19	08:45:00	76.149	76.197	76.149	76.193	104	0	3
2025.11.19	09:00:00	76.197	76.213	76.117	76.130	87	0	3
2025.11.19	09:15:00	76.134	76.184	76.134	76.167	107	0	3
2025.11.19	09:30:00	76.170	76.201	76.156	76.198	142	0	3
2025.11.19	09:45:00	76.201	76.230	76.161	76.179	161	0	3
2025.11.19	10:00:00	76.176	76.268	76.169	76.233	142	0	3
2025.11.19	10:15:00	76.237	76.237	76.207	76.213	114	0	3
2025.11.19	10:30:00	76.216	76.247	76.208	76.217	148	0	3
2025.11.19	10:45:00	76.221	76.377	76.221	76.304	313	0	3
2025.11.19	11:00:00	76.300	76.315	76.219	76.219	179	0	3
2025.11.19	11:15:00	76.222	76.254	76.204	76.216	127	0	3
2025.11.19	11:30:00	76.219	76.253	76.201	76.237	139	0	3
2025.11.19	11:45:00	76.241	76.258	76.177	76.177	141	0	3
2025.11.19	12:00:00	76.173	76.196	76.158	76.184	131	0	3
2025.11.19	12:15:00	76.181	76.217	76.174	76.211	80	0	3
2025.11.19	12:30:00	76.208	76.222	76.195	76.212	91	0	3
2025.11.19	12:45:00	76.215	76.244	76.213	76.229	82	0	3
2025.11.19	13:00:00	76.232	76.246	76.183	76.189	140	0	3
2025.11.19	13:15:00	76.192	76.237	76.166	76.237	118	0	3
2025.11.19	13:30:00	76.240	76.258	76.210	76.230	135	0	3
2025.11.19	13:45:00	76.226	76.240	76.208	76.224	144	0	3
2025.11.19	14:00:00	76.226	76.263	76.204	76.259	117	0	3
2025.11.19	14:15:00	76.256	76.295	76.230	76.288	141	0	3
2025.11.19	14:30:00	76.291	76.291	76.249	76.277	152	0	3
2025.11.19	14:45:00	76.281	76.302	76.268	76.280	149	0	3
2025.11.19	15:00:00	76.277	76.334	76.277	76.291	172	0	3
2025.11.19	15:15:00	76.294	76.317	76.241	76.317	191	0	3
2025.11.19	15:30:00	76.321	76.484	76.318	76.480	202	0	3
2025.11.19	15:45:00	76.483	76.501	76.451	76.454	178	0	3
2025.11.19	16:00:00	76.450	76.494	76.425	76.442	208	0	3
2025.11.19	16:15:00	76.439	76.485	76.421	76.472	143	0	3
2025.11.19	16:30:00	76.475	76.523	76.475	76.484	124	0	3
2025.11.19	16:45:00	76.487	76.496	76.439	76.480	119	0	3
2025.11.19	17:00:00	76.477	76.502	76.449	76.472	115	0	3
2025.11.19	17:15:00	76.475	76.558	76.468	76.542	139	0	3
2025.11.19	17:30:00	76.545	76.586	76.541	76.555	118	0	3
2025.11.19	17:45:00	76.551	76.574	76.516	76.521	84	0	3
2025.11.19	18:00:00	76.518	76.550	76.499	76.499	85	0	3
2025.11.19	18:15:00	76.496	76.516	76.492	76.509	55	0	3
2025.11.19	18:30:00	76.506	76.515	76.476	76.479	96	0	3
2025.11.19	18:45:00	76.483	76.534	76.473	76.534	73	0	3
2025.11.19	19:00:00	76.537	76.593	76.518	76.590	318	0	3
2025.11.19	19:15:00	76.593	76.614	76.584	76.613	74	0	3
2025.11.19	19:30:00	76.610	76.638	76.599	76.635	58	0	3
2025.11.19	19:45:00	76.632	76.665	76.627	76.651	83	0	3
2025.11.19	20:00:00	76.654	76.662	76.614	76.617	81	0	3
2025.11.19	20:15:00	76.616	76.616	76.599	76.609	54	0	3
2025.11.19	20:30:00	76.610	76.629	76.604	76.614	46	0	3
2025.11.19	20:45:00	76.617	76.632	76.603	76.629	42	0	3
2025.11.19	21:00:00	76.632	76.647	76.630	76.640	40	0	3
2025.11.19	21:15:00	76.643	76.659	76.630	76.633	54	0	3
2025.11.19	21:30:00	76.634	76.637	76.573	76.581	71	0	3
2025.11.19	21:45:00	76.577	76.585	76.559	76.575	82	0	3
2025.11.19	22:00:00	76.573	76.573	76.571	76.572	8	0	7
2025.11.19	22:15:00	76.573	76.575	76.573	76.573	13	0	6
2025.11.19	22:30:00	76.572	76.575	76.572	76.574	15	0	5
2025.11.19	22:45:00	76.574	76.579	76.574	76.576	15	0	5
2025.11.19	23:00:00	76.572	76.611	76.563	76.585	33	0	3
2025.11.19	23:15:00	76.581	76.595	76.564	76.568	42	0	3
2025.11.19	23:30:00	76.569	76.579	76.556	76.579	38	0	3
2025.11.19	23:45:00	76.581	76.584	76.554	76.568	30	0	3
2025.11.20	00:00:00	76.571	76.609	76.571	76.599	54	0	3
2025.11.20	00:15:00	76.602	76.619	76.591	76.619	53	0	3
2025.11.20	00:30:00	76.616	76.621	76.602	76.613	50	0	3
2025.11.20	00:45:00	76.617	76.628	76.595	76.599	66	0	3
2025.11.20	01:00:00	76.602	76.631	76.592	76.627	61	0	3
2025.11.20	01:15:00	76.630	76.632	76.608	76.615	51	0	3
2025.11.20	01:30:00	76.612	76.626	76.591	76.625	84	0	3
2025.11.20	01:45:00	76.629	76.655	76.620	76.648	59	0	3
2025.11.20	02:00:00	76.651	76.698	76.645	76.667	77	0	3
2025.11.20	02:15:00	76.671	76.684	76.646	76.656	76	0	3
2025.11.20	02:30:00	76.653	76.656	76.626	76.637	35	0	3
2025.11.20	02:45:00	76.633	76.635	76.611	76.615	40	0	3
2025.11.20	03:00:00	76.611	76.650	76.591	76.650	87	0	3
2025.11.20	03:15:00	76.649	76.654	76.623	76.630	47	0	3
2025.11.20	03:30:00	76.633	76.678	76.630	76.678	39	0	3
2025.11.20	03:45:00	76.679	76.680	76.646	76.646	41	0	3
2025.11.20	04:00:00	76.649	76.662	76.611	76.620	59	0	3
2025.11.20	04:15:00	76.617	76.628	76.604	76.608	45	0	3
2025.11.20	04:30:00	76.604	76.608	76.555	76.562	47	0	3
2025.11.20	04:45:00	76.566	76.584	76.566	76.572	28	0	3
2025.11.20	05:00:00	76.576	76.600	76.576	76.594	43	0	3
2025.11.20	05:15:00	76.591	76.596	76.578	76.591	29	0	3
2025.11.20	05:30:00	76.592	76.613	76.592	76.598	47	0	3
2025.11.20	05:45:00	76.597	76.612	76.575	76.611	49	0	3
2025.11.20	06:00:00	76.614	76.628	76.547	76.573	72	0	3
2025.11.20	06:15:00	76.576	76.585	76.550	76.553	63	0	3
2025.11.20	06:30:00	76.550	76.579	76.547	76.567	59	0	3
2025.11.20	06:45:00	76.567	76.578	76.543	76.550	65	0	3
2025.11.20	07:00:00	76.554	76.584	76.545	76.545	107	0	3
2025.11.20	07:15:00	76.547	76.563	76.537	76.544	82	0	3
2025.11.20	07:30:00	76.547	76.560	76.534	76.544	86	0	3
2025.11.20	07:45:00	76.541	76.544	76.505	76.511	99	0	3
2025.11.20	08:00:00	76.514	76.569	76.469	76.565	185	0	3
2025.11.20	08:15:00	76.568	76.568	76.511	76.534	143	0	3
2025.11.20	08:30:00	76.538	76.544	76.502	76.517	117	0	3
2025.11.20	08:45:00	76.514	76.538	76.501	76.538	87	0	3
2025.11.20	09:00:00	76.541	76.551	76.520	76.550	105	0	3
2025.11.20	09:15:00	76.554	76.560	76.502	76.503	89	0	3
2025.11.20	09:30:00	76.499	76.517	76.480	76.507	141	0	3
2025.11.20	09:45:00	76.511	76.525	76.451	76.455	75	0	3
2025.11.20	10:00:00	76.452	76.473	76.441	76.447	88	0	3
2025.11.20	10:15:00	76.443	76.456	76.423	76.451	62	0	3
2025.11.20	10:30:00	76.449	76.453	76.437	76.446	39	0	3
2025.11.20	10:45:00	76.450	76.495	76.447	76.492	91	0	3
2025.11.20	11:00:00	76.495	76.509	76.469	76.499	99	0	3
2025.11.20	11:15:00	76.496	76.533	76.485	76.526	52	0	3
2025.11.20	11:30:00	76.530	76.533	76.510	76.527	67	0	3
2025.11.20	11:45:00	76.529	76.549	76.519	76.540	65	0	3
2025.11.20	12:00:00	76.543	76.564	76.537	76.557	78	0	3
2025.11.20	12:15:00	76.560	76.584	76.557	76.569	77	0	3
2025.11.20	12:30:00	76.569	76.569	76.541	76.565	58	0	3
2025.11.20	12:45:00	76.562	76.590	76.552	76.585	83	0	3
2025.11.20	13:00:00	76.581	76.581	76.540	76.552	103	0	3
2025.11.20	13:15:00	76.555	76.579	76.541	76.546	90	0	3
2025.11.20	13:30:00	76.552	76.633	76.355	76.409	1176	0	3
2025.11.20	13:45:00	76.405	76.482	76.336	76.357	513	0	3
2025.11.20	14:00:00	76.361	76.443	76.296	76.412	423	0	3
2025.11.20	14:15:00	76.409	76.418	76.289	76.292	292	0	3
2025.11.20	14:30:00	76.288	76.302	76.196	76.217	380	0	3
2025.11.20	14:45:00	76.220	76.279	76.204	76.266	235	0	3
2025.11.20	15:00:00	76.269	76.301	76.259	76.301	165	0	3
2025.11.20	15:15:00	76.305	76.360	76.289	76.320	160	0	3
2025.11.20	15:30:00	76.323	76.429	76.323	76.375	197	0	3
2025.11.20	15:45:00	76.372	76.446	76.365	76.365	177	0	3
2025.11.20	16:00:00	76.362	76.388	76.320	76.348	134	0	3
2025.11.20	16:15:00	76.352	76.387	76.327	76.387	154	0	3
2025.11.20	16:30:00	76.390	76.469	76.372	76.462	171	0	3
2025.11.20	16:45:00	76.465	76.481	76.418	76.471	265	0	3
2025.11.20	17:00:00	76.468	76.498	76.438	76.461	235	0	3
2025.11.20	17:15:00	76.464	76.497	76.446	76.487	181	0	3
2025.11.20	17:30:00	76.484	76.531	76.475	76.528	143	0	3
2025.11.20	17:45:00	76.531	76.534	76.490	76.521	139	0	3
2025.11.20	18:00:00	76.524	76.526	76.485	76.486	100	0	3
2025.11.20	18:15:00	76.482	76.483	76.454	76.474	106	0	3
2025.11.20	18:30:00	76.471	76.492	76.450	76.485	89	0	3
2025.11.20	18:45:00	76.486	76.508	76.464	76.480	96	0	3
2025.11.20	19:00:00	76.476	76.503	76.441	76.442	98	0	3
2025.11.20	19:15:00	76.445	76.455	76.406	76.423	61	0	3
2025.11.20	19:30:00	76.420	76.438	76.409	76.434	45	0	3
2025.11.20	19:45:00	76.431	76.437	76.409	76.409	52	0	3
2025.11.20	20:00:00	76.406	76.438	76.406	76.431	58	0	3
2025.11.20	20:15:00	76.434	76.463	76.434	76.455	57	0	3
2025.11.20	20:30:00	76.456	76.479	76.456	76.468	44	0	3
2025.11.20	20:45:00	76.468	76.514	76.468	76.507	64	0	3
2025.11.20	21:00:00	76.510	76.517	76.500	76.515	26	0	3
2025.11.20	21:15:00	76.515	76.522	76.510	76.514	23	0	3
2025.11.20	21:30:00	76.515	76.521	76.503	76.503	29	0	3
2025.11.20	21:45:00	76.503	76.503	76.488	76.494	50	0	3
2025.11.23	22:00:00	76.308	76.308	76.286	76.303	8	0	30
2025.11.23	22:15:00	76.305	76.308	76.302	76.308	14	0	26
2025.11.23	22:30:00	76.311	76.320	76.311	76.320	14	0	20
2025.11.23	22:45:00	76.320	76.325	76.309	76.325	13	0	16
2025.11.23	23:00:00	76.352	76.357	76.334	76.354	29	0	3
2025.11.23	23:15:00	76.355	76.376	76.344	76.357	43	0	3
2025.11.23	23:30:00	76.361	76.374	76.352	76.358	29	0	3
2025.11.23	23:45:00	76.362	76.362	76.351	76.359	31	0	3
2025.11.24	00:00:00	76.358	76.404	76.355	76.404	38	0	3
2025.11.24	00:15:00	76.404	76.418	76.392	76.398	44	0	3
2025.11.24	00:30:00	76.398	76.417	76.398	76.409	31	0	3
2025.11.24	00:45:00	76.411	76.411	76.399	76.400	27	0	3
2025.11.24	01:00:00	76.397	76.401	76.384	76.391	40	0	3
2025.11.24	01:15:00	76.388	76.401	76.380	76.380	44	0	3
2025.11.24	01:30:00	76.377	76.404	76.375	76.385	61	0	3
2025.11.24	01:45:00	76.388	76.405	76.372	76.401	49	0	3
2025.11.24	02:00:00	76.398	76.398	76.361	76.361	46	0	3
2025.11.24	02:15:00	76.361	76.368	76.351	76.358	68	0	3
2025.11.24	02:30:00	76.354	76.361	76.339	76.346	45	0	3
2025.11.24	02:45:00	76.350	76.363	76.345	76.357	47	0	3
2025.11.24	03:00:00	76.358	76.366	76.349	76.363	33	0	3
2025.11.24	03:15:00	76.360	76.370	76.346	76.346	37	0	3
2025.11.24	03:30:00	76.346	76.348	76.333	76.333	29	0	3
2025.11.24	03:45:00	76.335	76.348	76.323	76.348	27	0	3
2025.11.24	04:00:00	76.345	76.352	76.332	76.348	29	0	3
2025.11.24	04:15:00	76.346	76.350	76.334	76.336	27	0	3
2025.11.24	04:30:00	76.333	76.341	76.330	76.335	20	0	3
2025.11.24	04:45:00	76.335	76.341	76.318	76.326	29	0	3
2025.11.24	05:00:00	76.330	76.330	76.293	76.315	45	0	3
2025.11.24	05:15:00	76.317	76.321	76.303	76.305	34	0	3
2025.11.24	05:30:00	76.306	76.320	76.300	76.300	50	0	3
2025.11.24	05:45:00	76.303	76.322	76.301	76.321	37	0	3
2025.11.24	06:00:00	76.323	76.323	76.266	76.303	54	0	3
2025.11.24	06:15:00	76.299	76.307	76.290	76.302	49	0	3
2025.11.24	06:30:00	76.305	76.306	76.289	76.300	45	0	3
2025.11.24	06:45:00	76.300	76.341	76.296	76.338	45	0	3
2025.11.24	07:00:00	76.335	76.370	76.333	76.361	90	0	3
2025.11.24	07:15:00	76.358	76.376	76.336	76.342	95	0	3
2025.11.24	07:30:00	76.345	76.379	76.337	76.376	85	0	3
2025.11.24	07:45:00	76.373	76.399	76.363	76.391	84	0	3
2025.11.24	08:00:00	76.394	76.397	76.275	76.296	143	0	3
2025.11.24	08:15:00	76.293	76.333	76.281	76.323	195	0	3
2025.11.24	08:30:00	76.321	76.367	76.312	76.338	159	0	3
2025.11.24	08:45:00	76.336	76.367	76.336	76.360	119	0	3
2025.11.24	09:00:00	76.364	76.387	76.343	76.377	122	0	3
2025.11.24	09:15:00	76.374	76.406	76.363	76.393	123	0	3
2025.11.24	09:30:00	76.390	76.396	76.365	76.381	113	0	3
2025.11.24	09:45:00	76.384	76.392	76.369	76.392	103	0	3
2025.11.24	10:00:00	76.388	76.388	76.346	76.351	89	0	3
2025.11.24	10:15:00	76.355	76.394	76.343	76.383	132	0	3
2025.11.24	10:30:00	76.379	76.398	76.355	76.370	134	0	3
2025.11.24	10:45:00	76.373	76.387	76.350	76.371	79	0	3
2025.11.24	11:00:00	76.368	76.398	76.368	76.389	78	0	3
2025.11.24	11:15:00	76.386	76.395	76.371	76.371	56	0	3
2025.11.24	11:30:00	76.368	76.396	76.357	76.382	76	0	3
2025.11.24	11:45:00	76.379	76.389	76.354	76.384	115	0	3
2025.11.24	12:00:00	76.387	76.404	76.372	76.384	117	0	3
2025.11.24	12:15:00	76.381	76.381	76.296	76.308	92	0	3
2025.11.24	12:30:00	76.304	76.304	76.264	76.264	107	0	3
2025.11.24	12:45:00	76.261	76.292	76.241	76.267	98	0	3
2025.11.24	13:00:00	76.264	76.275	76.234	76.256	110	0	3
2025.11.24	13:15:00	76.260	76.267	76.232	76.238	110	0	3
2025.11.24	13:30:00	76.235	76.290	76.228	76.287	65	0	3
2025.11.24	13:45:00	76.283	76.307	76.243	76.301	135	0	3
2025.11.24	14:00:00	76.304	76.349	76.299	76.346	117	0	3
2025.11.24	14:15:00	76.349	76.421	76.345	76.398	138	0	3
2025.11.24	14:30:00	76.401	76.421	76.368	76.403	236	0	3
2025.11.24	14:45:00	76.406	76.421	76.371	76.383	191	0	3
2025.11.24	15:00:00	76.379	76.431	76.373	76.406	162	0	3
2025.11.24	15:15:00	76.403	76.440	76.393	76.429	96	0	3
2025.11.24	15:30:00	76.432	76.443	76.384	76.409	97	0	3
2025.11.24	15:45:00	76.413	76.448	76.334	76.344	219	0	3
2025.11.24	16:00:00	76.347	76.354	76.297	76.299	136	0	3
2025.11.24	16:15:00	76.295	76.333	76.292	76.333	63	0	3
2025.11.24	16:30:00	76.337	76.342	76.296	76.313	133	0	3
2025.11.24	16:45:00	76.310	76.366	76.310	76.363	59	0	3
2025.11.24	17:00:00	76.359	76.414	76.350	76.386	113	0	3
2025.11.24	17:15:00	76.382	76.419	76.366	76.402	99	0	3
2025.11.24	17:30:00	76.399	76.414	76.323	76.327	103	0	3
2025.11.24	17:45:00	76.324	76.351	76.308	76.331	88	0	3
2025.11.24	18:00:00	76.328	76.335	76.300	76.309	86	0	3
2025.11.24	18:15:00	76.312	76.321	76.305	76.312	41	0	3
2025.11.24	18:30:00	76.309	76.319	76.287	76.292	45	0	3
2025.11.24	18:45:00	76.296	76.308	76.242	76.244	73	0	3
2025.11.24	19:00:00	76.248	76.278	76.238	76.273	71	0	3
2025.11.24	19:15:00	76.276	76.279	76.261	76.271	44	0	3
2025.11.24	19:30:00	76.275	76.282	76.268	76.282	36	0	3
2025.11.24	19:45:00	76.286	76.302	76.270	76.282	69	0	3
2025.11.24	20:00:00	76.279	76.292	76.271	76.277	62	0	3
2025.11.24	20:15:00	76.280	76.288	76.265	76.284	40	0	3
2025.11.24	20:30:00	76.288	76.294	76.274	76.277	36	0	3
2025.11.24	20:45:00	76.274	76.285	76.270	76.285	32	0	3
2025.11.24	21:00:00	76.288	76.293	76.276	76.277	29	0	3
2025.11.24	21:15:00	76.279	76.288	76.278	76.288	19	0	3
2025.11.24	21:30:00	76.288	76.298	76.288	76.295	25	0	3
2025.11.24	21:45:00	76.292	76.312	76.289	76.309	20	0	3
2025.11.24	22:00:00	76.305	76.306	76.280	76.288	12	0	7
2025.11.24	22:15:00	76.290	76.292	76.282	76.282	13	0	24
2025.11.24	22:30:00	76.280	76.290	76.280	76.283	15	0	9
2025.11.24	22:45:00	76.282	76.282	76.275	76.278	15	0	6
2025.11.24	23:00:00	76.290	76.300	76.284	76.291	33	0	3
2025.11.24	23:15:00	76.288	76.292	76.288	76.289	17	0	3
2025.11.24	23:30:00	76.290	76.301	76.290	76.301	18	0	3
2025.11.24	23:45:00	76.299	76.310	76.293	76.301	22	0	3
2025.11.25	00:00:00	76.306	76.319	76.300	76.312	45	0	3
2025.11.25	00:15:00	76.309	76.319	76.305	76.319	30	0	3
2025.11.25	00:30:00	76.322	76.322	76.306	76.312	35	0	3
2025.11.25	00:45:00	76.309	76.314	76.288	76.288	34	0	3
2025.11.25	01:00:00	76.284	76.290	76.253	76.277	82	0	3
2025.11.25	01:15:00	76.274	76.274	76.247	76.265	61	0	3
2025.11.25	01:30:00	76.261	76.265	76.243	76.261	48	0	3
2025.11.25	01:45:00	76.261	76.293	76.261	76.287	42	0	3
2025.11.25	02:00:00	76.290	76.290	76.270	76.277	46	0	3
2025.11.25	02:15:00	76.274	76.290	76.271	76.286	38	0	3
2025.11.25	02:30:00	76.290	76.304	76.282	76.290	35	0	3
2025.11.25	02:45:00	76.293	76.293	76.260	76.260	29	0	3
2025.11.25	03:00:00	76.257	76.271	76.245	76.270	42	0	3
2025.11.25	03:15:00	76.271	76.300	76.270	76.300	51	0	3
2025.11.25	03:30:00	76.297	76.322	76.277	76.315	63	0	3
2025.11.25	03:45:00	76.311	76.337	76.311	76.336	39	0	3
2025.11.25	04:00:00	76.337	76.347	76.335	76.346	18	0	3
2025.11.25	04:15:00	76.345	76.351	76.339	76.350	22	0	3
2025.11.25	04:30:00	76.351	76.354	76.334	76.340	24	0	3
2025.11.25	04:45:00	76.340	76.347	76.340	76.346	16	0	3
2025.11.25	05:00:00	76.342	76.342	76.322	76.333	22	0	3
2025.11.25	05:15:00	76.332	76.357	76.332	76.352	32	0	3
2025.11.25	05:30:00	76.355	76.359	76.339	76.340	22	0	3
2025.11.25	05:45:00	76.336	76.338	76.313	76.324	29	0	3
2025.11.25	06:00:00	76.328	76.333	76.311	76.322	56	0	3
2025.11.25	06:15:00	76.319	76.331	76.311	76.311	42	0	3
2025.11.25	06:30:00	76.308	76.318	76.299	76.299	44	0	3
2025.11.25	06:45:00	76.299	76.345	76.299	76.311	63	0	3
2025.11.25	07:00:00	76.308	76.312	76.234	76.259	108	0	3
2025.11.25	07:15:00	76.256	76.264	76.235	76.238	85	0	3
2025.11.25	07:30:00	76.241	76.241	76.170	76.181	92	0	3
2025.11.25	07:45:00	76.183	76.242	76.167	76.206	161	0	3
2025.11.25	08:00:00	76.209	76.243	76.191	76.224	191	0	3
2025.11.25	08:15:00	76.221	76.248	76.194	76.212	142	0	3
2025.11.25	08:30:00	76.209	76.259	76.168	76.246	144	0	3
2025.11.25	08:45:00	76.243	76.278	76.234	76.278	111	0	3
2025.11.25	09:00:00	76.281	76.284	76.213	76.213	105	0	3
2025.11.25	09:15:00	76.216	76.222	76.167	76.196	127	0	3
2025.11.25	09:30:00	76.193	76.194	76.112	76.115	109	0	3
2025.11.25	09:45:00	76.119	76.158	76.119	76.131	92	0	3
2025.11.25	10:00:00	76.134	76.171	76.097	76.110	83	0	3
2025.11.25	10:15:00	76.107	76.140	76.101	76.136	84	0	3
2025.11.25	10:30:00	76.140	76.189	76.134	76.188	84	0	3
2025.11.25	10:45:00	76.185	76.196	76.143	76.161	69	0	3
2025.11.25	11:00:00	76.164	76.214	76.164	76.195	67	0	3
2025.11.25	11:15:00	76.192	76.251	76.191	76.248	84	0	3
2025.11.25	11:30:00	76.252	76.252	76.221	76.221	76	0	3
2025.11.25	11:45:00	76.225	76.279	76.225	76.265	91	0	3
2025.11.25	12:00:00	76.269	76.280	76.248	76.265	93	0	3
2025.11.25	12:15:00	76.266	76.272	76.211	76.211	113	0	3
2025.11.25	12:30:00	76.208	76.222	76.110	76.166	275	0	3
2025.11.25	12:45:00	76.170	76.208	76.119	76.132	345	0	3
2025.11.25	13:00:00	76.129	76.148	76.059	76.070	229	0	3
2025.11.25	13:15:00	76.073	76.073	76.007	76.043	211	0	3
2025.11.25	13:30:00	76.039	76.099	75.984	76.083	504	0	3
2025.11.25	13:45:00	76.080	76.080	76.015	76.022	185	0	3
2025.11.25	14:00:00	76.025	76.028	75.941	75.999	200	0	3
2025.11.25	14:15:00	76.003	76.018	75.963	75.985	199	0	3
2025.11.25	14:30:00	75.988	75.994	75.879	75.910	328	0	3
2025.11.25	14:45:00	75.907	75.925	75.853	75.882	285	0	3
2025.11.25	15:00:00	75.877	75.905	75.850	75.883	291	0	3
2025.11.25	15:15:00	75.887	75.890	75.824	75.833	191	0	3
2025.11.25	15:30:00	75.837	75.857	75.783	75.843	173	0	3
2025.11.25	15:45:00	75.846	75.909	75.840	75.888	222	0	3
2025.11.25	16:00:00	75.891	75.897	75.850	75.853	98	0	3
2025.11.25	16:15:00	75.852	75.856	75.839	75.854	64	0	3
2025.11.25	16:30:00	75.851	75.893	75.851	75.886	73	0	3
2025.11.25	16:45:00	75.882	75.923	75.881	75.918	81	0	3
2025.11.25	17:00:00	75.915	75.915	75.774	75.836	671	0	3
2025.11.25	17:15:00	75.839	75.848	75.749	75.802	181	0	3
2025.11.25	17:30:00	75.806	75.806	75.754	75.764	120	0	3
2025.11.25	17:45:00	75.767	75.796	75.731	75.749	99	0	3
2025.11.25	18:00:00	75.747	75.765	75.706	75.728	204	0	3
2025.11.25	18:15:00	75.731	75.745	75.703	75.722	112	0	3
2025.11.25	18:30:00	75.718	75.742	75.676	75.690	79	0	3
2025.11.25	18:45:00	75.687	75.727	75.684	75.724	75	0	3
2025.11.25	19:00:00	75.720	75.727	75.707	75.718	57	0	3
2025.11.25	19:15:00	75.717	75.745	75.717	75.739	44	0	3
2025.11.25	19:30:00	75.736	75.746	75.717	75.736	45	0	3
2025.11.25	19:45:00	75.733	75.750	75.676	75.690	75	0	3
2025.11.25	20:00:00	75.686	75.711	75.674	75.708	59	0	3
2025.11.25	20:15:00	75.711	75.895	75.707	75.895	235	0	3
2025.11.25	20:30:00	75.891	75.981	75.877	75.972	258	0	3
2025.11.25	20:45:00	75.975	76.022	75.969	75.974	172	0	3
2025.11.25	21:00:00	75.971	75.977	75.947	75.951	71	0	3
2025.11.25	21:15:00	75.954	75.971	75.919	75.926	59	0	3
2025.11.25	21:30:00	75.930	75.960	75.924	75.949	57	0	3
2025.11.25	21:45:00	75.946	75.964	75.942	75.955	57	0	3
2025.11.25	22:00:00	75.955	75.955	75.923	75.923	10	0	6
2025.11.25	22:15:00	75.921	75.921	75.903	75.911	13	0	42
2025.11.25	22:30:00	75.922	75.925	75.912	75.925	15	0	23
2025.11.25	22:45:00	75.924	75.937	75.924	75.933	15	0	10
2025.11.25	23:00:00	75.943	75.950	75.912	75.933	37	0	3
2025.11.25	23:15:00	75.936	75.949	75.933	75.933	24	0	3
2025.11.25	23:30:00	75.936	75.970	75.936	75.963	47	0	3
2025.11.25	23:45:00	75.966	75.999	75.964	75.996	47	0	3
2025.11.26	00:00:00	75.993	75.993	75.940	75.954	95	0	3
2025.11.26	00:15:00	75.957	75.966	75.924	75.925	48	0	3
2025.11.26	00:30:00	75.928	75.957	75.908	75.954	107	0	3
2025.11.26	00:45:00	75.956	75.980	75.935	75.943	86	0	3
2025.11.26	01:00:00	75.938	75.953	75.918	75.950	189	0	3
2025.11.26	01:15:00	75.947	75.947	75.908	75.919	160	0	3
2025.11.26	01:30:00	75.915	75.915	75.827	75.853	249	0	3
2025.11.26	01:45:00	75.856	75.910	75.851	75.878	187	0	3
2025.11.26	02:00:00	75.882	75.889	75.793	75.809	134	0	3
2025.11.26	02:15:00	75.806	75.823	75.796	75.802	152	0	3
2025.11.26	02:30:00	75.799	75.828	75.792	75.818	146	0	3
2025.11.26	02:45:00	75.814	75.839	75.805	75.829	127	0	3
2025.11.26	03:00:00	75.829	75.832	75.796	75.806	78	0	3
2025.11.26	03:15:00	75.803	75.822	75.790	75.798	75	0	3
2025.11.26	03:30:00	75.795	75.804	75.781	75.791	71	0	3
2025.11.26	03:45:00	75.787	75.787	75.773	75.779	46	0	3
2025.11.26	04:00:00	75.782	75.799	75.774	75.793	57	0	3
2025.11.26	04:15:00	75.792	75.821	75.792	75.816	39	0	3
2025.11.26	04:30:00	75.819	75.825	75.802	75.803	31	0	3
2025.11.26	04:45:00	75.806	75.827	75.806	75.827	31	0	3
2025.11.26	05:00:00	75.827	75.827	75.807	75.821	30	0	3
2025.11.26	05:15:00	75.824	75.824	75.812	75.815	31	0	3
2025.11.26	05:30:00	75.815	75.826	75.810	75.821	31	0	3
2025.11.26	05:45:00	75.821	75.824	75.803	75.806	64	0	3
2025.11.26	06:00:00	75.810	75.827	75.798	75.798	78	0	3
2025.11.26	06:15:00	75.801	75.804	75.766	75.770	78	0	3
2025.11.26	06:30:00	75.774	75.814	75.770	75.811	62	0	3
2025.11.26	06:45:00	75.814	75.850	75.810	75.821	65	0	3
2025.11.26	07:00:00	75.817	75.837	75.788	75.837	129	0	3
2025.11.26	07:15:00	75.840	75.914	75.824	75.914	113	0	3
2025.11.26	07:30:00	75.917	75.917	75.871	75.895	134	0	3
2025.11.26	07:45:00	75.898	75.955	75.874	75.875	179	0	3
2025.11.26	08:00:00	75.879	75.920	75.859	75.868	193	0	3
2025.11.26	08:15:00	75.865	75.873	75.831	75.850	124	0	3
2025.11.26	08:30:00	75.846	75.880	75.830	75.850	135	0	3
2025.11.26	08:45:00	75.847	75.940	75.844	75.908	305	0	3
2025.11.26	09:00:00	75.905	75.921	75.867	75.874	133	0	3
2025.11.26	09:15:00	75.870	75.911	75.870	75.901	105	0	3
2025.11.26	09:30:00	75.904	75.926	75.873	75.883	97	0	3
2025.11.26	09:45:00	75.886	75.938	75.886	75.904	103	0	3
2025.11.26	10:00:00	75.907	75.946	75.888	75.924	102	0	3
2025.11.26	10:15:00	75.921	75.954	75.906	75.951	84	0	3
2025.11.26	10:30:00	75.954	76.000	75.937	75.937	106	0	3
2025.11.26	10:45:00	75.934	75.981	75.934	75.977	103	0	3
2025.11.26	11:00:00	75.980	76.024	75.980	76.021	81	0	3
2025.11.26	11:15:00	76.018	76.037	76.014	76.027	69	0	3
2025.11.26	11:30:00	76.024	76.041	75.744	75.830	947	0	3
2025.11.26	11:45:00	75.826	75.954	75.771	75.915	1121	0	3
2025.11.26	12:00:00	75.918	76.192	75.911	76.131	1654	0	3
2025.11.26	12:15:00	76.135	76.151	75.996	76.022	665	0	3
2025.11.26	12:30:00	76.018	76.099	75.947	75.953	443	0	3
2025.11.26	12:45:00	75.956	75.962	75.819	75.848	509	0	3
2025.11.26	13:00:00	75.845	75.891	75.773	75.790	325	0	3
2025.11.26	13:15:00	75.787	75.787	75.615	75.643	615	0	3
2025.11.26	13:30:00	75.646	75.806	75.646	75.781	870	0	3
2025.11.26	13:45:00	75.784	75.856	75.751	75.798	522	0	3
2025.11.26	14:00:00	75.802	75.841	75.784	75.787	300	0	3
2025.11.26	14:15:00	75.784	75.819	75.741	75.814	214	0	3
2025.11.26	14:30:00	75.817	75.822	75.753	75.776	241	0	3
2025.11.26	14:45:00	75.772	75.780	75.716	75.763	251	0	3
2025.11.26	15:00:00	75.767	75.783	75.644	75.645	302	0	3
2025.11.26	15:15:00	75.641	75.714	75.556	75.643	405	0	3
2025.11.26	15:30:00	75.646	75.722	75.640	75.668	255	0	3
2025.11.26	15:45:00	75.671	75.674	75.592	75.609	266	0	3
2025.11.26	16:00:00	75.605	75.619	75.539	75.604	206	0	3
2025.11.26	16:15:00	75.600	75.600	75.560	75.574	193	0	3
2025.11.26	16:30:00	75.571	75.609	75.563	75.584	121	0	3
2025.11.26	16:45:00	75.581	75.642	75.570	75.608	129	0	3
2025.11.26	17:00:00	75.609	75.617	75.584	75.614	133	0	3
2025.11.26	17:15:00	75.617	75.646	75.603	75.632	127	0	3
2025.11.26	17:30:00	75.628	75.643	75.604	75.607	60	0	3
2025.11.26	17:45:00	75.604	75.631	75.596	75.607	89	0	3
2025.11.26	18:00:00	75.603	75.609	75.567	75.588	107	0	3
2025.11.26	18:15:00	75.585	75.607	75.566	75.584	62	0	3
2025.11.26	18:30:00	75.587	75.619	75.587	75.595	60	0	3
2025.11.26	18:45:00	75.598	75.613	75.561	75.561	64	0	3
2025.11.26	19:00:00	75.563	75.584	75.554	75.567	80	0	3
2025.11.26	19:15:00	75.570	75.577	75.554	75.569	43	0	3
2025.11.26	19:30:00	75.566	75.567	75.542	75.546	40	0	3
2025.11.26	19:45:00	75.545	75.574	75.545	75.559	47	0	3
2025.11.26	20:00:00	75.562	75.568	75.540	75.540	34	0	3
2025.11.26	20:15:00	75.538	75.538	75.517	75.538	54	0	3
2025.11.26	20:30:00	75.541	75.545	75.531	75.534	32	0	3
2025.11.26	20:45:00	75.538	75.559	75.534	75.550	45	0	3
2025.11.26	21:00:00	75.553	75.553	75.541	75.552	35	0	3
2025.11.26	21:15:00	75.549	75.558	75.536	75.539	30	0	3
2025.11.26	21:30:00	75.536	75.544	75.506	75.537	51	0	3
2025.11.26	21:45:00	75.534	75.537	75.501	75.503	46	0	3
2025.11.26	22:00:00	75.503	75.504	75.501	75.503	12	0	16
2025.11.26	22:15:00	75.503	75.505	75.501	75.503	14	0	28
2025.11.26	22:30:00	75.503	75.508	75.502	75.502	14	0	24
2025.11.26	22:45:00	75.501	75.527	75.501	75.526	15	0	4
2025.11.26	23:00:00	75.523	75.523	75.507	75.518	35	0	3
2025.11.26	23:15:00	75.518	75.523	75.506	75.516	25	0	3
2025.11.26	23:30:00	75.513	75.519	75.505	75.507	26	0	3
2025.11.26	23:45:00	75.504	75.504	75.476	75.500	22	0	3
2025.11.27	00:00:00	75.503	75.505	75.482	75.498	64	0	3
2025.11.27	00:15:00	75.499	75.506	75.487	75.490	27	0	3
2025.11.27	00:30:00	75.487	75.494	75.478	75.492	36	0	3
2025.11.27	00:45:00	75.492	75.492	75.468	75.481	36	0	3
2025.11.27	01:00:00	75.478	75.478	75.444	75.446	63	0	3
2025.11.27	01:15:00	75.449	75.477	75.434	75.440	69	0	3
2025.11.27	01:30:00	75.437	75.461	75.431	75.452	85	0	3
2025.11.27	01:45:00	75.449	75.455	75.410	75.430	103	0	3
2025.11.27	02:00:00	75.427	75.437	75.399	75.420	70	0	3
2025.11.27	02:15:00	75.417	75.439	75.407	75.433	108	0	3
2025.11.27	02:30:00	75.434	75.441	75.418	75.422	56	0	3
2025.11.27	02:45:00	75.425	75.475	75.419	75.463	67	0	3
2025.11.27	03:00:00	75.460	75.470	75.452	75.467	52	0	3
2025.11.27	03:15:00	75.465	75.478	75.465	75.478	40	0	3
2025.11.27	03:30:00	75.481	75.481	75.442	75.446	41	0	3
2025.11.27	03:45:00	75.449	75.454	75.427	75.437	43	0	3
2025.11.27	04:00:00	75.437	75.446	75.426	75.439	40	0	3
2025.11.27	04:15:00	75.436	75.436	75.390	75.390	60	0	3
2025.11.27	04:30:00	75.387	75.437	75.365	75.433	90	0	3
2025.11.27	04:45:00	75.431	75.435	75.414	75.429	30	0	3
2025.11.27	05:00:00	75.432	75.432	75.403	75.412	36	0	3
2025.11.27	05:15:00	75.415	75.425	75.381	75.393	50	0	3
2025.11.27	05:30:00	75.390	75.412	75.363	75.408	81	0	3
2025.11.27	05:45:00	75.411	75.420	75.385	75.417	98	0	3
2025.11.27	06:00:00	75.414	75.418	75.391	75.411	64	0	3
2025.11.27	06:15:00	75.408	75.460	75.401	75.455	85	0	3
2025.11.27	06:30:00	75.452	75.494	75.432	75.492	149	0	3
2025.11.27	06:45:00	75.488	75.531	75.480	75.509	110	0	3
2025.11.27	07:00:00	75.512	75.524	75.488	75.500	89	0	3
2025.11.27	07:15:00	75.502	75.541	75.502	75.526	76	0	3
2025.11.27	07:30:00	75.529	75.579	75.529	75.575	59	0	3
2025.11.27	07:45:00	75.578	75.585	75.529	75.533	83	0	3
2025.11.27	08:00:00	75.536	75.606	75.516	75.606	128	0	3
2025.11.27	08:15:00	75.610	75.636	75.594	75.607	98	0	3
2025.11.27	08:30:00	75.604	75.643	75.592	75.643	92	0	3
2025.11.27	08:45:00	75.646	75.653	75.615	75.622	73	0	3
2025.11.27	09:00:00	75.625	75.697	75.622	75.693	114	0	3
2025.11.27	09:15:00	75.696	75.697	75.678	75.694	99	0	3
2025.11.27	09:30:00	75.691	75.695	75.677	75.677	57	0	3
2025.11.27	09:45:00	75.681	75.681	75.654	75.679	69	0	3
2025.11.27	10:00:00	75.682	75.686	75.649	75.659	45	0	3
2025.11.27	10:15:00	75.662	75.662	75.630	75.638	64	0	3
2025.11.27	10:30:00	75.635	75.649	75.601	75.612	71	0	3
2025.11.27	10:45:00	75.612	75.640	75.600	75.617	94	0	3
2025.11.27	11:00:00	75.621	75.632	75.595	75.632	78	0	3
2025.11.27	11:15:00	75.628	75.639	75.601	75.601	78	0	3
2025.11.27	11:30:00	75.604	75.614	75.596	75.608	45	0	3
2025.11.27	11:45:00	75.606	75.606	75.574	75.586	60	0	3
2025.11.27	12:00:00	75.583	75.610	75.576	75.583	72	0	3
2025.11.27	12:15:00	75.585	75.592	75.564	75.578	42	0	3
2025.11.27	12:30:00	75.582	75.582	75.562	75.566	49	0	3
2025.11.27	12:45:00	75.569	75.576	75.557	75.566	64	0	3
2025.11.27	13:00:00	75.562	75.567	75.539	75.539	63	0	3
2025.11.27	13:15:00	75.542	75.558	75.501	75.505	91	0	3
2025.11.27	13:30:00	75.501	75.528	75.474	75.523	117	0	3
2025.11.27	13:45:00	75.526	75.531	75.482	75.509	86	0	3
2025.11.27	14:00:00	75.513	75.535	75.498	75.535	86	0	3
2025.11.27	14:15:00	75.533	75.564	75.530	75.561	56	0	3
2025.11.27	14:30:00	75.564	75.589	75.553	75.563	57	0	3
2025.11.27	14:45:00	75.564	75.565	75.544	75.562	70	0	3
2025.11.27	15:00:00	75.566	75.569	75.534	75.540	66	0	3
2025.11.27	15:15:00	75.539	75.546	75.492	75.495	69	0	3
2025.11.27	15:30:00	75.498	75.520	75.488	75.489	67	0	3
2025.11.27	15:45:00	75.489	75.507	75.459	75.463	69	0	3
2025.11.27	16:00:00	75.466	75.486	75.442	75.442	78	0	3
2025.11.27	16:15:00	75.444	75.473	75.441	75.449	44	0	3
2025.11.27	16:30:00	75.452	75.516	75.452	75.509	59	0	3
2025.11.27	16:45:00	75.512	75.528	75.501	75.506	42	0	3
2025.11.27	17:00:00	75.503	75.539	75.483	75.533	49	0	3
2025.11.27	17:15:00	75.534	75.564	75.534	75.552	45	0	3
2025.11.27	17:30:00	75.549	75.580	75.529	75.576	50	0	3
2025.11.27	17:45:00	75.580	75.580	75.541	75.541	28	0	3
2025.11.27	18:00:00	75.538	75.557	75.535	75.557	23	0	3
2025.11.27	18:15:00	75.560	75.562	75.545	75.545	18	0	3
2025.11.27	18:30:00	75.545	75.549	75.539	75.546	21	0	3
2025.11.27	18:45:00	75.546	75.558	75.544	75.558	20	0	3
2025.11.27	19:00:00	75.558	75.558	75.545	75.547	20	0	3
2025.11.27	19:15:00	75.547	75.550	75.541	75.544	19	0	3
2025.11.27	19:30:00	75.541	75.548	75.539	75.546	18	0	3
2025.11.27	19:45:00	75.542	75.545	75.538	75.544	21	0	3
2025.11.27	20:00:00	75.547	75.548	75.540	75.547	20	0	3
2025.11.27	20:15:00	75.547	75.550	75.543	75.546	37	0	3
2025.11.27	20:30:00	75.547	75.548	75.536	75.542	67	0	3
2025.11.27	20:45:00	75.541	75.549	75.539	75.543	16	0	3
2025.11.27	21:00:00	75.541	75.546	75.534	75.539	22	0	3
2025.11.27	21:15:00	75.539	75.539	75.524	75.524	21	0	3
2025.11.27	21:30:00	75.528	75.531	75.527	75.531	16	0	3
2025.11.27	21:45:00	75.529	75.534	75.527	75.528	18	0	3
2025.11.30	22:00:00	75.546	75.558	75.546	75.558	9	0	67
2025.11.30	22:15:00	75.560	75.560	75.526	75.540	15	0	42
2025.11.30	22:30:00	75.536	75.547	75.536	75.547	14	0	36
2025.11.30	22:45:00	75.549	75.559	75.549	75.559	15	0	28
2025.11.30	23:00:00	75.561	75.561	75.475	75.475	21	0	6
2025.11.30	23:15:00	75.483	75.547	75.483	75.547	27	0	5
2025.11.30	23:30:00	75.550	75.557	75.544	75.547	26	0	3
2025.11.30	23:45:00	75.544	75.569	75.531	75.531	43	0	3
2025.12.01	00:00:00	75.528	75.532	75.504	75.532	123	0	3
2025.12.01	00:15:00	75.529	75.543	75.517	75.527	75	0	3
2025.12.01	00:30:00	75.525	75.536	75.511	75.526	66	0	3
2025.12.01	00:45:00	75.522	75.548	75.519	75.545	91	0	3
2025.12.01	01:00:00	75.548	75.579	75.494	75.511	226	0	3
2025.12.01	01:15:00	75.515	75.518	75.488	75.493	126	0	3
2025.12.01	01:30:00	75.489	75.553	75.489	75.531	124	0	3
2025.12.01	01:45:00	75.534	75.548	75.503	75.539	97	0	3
2025.12.01	02:00:00	75.542	75.583	75.528	75.561	94	0	3
