<DATE>	<TIME>	<OPEN>	<HIGH>	<LOW>	<CLOSE>	<TICKVOL>	<VOL>	<SPREAD>
2025.06.01	22:00:00	74.308	74.319	74.260	74.268	115	0	2
2025.06.01	23:00:00	74.265	74.274	74.218	74.247	183	0	2
2025.06.02	00:00:00	74.247	74.247	74.116	74.137	332	0	2
2025.06.02	01:00:00	74.133	74.152	74.042	74.128	419	0	2
2025.06.02	02:00:00	74.132	74.158	74.094	74.151	228	0	2
2025.06.02	03:00:00	74.154	74.220	74.140	74.167	225	0	2
2025.06.02	04:00:00	74.163	74.175	74.126	74.134	187	0	2
2025.06.02	05:00:00	74.130	74.136	74.052	74.065	246	0	2
2025.06.02	06:00:00	74.069	74.079	73.887	73.902	494	0	2
2025.06.02	07:00:00	73.906	73.914	73.759	73.809	720	0	2
2025.06.02	08:00:00	73.805	73.862	73.788	73.837	596	0	2
2025.06.02	09:00:00	73.834	73.852	73.770	73.848	550	0	2
2025.06.02	10:00:00	73.851	73.905	73.824	73.905	375	0	2
2025.06.02	11:00:00	73.902	73.923	73.840	73.875	408	0	2
2025.06.02	12:00:00	73.872	73.900	73.796	73.841	464	0	2
2025.06.02	13:00:00	73.838	73.970	73.833	73.912	646	0	2
2025.06.02	14:00:00	73.909	73.909	73.747	73.784	986	0	2
2025.06.02	15:00:00	73.787	73.830	73.769	73.813	579	0	2
2025.06.02	16:00:00	73.810	73.966	73.806	73.950	436	0	2
2025.06.02	17:00:00	73.953	73.976	73.921	73.956	295	0	2
2025.06.02	18:00:00	73.959	73.978	73.847	73.850	257	0	2
2025.06.02	19:00:00	73.853	73.879	73.809	73.819	199	0	2
2025.06.02	20:00:00	73.822	73.832	73.802	73.827	97	0	2
2025.06.02	21:00:00	73.824	73.835	73.817	73.832	55	0	9
2025.06.02	22:00:00	73.832	73.858	73.807	73.807	110	0	2
2025.06.02	23:00:00	73.804	73.816	73.750	73.761	153	0	2
2025.06.03	00:00:00	73.758	73.822	73.758	73.812	227	0	2
2025.06.03	01:00:00	73.815	73.900	73.811	73.890	355	0	2
2025.06.03	02:00:00	73.893	73.968	73.893	73.952	264	0	2
2025.06.03	03:00:00	73.956	73.990	73.933	73.970	202	0	2
2025.06.03	04:00:00	73.973	73.987	73.933	73.942	190	0	2
2025.06.03	05:00:00	73.939	74.007	73.927	73.939	228	0	2
2025.06.03	06:00:00	73.936	73.987	73.869	73.897	456	0	2
2025.06.03	07:00:00	73.900	73.983	73.893	73.966	574	0	2
2025.06.03	08:00:00	73.970	74.042	73.962	73.988	416	0	2
2025.06.03	09:00:00	73.991	74.022	73.927	73.991	385	0	2
2025.06.03	10:00:00	73.987	74.049	73.962	74.042	350	0	2
2025.06.03	11:00:00	74.038	74.098	74.031	74.054	381	0	2
2025.06.03	12:00:00	74.051	74.118	74.044	74.052	412	0	2
2025.06.03	13:00:00	74.049	74.071	73.951	74.003	594	0	2
2025.06.03	14:00:00	74.000	74.092	73.888	73.916	1036	0	2
2025.06.03	15:00:00	73.913	73.983	73.897	73.965	576	0	2
2025.06.03	16:00:00	73.961	74.015	73.927	73.971	353	0	2
2025.06.03	17:00:00	73.968	73.981	73.911	73.922	242	0	2
2025.06.03	18:00:00	73.919	73.971	73.919	73.937	205	0	2
2025.06.03	19:00:00	73.940	73.997	73.930	73.987	136	0	2
2025.06.03	20:00:00	73.983	73.997	73.949	73.976	126	0	2
2025.06.03	21:00:00	73.971	73.973	73.963	73.963	56	0	7
2025.06.03	22:00:00	73.970	73.970	73.948	73.957	88	0	2
2025.06.03	23:00:00	73.953	73.953	73.899	73.904	125	0	2
2025.06.04	00:00:00	73.901	73.931	73.891	73.927	286	0	2
2025.06.04	01:00:00	73.923	73.988	73.830	73.879	476	0	2
2025.06.04	02:00:00	73.876	73.961	73.862	73.946	199	0	2
2025.06.04	03:00:00	73.947	73.996	73.916	73.982	206	0	2
2025.06.04	04:00:00	73.979	74.014	73.926	74.005	278	0	2
2025.06.04	05:00:00	74.008	74.067	73.983	74.016	294	0	2
2025.06.04	06:00:00	74.013	74.046	73.923	73.927	550	0	2
2025.06.04	07:00:00	73.924	73.949	73.847	73.916	455	0	2
2025.06.04	08:00:00	73.919	73.940	73.822	73.854	469	0	2
2025.06.04	09:00:00	73.857	73.909	73.839	73.878	371	0	2
2025.06.04	10:00:00	73.875	73.961	73.861	73.940	378	0	2
2025.06.04	11:00:00	73.937	74.001	73.924	73.998	238	0	2
2025.06.04	12:00:00	73.995	74.005	73.832	73.836	856	0	2
2025.06.04	13:00:00	73.839	73.898	73.806	73.862	554	0	2
2025.06.04	14:00:00	73.859	73.859	73.637	73.652	1083	0	2
2025.06.04	15:00:00	73.656	73.751	73.649	73.701	497	0	2
2025.06.04	16:00:00	73.698	73.763	73.679	73.686	387	0	2
2025.06.04	17:00:00	73.681	73.747	73.668	73.740	239	0	2
2025.06.04	18:00:00	73.736	73.758	73.710	73.753	188	0	2
2025.06.04	19:00:00	73.749	73.819	73.745	73.817	154	0	2
2025.06.04	20:00:00	73.820	73.825	73.767	73.770	124	0	2
2025.06.04	21:00:00	73.768	73.780	73.764	73.773	56	0	7
2025.06.04	22:00:00	73.787	73.798	73.780	73.795	73	0	2
2025.06.04	23:00:00	73.792	73.798	73.745	73.794	137	0	2
2025.06.05	00:00:00	73.791	73.816	73.748	73.748	293	0	2
2025.06.05	01:00:00	73.745	73.836	73.714	73.812	375	0	2
2025.06.05	02:00:00	73.816	73.849	73.804	73.813	216	0	2
2025.06.05	03:00:00	73.809	73.830	73.739	73.826	297	0	2
2025.06.05	04:00:00	73.830	73.836	73.797	73.812	197	0	2
2025.06.05	05:00:00	73.815	73.839	73.801	73.830	199	0	2
2025.06.05	06:00:00	73.827	73.831	73.751	73.818	395	0	2
2025.06.05	07:00:00	73.821	73.826	73.669	73.742	432	0	2
2025.06.05	08:00:00	73.738	73.739	73.673	73.706	346	0	2
2025.06.05	09:00:00	73.703	73.742	73.676	73.717	347	0	2
2025.06.05	10:00:00	73.720	73.721	73.612	73.665	331	0	2
2025.06.05	11:00:00	73.668	73.712	73.645	73.687	329	0	2
2025.06.05	12:00:00	73.690	73.711	73.558	73.643	1240	0	2
2025.06.05	13:00:00	73.647	73.683	73.438	73.515	1420	0	2
2025.06.05	14:00:00	73.512	73.594	73.491	73.574	1041	0	2
2025.06.05	15:00:00	73.577	73.661	73.534	73.623	802	0	2
2025.06.05	16:00:00	73.626	73.657	73.594	73.602	411	0	2
2025.06.05	17:00:00	73.605	73.640	73.584	73.588	284	0	2
2025.06.05	18:00:00	73.590	73.693	73.590	73.636	267	0	2
2025.06.05	19:00:00	73.640	73.707	73.632	73.671	348	0	2
2025.06.05	20:00:00	73.674	73.688	73.657	73.681	137	0	2
2025.06.05	21:00:00	73.683	73.684	73.646	73.647	55	0	7
2025.06.05	22:00:00	73.674	73.677	73.647	73.647	95	0	2
2025.06.05	23:00:00	73.644	73.662	73.631	73.642	119	0	2
2025.06.06	00:00:00	73.639	73.643	73.610	73.640	216	0	2
2025.06.06	01:00:00	73.644	73.675	73.615	73.666	219	0	2
2025.06.06	02:00:00	73.662	73.714	73.662	73.691	205	0	2
2025.06.06	03:00:00	73.693	73.698	73.658	73.680	141	0	2
2025.06.06	04:00:00	73.678	73.683	73.653	73.664	145	0	2
2025.06.06	05:00:00	73.668	73.736	73.664	73.710	163	0	2
2025.06.06	06:00:00	73.713	73.832	73.705	73.799	416	0	2
2025.06.06	07:00:00	73.795	73.881	73.789	73.823	584	0	2
2025.06.06	08:00:00	73.826	73.883	73.810	73.865	350	0	2
2025.06.06	09:00:00	73.862	73.909	73.855	73.888	302	0	2
2025.06.06	10:00:00	73.885	73.888	73.787	73.802	259	0	2
2025.06.06	11:00:00	73.798	73.839	73.770	73.791	281	0	2
2025.06.06	12:00:00	73.795	73.966	73.724	73.870	1503	0	2
2025.06.06	13:00:00	73.876	74.032	73.832	73.957	1221	0	2
2025.06.06	14:00:00	73.953	73.980	73.808	73.928	1026	0	2
2025.06.06	15:00:00	73.931	73.978	73.881	73.902	664	0	2
2025.06.06	16:00:00	73.898	73.974	73.876	73.967	401	0	2
2025.06.06	17:00:00	73.963	73.985	73.916	73.929	299	0	2
2025.06.06	18:00:00	73.926	73.932	73.890	73.908	275	0	2
2025.06.06	19:00:00	73.904	73.926	73.883	73.899	166	0	2
2025.06.06	20:00:00	73.895	73.941	73.895	73.929	146	0	2
2025.06.08	22:00:00	73.904	73.904	73.874	73.877	84	0	2
2025.06.08	23:00:00	73.874	73.888	73.855	73.869	126	0	2
2025.06.09	00:00:00	73.866	73.918	73.859	73.900	171	0	2
2025.06.09	01:00:00	73.897	73.897	73.774	73.781	285	0	2
2025.06.09	02:00:00	73.785	73.788	73.716	73.766	244	0	2
2025.06.09	03:00:00	73.763	73.789	73.738	73.789	158	0	2
2025.06.09	04:00:00	73.792	73.801	73.773	73.777	128	0	2
2025.06.09	05:00:00	73.774	73.806	73.750	73.761	164	0	2
2025.06.09	06:00:00	73.758	73.779	73.679	73.697	304	0	2
2025.06.09	07:00:00	73.701	73.752	73.692	73.719	351	0	2
2025.06.09	08:00:00	73.716	73.725	73.648	73.672	352	0	2
2025.06.09	09:00:00	73.669	73.684	73.630	73.681	250	0	2
2025.06.09	10:00:00	73.684	73.756	73.658	73.751	198	0	2
2025.06.09	11:00:00	73.748	73.772	73.724	73.735	308	0	2
2025.06.09	12:00:00	73.732	73.887	73.732	73.873	471	0	2
2025.06.09	13:00:00	73.876	73.937	73.850	73.877	497	0	2
2025.06.09	14:00:00	73.874	73.918	73.803	73.824	506	0	2
2025.06.09	15:00:00	73.827	73.831	73.720	73.733	372	0	2
2025.06.09	16:00:00	73.730	73.778	73.729	73.752	231	0	2
2025.06.09	17:00:00	73.750	73.791	73.733	73.754	204	0	2
2025.06.09	18:00:00	73.758	73.765	73.714	73.729	164	0	2
2025.06.09	19:00:00	73.733	73.758	73.713	73.755	141	0	2
2025.06.09	20:00:00	73.758	73.806	73.757	73.791	97	0	2
2025.06.09	21:00:00	73.794	73.794	73.763	73.781	58	0	11
2025.06.09	22:00:00	73.795	73.799	73.778	73.786	73	0	2
2025.06.09	23:00:00	73.782	73.799	73.758	73.774	86	0	2
2025.06.10	00:00:00	73.778	73.788	73.722	73.773	235	0	2
2025.06.10	01:00:00	73.777	73.922	73.742	73.906	370	0	2
2025.06.10	02:00:00	73.909	73.964	73.851	73.865	438	0	2
2025.06.10	03:00:00	73.868	73.897	73.833	73.833	253	0	2
2025.06.10	04:00:00	73.830	73.897	73.830	73.864	198	0	2
2025.06.10	05:00:00	73.868	73.879	73.820	73.851	421	0	2
2025.06.10	06:00:00	73.854	74.169	73.854	74.168	876	0	2
2025.06.10	07:00:00	74.172	74.313	74.152	74.224	935	0	2
2025.06.10	08:00:00	74.221	74.221	74.090	74.139	551	0	2
2025.06.10	09:00:00	74.143	74.182	74.098	74.116	400	0	2
2025.06.10	10:00:00	74.113	74.132	74.031	74.039	385	0	2
2025.06.10	11:00:00	74.035	74.107	74.023	74.041	470	0	2
2025.06.10	12:00:00	74.038	74.081	74.004	74.031	498	0	2
2025.06.10	13:00:00	74.034	74.046	73.885	73.891	682	0	2
2025.06.10	14:00:00	73.894	73.996	73.870	73.996	503	0	2
2025.06.10	15:00:00	73.999	74.043	73.982	74.034	446	0	2
2025.06.10	16:00:00	74.030	74.083	74.020	74.082	226	0	2
2025.06.10	17:00:00	74.078	74.099	74.046	74.072	215	0	2
2025.06.10	18:00:00	74.075	74.127	74.075	74.105	189	0	2
2025.06.10	19:00:00	74.106	74.119	74.027	74.061	194	0	2
2025.06.10	20:00:00	74.057	74.094	74.052	74.075	112	0	2
2025.06.10	21:00:00	74.073	74.073	74.035	74.048	58	0	9
2025.06.10	22:00:00	74.081	74.088	74.051	74.057	109	0	2
2025.06.10	23:00:00	74.060	74.094	74.017	74.031	233	0	2
2025.06.11	00:00:00	74.028	74.121	74.018	74.117	399	0	2
2025.06.11	01:00:00	74.114	74.208	74.096	74.201	273	0	2
2025.06.11	02:00:00	74.204	74.211	74.167	74.180	188	0	2
2025.06.11	03:00:00	74.183	74.207	74.161	74.171	154	0	2
2025.06.11	04:00:00	74.174	74.197	74.149	74.166	169	0	2
2025.06.11	05:00:00	74.169	74.177	74.121	74.128	164	0	2
2025.06.11	06:00:00	74.126	74.259	74.123	74.252	318	0	2
2025.06.11	07:00:00	74.256	74.268	74.132	74.165	445	0	2
2025.06.11	08:00:00	74.169	74.183	74.093	74.105	370	0	2
2025.06.11	09:00:00	74.101	74.126	74.041	74.085	398	0	2
2025.06.11	10:00:00	74.081	74.107	74.055	74.090	290	0	2
2025.06.11	11:00:00	74.093	74.155	74.089	74.098	310	0	2
2025.06.11	12:00:00	74.095	74.135	73.800	73.968	1248	0	2
2025.06.11	13:00:00	73.964	74.063	73.907	73.972	950	0	2
2025.06.11	14:00:00	73.976	73.983	73.827	73.858	681	0	2
2025.06.11	15:00:00	73.861	73.891	73.755	73.771	584	0	2
2025.06.11	16:00:00	73.768	73.847	73.759	73.802	321	0	2
2025.06.11	17:00:00	73.806	73.813	73.721	73.729	258	0	2
2025.06.11	18:00:00	73.726	73.812	73.706	73.811	397	0	2
2025.06.11	19:00:00	73.814	73.874	73.809	73.862	246	0	2
2025.06.11	20:00:00	73.858	73.862	73.808	73.808	151	0	2
2025.06.11	21:00:00	73.807	73.819	73.792	73.792	56	0	6
2025.06.11	22:00:00	73.805	73.805	73.694	73.712	137	0	2
2025.06.11	23:00:00	73.709	73.731	73.675	73.703	209	0	2
2025.06.12	00:00:00	73.700	73.731	73.589	73.617	426	0	2
2025.06.12	01:00:00	73.620	73.640	73.563	73.618	447	0	2
2025.06.12	02:00:00	73.622	73.707	73.622	73.672	309	0	2
2025.06.12	03:00:00	73.676	73.676	73.605	73.617	209	0	2
2025.06.12	04:00:00	73.617	73.653	73.606	73.622	166	0	2
2025.06.12	05:00:00	73.625	73.645	73.582	73.589	228	0	2
2025.06.12	06:00:00	73.594	73.766	73.594	73.720	719	0	2
2025.06.12	07:00:00	73.723	73.945	73.723	73.839	781	0	2
2025.06.12	08:00:00	73.836	73.862	73.707	73.711	687	0	2
2025.06.12	09:00:00	73.714	73.744	73.599	73.647	610	0	2
2025.06.12	10:00:00	73.650	73.682	73.538	73.585	869	0	2
2025.06.12	11:00:00	73.581	73.640	73.532	73.570	618	0	2
2025.06.12	12:00:00	73.567	73.636	73.423	73.472	1134	0	2
2025.06.12	13:00:00	73.475	73.593	73.402	73.550	860	0	2
2025.06.12	14:00:00	73.547	73.561	73.487	73.558	716	0	2
2025.06.12	15:00:00	73.562	73.624	73.547	73.603	637	0	2
2025.06.12	16:00:00	73.599	73.622	73.572	73.573	420	0	2
2025.06.12	17:00:00	73.576	73.615	73.549	73.577	278	0	2
2025.06.12	18:00:00	73.580	73.602	73.545	73.548	193	0	2
2025.06.12	19:00:00	73.551	73.561	73.502	73.513	142	0	2
2025.06.12	20:00:00	73.516	73.522	73.443	73.453	126	0	2
2025.06.12	21:00:00	73.457	73.457	73.423	73.423	56	0	6
2025.06.12	22:00:00	73.430	73.458	73.410	73.433	109	0	2
2025.06.12	23:00:00	73.436	73.455	73.363	73.370	174	0	2
2025.06.13	00:00:00	73.374	73.747	73.352	73.689	1707	0	2
2025.06.13	01:00:00	73.686	73.791	73.682	73.715	908	0	2
2025.06.13	02:00:00	73.720	73.788	73.697	73.762	568	0	2
2025.06.13	03:00:00	73.758	73.848	73.755	73.782	529	0	2
2025.06.13	04:00:00	73.786	73.906	73.779	73.886	358	0	2
2025.06.13	05:00:00	73.883	73.920	73.822	73.859	499	0	2
2025.06.13	06:00:00	73.856	73.954	73.779	73.865	906	0	2
2025.06.13	07:00:00	73.869	73.874	73.689	73.748	805	0	2
2025.06.13	08:00:00	73.751	73.792	73.694	73.749	545	0	2
2025.06.13	09:00:00	73.753	73.846	73.729	73.831	532	0	2
2025.06.13	10:00:00	73.834	73.944	73.782	73.882	721	0	2
2025.06.13	11:00:00	73.879	73.944	73.811	73.856	630	0	2
2025.06.13	12:00:00	73.853	73.939	73.842	73.885	561	0	2
2025.06.13	13:00:00	73.882	73.980	73.840	73.847	617	0	2
2025.06.13	14:00:00	73.850	73.860	73.657	73.665	750	0	2
2025.06.13	15:00:00	73.661	73.672	73.511	73.570	645	0	2
2025.06.13	16:00:00	73.567	73.577	73.521	73.557	340	0	2
2025.06.13	17:00:00	73.560	73.672	73.560	73.617	299	0	2
2025.06.13	18:00:00	73.614	73.746	73.604	73.729	398	0	2
2025.06.13	19:00:00	73.732	73.751	73.683	73.687	270	0	2
2025.06.13	20:00:00	73.690	73.747	73.662	73.669	422	0	2
2025.06.15	22:00:00	73.813	73.853	73.735	73.764	148	0	2
2025.06.15	23:00:00	73.760	73.845	73.756	73.802	349	0	2
2025.06.16	00:00:00	73.805	73.832	73.767	73.800	386	0	2
2025.06.16	01:00:00	73.803	73.826	73.753	73.812	387	0	2
2025.06.16	02:00:00	73.808	73.842	73.781	73.838	260	0	2
2025.06.16	03:00:00	73.835	73.881	73.812	73.872	250	0	2
2025.06.16	04:00:00	73.875	73.875	73.811	73.815	199	0	2
2025.06.16	05:00:00	73.812	73.812	73.666	73.685	355	0	2
2025.06.16	06:00:00	73.681	73.755	73.579	73.604	629	0	2
2025.06.16	07:00:00	73.607	73.644	73.567	73.614	670	0	2
2025.06.16	08:00:00	73.611	73.651	73.587	73.641	458	0	2
2025.06.16	09:00:00	73.644	73.648	73.577	73.603	353	0	2
2025.06.16	10:00:00	73.607	73.660	73.593	73.632	356	0	2
2025.06.16	11:00:00	73.635	73.653	73.577	73.647	333	0	2
2025.06.16	12:00:00	73.643	73.670	73.612	73.622	487	0	2
2025.06.16	13:00:00	73.619	73.619	73.448	73.465	663	0	2
2025.06.16	14:00:00	73.462	73.557	73.410	73.549	874	0	2
2025.06.16	15:00:00	73.545	73.586	73.529	73.543	551	0	2
2025.06.16	16:00:00	73.540	73.549	73.481	73.481	304	0	2
2025.06.16	17:00:00	73.478	73.571	73.468	73.545	299	0	2
2025.06.16	18:00:00	73.548	73.559	73.528	73.550	250	0	2
2025.06.16	19:00:00	73.553	73.669	73.549	73.666	243	0	2
2025.06.16	20:00:00	73.669	73.676	73.618	73.648	137	0	2
2025.06.16	21:00:00	73.648	73.650	73.638	73.638	57	0	9
2025.06.16	22:00:00	73.657	73.695	73.640	73.671	203	0	2
2025.06.16	23:00:00	73.667	73.723	73.638	73.698	210	0	2
2025.06.17	00:00:00	73.701	73.758	73.698	73.706	386	0	2
2025.06.17	01:00:00	73.703	73.710	73.660	73.700	256	0	2
2025.06.17	02:00:00	73.704	73.751	73.681	73.692	296	0	2
2025.06.17	03:00:00	73.688	73.706	73.659	73.669	292	0	2
2025.06.17	04:00:00	73.666	73.680	73.640	73.672	191	0	2
2025.06.17	05:00:00	73.669	73.714	73.643	73.696	280	0	2
2025.06.17	06:00:00	73.700	73.743	73.649	73.732	444	0	2
2025.06.17	07:00:00	73.728	73.778	73.670	73.717	543	0	2
2025.06.17	08:00:00	73.720	73.810	73.707	73.810	404	0	2
2025.06.17	09:00:00	73.813	73.844	73.752	73.833	431	0	2
2025.06.17	10:00:00	73.836	73.837	73.728	73.753	355	0	2
2025.06.17	11:00:00	73.756	73.768	73.684	73.736	342	0	2
2025.06.17	12:00:00	73.732	73.813	73.673	73.810	790	0	2
2025.06.17	13:00:00	73.806	73.836	73.716	73.833	588	0	2
2025.06.17	14:00:00	73.829	74.096	73.824	74.005	943	0	2
2025.06.17	15:00:00	74.009	74.084	73.970	73.997	627	0	2
2025.06.17	16:00:00	73.994	74.256	73.981	74.228	579	0	2
2025.06.17	17:00:00	74.231	74.436	74.211	74.376	838	0	2
2025.06.17	18:00:00	74.380	74.472	74.361	74.469	642	0	2
2025.06.17	19:00:00	74.466	74.497	74.417	74.480	408	0	2
2025.06.17	20:00:00	74.476	74.539	74.449	74.460	265	0	2
2025.06.17	21:00:00	74.459	74.461	74.420	74.420	55	0	9
2025.06.17	22:00:00	74.485	74.494	74.439	74.494	127	0	2
2025.06.17	23:00:00	74.490	74.497	74.448	74.464	167	0	2
2025.06.18	00:00:00	74.467	74.467	74.413	74.451	454	0	2
2025.06.18	01:00:00	74.448	74.475	74.402	74.415	332	0	2
2025.06.18	02:00:00	74.418	74.456	74.409	74.426	252	0	2
2025.06.18	03:00:00	74.422	74.435	74.369	74.415	242	0	2
2025.06.18	04:00:00	74.411	74.426	74.362	74.381	175	0	2
2025.06.18	05:00:00	74.384	74.413	74.351	74.375	242	0	2
2025.06.18	06:00:00	74.372	74.399	74.256	74.275	696	0	2
2025.06.18	07:00:00	74.278	74.323	74.201	74.301	543	0	2
2025.06.18	08:00:00	74.304	74.355	74.259	74.331	451	0	2
2025.06.18	09:00:00	74.334	74.350	74.249	74.271	391	0	2
2025.06.18	10:00:00	74.275	74.404	74.246	74.396	377	0	2
2025.06.18	11:00:00	74.392	74.413	74.319	74.343	379	0	2
2025.06.18	12:00:00	74.340	74.382	74.269	74.364	457	0	2
2025.06.18	13:00:00	74.367	74.430	74.318	74.399	633	0	2
2025.06.18	14:00:00	74.403	74.415	74.220	74.337	1371	0	2
2025.06.18	15:00:00	74.340	74.351	74.219	74.244	528	0	2
2025.06.18	16:00:00	74.241	74.314	74.207	74.310	364	0	2
2025.06.18	17:00:00	74.314	74.437	74.284	74.384	283	0	2
2025.06.18	18:00:00	74.380	74.565	74.202	74.542	2575	0	2
2025.06.18	19:00:00	74.538	74.623	74.480	74.570	1222	0	2
2025.06.18	20:00:00	74.573	74.582	74.497	74.508	215	0	2
2025.06.18	21:00:00	74.506	74.506	74.482	74.482	58	0	7
2025.06.18	22:00:00	74.502	74.533	74.475	74.507	110	0	2
2025.06.18	23:00:00	74.511	74.564	74.496	74.547	218	0	2
2025.06.19	00:00:00	74.543	74.579	74.527	74.542	345	0	2
2025.06.19	01:00:00	74.539	74.661	74.539	74.657	562	0	2
2025.06.19	02:00:00	74.661	74.695	74.622	74.648	298	0	2
2025.06.19	03:00:00	74.645	74.651	74.569	74.582	217	0	2
2025.06.19	04:00:00	74.583	74.599	74.560	74.566	140	0	2
2025.06.19	05:00:00	74.563	74.679	74.563	74.654	255	0	2
2025.06.19	06:00:00	74.658	74.721	74.584	74.588	448	0	2
2025.06.19	07:00:00	74.591	74.618	74.528	74.614	520	0	2
2025.06.19	08:00:00	74.611	74.636	74.468	74.474	570	0	2
2025.06.19	09:00:00	74.471	74.526	74.434	74.508	475	0	2
2025.06.19	10:00:00	74.511	74.513	74.405	74.484	502	0	2
2025.06.19	11:00:00	74.488	74.602	74.352	74.364	1018	0	2
2025.06.19	12:00:00	74.360	74.491	74.355	74.396	599	0	2
2025.06.19	13:00:00	74.400	74.507	74.372	74.426	563	0	2
2025.06.19	14:00:00	74.429	74.528	74.373	74.480	526	0	2
2025.06.19	15:00:00	74.477	74.495	74.436	74.459	360	0	2
2025.06.19	16:00:00	74.462	74.500	74.460	74.486	196	0	2
2025.06.19	17:00:00	74.489	74.489	74.297	74.324	200	0	2
2025.06.19	18:00:00	74.328	74.335	74.289	74.303	165	0	2
2025.06.19	19:00:00	74.303	74.308	74.239	74.244	145	0	2
2025.06.19	20:00:00	74.247	74.268	74.237	74.242	87	0	2
2025.06.19	21:00:00	74.239	74.269	74.227	74.266	56	0	8
2025.06.22	21:00:00	74.569	74.587	74.541	74.576	50	0	15
2025.06.22	22:00:00	74.587	74.597	74.448	74.468	379	0	2
2025.06.22	23:00:00	74.465	74.491	74.393	74.430	299	0	2
2025.06.23	00:00:00	74.433	74.561	74.411	74.504	416	0	2
2025.06.23	01:00:00	74.501	74.607	74.485	74.500	426	0	2
2025.06.23	02:00:00	74.497	74.497	74.415	74.484	335	0	2
2025.06.23	03:00:00	74.481	74.537	74.460	74.529	313	0	2
2025.06.23	04:00:00	74.533	74.592	74.502	74.572	298	0	2
2025.06.23	05:00:00	74.574	74.574	74.452	74.452	381	0	2
2025.06.23	06:00:00	74.448	74.480	74.394	74.417	604	0	2
2025.06.23	07:00:00	74.414	74.440	74.356	74.406	748	0	2
2025.06.23	08:00:00	74.410	74.549	74.368	74.541	555	0	2
2025.06.23	09:00:00	74.545	74.789	74.529	74.712	849	0	2
2025.06.23	10:00:00	74.715	74.763	74.662	74.735	568	0	2
2025.06.23	11:00:00	74.738	74.782	74.649	74.655	546	0	2
2025.06.23	12:00:00	74.652	74.771	74.638	74.673	652	0	2
2025.06.23	13:00:00	74.669	74.697	74.457	74.490	885	0	2
2025.06.23	14:00:00	74.486	74.486	74.101	74.137	1484	0	2
2025.06.23	15:00:00	74.140	74.145	74.040	74.131	721	0	2
2025.06.23	16:00:00	74.128	74.235	74.038	74.114	788	0	2
2025.06.23	17:00:00	74.117	74.128	73.946	73.956	691	0	2
2025.06.23	18:00:00	73.960	73.981	73.902	73.960	449	0	2
2025.06.23	19:00:00	73.964	73.964	73.914	73.924	287	0	2
2025.06.23	20:00:00	73.920	73.944	73.907	73.932	168	0	2
2025.06.23	21:00:00	73.934	73.947	73.927	73.933	56	0	11
2025.06.23	22:00:00	73.945	73.956	73.814	73.861	260	0	2
2025.06.23	23:00:00	73.857	73.899	73.774	73.825	395	0	2
2025.06.24	00:00:00	73.821	73.864	73.782	73.806	579	0	2
2025.06.24	01:00:00	73.810	73.860	73.763	73.850	412	0	2
2025.06.24	02:00:00	73.847	73.876	73.768	73.777	301	0	2
2025.06.24	03:00:00	73.774	73.774	73.709	73.722	196	0	2
2025.06.24	04:00:00	73.719	73.755	73.676	73.716	191	0	2
2025.06.24	05:00:00	73.719	73.747	73.687	73.695	317	0	2
2025.06.24	06:00:00	73.692	73.710	73.559	73.627	795	0	2
2025.06.24	07:00:00	73.624	73.737	73.595	73.638	1010	0	2
2025.06.24	08:00:00	73.641	73.641	73.511	73.526	516	0	2
2025.06.24	09:00:00	73.523	73.525	73.432	73.478	402	0	2
2025.06.24	10:00:00	73.481	73.503	73.458	73.484	263	0	2
2025.06.24	11:00:00	73.481	73.483	73.386	73.454	398	0	2
2025.06.24	12:00:00	73.457	73.555	73.449	73.523	425	0	2
2025.06.24	13:00:00	73.519	73.577	73.493	73.531	630	0	2
2025.06.24	14:00:00	73.528	73.541	73.266	73.409	1135	0	2
2025.06.24	15:00:00	73.412	73.460	73.342	73.451	665	0	2
2025.06.24	16:00:00	73.454	73.471	73.383	73.392	314	0	2
2025.06.24	17:00:00	73.390	73.402	73.316	73.337	250	0	2
2025.06.24	18:00:00	73.337	73.387	73.323	73.360	242	0	2
2025.06.24	19:00:00	73.364	73.423	73.355	73.420	178	0	2
2025.06.24	20:00:00	73.416	73.457	73.398	73.449	146	0	2
2025.06.24	21:00:00	73.446	73.446	73.387	73.439	55	0	7
2025.06.24	22:00:00	73.454	73.465	73.447	73.454	84	0	2
2025.06.24	23:00:00	73.451	73.454	73.427	73.447	112	0	2
2025.06.25	00:00:00	73.451	73.453	73.422	73.433	254	0	2
2025.06.25	01:00:00	73.436	73.447	73.370	73.373	313	0	2
2025.06.25	02:00:00	73.376	73.427	73.376	73.425	253	0	2
2025.06.25	03:00:00	73.422	73.464	73.414	73.459	184	0	2
2025.06.25	04:00:00	73.462	73.466	73.440	73.440	159	0	2
2025.06.25	05:00:00	73.443	73.450	73.397	73.403	174	0	2
2025.06.25	06:00:00	73.400	73.439	73.364	73.388	303	0	2
2025.06.25	07:00:00	73.385	73.494	73.347	73.449	532	0	2
2025.06.25	08:00:00	73.446	73.470	73.396	73.412	411	0	2
2025.06.25	09:00:00	73.409	73.508	73.409	73.460	373	0	2
2025.06.25	10:00:00	73.457	73.519	73.453	73.499	277	0	2
2025.06.25	11:00:00	73.503	73.506	73.433	73.491	360	0	2
2025.06.25	12:00:00	73.495	73.578	73.488	73.547	437	0	2
2025.06.25	13:00:00	73.550	73.558	73.434	73.480	438	0	2
2025.06.25	14:00:00	73.477	73.487	73.378	73.395	646	0	2
2025.06.25	15:00:00	73.398	73.435	73.383	73.394	362	0	2
2025.06.25	16:00:00	73.390	73.390	73.294	73.311	329	0	2
2025.06.25	17:00:00	73.314	73.330	73.255	73.259	265	0	2
2025.06.25	18:00:00	73.256	73.277	73.191	73.191	200	0	2
2025.06.25	19:00:00	73.188	73.194	73.144	73.175	236	0	2
2025.06.25	20:00:00	73.172	73.199	73.159	73.182	155	0	2
2025.06.25	21:00:00	73.181	73.200	73.170	73.196	57	0	8
2025.06.25	22:00:00	73.214	73.214	73.169	73.170	86	0	2
2025.06.25	23:00:00	73.167	73.167	73.035	73.046	254	0	2
2025.06.26	00:00:00	73.043	73.054	73.014	73.046	227	0	2
2025.06.26	01:00:00	73.046	73.112	73.019	73.034	256	0	2
2025.06.26	02:00:00	73.031	73.047	72.945	72.956	245	0	2
2025.06.26	03:00:00	72.953	72.960	72.857	72.932	432	0	2
2025.06.26	04:00:00	72.936	72.998	72.933	72.988	224	0	2
2025.06.26	05:00:00	72.991	73.007	72.932	72.942	234	0	2
2025.06.26	06:00:00	72.945	73.000	72.890	72.890	637	0	2
2025.06.26	07:00:00	72.887	72.891	72.775	72.797	696	0	2
2025.06.26	08:00:00	72.794	72.814	72.649	72.727	696	0	2
2025.06.26	09:00:00	72.730	72.806	72.706	72.757	488	0	2
2025.06.26	10:00:00	72.760	72.839	72.721	72.838	355	0	2
2025.06.26	11:00:00	72.841	72.992	72.836	72.951	601	0	2
2025.06.26	12:00:00	72.954	72.993	72.839	72.893	962	0	2
2025.06.26	13:00:00	72.890	72.952	72.770	72.773	916	0	2
2025.06.26	14:00:00	72.776	72.843	72.708	72.817	1040	0	2
2025.06.26	15:00:00	72.820	72.860	72.711	72.715	639	0	2
2025.06.26	16:00:00	72.718	72.788	72.616	72.700	509	0	2
2025.06.26	17:00:00	72.703	72.703	72.655	72.685	362	0	2
2025.06.26	18:00:00	72.688	72.739	72.670	72.732	250	0	2
2025.06.26	19:00:00	72.736	72.840	72.733	72.819	282	0	2
2025.06.26	20:00:00	72.815	72.869	72.800	72.840	149	0	2
2025.06.26	21:00:00	72.837	72.838	72.827	72.832	56	0	8
2025.06.29	21:00:00	72.901	72.902	72.843	72.844	51	0	52
2025.06.29	22:00:00	72.879	72.904	72.848	72.858	104	0	2
2025.06.29	23:00:00	72.855	72.894	72.839	72.891	186	0	2
2025.06.30	00:00:00	72.894	72.949	72.872	72.914	285	0	2
2025.06.30	01:00:00	72.918	72.928	72.835	72.884	284	0	2
2025.06.30	02:00:00	72.881	72.904	72.849	72.899	290	0	2
2025.06.30	03:00:00	72.902	72.930	72.878	72.921	185	0	2
2025.06.30	04:00:00	72.924	72.927	72.830	72.834	182	0	2
2025.06.30	05:00:00	72.836	72.847	72.774	72.841	249	0	2
2025.06.30	06:00:00	72.838	72.871	72.789	72.806	500	0	2
2025.06.30	07:00:00	72.809	72.979	72.809	72.978	628	0	2
2025.06.30	08:00:00	72.981	73.026	72.964	72.991	476	0	2
2025.06.30	09:00:00	72.994	73.035	72.973	73.022	301	0	2
2025.06.30	10:00:00	73.025	73.041	72.979	72.985	236	0	2
2025.06.30	11:00:00	72.989	73.007	72.929	72.962	282	0	2
2025.06.30	12:00:00	72.959	73.071	72.954	73.027	406	0	2
2025.06.30	13:00:00	73.031	73.113	73.020	73.069	564	0	2
2025.06.30	14:00:00	73.065	73.129	72.912	72.973	940	0	2
2025.06.30	15:00:00	72.970	73.008	72.870	72.884	700	0	2
2025.06.30	16:00:00	72.888	72.999	72.870	72.915	405	0	2
2025.06.30	17:00:00	72.912	72.969	72.897	72.942	350	0	2
2025.06.30	18:00:00	72.939	72.948	72.881	72.896	305	0	2
2025.06.30	19:00:00	72.899	72.907	72.843	72.853	225	0	2
2025.06.30	20:00:00	72.850	72.865	72.799	72.802	184	0	2
2025.06.30	21:00:00	72.804	72.819	72.789	72.816	57	0	13
2025.06.30	22:00:00	72.823	72.847	72.795	72.821	117	0	2
2025.06.30	23:00:00	72.824	72.833	72.813	72.826	138	0	2
2025.07.01	00:00:00	72.822	72.822	72.773	72.776	292	0	2
2025.07.01	01:00:00	72.774	72.856	72.731	72.846	332	0	2
2025.07.01	02:00:00	72.850	72.861	72.789	72.795	208	0	2
2025.07.01	03:00:00	72.798	72.801	72.743	72.790	202	0	2
2025.07.01	04:00:00	72.787	72.795	72.738	72.773	193	0	2
2025.07.01	05:00:00	72.769	72.785	72.733	72.739	255	0	2
2025.07.01	06:00:00	72.742	72.794	72.725	72.781	415	0	2
2025.07.01	07:00:00	72.785	72.818	72.627	72.634	548	0	2
2025.07.01	08:00:00	72.637	72.688	72.549	72.597	653	0	2
2025.07.01	09:00:00	72.600	72.681	72.558	72.589	646	0	2
2025.07.01	10:00:00	72.586	72.593	72.522	72.590	376	0	2
2025.07.01	11:00:00	72.593	72.705	72.574	72.705	468	0	2
2025.07.01	12:00:00	72.702	72.775	72.672	72.772	509	0	2
2025.07.01	13:00:00	72.769	72.839	72.761	72.805	620	0	2
2025.07.01	14:00:00	72.818	72.948	72.811	72.894	1217	0	2
2025.07.01	15:00:00	72.897	72.972	72.863	72.863	605	0	2
2025.07.01	16:00:00	72.860	72.928	72.855	72.861	473	0	2
2025.07.01	17:00:00	72.858	72.878	72.785	72.795	290	0	2
2025.07.01	18:00:00	72.792	72.825	72.789	72.789	199	0	2
2025.07.01	19:00:00	72.793	72.807	72.763	72.778	262	0	2
2025.07.01	20:00:00	72.775	72.781	72.725	72.742	176	0	2
2025.07.01	21:00:00	72.740	72.742	72.731	72.731	55	0	8
2025.07.01	22:00:00	72.745	72.768	72.745	72.760	91	0	2
2025.07.01	23:00:00	72.765	72.771	72.740	72.746	116	0	2
2025.07.02	00:00:00	72.750	72.766	72.729	72.734	203	0	2
2025.07.02	01:00:00	72.738	72.796	72.712	72.789	220	0	2
2025.07.02	02:00:00	72.786	72.819	72.732	72.745	208	0	2
2025.07.02	03:00:00	72.742	72.778	72.718	72.750	169	0	2
2025.07.02	04:00:00	72.748	72.761	72.745	72.756	109	0	2
2025.07.02	05:00:00	72.759	72.822	72.750	72.797	205	0	2
2025.07.02	06:00:00	72.799	72.888	72.777	72.841	360	0	2
2025.07.02	07:00:00	72.844	72.960	72.844	72.960	495	0	2
2025.07.02	08:00:00	72.963	73.023	72.934	73.001	399	0	2
2025.07.02	09:00:00	72.998	73.055	72.990	73.044	369	0	2
2025.07.02	10:00:00	73.041	73.045	72.945	72.973	332	0	2
2025.07.02	11:00:00	72.977	73.232	72.922	73.192	797	0	2
2025.07.02	12:00:00	73.196	73.588	73.163	73.487	3286	0	2
2025.07.02	13:00:00	73.490	73.634	73.403	73.603	1552	0	2
2025.07.02	14:00:00	73.600	73.729	73.513	73.563	1096	0	2
2025.07.02	15:00:00	73.560	73.593	73.402	73.415	706	0	2
2025.07.02	16:00:00	73.412	73.454	73.355	73.360	456	0	2
2025.07.02	17:00:00	73.357	73.363	73.288	73.348	356	0	2
2025.07.02	18:00:00	73.351	73.364	73.307	73.332	260	0	2
2025.07.02	19:00:00	73.335	73.380	73.323	73.338	212	0	2
2025.07.02	20:00:00	73.341	73.383	73.335	73.336	157	0	2
2025.07.02	21:00:00	73.334	73.336	73.209	73.209	56	0	8
2025.07.02	22:00:00	73.241	73.259	73.225	73.234	107	0	2
2025.07.02	23:00:00	73.237	73.268	73.237	73.261	115	0	2
2025.07.03	00:00:00	73.264	73.290	73.240	73.272	234	0	2
2025.07.03	01:00:00	73.269	73.293	73.240	73.264	222	0	2
2025.07.03	02:00:00	73.267	73.373	73.267	73.342	225	0	2
2025.07.03	03:00:00	73.342	73.392	73.322	73.376	186	0	2
2025.07.03	04:00:00	73.380	73.399	73.369	73.371	139	0	2
2025.07.03	05:00:00	73.367	73.392	73.303	73.316	169	0	2
2025.07.03	06:00:00	73.319	73.324	73.253	73.257	405	0	2
2025.07.03	07:00:00	73.260	73.260	73.124	73.231	645	0	2
2025.07.03	08:00:00	73.228	73.231	73.120	73.181	493	0	2
2025.07.03	09:00:00	73.184	73.253	73.167	73.233	433	0	2
2025.07.03	10:00:00	73.230	73.280	73.162	73.201	409	0	2
2025.07.03	11:00:00	73.204	73.235	73.187	73.218	396	0	2
2025.07.03	12:00:00	73.222	73.602	73.208	73.448	1947	0	2
2025.07.03	13:00:00	73.445	73.464	73.191	73.213	1293	0	2
2025.07.03	14:00:00	73.209	73.353	73.129	73.278	1144	0	2
2025.07.03	15:00:00	73.275	73.313	73.199	73.242	607	0	2
2025.07.03	16:00:00	73.239	73.333	73.233	73.256	351	0	2
2025.07.03	17:00:00	73.252	73.294	73.250	73.275	139	0	2
2025.07.03	18:00:00	73.278	73.310	73.261	73.305	106	0	2
2025.07.03	19:00:00	73.307	73.317	73.276	73.278	96	0	2
2025.07.03	20:00:00	73.281	73.292	73.228	73.228	94	0	2
2025.07.03	21:00:00	73.230	73.248	73.220	73.244	57	0	6
2025.07.06	21:00:00	73.210	73.221	73.163	73.213	51	0	25
2025.07.06	22:00:00	73.182	73.266	73.182	73.241	105	0	2
2025.07.06	23:00:00	73.238	73.276	73.237	73.253	142	0	2
2025.07.07	00:00:00	73.249	73.283	73.217	73.271	304	0	2
2025.07.07	01:00:00	73.274	73.354	73.274	73.347	269	0	2
2025.07.07	02:00:00	73.343	73.391	73.323	73.373	254	0	2
2025.07.07	03:00:00	73.370	73.389	73.349	73.377	202	0	2
2025.07.07	04:00:00	73.374	73.439	73.367	73.435	194	0	2
2025.07.07	05:00:00	73.438	73.469	73.393	73.401	244	0	2
2025.07.07	06:00:00	73.405	73.512	73.386	73.459	472	0	2
2025.07.07	07:00:00	73.456	73.511	73.400	73.505	637	0	2
2025.07.07	08:00:00	73.508	73.641	73.494	73.634	632	0	2
2025.07.07	09:00:00	73.638	73.661	73.462	73.475	457	0	2
2025.07.07	10:00:00	73.479	73.555	73.479	73.512	298	0	2
2025.07.07	11:00:00	73.515	73.527	73.412	73.444	318	0	2
2025.07.07	12:00:00	73.441	73.465	73.415	73.433	356	0	2
2025.07.07	13:00:00	73.437	73.454	73.349	73.378	479	0	2
2025.07.07	14:00:00	73.375	73.377	73.270	73.332	439	0	2
2025.07.07	15:00:00	73.329	73.372	73.291	73.334	469	0	2
2025.07.07	16:00:00	73.330	73.559	73.309	73.556	795	0	2
2025.07.07	17:00:00	73.552	73.586	73.464	73.499	672	0	2
2025.07.07	18:00:00	73.502	73.578	73.449	73.464	422	0	2
2025.07.07	19:00:00	73.467	73.487	73.439	73.475	267	0	2
2025.07.07	20:00:00	73.476	73.536	73.473	73.520	146	0	2
2025.07.07	21:00:00	73.521	73.522	73.468	73.490	58	0	8
2025.07.07	22:00:00	73.499	73.499	73.423	73.428	137	0	2
2025.07.07	23:00:00	73.434	73.445	73.393	73.400	134	0	2
2025.07.08	00:00:00	73.396	73.396	73.329	73.374	308	0	2
2025.07.08	01:00:00	73.370	73.431	73.349	73.391	299	0	2
2025.07.08	02:00:00	73.390	73.401	73.317	73.361	242	0	2
2025.07.08	03:00:00	73.358	73.372	73.319	73.349	193	0	2
2025.07.08	04:00:00	73.352	73.366	73.299	73.357	363	0	2
2025.07.08	05:00:00	73.360	73.399	73.341	73.372	281	0	2
2025.07.08	06:00:00	73.375	73.397	73.351	73.381	384	0	2
2025.07.08	07:00:00	73.378	73.378	73.276	73.308	453	0	2
2025.07.08	08:00:00	73.311	73.473	73.307	73.460	400	0	2
2025.07.08	09:00:00	73.463	73.567	73.449	73.553	343	0	2
2025.07.08	10:00:00	73.550	73.658	73.550	73.649	346	0	2
2025.07.08	11:00:00	73.652	73.671	73.606	73.671	316	0	2
2025.07.08	12:00:00	73.668	73.727	73.612	73.645	492	0	2
2025.07.08	13:00:00	73.649	73.851	73.639	73.784	674	0	2
2025.07.08	14:00:00	73.787	73.931	73.733	73.828	961	0	2
2025.07.08	15:00:00	73.825	73.852	73.641	73.675	669	0	2
2025.07.08	16:00:00	73.679	73.725	73.623	73.644	632	0	2
2025.07.08	17:00:00	73.640	73.651	73.564	73.570	527	0	2
2025.07.08	18:00:00	73.567	73.607	73.544	73.561	314	0	2
2025.07.08	19:00:00	73.558	73.609	73.543	73.584	223	0	2
2025.07.08	20:00:00	73.587	73.594	73.551	73.567	162	0	2
2025.07.08	21:00:00	73.566	73.577	73.555	73.571	57	0	8
2025.07.08	22:00:00	73.569	73.581	73.557	73.566	88	0	2
2025.07.08	23:00:00	73.562	73.612	73.562	73.609	111	0	2
2025.07.09	00:00:00	73.605	73.656	73.594	73.602	267	0	2
2025.07.09	01:00:00	73.605	73.654	73.576	73.601	349	0	2
2025.07.09	02:00:00	73.598	73.716	73.565	73.668	348	0	2
2025.07.09	03:00:00	73.671	73.722	73.668	73.697	259	0	2
2025.07.09	04:00:00	73.694	73.710	73.600	73.607	243	0	2
2025.07.09	05:00:00	73.604	73.613	73.547	73.598	253	0	2
2025.07.09	06:00:00	73.595	73.627	73.493	73.511	336	0	2
2025.07.09	07:00:00	73.514	73.640	73.500	73.605	509	0	2
2025.07.09	08:00:00	73.608	73.623	73.500	73.521	461	0	2
2025.07.09	09:00:00	73.518	73.567	73.482	73.543	360	0	2
2025.07.09	10:00:00	73.546	73.624	73.507	73.620	367	0	2
2025.07.09	11:00:00	73.616	73.667	73.590	73.652	303	0	2
2025.07.09	12:00:00	73.649	73.653	73.457	73.483	559	0	2
2025.07.09	13:00:00	73.479	73.611	73.420	73.605	630	0	2
2025.07.09	14:00:00	73.601	73.622	73.438	73.593	698	0	2
2025.07.09	15:00:00	73.590	73.630	73.558	73.617	350	0	2
2025.07.09	16:00:00	73.614	73.640	73.594	73.615	230	0	2
2025.07.09	17:00:00	73.612	73.631	73.573	73.586	259	0	2
2025.07.09	18:00:00	73.590	73.616	73.531	73.593	363	0	2
2025.07.09	19:00:00	73.590	73.597	73.525	73.552	184	0	2
2025.07.09	20:00:00	73.555	73.615	73.555	73.600	164	0	2
2025.07.09	21:00:00	73.596	73.600	73.576	73.576	55	0	8
2025.07.09	22:00:00	73.590	73.593	73.568	73.585	83	0	2
2025.07.09	23:00:00	73.582	73.591	73.534	73.537	142	0	2
2025.07.10	00:00:00	73.540	73.554	73.456	73.475	301	0	2
2025.07.10	01:00:00	73.478	73.510	73.463	73.490	200	0	2
2025.07.10	02:00:00	73.487	73.500	73.460	73.488	191	0	2
2025.07.10	03:00:00	73.491	73.505	73.476	73.504	161	0	2
2025.07.10	04:00:00	73.507	73.526	73.496	73.499	117	0	2
2025.07.10	05:00:00	73.499	73.505	73.472	73.477	153	0	2
2025.07.10	06:00:00	73.474	73.496	73.434	73.466	329	0	2
2025.07.10	07:00:00	73.463	73.515	73.423	73.462	362	0	2
2025.07.10	08:00:00	73.459	73.503	73.446	73.496	259	0	2
2025.07.10	09:00:00	73.492	73.496	73.440	73.478	189	0	2
2025.07.10	10:00:00	73.479	73.539	73.458	73.531	218	0	2
2025.07.10	11:00:00	73.534	73.676	73.531	73.633	305	0	2
2025.07.10	12:00:00	73.636	73.762	73.601	73.745	595	0	2
2025.07.10	13:00:00	73.741	73.828	73.688	73.782	616	0	2
2025.07.10	14:00:00	73.778	73.892	73.760	73.770	908	0	2
2025.07.10	15:00:00	73.767	73.776	73.682	73.702	537	0	2
2025.07.10	16:00:00	73.706	73.744	73.674	73.722	336	0	2
2025.07.10	17:00:00	73.725	73.738	73.660	73.681	286	0	2
2025.07.10	18:00:00	73.684	73.694	73.659	73.665	222	0	2
2025.07.10	19:00:00	73.662	73.673	73.622	73.657	159	0	2
2025.07.10	20:00:00	73.660	73.667	73.615	73.630	168	0	2
2025.07.10	21:00:00	73.628	73.639	73.619	73.632	57	0	14
2025.07.13	21:00:00	74.079	74.121	74.073	74.121	51	0	19
2025.07.13	22:00:00	74.132	74.168	74.088	74.156	240	0	2
2025.07.13	23:00:00	74.162	74.162	74.097	74.097	222	0	2
2025.07.14	00:00:00	74.100	74.100	74.049	74.080	289	0	2
2025.07.14	01:00:00	74.076	74.135	74.059	74.130	345	0	2
2025.07.14	02:00:00	74.133	74.226	74.108	74.213	265	0	2
2025.07.14	03:00:00	74.217	74.219	74.154	74.173	224	0	2
2025.07.14	04:00:00	74.176	74.204	74.176	74.204	159	0	2
2025.07.14	05:00:00	74.207	74.267	74.190	74.263	257	0	2
2025.07.14	06:00:00	74.266	74.338	74.259	74.312	320	0	2
2025.07.14	07:00:00	74.309	74.312	74.137	74.164	514	0	2
2025.07.14	08:00:00	74.167	74.210	74.130	74.206	344	0	2
2025.07.14	09:00:00	74.209	74.227	74.138	74.160	354	0	2
2025.07.14	10:00:00	74.163	74.178	74.108	74.135	301	0	2
2025.07.14	11:00:00	74.138	74.195	74.118	74.167	340	0	2
2025.07.14	12:00:00	74.170	74.235	74.116	74.195	366	0	2
2025.07.14	13:00:00	74.198	74.249	74.156	74.169	537	0	2
2025.07.14	14:00:00	74.165	74.385	74.165	74.362	617	0	2
2025.07.14	15:00:00	74.358	74.452	74.298	74.441	607	0	2
2025.07.14	16:00:00	74.445	74.475	74.387	74.429	532	0	2
2025.07.14	17:00:00	74.432	74.478	74.397	74.440	248	0	2
2025.07.14	18:00:00	74.437	74.478	74.430	74.465	213	0	2
2025.07.14	19:00:00	74.468	74.490	74.437	74.479	180	0	2
2025.07.14	20:00:00	74.476	74.487	74.455	74.475	112	0	2
2025.07.14	21:00:00	74.474	74.476	74.439	74.441	57	0	8
2025.07.14	22:00:00	74.448	74.480	74.446	74.477	147	0	2
2025.07.14	23:00:00	74.474	74.505	74.462	74.469	110	0	2
2025.07.15	00:00:00	74.472	74.478	74.401	74.429	229	0	2
2025.07.15	01:00:00	74.433	74.475	74.407	74.438	257	0	2
2025.07.15	02:00:00	74.435	74.475	74.426	74.443	222	0	2
2025.07.15	03:00:00	74.440	74.465	74.431	74.460	119	0	2
2025.07.15	04:00:00	74.457	74.467	74.438	74.450	111	0	2
2025.07.15	05:00:00	74.446	74.449	74.389	74.405	149	0	2
2025.07.15	06:00:00	74.409	74.454	74.384	74.431	303	0	2
2025.07.15	07:00:00	74.428	74.471	74.330	74.330	468	0	2
2025.07.15	08:00:00	74.334	74.397	74.332	74.366	364	0	2
2025.07.15	09:00:00	74.370	74.371	74.301	74.320	337	0	2
2025.07.15	10:00:00	74.323	74.355	74.295	74.315	263	0	2
2025.07.15	11:00:00	74.318	74.388	74.312	74.385	296	0	2
2025.07.15	12:00:00	74.388	74.449	74.250	74.357	1147	0	2
2025.07.15	13:00:00	74.360	74.628	74.344	74.599	1080	0	2
2025.07.15	14:00:00	74.596	74.706	74.572	74.648	1113	0	2
2025.07.15	15:00:00	74.645	74.737	74.624	74.649	624	0	2
2025.07.15	16:00:00	74.646	74.726	74.632	74.697	482	0	2
2025.07.15	17:00:00	74.694	74.743	74.690	74.707	345	0	2
2025.07.15	18:00:00	74.711	74.725	74.664	74.683	226	0	2
2025.07.15	19:00:00	74.687	74.717	74.673	74.703	176	0	2
2025.07.15	20:00:00	74.706	74.732	74.695	74.707	113	0	2
2025.07.15	21:00:00	74.706	74.711	74.701	74.702	56	0	9
2025.07.15	22:00:00	74.722	74.723	74.705	74.706	80	0	2
2025.07.15	23:00:00	74.710	74.711	74.661	74.665	102	0	2
2025.07.16	00:00:00	74.661	74.706	74.631	74.660	227	0	2
2025.07.16	01:00:00	74.663	74.673	74.622	74.643	214	0	2
2025.07.16	02:00:00	74.646	74.716	74.643	74.705	162	0	2
2025.07.16	03:00:00	74.701	74.723	74.656	74.690	155	0	2
2025.07.16	04:00:00	74.693	74.700	74.646	74.646	142	0	2
2025.07.16	05:00:00	74.645	74.675	74.619	74.637	183	0	2
2025.07.16	06:00:00	74.640	74.652	74.533	74.577	765	0	2
2025.07.16	07:00:00	74.580	74.687	74.567	74.663	387	0	2
2025.07.16	08:00:00	74.659	74.684	74.616	74.675	305	0	2
2025.07.16	09:00:00	74.678	74.714	74.640	74.644	292	0	2
2025.07.16	10:00:00	74.647	74.678	74.591	74.591	341	0	2
2025.07.16	11:00:00	74.594	74.645	74.561	74.618	342	0	2
2025.07.16	12:00:00	74.621	74.719	74.555	74.667	984	0	2
2025.07.16	13:00:00	74.664	74.821	74.636	74.758	816	0	2
2025.07.16	14:00:00	74.754	74.811	74.616	74.667	1172	0	2
2025.07.16	15:00:00	74.664	74.665	74.151	74.489	6440	0	2
2025.07.16	16:00:00	74.486	74.560	74.366	74.504	1968	0	2
2025.07.16	17:00:00	74.501	74.517	74.400	74.511	723	0	2
2025.07.16	18:00:00	74.508	74.593	74.497	74.575	424	0	2
2025.07.16	19:00:00	74.572	74.597	74.517	74.526	288	0	2
2025.07.16	20:00:00	74.529	74.543	74.501	74.509	149	0	2
2025.07.16	21:00:00	74.505	74.522	74.497	74.509	57	0	9
2025.07.16	22:00:00	74.528	74.552	74.513	74.546	94	0	2
2025.07.16	23:00:00	74.548	74.575	74.531	74.567	129	0	2
2025.07.17	00:00:00	74.563	74.649	74.563	74.627	265	0	2
2025.07.17	01:00:00	74.624	74.667	74.597	74.600	288	0	2
2025.07.17	02:00:00	74.604	74.697	74.604	74.691	221	0	2
2025.07.17	03:00:00	74.694	74.711	74.664	74.668	191	0	2
2025.07.17	04:00:00	74.664	74.689	74.650	74.651	111	0	2
2025.07.17	05:00:00	74.651	74.675	74.625	74.658	208	0	2
2025.07.17	06:00:00	74.662	74.768	74.612	74.716	966	0	2
2025.07.17	07:00:00	74.713	74.733	74.632	74.718	599	0	2
2025.07.17	08:00:00	74.721	74.733	74.565	74.565	429	0	2
2025.07.17	09:00:00	74.562	74.665	74.548	74.634	349	0	2
2025.07.17	10:00:00	74.637	74.669	74.604	74.622	307	0	2
2025.07.17	11:00:00	74.626	74.702	74.609	74.668	311	0	2
2025.07.17	12:00:00	74.663	74.734	74.565	74.620	931	0	2
2025.07.17	13:00:00	74.616	74.666	74.577	74.631	758	0	2
2025.07.17	14:00:00	74.627	74.654	74.546	74.576	627	0	2
2025.07.17	15:00:00	74.572	74.589	74.521	74.553	341	0	2
2025.07.17	16:00:00	74.550	74.642	74.510	74.620	334	0	2
2025.07.17	17:00:00	74.625	74.628	74.576	74.606	239	0	2
2025.07.17	18:00:00	74.602	74.613	74.558	74.573	197	0	2
2025.07.17	19:00:00	74.570	74.570	74.513	74.520	172	0	2
2025.07.17	20:00:00	74.524	74.551	74.513	74.515	159	0	2
2025.07.17	21:00:00	74.513	74.529	74.510	74.520	58	0	8
2025.07.20	21:00:00	74.470	74.499	74.418	74.448	52	0	55
2025.07.20	22:00:00	74.531	74.579	74.509	74.554	108	0	2
2025.07.20	23:00:00	74.555	74.567	74.526	74.541	146	0	2
2025.07.21	00:00:00	74.538	74.608	74.513	74.604	184	0	2
2025.07.21	01:00:00	74.607	74.610	74.538	74.557	205	0	2
2025.07.21	02:00:00	74.561	74.590	74.539	74.558	201	0	2
2025.07.21	03:00:00	74.555	74.563	74.525	74.537	130	0	2
2025.07.21	04:00:00	74.540	74.547	74.517	74.521	108	0	2
2025.07.21	05:00:00	74.521	74.528	74.485	74.497	140	0	2
2025.07.21	06:00:00	74.498	74.511	74.381	74.386	285	0	2
2025.07.21	07:00:00	74.383	74.426	74.361	74.374	341	0	2
2025.07.21	08:00:00	74.370	74.397	74.259	74.337	333	0	2
2025.07.21	09:00:00	74.333	74.374	74.299	74.307	265	0	2
2025.07.21	10:00:00	74.303	74.367	74.295	74.303	257	0	2
2025.07.21	11:00:00	74.300	74.310	74.183	74.192	366	0	2
2025.07.21	12:00:00	74.189	74.215	74.162	74.181	309	0	2
2025.07.21	13:00:00	74.184	74.255	74.181	74.241	400	0	2
2025.07.21	14:00:00	74.244	74.244	74.089	74.113	628	0	2
2025.07.21	15:00:00	74.116	74.116	74.014	74.094	464	0	2
2025.07.21	16:00:00	74.098	74.127	74.073	74.102	335	0	2
2025.07.21	17:00:00	74.105	74.160	74.096	74.148	197	0	2
2025.07.21	18:00:00	74.145	74.159	74.112	74.127	175	0	2
2025.07.21	19:00:00	74.129	74.163	74.116	74.160	140	0	2
2025.07.21	20:00:00	74.156	74.164	74.110	74.112	118	0	2
2025.07.21	21:00:00	74.112	74.120	74.109	74.115	54	0	8
2025.07.21	22:00:00	74.117	74.142	74.111	74.133	80	0	2
2025.07.21	23:00:00	74.136	74.151	74.127	74.130	91	0	2
2025.07.22	00:00:00	74.127	74.185	74.127	74.164	225	0	2
2025.07.22	01:00:00	74.160	74.201	74.156	74.184	212	0	2
2025.07.22	02:00:00	74.181	74.185	74.139	74.170	142	0	2
2025.07.22	03:00:00	74.167	74.192	74.167	74.188	124	0	2
2025.07.22	04:00:00	74.190	74.216	74.171	74.198	138	0	2
2025.07.22	05:00:00	74.202	74.239	74.186	74.219	149	0	2
2025.07.22	06:00:00	74.222	74.259	74.216	74.229	281	0	2
2025.07.22	07:00:00	74.226	74.282	74.215	74.253	295	0	2
2025.07.22	08:00:00	74.256	74.264	74.115	74.129	366	0	2
2025.07.22	09:00:00	74.126	74.148	74.094	74.100	308	0	2
2025.07.22	10:00:00	74.096	74.204	74.076	74.195	213	0	2
2025.07.22	11:00:00	74.191	74.209	74.136	74.150	271	0	2
2025.07.22	12:00:00	74.146	74.208	74.131	74.175	351	0	2
2025.07.22	13:00:00	74.172	74.201	74.134	74.157	640	0	2
2025.07.22	14:00:00	74.154	74.230	74.029	74.064	738	0	2
2025.07.22	15:00:00	74.068	74.092	73.966	73.966	515	0	2
2025.07.22	16:00:00	73.963	73.975	73.893	73.910	381	0	2
2025.07.22	17:00:00	73.913	73.961	73.905	73.946	261	0	2
2025.07.22	18:00:00	73.949	73.967	73.920	73.923	210	0	2
2025.07.22	19:00:00	73.926	73.936	73.892	73.902	165	0	2
2025.07.22	20:00:00	73.905	73.930	73.885	73.885	105	0	2
2025.07.22	21:00:00	73.879	73.906	73.872	73.899	56	0	8
2025.07.22	22:00:00	73.923	73.934	73.918	73.931	76	0	2
2025.07.22	23:00:00	73.933	73.968	73.884	73.957	213	0	2
2025.07.23	00:00:00	73.954	73.975	73.923	73.927	322	0	2
2025.07.23	01:00:00	73.930	73.980	73.918	73.949	308	0	2
2025.07.23	02:00:00	73.946	73.982	73.911	73.966	310	0	2
2025.07.23	03:00:00	73.963	73.965	73.881	73.922	188	0	2
2025.07.23	04:00:00	73.920	73.951	73.901	73.921	163	0	2
2025.07.23	05:00:00	73.924	73.962	73.904	73.948	200	0	2
2025.07.23	06:00:00	73.944	73.986	73.890	73.890	360	0	2
2025.07.23	07:00:00	73.894	73.895	73.807	73.833	388	0	2
2025.07.23	08:00:00	73.830	73.872	73.807	73.845	320	0	2
2025.07.23	09:00:00	73.842	73.871	73.805	73.822	255	0	2
2025.07.23	10:00:00	73.825	73.882	73.819	73.882	290	0	2
2025.07.23	11:00:00	73.885	73.892	73.833	73.855	303	0	2
2025.07.23	12:00:00	73.859	73.907	73.823	73.823	340	0	2
2025.07.23	13:00:00	73.826	73.942	73.812	73.827	664	0	2
2025.07.23	14:00:00	73.824	73.855	73.726	73.744	568	0	2
2025.07.23	15:00:00	73.747	73.780	73.655	73.712	751	0	2
2025.07.23	16:00:00	73.715	73.778	73.680	73.736	746	0	2
2025.07.23	17:00:00	73.733	73.760	73.671	73.704	551	0	2
2025.07.23	18:00:00	73.701	73.702	73.632	73.644	275	0	2
2025.07.23	19:00:00	73.641	73.658	73.616	73.625	166	0	2
2025.07.23	20:00:00	73.628	73.642	73.613	73.630	155	0	2
2025.07.23	21:00:00	73.628	73.643	73.620	73.624	56	0	8
2025.07.23	22:00:00	73.635	73.638	73.603	73.620	84	0	2
2025.07.23	23:00:00	73.617	73.645	73.597	73.641	113	0	2
2025.07.24	00:00:00	73.645	73.684	73.641	73.669	256	0	2
2025.07.24	01:00:00	73.672	73.672	73.591	73.622	296	0	2
2025.07.24	02:00:00	73.625	73.663	73.613	73.632	181	0	2
2025.07.24	03:00:00	73.632	73.652	73.609	73.646	167	0	2
2025.07.24	04:00:00	73.649	73.664	73.629	73.640	145	0	2
2025.07.24	05:00:00	73.637	73.660	73.627	73.644	189	0	2
2025.07.24	06:00:00	73.648	73.734	73.648	73.730	364	0	2
2025.07.24	07:00:00	73.726	73.763	73.704	73.745	390	0	2
2025.07.24	08:00:00	73.741	73.839	73.712	73.832	417	0	2
2025.07.24	09:00:00	73.829	73.854	73.810	73.810	291	0	2
2025.07.24	10:00:00	73.806	73.877	73.795	73.859	199	0	2
2025.07.24	11:00:00	73.862	73.869	73.791	73.791	237	0	2
2025.07.24	12:00:00	73.788	73.898	73.776	73.880	483	0	2
2025.07.24	13:00:00	73.877	73.892	73.778	73.784	1086	0	2
2025.07.24	14:00:00	73.781	73.897	73.731	73.844	728	0	2
2025.07.24	15:00:00	73.847	73.950	73.840	73.942	654	0	2
2025.07.24	16:00:00	73.945	74.046	73.923	74.013	470	0	2
2025.07.24	17:00:00	74.010	74.016	73.920	73.970	256	0	2
2025.07.24	18:00:00	73.967	73.992	73.956	73.983	194	0	2
2025.07.24	19:00:00	73.979	74.032	73.964	74.029	158	0	2
2025.07.24	20:00:00	74.033	74.055	74.004	74.017	208	0	2
2025.07.24	21:00:00	74.014	74.024	74.009	74.010	58	0	14
2025.07.27	21:00:00	74.423	74.427	74.363	74.374	52	0	50
2025.07.27	22:00:00	74.397	74.457	74.354	74.431	141	0	2
2025.07.27	23:00:00	74.432	74.445	74.386	74.415	161	0	2
2025.07.28	00:00:00	74.412	74.425	74.354	74.382	373	0	2
2025.07.28	01:00:00	74.379	74.453	74.333	74.428	315	0	2
2025.07.28	02:00:00	74.431	74.456	74.385	74.406	226	0	2
2025.07.28	03:00:00	74.410	74.435	74.386	74.390	163	0	2
2025.07.28	04:00:00	74.387	74.443	74.376	74.424	154	0	2
2025.07.28	05:00:00	74.427	74.482	74.423	74.477	143	0	2
2025.07.28	06:00:00	74.480	74.588	74.454	74.506	503	0	2
2025.07.28	07:00:00	74.503	74.592	74.449	74.576	666	0	2
2025.07.28	08:00:00	74.580	74.586	74.465	74.507	449	0	2
2025.07.28	09:00:00	74.510	74.562	74.476	74.542	366	0	2
2025.07.28	10:00:00	74.539	74.575	74.506	74.524	355	0	2
2025.07.28	11:00:00	74.520	74.610	74.461	74.476	508	0	2
2025.07.28	12:00:00	74.473	74.501	74.412	74.416	631	0	2
2025.07.28	13:00:00	74.412	74.573	74.404	74.541	672	0	2
2025.07.28	14:00:00	74.537	74.574	74.481	74.557	571	0	2
2025.07.28	15:00:00	74.561	74.672	74.547	74.672	383	0	2
2025.07.28	16:00:00	74.669	74.756	74.669	74.744	273	0	2
2025.07.28	17:00:00	74.747	74.865	74.734	74.850	231	0	2
2025.07.28	18:00:00	74.854	74.892	74.848	74.884	213	0	2
2025.07.28	19:00:00	74.887	74.897	74.872	74.877	141	0	2
2025.07.28	20:00:00	74.878	74.890	74.857	74.875	135	0	2
2025.07.28	21:00:00	74.871	74.873	74.845	74.845	57	0	14
2025.07.28	22:00:00	74.866	74.879	74.844	74.844	102	0	2
2025.07.28	23:00:00	74.847	74.873	74.840	74.850	94	0	2
2025.07.29	00:00:00	74.854	74.932	74.854	74.931	198	0	2
2025.07.29	01:00:00	74.928	74.930	74.858	74.906	257	0	2
2025.07.29	02:00:00	74.902	74.909	74.867	74.870	230	0	2
2025.07.29	03:00:00	74.873	74.956	74.862	74.956	184	0	2
2025.07.29	04:00:00	74.953	74.980	74.902	74.906	171	0	2
2025.07.29	05:00:00	74.910	74.938	74.884	74.913	176	0	2
2025.07.29	06:00:00	74.916	75.050	74.885	75.033	642	0	2
2025.07.29	07:00:00	75.030	75.097	74.982	75.000	566	0	2
2025.07.29	08:00:00	75.004	75.023	74.913	74.949	411	0	2
2025.07.29	09:00:00	74.946	74.946	74.857	74.884	366	0	2
2025.07.29	10:00:00	74.887	74.907	74.838	74.903	334	0	2
2025.07.29	11:00:00	74.900	75.034	74.889	74.961	434	0	2
2025.07.29	12:00:00	74.957	75.097	74.939	75.097	559	0	2
2025.07.29	13:00:00	75.101	75.143	75.040	75.040	623	0	2
2025.07.29	14:00:00	75.037	75.132	74.977	75.028	1017	0	2
2025.07.29	15:00:00	75.025	75.039	74.939	74.969	535	0	2
2025.07.29	16:00:00	74.972	74.972	74.918	74.968	305	0	2
2025.07.29	17:00:00	74.972	74.976	74.890	74.965	328	0	2
2025.07.29	18:00:00	74.961	74.986	74.872	74.872	247	0	2
2025.07.29	19:00:00	74.875	74.890	74.826	74.869	217	0	2
2025.07.29	20:00:00	74.865	74.922	74.848	74.897	140	0	2
2025.07.29	21:00:00	74.896	74.896	74.869	74.882	56	0	14
2025.07.29	22:00:00	74.895	74.903	74.884	74.890	84	0	2
2025.07.29	23:00:00	74.894	74.907	74.885	74.885	76	0	3
2025.07.30	00:00:00	74.881	74.889	74.813	74.818	187	0	2
2025.07.30	01:00:00	74.814	74.869	74.798	74.866	249	0	2
2025.07.30	02:00:00	74.869	74.876	74.822	74.851	147	0	2
2025.07.30	03:00:00	74.847	74.868	74.801	74.852	162	0	2
2025.07.30	04:00:00	74.851	74.907	74.851	74.900	163	0	2
2025.07.30	05:00:00	74.904	74.921	74.874	74.914	189	0	2
2025.07.30	06:00:00	74.911	74.948	74.819	74.822	343	0	2
2025.07.30	07:00:00	74.826	74.856	74.801	74.843	420	0	2
2025.07.30	08:00:00	74.840	74.855	74.800	74.807	281	0	2
2025.07.30	09:00:00	74.810	74.816	74.725	74.731	377	0	2
2025.07.30	10:00:00	74.734	74.837	74.704	74.830	323	0	2
2025.07.30	11:00:00	74.833	74.864	74.773	74.773	247	0	2
2025.07.30	12:00:00	74.770	75.143	74.741	75.135	1192	0	2
2025.07.30	13:00:00	75.138	75.328	75.108	75.288	950	0	2
2025.07.30	14:00:00	75.291	75.305	75.216	75.240	676	0	3
2025.07.30	15:00:00	75.243	75.348	75.233	75.340	471	0	3
2025.07.30	16:00:00	75.337	75.357	75.290	75.290	280	0	3
2025.07.30	17:00:00	75.286	75.298	75.229	75.234	290	0	3
2025.07.30	18:00:00	75.230	75.532	75.113	75.532	2703	0	2
2025.07.30	19:00:00	75.536	75.597	75.463	75.499	1068	0	3
2025.07.30	20:00:00	75.495	75.552	75.446	75.533	364	0	3
2025.07.30	21:00:00	75.535	75.545	75.519	75.540	56	0	8
2025.07.30	22:00:00	75.536	75.537	75.442	75.449	124	0	3
2025.07.30	23:00:00	75.452	75.476	75.421	75.436	147	0	3
2025.07.31	00:00:00	75.440	75.503	75.427	75.462	331	0	3
2025.07.31	01:00:00	75.459	75.515	75.420	75.428	397	0	3
2025.07.31	02:00:00	75.425	75.456	75.402	75.414	284	0	3
2025.07.31	03:00:00	75.410	75.490	75.395	75.417	295	0	3
2025.07.31	04:00:00	75.414	75.437	75.357	75.361	248	0	3
2025.07.31	05:00:00	75.364	75.388	75.343	75.388	218	0	3
2025.07.31	06:00:00	75.392	75.398	75.289	75.309	489	0	3
2025.07.31	07:00:00	75.313	75.501	75.307	75.419	485	0	3
2025.07.31	08:00:00	75.416	75.530	75.408	75.472	460	0	3
2025.07.31	09:00:00	75.476	75.588	75.470	75.588	346	0	3
2025.07.31	10:00:00	75.592	75.699	75.561	75.592	377	0	3
2025.07.31	11:00:00	75.595	75.626	75.516	75.530	436	0	3
2025.07.31	12:00:00	75.534	75.705	75.525	75.661	739	0	3
2025.07.31	13:00:00	75.664	75.827	75.650	75.819	722	0	3
2025.07.31	14:00:00	75.822	75.838	75.530	75.574	1075	0	3
2025.07.31	15:00:00	75.571	75.652	75.545	75.642	679	0	3
2025.07.31	16:00:00	75.646	75.657	75.543	75.626	460	0	3
2025.07.31	17:00:00	75.630	75.741	75.626	75.736	342	0	3
2025.07.31	18:00:00	75.739	75.760	75.618	75.646	305	0	3
2025.07.31	19:00:00	75.643	75.720	75.601	75.720	257	0	3
2025.07.31	20:00:00	75.723	75.757	75.695	75.724	241	0	3
2025.07.31	21:00:00	75.720	75.720	75.678	75.698	58	0	15
2025.08.03	21:00:00	75.236	75.282	75.228	75.281	53	0	32
2025.08.03	22:00:00	75.271	75.332	75.267	75.308	179	0	3
2025.08.03	23:00:00	75.305	75.322	75.231	75.238	218	0	3
2025.08.04	00:00:00	75.234	75.422	75.227	75.404	500	0	3
2025.08.04	01:00:00	75.408	75.449	75.314	75.320	478	0	3
2025.08.04	02:00:00	75.316	75.340	75.274	75.291	323	0	3
2025.08.04	03:00:00	75.287	75.289	75.245	75.283	266	0	3
2025.08.04	04:00:00	75.287	75.311	75.255	75.311	199	0	3
2025.08.04	05:00:00	75.314	75.357	75.281	75.325	278	0	3
2025.08.04	06:00:00	75.321	75.359	75.236	75.276	573	0	3
2025.08.04	07:00:00	75.273	75.385	75.271	75.317	664	0	3
2025.08.04	08:00:00	75.320	75.381	75.306	75.312	459	0	3
2025.08.04	09:00:00	75.309	75.324	75.154	75.229	435	0	2
2025.08.04	10:00:00	75.226	75.352	75.197	75.205	434	0	3
2025.08.04	11:00:00	75.202	75.237	75.108	75.215	529	0	2
2025.08.04	12:00:00	75.211	75.283	75.122	75.200	612	0	2
2025.08.04	13:00:00	75.204	75.211	75.112	75.175	808	0	2
2025.08.04	14:00:00	75.171	75.258	75.013	75.223	1088	0	2
2025.08.04	15:00:00	75.227	75.307	75.193	75.258	782	0	3
2025.08.04	16:00:00	75.255	75.313	75.227	75.269	428	0	3
2025.08.04	17:00:00	75.272	75.320	75.267	75.289	292	0	3
2025.08.04	18:00:00	75.286	75.335	75.270	75.322	283	0	3
2025.08.04	19:00:00	75.318	75.342	75.290	75.321	217	0	3
2025.08.04	20:00:00	75.317	75.328	75.251	75.269	153	0	3
2025.08.04	21:00:00	75.268	75.270	75.238	75.251	58	0	6
2025.08.04	22:00:00	75.278	75.278	75.222	75.227	105	0	3
2025.08.04	23:00:00	75.224	75.231	75.188	75.197	108	0	3
2025.08.05	00:00:00	75.194	75.243	75.171	75.192	274	0	2
2025.08.05	01:00:00	75.196	75.255	75.188	75.244	321	0	3
2025.08.05	02:00:00	75.248	75.295	75.248	75.277	231	0	3
2025.08.05	03:00:00	75.274	75.318	75.273	75.317	155	0	3
2025.08.05	04:00:00	75.321	75.324	75.257	75.268	130	0	3
2025.08.05	05:00:00	75.268	75.350	75.268	75.330	196	0	3
2025.08.05	06:00:00	75.333	75.340	75.228	75.304	318	0	3
2025.08.05	07:00:00	75.307	75.414	75.212	75.342	551	0	3
2025.08.05	08:00:00	75.345	75.375	75.250	75.300	562	0	3
2025.08.05	09:00:00	75.297	75.316	75.215	75.230	405	0	3
2025.08.05	10:00:00	75.233	75.283	75.214	75.263	409	0	3
2025.08.05	11:00:00	75.267	75.377	75.267	75.296	405	0	3
2025.08.05	12:00:00	75.293	75.353	75.248	75.289	773	0	3
2025.08.05	13:00:00	75.286	75.365	75.213	75.317	730	0	3
2025.08.05	14:00:00	75.312	75.365	75.225	75.244	1559	0	3
2025.08.05	15:00:00	75.247	75.248	75.134	75.144	663	0	3
2025.08.05	16:00:00	75.148	75.162	75.097	75.132	378	0	2
2025.08.05	17:00:00	75.136	75.179	75.099	75.162	285	0	2
2025.08.05	18:00:00	75.158	75.235	75.155	75.216	286	0	2
2025.08.05	19:00:00	75.220	75.248	75.205	75.210	193	0	3
2025.08.05	20:00:00	75.206	75.228	75.175	75.176	142	0	3
2025.08.05	21:00:00	75.170	75.214	75.162	75.175	59	0	8
2025.08.05	22:00:00	75.202	75.231	75.193	75.203	92	0	3
2025.08.05	23:00:00	75.207	75.210	75.179	75.196	103	0	3
2025.08.06	00:00:00	75.199	75.199	75.152	75.180	193	0	2
2025.08.06	01:00:00	75.183	75.214	75.181	75.199	136	0	3
2025.08.06	02:00:00	75.196	75.208	75.160	75.183	148	0	3
2025.08.06	03:00:00	75.180	75.181	75.131	75.133	122	0	3
2025.08.06	04:00:00	75.136	75.143	75.107	75.120	139	0	2
2025.08.06	05:00:00	75.123	75.172	75.119	75.155	146	0	2
2025.08.06	06:00:00	75.158	75.184	75.136	75.177	302	0	2
2025.08.06	07:00:00	75.174	75.243	75.164	75.169	332	0	2
2025.08.06	08:00:00	75.172	75.291	75.172	75.274	350	0	2
2025.08.06	09:00:00	75.278	75.279	75.176	75.197	245	0	3
2025.08.06	10:00:00	75.200	75.211	75.055	75.088	444	0	2
2025.08.06	11:00:00	75.091	75.120	75.017	75.084	335	0	2
2025.08.06	12:00:00	75.081	75.141	75.069	75.088	357	0	2
2025.08.06	13:00:00	75.092	75.102	75.023	75.042	592	0	2
2025.08.06	14:00:00	75.045	75.114	75.007	75.013	596	0	2
2025.08.06	15:00:00	75.017	75.028	74.856	74.859	759	0	2
2025.08.06	16:00:00	74.856	74.950	74.837	74.922	457	0	2
2025.08.06	17:00:00	74.919	74.930	74.846	74.873	322	0	2
2025.08.06	18:00:00	74.877	74.880	74.803	74.833	235	0	2
2025.08.06	19:00:00	74.837	74.881	74.822	74.864	161	0	2
2025.08.06	20:00:00	74.861	74.907	74.849	74.862	218	0	2
2025.08.06	21:00:00	74.858	74.863	74.845	74.845	56	0	8
2025.08.06	22:00:00	74.853	74.865	74.844	74.859	98	0	3
2025.08.06	23:00:00	74.859	74.873	74.849	74.861	118	0	2
2025.08.07	00:00:00	74.864	74.925	74.860	74.914	196	0	2
2025.08.07	01:00:00	74.918	74.929	74.852	74.878	230	0	2
2025.08.07	02:00:00	74.875	74.904	74.848	74.892	155	0	2
2025.08.07	03:00:00	74.891	74.912	74.842	74.849	141	0	2
2025.08.07	04:00:00	74.853	74.859	74.799	74.802	156	0	2
2025.08.07	05:00:00	74.799	74.828	74.788	74.790	144	0	2
2025.08.07	06:00:00	74.786	74.814	74.757	74.768	256	0	2
2025.08.07	07:00:00	74.771	74.804	74.737	74.766	307	0	2
2025.08.07	08:00:00	74.770	74.831	74.738	74.796	430	0	2
2025.08.07	09:00:00	74.793	74.822	74.778	74.802	250	0	2
2025.08.07	10:00:00	74.805	74.819	74.740	74.744	324	0	2
2025.08.07	11:00:00	74.747	74.764	74.449	74.553	1824	0	2
2025.08.07	12:00:00	74.549	74.558	74.423	74.507	932	0	2
2025.08.07	13:00:00	74.504	74.542	74.453	74.493	834	0	2
2025.08.07	14:00:00	74.496	74.648	74.479	74.604	1230	0	2
2025.08.07	15:00:00	74.601	74.677	74.435	74.452	594	0	2
2025.08.07	16:00:00	74.449	74.490	74.441	74.459	332	0	2
2025.08.07	17:00:00	74.462	74.519	74.444	74.512	306	0	2
2025.08.07	18:00:00	74.508	74.603	74.491	74.568	251	0	2
2025.08.07	19:00:00	74.569	74.584	74.383	74.384	704	0	2
2025.08.07	20:00:00	74.388	74.402	74.357	74.375	251	0	2
2025.08.07	21:00:00	74.373	74.398	74.370	74.397	57	0	8
2025.08.10	21:00:00	74.326	74.370	74.297	74.369	50	0	28
2025.08.10	22:00:00	74.368	74.398	74.343	74.390	89	0	2
2025.08.10	23:00:00	74.386	74.396	74.361	74.384	102	0	2
2025.08.11	00:00:00	74.387	74.420	74.374	74.387	167	0	2
2025.08.11	01:00:00	74.390	74.396	74.342	74.342	172	0	2
2025.08.11	02:00:00	74.339	74.339	74.300	74.317	139	0	2
2025.08.11	03:00:00	74.316	74.325	74.259	74.263	150	0	2
2025.08.11	04:00:00	74.264	74.274	74.250	74.259	111	0	2
2025.08.11	05:00:00	74.263	74.274	74.241	74.249	131	0	2
2025.08.11	06:00:00	74.246	74.265	74.201	74.247	237	0	2
2025.08.11	07:00:00	74.250	74.358	74.247	74.327	335	0	2
2025.08.11	08:00:00	74.331	74.337	74.257	74.267	273	0	2
2025.08.11	09:00:00	74.270	74.363	74.241	74.328	251	0	2
2025.08.11	10:00:00	74.328	74.375	74.301	74.370	241	0	2
2025.08.11	11:00:00	74.373	74.484	74.362	74.460	385	0	2
2025.08.11	12:00:00	74.457	74.554	74.446	74.497	426	0	2
2025.08.11	13:00:00	74.494	74.517	74.478	74.508	392	0	2
2025.08.11	14:00:00	74.504	74.631	74.504	74.586	496	0	2
2025.08.11	15:00:00	74.589	74.613	74.531	74.545	291	0	2
2025.08.11	16:00:00	74.542	74.545	74.482	74.489	235	0	2
2025.08.11	17:00:00	74.486	74.526	74.451	74.458	177	0	2
2025.08.11	18:00:00	74.455	74.471	74.421	74.429	173	0	2
2025.08.11	19:00:00	74.432	74.493	74.432	74.471	137	0	2
2025.08.11	20:00:00	74.475	74.475	74.427	74.445	117	0	2
2025.08.11	21:00:00	74.445	74.446	74.424	74.444	58	0	8
2025.08.11	22:00:00	74.440	74.461	74.437	74.440	80	0	2
2025.08.11	23:00:00	74.436	74.445	74.430	74.438	87	0	2
2025.08.12	00:00:00	74.441	74.468	74.416	74.456	198	0	2
2025.08.12	01:00:00	74.459	74.468	74.412	74.453	191	0	2
2025.08.12	02:00:00	74.450	74.459	74.419	74.419	121	0	2
2025.08.12	03:00:00	74.418	74.451	74.407	74.443	141	0	2
2025.08.12	04:00:00	74.447	74.489	74.412	74.412	164	0	2
2025.08.12	05:00:00	74.409	74.513	74.401	74.492	272	0	2
2025.08.12	06:00:00	74.496	74.496	74.369	74.436	590	0	2
2025.08.12	07:00:00	74.433	74.448	74.294	74.301	436	0	2
2025.08.12	08:00:00	74.298	74.358	74.231	74.243	394	0	2
2025.08.12	09:00:00	74.247	74.334	74.225	74.293	309	0	2
2025.08.12	10:00:00	74.297	74.318	74.271	74.310	260	0	2
2025.08.12	11:00:00	74.307	74.367	74.297	74.309	296	0	2
2025.08.12	12:00:00	74.306	74.314	74.019	74.154	2249	0	2
2025.08.12	13:00:00	74.157	74.275	74.069	74.139	2080	0	2
2025.08.12	14:00:00	74.136	74.188	74.087	74.139	929	0	2
2025.08.12	15:00:00	74.142	74.148	73.945	74.037	715	0	2
2025.08.12	16:00:00	74.040	74.073	73.956	73.988	491	0	2
2025.08.12	17:00:00	73.984	74.031	73.984	74.031	350	0	2
2025.08.12	18:00:00	74.036	74.117	74.009	74.097	249	0	2
2025.08.12	19:00:00	74.093	74.137	74.090	74.095	169	0	2
2025.08.12	20:00:00	74.099	74.114	74.066	74.066	129	0	2
2025.08.12	21:00:00	74.066	74.073	74.064	74.069	57	0	8
2025.08.12	22:00:00	74.069	74.075	74.061	74.071	83	0	2
2025.08.12	23:00:00	74.074	74.074	74.039	74.048	94	0	2
2025.08.13	00:00:00	74.049	74.086	74.038	74.058	159	0	2
2025.08.13	01:00:00	74.058	74.085	74.030	74.078	203	0	2
2025.08.13	02:00:00	74.078	74.112	74.048	74.057	140	0	2
2025.08.13	03:00:00	74.060	74.068	74.037	74.055	103	0	2
2025.08.13	04:00:00	74.058	74.065	74.041	74.046	99	0	2
2025.08.13	05:00:00	74.043	74.074	74.030	74.035	139	0	2
2025.08.13	06:00:00	74.031	74.035	73.978	73.985	281	0	2
2025.08.13	07:00:00	73.982	73.986	73.815	73.828	437	0	2
2025.08.13	08:00:00	73.831	73.835	73.727	73.762	412	0	2
2025.08.13	09:00:00	73.758	73.765	73.648	73.654	320	0	2
2025.08.13	10:00:00	73.658	73.710	73.643	73.701	361	0	2
2025.08.13	11:00:00	73.704	73.718	73.646	73.654	296	0	2
2025.08.13	12:00:00	73.651	73.749	73.639	73.741	414	0	2
2025.08.13	13:00:00	73.744	73.780	73.651	73.669	546	0	2
2025.08.13	14:00:00	73.672	73.693	73.609	73.681	519	0	2
2025.08.13	15:00:00	73.678	73.736	73.661	73.685	418	0	2
2025.08.13	16:00:00	73.688	73.699	73.643	73.672	260	0	2
2025.08.13	17:00:00	73.672	73.701	73.651	73.687	189	0	2
2025.08.13	18:00:00	73.690	73.724	73.683	73.705	174	0	2
2025.08.13	19:00:00	73.708	73.721	73.668	73.672	125	0	2
2025.08.13	20:00:00	73.668	73.674	73.631	73.644	117	0	2
2025.08.13	21:00:00	73.645	73.662	73.639	73.656	57	0	8
2025.08.13	22:00:00	73.651	73.664	73.635	73.635	79	0	2
2025.08.13	23:00:00	73.636	73.637	73.607	73.608	80	0	2
2025.08.14	00:00:00	73.608	73.626	73.597	73.605	161	0	2
2025.08.14	01:00:00	73.602	73.621	73.572	73.618	226	0	2
2025.08.14	02:00:00	73.621	73.676	73.610	73.648	206	0	2
2025.08.14	03:00:00	73.651	73.686	73.651	73.672	142	0	2
2025.08.14	04:00:00	73.672	73.682	73.650	73.659	116	0	2
2025.08.14	05:00:00	73.663	73.696	73.653	73.674	155	0	2
2025.08.14	06:00:00	73.671	73.678	73.576	73.641	593	0	2
2025.08.14	07:00:00	73.645	73.696	73.577	73.674	659	0	2
2025.08.14	08:00:00	73.670	73.728	73.619	73.679	421	0	2
2025.08.14	09:00:00	73.675	73.696	73.570	73.647	330	0	2
2025.08.14	10:00:00	73.644	73.664	73.558	73.633	345	0	2
2025.08.14	11:00:00	73.637	73.677	73.615	73.670	345	0	2
2025.08.14	12:00:00	73.666	73.819	73.625	73.784	1443	0	2
2025.08.14	13:00:00	73.781	73.881	73.766	73.881	828	0	2
2025.08.14	14:00:00	73.878	73.888	73.761	73.768	590	0	2
2025.08.14	15:00:00	73.765	73.922	73.762	73.907	539	0	2
2025.08.14	16:00:00	73.910	73.958	73.899	73.946	302	0	2
2025.08.14	17:00:00	73.942	73.942	73.891	73.897	247	0	2
2025.08.14	18:00:00	73.900	73.939	73.885	73.894	187	0	2
2025.08.14	19:00:00	73.891	73.895	73.857	73.868	157	0	2
2025.08.14	20:00:00	73.872	73.910	73.861	73.902	136	0	2
2025.08.14	21:00:00	73.903	73.905	73.879	73.903	57	0	14
2025.08.17	21:00:00	73.740	73.759	73.684	73.696	54	0	30
2025.08.17	22:00:00	73.724	73.756	73.722	73.736	105	0	2
2025.08.17	23:00:00	73.736	73.778	73.733	73.765	124	0	2
2025.08.18	00:00:00	73.762	73.784	73.734	73.781	185	0	2
2025.08.18	01:00:00	73.784	73.799	73.742	73.749	181	0	2
2025.08.18	02:00:00	73.750	73.804	73.743	73.800	119	0	2
2025.08.18	03:00:00	73.800	73.800	73.759	73.765	123	0	2
2025.08.18	04:00:00	73.768	73.770	73.717	73.727	123	0	2
2025.08.18	05:00:00	73.731	73.748	73.722	73.737	138	0	2
2025.08.18	06:00:00	73.734	73.850	73.727	73.825	282	0	2
2025.08.18	07:00:00	73.822	73.864	73.775	73.860	392	0	2
2025.08.18	08:00:00	73.863	73.903	73.778	73.818	374	0	2
2025.08.18	09:00:00	73.821	73.859	73.798	73.855	348	0	2
2025.08.18	10:00:00	73.858	73.871	73.820	73.864	232	0	2
2025.08.18	11:00:00	73.867	73.880	73.812	73.864	229	0	2
2025.08.18	12:00:00	73.860	73.877	73.833	73.833	284	0	2
2025.08.18	13:00:00	73.829	73.875	73.820	73.863	317	0	2
2025.08.18	14:00:00	73.867	74.001	73.830	73.984	569	0	2
2025.08.18	15:00:00	73.987	74.010	73.949	73.968	322	0	2
2025.08.18	16:00:00	73.971	74.033	73.955	74.023	238	0	2
2025.08.18	17:00:00	74.020	74.034	73.988	74.021	242	0	2
2025.08.18	18:00:00	74.024	74.057	74.017	74.042	147	0	2
2025.08.18	19:00:00	74.039	74.042	74.007	74.039	153	0	2
2025.08.18	20:00:00	74.042	74.065	74.028	74.051	111	0	2
2025.08.18	21:00:00	74.048	74.048	74.012	74.014	57	0	8
2025.08.18	22:00:00	74.056	74.056	73.995	74.026	106	0	2
2025.08.18	23:00:00	74.029	74.064	74.027	74.030	107	0	2
2025.08.19	00:00:00	74.034	74.067	74.017	74.058	182	0	2
2025.08.19	01:00:00	74.061	74.145	74.051	74.098	295	0	2
2025.08.19	02:00:00	74.101	74.107	74.063	74.081	193	0	2
2025.08.19	03:00:00	74.077	74.089	74.047	74.067	185	0	2
2025.08.19	04:00:00	74.071	74.086	74.039	74.042	145	0	2
2025.08.19	05:00:00	74.042	74.085	74.019	74.074	153	0	2
2025.08.19	06:00:00	74.071	74.091	73.992	73.996	294	0	2
2025.08.19	07:00:00	73.992	73.998	73.948	73.959	418	0	2
2025.08.19	08:00:00	73.955	73.996	73.948	73.963	255	0	2
2025.08.19	09:00:00	73.960	74.012	73.942	73.976	247	0	2
2025.08.19	10:00:00	73.972	73.979	73.901	73.951	216	0	2
2025.08.19	11:00:00	73.948	73.996	73.930	73.955	204	0	2
2025.08.19	12:00:00	73.952	74.053	73.931	74.020	420	0	2
2025.08.19	13:00:00	74.024	74.092	74.004	74.013	422	0	2
2025.08.19	14:00:00	74.009	74.095	73.987	74.059	427	0	2
2025.08.19	15:00:00	74.055	74.124	74.042	74.109	317	0	2
2025.08.19	16:00:00	74.105	74.152	74.097	74.131	274	0	2
2025.08.19	17:00:00	74.128	74.147	74.098	74.130	177	0	2
2025.08.19	18:00:00	74.126	74.195	74.126	74.153	169	0	2
2025.08.19	19:00:00	74.156	74.171	74.123	74.127	118	0	2
2025.08.19	20:00:00	74.130	74.139	74.110	74.110	99	0	2
2025.08.19	21:00:00	74.110	74.130	74.106	74.126	57	0	8
2025.08.19	22:00:00	74.135	74.137	74.112	74.124	79	0	2
2025.08.19	23:00:00	74.121	74.157	74.121	74.157	113	0	2
2025.08.20	00:00:00	74.153	74.210	74.149	74.183	236	0	2
2025.08.20	01:00:00	74.178	74.236	74.165	74.219	266	0	2
2025.08.20	02:00:00	74.222	74.281	74.222	74.254	307	0	2
2025.08.20	03:00:00	74.251	74.255	74.200	74.222	229	0	2
2025.08.20	04:00:00	74.225	74.225	74.190	74.213	118	0	2
2025.08.20	05:00:00	74.210	74.225	74.137	74.156	168	0	2
2025.08.20	06:00:00	74.153	74.174	74.023	74.132	817	0	2
2025.08.20	07:00:00	74.128	74.132	74.021	74.025	522	0	2
2025.08.20	08:00:00	74.022	74.122	74.022	74.066	402	0	2
2025.08.20	09:00:00	74.069	74.090	74.043	74.066	276	0	2
2025.08.20	10:00:00	74.069	74.124	74.049	74.105	283	0	2
2025.08.20	11:00:00	74.101	74.227	74.093	74.227	295	0	2
2025.08.20	12:00:00	74.224	74.227	74.098	74.133	568	0	2
2025.08.20	13:00:00	74.136	74.236	74.117	74.197	501	0	2
2025.08.20	14:00:00	74.194	74.289	74.161	74.222	708	0	2
2025.08.20	15:00:00	74.219	74.363	74.216	74.353	402	0	2
2025.08.20	16:00:00	74.349	74.352	74.277	74.291	251	0	2
2025.08.20	17:00:00	74.288	74.297	74.229	74.242	232	0	2
2025.08.20	18:00:00	74.245	74.344	74.245	74.336	281	0	2
2025.08.20	19:00:00	74.340	74.357	74.309	74.325	156	0	2
2025.08.20	20:00:00	74.328	74.350	74.303	74.314	112	0	2
2025.08.20	21:00:00	74.315	74.315	74.290	74.302	57	0	14
2025.08.20	22:00:00	74.317	74.320	74.300	74.317	89	0	2
2025.08.20	23:00:00	74.321	74.344	74.256	74.259	151	0	2
2025.08.21	00:00:00	74.262	74.339	74.262	74.309	222	0	2
2025.08.21	01:00:00	74.313	74.329	74.267	74.299	253	0	2
2025.08.21	02:00:00	74.302	74.344	74.294	74.343	159	0	2
2025.08.21	03:00:00	74.340	74.366	74.313	74.328	129	0	2
2025.08.21	04:00:00	74.325	74.338	74.319	74.335	88	0	2
2025.08.21	05:00:00	74.335	74.357	74.327	74.327	130	0	2
2025.08.21	06:00:00	74.330	74.394	74.301	74.374	321	0	2
2025.08.21	07:00:00	74.371	74.426	74.305	74.317	495	0	2
2025.08.21	08:00:00	74.314	74.341	74.223	74.258	474	0	2
2025.08.21	09:00:00	74.255	74.264	74.167	74.206	318	0	2
2025.08.21	10:00:00	74.210	74.261	74.207	74.220	268	0	2
2025.08.21	11:00:00	74.223	74.323	74.211	74.323	314	0	2
2025.08.21	12:00:00	74.320	74.393	74.220	74.370	601	0	2
2025.08.21	13:00:00	74.367	74.492	74.298	74.479	852	0	2
2025.08.21	14:00:00	74.482	74.492	74.382	74.477	689	0	2
2025.08.21	15:00:00	74.481	74.571	74.430	74.545	784	0	2
2025.08.21	16:00:00	74.548	74.595	74.506	74.518	304	0	2
2025.08.21	17:00:00	74.515	74.524	74.476	74.498	213	0	2
2025.08.21	18:00:00	74.501	74.529	74.487	74.521	173	0	2
2025.08.21	19:00:00	74.524	74.555	74.517	74.555	117	0	2
2025.08.21	20:00:00	74.558	74.560	74.539	74.554	81	0	2
2025.08.21	21:00:00	74.551	74.554	74.544	74.549	58	0	8
2025.08.24	21:00:00	73.914	73.936	73.885	73.936	54	0	34
2025.08.24	22:00:00	73.945	74.000	73.936	73.986	106	0	3
2025.08.24	23:00:00	73.983	74.028	73.976	74.026	123	0	3
2025.08.25	00:00:00	74.022	74.098	74.022	74.088	212	0	3
2025.08.25	01:00:00	74.085	74.129	74.064	74.108	229	0	3
2025.08.25	02:00:00	74.111	74.122	74.065	74.074	160	0	3
2025.08.25	03:00:00	74.070	74.070	74.005	74.013	126	0	3
2025.08.25	04:00:00	74.009	74.021	73.990	74.007	112	0	3
2025.08.25	05:00:00	74.011	74.033	74.007	74.012	106	0	3
2025.08.25	06:00:00	74.009	74.009	73.925	73.967	268	0	3
2025.08.25	07:00:00	73.971	74.058	73.966	74.052	278	0	3
2025.08.25	08:00:00	74.049	74.059	74.026	74.056	233	0	3
2025.08.25	09:00:00	74.060	74.114	74.046	74.100	180	0	3
2025.08.25	10:00:00	74.097	74.161	74.093	74.124	206	0	3
2025.08.25	11:00:00	74.120	74.124	73.966	73.966	262	0	3
2025.08.25	12:00:00	73.963	74.075	73.959	74.047	299	0	3
2025.08.25	13:00:00	74.044	74.070	74.001	74.022	339	0	3
2025.08.25	14:00:00	74.026	74.070	74.009	74.060	448	0	3
2025.08.25	15:00:00	74.063	74.157	74.054	74.132	428	0	3
2025.08.25	16:00:00	74.135	74.156	74.113	74.136	292	0	3
2025.08.25	17:00:00	74.139	74.195	74.129	74.188	235	0	3
2025.08.25	18:00:00	74.189	74.302	74.178	74.292	247	0	3
2025.08.25	19:00:00	74.288	74.368	74.285	74.326	269	0	3
2025.08.25	20:00:00	74.330	74.334	74.282	74.323	158	0	3
2025.08.25	21:00:00	74.318	74.319	74.269	74.292	57	0	9
2025.08.25	22:00:00	74.323	74.329	74.306	74.316	88	0	3
2025.08.25	23:00:00	74.312	74.348	74.308	74.322	108	0	3
2025.08.26	00:00:00	74.326	74.356	74.124	74.178	1049	0	3
2025.08.26	01:00:00	74.181	74.249	74.167	74.226	350	0	3
2025.08.26	02:00:00	74.223	74.284	74.199	74.268	262	0	3
2025.08.26	03:00:00	74.271	74.344	74.271	74.340	211	0	3
2025.08.26	04:00:00	74.344	74.345	74.302	74.311	148	0	3
2025.08.26	05:00:00	74.308	74.328	74.248	74.262	211	0	3
2025.08.26	06:00:00	74.266	74.371	74.262	74.296	485	0	3
2025.08.26	07:00:00	74.299	74.430	74.271	74.316	627	0	3
2025.08.26	08:00:00	74.313	74.318	74.241	74.273	479	0	3
2025.08.26	09:00:00	74.277	74.285	74.175	74.184	301	0	3
2025.08.26	10:00:00	74.180	74.224	74.170	74.188	235	0	3
2025.08.26	11:00:00	74.191	74.201	74.110	74.138	238	0	3
2025.08.26	12:00:00	74.135	74.197	74.113	74.189	438	0	3
2025.08.26	13:00:00	74.192	74.234	74.167	74.180	508	0	3
2025.08.26	14:00:00	74.177	74.236	74.130	74.191	669	0	3
2025.08.26	15:00:00	74.187	74.205	74.130	74.173	404	0	3
2025.08.26	16:00:00	74.169	74.198	74.113	74.195	262	0	3
2025.08.26	17:00:00	74.198	74.224	74.180	74.224	218	0	3
2025.08.26	18:00:00	74.227	74.248	74.172	74.186	174	0	3
2025.08.26	19:00:00	74.182	74.190	74.153	74.189	142	0	3
2025.08.26	20:00:00	74.192	74.222	74.192	74.194	108	0	3
2025.08.26	21:00:00	74.189	74.191	74.166	74.177	56	0	9
2025.08.26	22:00:00	74.178	74.192	74.168	74.181	93	0	3
2025.08.26	23:00:00	74.184	74.209	74.178	74.198	90	0	3
2025.08.27	00:00:00	74.198	74.244	74.194	74.228	161	0	3
2025.08.27	01:00:00	74.225	74.242	74.211	74.235	215	0	3
2025.08.27	02:00:00	74.239	74.292	74.235	74.278	154	0	3
2025.08.27	03:00:00	74.279	74.316	74.258	74.306	126	0	3
2025.08.27	04:00:00	74.310	74.365	74.306	74.356	128	0	3
2025.08.27	05:00:00	74.356	74.365	74.315	74.315	125	0	3
2025.08.27	06:00:00	74.315	74.332	74.262	74.271	212	0	3
2025.08.27	07:00:00	74.268	74.394	74.263	74.330	341	0	3
2025.08.27	08:00:00	74.334	74.454	74.330	74.375	410	0	3
2025.08.27	09:00:00	74.371	74.401	74.349	74.395	256	0	3
2025.08.27	10:00:00	74.398	74.506	74.395	74.502	261	0	3
2025.08.27	11:00:00	74.499	74.533	74.432	74.454	277	0	3
2025.08.27	12:00:00	74.451	74.452	74.375	74.396	363	0	3
2025.08.27	13:00:00	74.399	74.426	74.315	74.363	437	0	3
2025.08.27	14:00:00	74.366	74.381	74.287	74.291	491	0	3
2025.08.27	15:00:00	74.288	74.288	74.217	74.257	382	0	3
2025.08.27	16:00:00	74.254	74.257	74.088	74.095	301	0	3
2025.08.27	17:00:00	74.091	74.110	74.063	74.063	259	0	3
2025.08.27	18:00:00	74.066	74.126	74.066	74.087	191	0	3
2025.08.27	19:00:00	74.090	74.108	74.079	74.086	139	0	3
2025.08.27	20:00:00	74.083	74.107	74.076	74.078	117	0	3
2025.08.27	21:00:00	74.077	74.087	74.066	74.082	57	0	6
2025.08.27	22:00:00	74.086	74.092	74.065	74.077	79	0	3
2025.08.27	23:00:00	74.077	74.082	74.040	74.053	95	0	3
2025.08.28	00:00:00	74.050	74.087	74.044	74.045	150	0	3
2025.08.28	01:00:00	74.048	74.067	74.006	74.049	169	0	3
2025.08.28	02:00:00	74.053	74.053	73.972	73.985	174	0	3
2025.08.28	03:00:00	73.988	74.028	73.971	74.028	121	0	3
2025.08.28	04:00:00	74.025	74.055	74.021	74.051	123	0	3
2025.08.28	05:00:00	74.055	74.074	74.039	74.050	134	0	3
2025.08.28	06:00:00	74.053	74.060	74.000	74.049	273	0	3
2025.08.28	07:00:00	74.053	74.138	74.035	74.079	366	0	3
2025.08.28	08:00:00	74.076	74.164	74.066	74.077	327	0	3
2025.08.28	09:00:00	74.074	74.080	74.034	74.064	245	0	3
2025.08.28	10:00:00	74.067	74.074	73.929	73.956	286	0	3
2025.08.28	11:00:00	73.959	74.007	73.938	73.991	268	0	3
2025.08.28	12:00:00	73.995	74.085	73.967	74.055	802	0	3
2025.08.28	13:00:00	74.059	74.131	74.012	74.038	643	0	3
2025.08.28	14:00:00	74.035	74.063	73.922	74.007	668	0	3
2025.08.28	15:00:00	74.011	74.043	73.973	73.991	453	0	3
2025.08.28	16:00:00	73.987	73.999	73.937	73.952	249	0	3
2025.08.28	17:00:00	73.949	73.971	73.906	73.956	218	0	3
2025.08.28	18:00:00	73.953	73.999	73.947	73.985	186	0	3
2025.08.28	19:00:00	73.982	74.014	73.979	74.007	127	0	3
2025.08.28	20:00:00	74.011	74.034	74.001	74.001	116	0	3
2025.08.28	21:00:00	74.003	74.015	73.997	74.013	56	0	5
2025.08.31	21:00:00	74.047	74.047	74.006	74.033	53	0	38
2025.08.31	22:00:00	74.023	74.061	74.023	74.057	76	0	3
2025.08.31	23:00:00	74.058	74.070	74.044	74.054	97	0	3
2025.09.01	00:00:00	74.051	74.058	73.968	73.971	152	0	3
2025.09.01	01:00:00	73.974	74.043	73.969	74.006	254	0	3
2025.09.01	02:00:00	74.003	74.006	73.915	73.925	233	0	3
2025.09.01	03:00:00	73.922	73.964	73.915	73.946	147	0	3
2025.09.01	04:00:00	73.945	73.981	73.945	73.972	115	0	3
2025.09.01	05:00:00	73.976	73.976	73.920	73.935	136	0	3
2025.09.01	06:00:00	73.938	73.948	73.850	73.898	351	0	3
2025.09.01	07:00:00	73.895	73.989	73.877	73.909	387	0	3
2025.09.01	08:00:00	73.905	73.939	73.867	73.878	366	0	3
2025.09.01	09:00:00	73.882	73.942	73.870	73.906	256	0	3
2025.09.01	10:00:00	73.910	73.945	73.885	73.942	194	0	3
2025.09.01	11:00:00	73.938	73.949	73.893	73.941	227	0	3
2025.09.01	12:00:00	73.938	73.941	73.890	73.894	238	0	3
2025.09.01	13:00:00	73.890	73.900	73.826	73.870	304	0	3
2025.09.01	14:00:00	73.873	73.882	73.800	73.815	320	0	3
2025.09.01	15:00:00	73.818	73.862	73.803	73.845	232	0	3
2025.09.01	16:00:00	73.848	73.855	73.823	73.843	132	0	3
2025.09.01	17:00:00	73.842	73.851	73.838	73.841	82	0	3
2025.09.01	18:00:00	73.841	73.845	73.831	73.833	71	0	3
2025.09.01	19:00:00	73.830	73.833	73.804	73.807	78	0	3
2025.09.01	20:00:00	73.804	73.828	73.799	73.825	76	0	3
2025.09.01	21:00:00	73.824	73.833	73.818	73.825	57	0	8
2025.09.01	22:00:00	73.810	73.832	73.807	73.828	79	0	3
2025.09.01	23:00:00	73.824	73.831	73.804	73.817	76	0	3
2025.09.02	00:00:00	73.821	73.880	73.808	73.869	205	0	3
2025.09.02	01:00:00	73.866	73.889	73.845	73.872	269	0	3
2025.09.02	02:00:00	73.875	73.942	73.875	73.913	217	0	3
2025.09.02	03:00:00	73.916	73.940	73.906	73.930	150	0	3
2025.09.02	04:00:00	73.929	73.945	73.909	73.923	133	0	3
2025.09.02	05:00:00	73.922	73.962	73.905	73.957	171	0	3
2025.09.02	06:00:00	73.954	73.956	73.888	73.904	294	0	3
2025.09.02	07:00:00	73.900	74.658	73.892	74.608	1966	0	3
2025.09.02	08:00:00	74.604	74.761	74.437	74.551	1540	0	3
2025.09.02	09:00:00	74.554	74.726	74.527	74.626	945	0	3
2025.09.02	10:00:00	74.630	74.785	74.616	74.746	873	0	3
2025.09.02	11:00:00	74.743	74.795	74.710	74.717	795	0	3
2025.09.02	12:00:00	74.720	74.966	74.640	74.894	1192	0	3
2025.09.02	13:00:00	74.898	74.948	74.648	74.675	937	0	3
2025.09.02	14:00:00	74.679	74.679	74.521	74.640	1341	0	3
2025.09.02	15:00:00	74.637	74.769	74.626	74.683	723	0	3
2025.09.02	16:00:00	74.679	74.719	74.664	74.668	392	0	3
2025.09.02	17:00:00	74.665	74.714	74.661	74.711	239	0	3
2025.09.02	18:00:00	74.715	74.766	74.700	74.741	244	0	3
2025.09.02	19:00:00	74.738	74.741	74.674	74.679	190	0	3
2025.09.02	20:00:00	74.675	74.679	74.638	74.645	211	0	3
2025.09.02	21:00:00	74.643	74.670	74.632	74.639	58	0	9
2025.09.02	22:00:00	74.661	74.698	74.648	74.698	85	0	3
2025.09.02	23:00:00	74.695	74.727	74.694	74.727	108	0	3
2025.09.03	00:00:00	74.724	74.779	74.721	74.763	172	0	3
2025.09.03	01:00:00	74.766	74.807	74.749	74.796	254	0	3
2025.09.03	02:00:00	74.796	74.828	74.763	74.817	172	0	3
2025.09.03	03:00:00	74.813	74.837	74.791	74.837	141	0	3
2025.09.03	04:00:00	74.841	74.845	74.790	74.798	125	0	3
2025.09.03	05:00:00	74.799	74.853	74.773	74.837	184	0	3
2025.09.03	06:00:00	74.834	74.837	74.676	74.755	357	0	3
2025.09.03	07:00:00	74.758	74.998	74.735	74.815	965	0	3
2025.09.03	08:00:00	74.811	74.811	74.573	74.586	758	0	3
2025.09.03	09:00:00	74.583	74.614	74.529	74.581	608	0	3
2025.09.03	10:00:00	74.585	74.651	74.564	74.602	402	0	3
2025.09.03	11:00:00	74.599	74.639	74.594	74.617	150	0	3
2025.09.03	12:00:00	74.562	74.575	74.461	74.488	521	0	3
2025.09.03	13:00:00	74.484	74.566	74.425	74.530	830	0	3
2025.09.03	14:00:00	74.538	74.539	74.368	74.439	1188	0	3
2025.09.03	15:00:00	74.442	74.458	74.326	74.360	583	0	3
2025.09.03	16:00:00	74.357	74.380	74.337	74.349	311	0	3
2025.09.03	17:00:00	74.346	74.410	74.301	74.395	274	0	3
2025.09.03	18:00:00	74.398	74.411	74.361	74.393	231	0	3
2025.09.03	19:00:00	74.396	74.433	74.396	74.412	175	0	3
2025.09.03	20:00:00	74.410	74.411	74.362	74.362	146	0	3
2025.09.03	21:00:00	74.365	74.387	74.358	74.380	58	0	9
2025.09.03	22:00:00	74.402	74.409	74.390	74.409	76	0	3
2025.09.03	23:00:00	74.406	74.413	74.387	74.397	89	0	3
2025.09.04	00:00:00	74.394	74.424	74.384	74.392	207	0	3
2025.09.04	01:00:00	74.389	74.438	74.350	74.418	279	0	3
2025.09.04	02:00:00	74.422	74.463	74.414	74.453	193	0	3
2025.09.04	03:00:00	74.449	74.481	74.442	74.470	144	0	3
2025.09.04	04:00:00	74.466	74.482	74.454	74.475	97	0	3
2025.09.04	05:00:00	74.476	74.490	74.459	74.469	143	0	3
2025.09.04	06:00:00	74.466	74.467	74.400	74.428	264	0	3
2025.09.04	07:00:00	74.431	74.532	74.413	74.474	405	0	3
2025.09.04	08:00:00	74.471	74.475	74.312	74.325	424	0	3
2025.09.04	09:00:00	74.321	74.435	74.296	74.402	384	0	3
2025.09.04	10:00:00	74.405	74.414	74.314	74.356	329	0	3
2025.09.04	11:00:00	74.359	74.484	74.359	74.440	347	0	3
2025.09.04	12:00:00	74.436	74.503	74.314	74.397	1035	0	3
2025.09.04	13:00:00	74.394	74.480	74.364	74.392	646	0	3
2025.09.04	14:00:00	74.396	74.528	74.396	74.475	946	0	3
2025.09.04	15:00:00	74.474	74.482	74.400	74.410	330	0	3
2025.09.04	16:00:00	74.407	74.529	74.406	74.505	291	0	3
2025.09.04	17:00:00	74.508	74.520	74.477	74.504	165	0	3
2025.09.04	18:00:00	74.500	74.500	74.451	74.481	185	0	3
2025.09.04	19:00:00	74.478	74.478	74.422	74.426	144	0	3
2025.09.04	20:00:00	74.430	74.448	74.419	74.423	95	0	3
2025.09.04	21:00:00	74.425	74.443	74.417	74.437	56	0	9
2025.09.07	21:00:00	74.008	74.042	74.008	74.042	52	0	24
2025.09.07	22:00:00	74.043	74.169	74.043	74.147	182	0	3
2025.09.07	23:00:00	74.143	74.147	74.093	74.113	197	0	3
2025.09.08	00:00:00	74.117	74.163	74.095	74.096	272	0	3
2025.09.08	01:00:00	74.092	74.123	74.054	74.064	296	0	3
2025.09.08	02:00:00	74.060	74.088	74.044	74.050	250	0	3
2025.09.08	03:00:00	74.046	74.102	74.042	74.097	139	0	3
2025.09.08	04:00:00	74.098	74.144	74.086	74.092	150	0	3
2025.09.08	05:00:00	74.096	74.096	74.051	74.090	173	0	3
2025.09.08	06:00:00	74.087	74.087	73.969	73.973	431	0	3
2025.09.08	07:00:00	73.976	74.011	73.930	73.983	436	0	3
2025.09.08	08:00:00	73.980	74.039	73.930	74.006	353	0	3
2025.09.08	09:00:00	74.009	74.028	73.996	74.021	281	0	3
2025.09.08	10:00:00	74.024	74.061	73.898	73.908	331	0	3
2025.09.08	11:00:00	73.905	73.949	73.875	73.912	327	0	3
2025.09.08	12:00:00	73.909	73.923	73.802	73.837	456	0	3
2025.09.08	13:00:00	73.833	73.852	73.765	73.826	503	0	3
2025.09.08	14:00:00	73.829	73.902	73.820	73.879	525	0	3
2025.09.08	15:00:00	73.881	73.891	73.817	73.820	361	0	3
2025.09.08	16:00:00	73.816	73.917	73.809	73.868	236	0	3
2025.09.08	17:00:00	73.871	73.922	73.854	73.922	211	0	3
2025.09.08	18:00:00	73.919	73.921	73.780	73.784	194	0	3
2025.09.08	19:00:00	73.787	73.803	73.773	73.796	191	0	3
2025.09.08	20:00:00	73.799	73.830	73.792	73.825	108	0	3
2025.09.08	21:00:00	73.821	73.823	73.806	73.812	58	0	8
2025.09.08	22:00:00	73.811	73.820	73.802	73.803	72	0	3
2025.09.08	23:00:00	73.803	73.803	73.758	73.784	101	0	3
2025.09.09	00:00:00	73.787	73.797	73.734	73.755	182	0	3
2025.09.09	01:00:00	73.759	73.780	73.690	73.707	201	0	3
2025.09.09	02:00:00	73.703	73.728	73.685	73.724	181	0	3
2025.09.09	03:00:00	73.721	73.755	73.718	73.747	127	0	3
2025.09.09	04:00:00	73.747	73.749	73.661	73.668	129	0	3
2025.09.09	05:00:00	73.672	73.686	73.634	73.638	189	0	3
2025.09.09	06:00:00	73.634	73.756	73.621	73.711	403	0	3
2025.09.09	07:00:00	73.708	73.753	73.656	73.715	454	0	3
2025.09.09	08:00:00	73.718	73.754	73.661	73.674	632	0	3
2025.09.09	09:00:00	73.671	73.674	73.580	73.598	399	0	3
2025.09.09	10:00:00	73.594	73.665	73.585	73.652	248	0	3
2025.09.09	11:00:00	73.648	73.758	73.645	73.756	249	0	3
2025.09.09	12:00:00	73.752	73.821	73.744	73.775	437	0	3
2025.09.09	13:00:00	73.779	73.791	73.715	73.780	554	0	3
2025.09.09	14:00:00	73.776	73.897	73.666	73.857	1491	0	3
2025.09.09	15:00:00	73.854	73.949	73.848	73.901	530	0	3
2025.09.09	16:00:00	73.904	73.929	73.820	73.883	337	0	3
2025.09.09	17:00:00	73.880	73.936	73.863	73.929	306	0	3
2025.09.09	18:00:00	73.933	73.952	73.922	73.948	210	0	3
2025.09.09	19:00:00	73.950	73.971	73.936	73.967	137	0	3
2025.09.09	20:00:00	73.967	73.973	73.917	73.917	127	0	3
2025.09.09	21:00:00	73.919	73.927	73.913	73.925	56	0	14
2025.09.09	22:00:00	73.934	73.937	73.905	73.909	78	0	3
2025.09.09	23:00:00	73.912	73.971	73.910	73.960	146	0	3
2025.09.10	00:00:00	73.964	73.985	73.942	73.951	200	0	3
2025.09.10	01:00:00	73.947	73.992	73.920	73.950	285	0	3
2025.09.10	02:00:00	73.946	73.957	73.894	73.899	212	0	3
2025.09.10	03:00:00	73.902	73.902	73.873	73.891	130	0	3
2025.09.10	04:00:00	73.893	73.900	73.840	73.840	111	0	3
2025.09.10	05:00:00	73.843	73.894	73.843	73.879	130	0	3
2025.09.10	06:00:00	73.882	73.955	73.835	73.932	398	0	3
2025.09.10	07:00:00	73.929	73.999	73.861	73.889	532	0	3
2025.09.10	08:00:00	73.892	73.964	73.889	73.921	378	0	3
2025.09.10	09:00:00	73.924	73.928	73.823	73.841	300	0	3
2025.09.10	10:00:00	73.838	73.902	73.834	73.858	300	0	3
2025.09.10	11:00:00	73.862	73.922	73.858	73.888	300	0	3
2025.09.10	12:00:00	73.885	73.945	73.715	73.908	1346	0	3
2025.09.10	13:00:00	73.911	73.932	73.758	73.772	853	0	3
2025.09.10	14:00:00	73.775	73.814	73.737	73.798	624	0	3
2025.09.10	15:00:00	73.802	73.837	73.772	73.818	342	0	3
2025.09.10	16:00:00	73.822	73.889	73.804	73.875	257	0	3
2025.09.10	17:00:00	73.878	73.921	73.849	73.883	240	0	3
2025.09.10	18:00:00	73.886	73.894	73.844	73.876	180	0	3
2025.09.10	19:00:00	73.876	73.954	73.873	73.904	176	0	3
2025.09.10	20:00:00	73.901	73.927	73.894	73.898	110	0	3
2025.09.10	21:00:00	73.901	73.907	73.880	73.895	58	0	14
2025.09.10	22:00:00	73.896	73.896	73.864	73.864	74	0	3
2025.09.10	23:00:00	73.868	73.889	73.854	73.889	94	0	3
2025.09.11	00:00:00	73.893	73.924	73.893	73.923	184	0	3
2025.09.11	01:00:00	73.926	73.926	73.887	73.910	177	0	3
2025.09.11	02:00:00	73.913	73.947	73.909	73.930	131	0	3
2025.09.11	03:00:00	73.933	73.933	73.908	73.924	102	0	3
2025.09.11	04:00:00	73.921	73.946	73.917	73.926	105	0	3
2025.09.11	05:00:00	73.927	73.992	73.927	73.985	152	0	3
2025.09.11	06:00:00	73.982	74.009	73.937	73.984	386	0	3
2025.09.11	07:00:00	73.981	74.055	73.952	73.988	461	0	3
2025.09.11	08:00:00	73.985	73.998	73.956	73.992	323	0	3
2025.09.11	09:00:00	73.988	74.102	73.985	74.058	372	0	3
2025.09.11	10:00:00	74.061	74.076	73.986	73.993	320	0	3
2025.09.11	11:00:00	73.996	74.041	73.948	74.032	417	0	3
2025.09.11	12:00:00	74.029	74.111	73.804	73.827	2352	0	3
2025.09.11	13:00:00	73.823	73.854	73.736	73.783	1333	0	3
2025.09.11	14:00:00	73.786	73.799	73.707	73.759	795	0	3
2025.09.11	15:00:00	73.756	73.786	73.643	73.711	493	0	3
2025.09.11	16:00:00	73.708	73.712	73.642	73.650	272	0	3
2025.09.11	17:00:00	73.646	73.697	73.622	73.684	246	0	3
2025.09.11	18:00:00	73.687	73.691	73.625	73.641	183	0	3
2025.09.11	19:00:00	73.638	73.653	73.627	73.648	165	0	3
2025.09.11	20:00:00	73.645	73.677	73.635	73.666	247	0	3
2025.09.11	21:00:00	73.664	73.668	73.654	73.656	56	0	8
2025.09.14	21:00:00	73.735	73.762	73.701	73.719	52	0	28
2025.09.14	22:00:00	73.759	73.765	73.735	73.763	100	0	3
2025.09.14	23:00:00	73.760	73.789	73.753	73.785	108	0	3
2025.09.15	00:00:00	73.783	73.806	73.768	73.768	148	0	3
2025.09.15	01:00:00	73.771	73.784	73.744	73.751	225	0	3
2025.09.15	02:00:00	73.748	73.772	73.739	73.749	128	0	3
2025.09.15	03:00:00	73.745	73.750	73.705	73.719	121	0	3
2025.09.15	04:00:00	73.716	73.718	73.685	73.707	94	0	3
2025.09.15	05:00:00	73.704	73.738	73.702	73.734	112	0	3
2025.09.15	06:00:00	73.731	73.782	73.702	73.731	283	0	3
2025.09.15	07:00:00	73.734	73.734	73.560	73.627	494	0	3
2025.09.15	08:00:00	73.630	73.640	73.534	73.628	439	0	3
2025.09.15	09:00:00	73.632	73.643	73.526	73.570	394	0	3
2025.09.15	10:00:00	73.573	73.573	73.456	73.489	530	0	3
2025.09.15	11:00:00	73.486	73.500	73.425	73.445	364	0	3
2025.09.15	12:00:00	73.442	73.483	73.420	73.449	495	0	3
2025.09.15	13:00:00	73.446	73.554	73.434	73.551	513	0	3
2025.09.15	14:00:00	73.547	73.611	73.547	73.587	619	0	3
2025.09.15	15:00:00	73.584	73.599	73.490	73.490	391	0	3
2025.09.15	16:00:00	73.487	73.558	73.476	73.535	333	0	3
2025.09.15	17:00:00	73.537	73.554	73.467	73.478	236	0	3
2025.09.15	18:00:00	73.475	73.528	73.472	73.500	204	0	3
2025.09.15	19:00:00	73.499	73.504	73.471	73.479	200	0	3
2025.09.15	20:00:00	73.476	73.548	73.469	73.533	152	0	3
2025.09.15	21:00:00	73.532	73.534	73.498	73.498	56	0	13
2025.09.15	22:00:00	73.509	73.526	73.506	73.507	95	0	3
2025.09.15	23:00:00	73.505	73.522	73.502	73.522	82	0	3
2025.09.16	00:00:00	73.525	73.537	73.498	73.520	201	0	3
2025.09.16	01:00:00	73.516	73.537	73.494	73.511	203	0	3
2025.09.16	02:00:00	73.508	73.508	73.453	73.462	187	0	3
2025.09.16	03:00:00	73.459	73.469	73.393	73.437	198	0	3
2025.09.16	04:00:00	73.433	73.461	73.433	73.444	167	0	3
2025.09.16	05:00:00	73.441	73.450	73.414	73.420	206	0	3
2025.09.16	06:00:00	73.417	73.417	73.349	73.367	434	0	3
2025.09.16	07:00:00	73.370	73.385	73.298	73.374	440	0	3
2025.09.16	08:00:00	73.377	73.398	73.323	73.383	452	0	3
2025.09.16	09:00:00	73.386	73.386	73.283	73.302	479	0	3
2025.09.16	10:00:00	73.305	73.388	73.302	73.385	404	0	3
2025.09.16	11:00:00	73.382	73.397	73.262	73.294	510	0	3
2025.09.16	12:00:00	73.297	73.394	73.279	73.310	967	0	3
2025.09.16	13:00:00	73.307	73.319	73.209	73.218	653	0	3
2025.09.16	14:00:00	73.221	73.261	73.141	73.225	989	0	3
2025.09.16	15:00:00	73.221	73.318	73.217	73.242	607	0	3
2025.09.16	16:00:00	73.245	73.254	73.183	73.216	384	0	3
2025.09.16	17:00:00	73.219	73.242	73.162	73.211	389	0	3
2025.09.16	18:00:00	73.214	73.226	73.183	73.210	249	0	3
2025.09.16	19:00:00	73.213	73.257	73.198	73.252	184	0	3
2025.09.16	20:00:00	73.249	73.301	73.238	73.283	182	0	3
2025.09.16	21:00:00	73.276	73.276	73.228	73.252	57	0	8
2025.09.16	22:00:00	73.272	73.280	73.235	73.257	109	0	3
2025.09.16	23:00:00	73.257	73.263	73.230	73.244	104	0	3
2025.09.17	00:00:00	73.241	73.287	73.209	73.287	234	0	3
2025.09.17	01:00:00	73.284	73.316	73.269	73.293	191	0	3
2025.09.17	02:00:00	73.297	73.306	73.285	73.295	148	0	3
2025.09.17	03:00:00	73.292	73.306	73.280	73.294	114	0	3
2025.09.17	04:00:00	73.296	73.308	73.291	73.302	92	0	3
2025.09.17	05:00:00	73.299	73.299	73.261	73.265	140	0	3
2025.09.17	06:00:00	73.262	73.339	73.241	73.312	611	0	3
2025.09.17	07:00:00	73.309	73.365	73.305	73.341	407	0	3
2025.09.17	08:00:00	73.344	73.353	73.246	73.312	332	0	3
2025.09.17	09:00:00	73.309	73.309	73.225	73.266	366	0	3
2025.09.17	10:00:00	73.264	73.319	73.246	73.291	373	0	3
2025.09.17	11:00:00	73.294	73.314	73.246	73.275	279	0	3
2025.09.17	12:00:00	73.278	73.293	73.237	73.237	386	0	3
2025.09.17	13:00:00	73.235	73.267	73.181	73.189	463	0	3
2025.09.17	14:00:00	73.192	73.217	73.155	73.209	483	0	3
2025.09.17	15:00:00	73.212	73.231	73.170	73.210	381	0	3
2025.09.17	16:00:00	73.213	73.219	73.155	73.177	259	0	3
2025.09.17	17:00:00	73.180	73.206	73.160	73.171	268	0	3
2025.09.17	18:00:00	73.168	73.392	72.851	73.315	5724	0	3
2025.09.17	19:00:00	73.318	73.344	73.176	73.329	2388	0	3
2025.09.17	20:00:00	73.326	73.422	73.321	73.393	433	0	3
2025.09.17	21:00:00	73.386	73.386	73.345	73.368	54	0	13
2025.09.17	22:00:00	73.368	73.396	73.347	73.369	182	0	3
2025.09.17	23:00:00	73.366	73.379	73.338	73.370	197	0	3
2025.09.18	00:00:00	73.367	73.416	73.367	73.382	411	0	3
2025.09.18	01:00:00	73.378	73.473	73.364	73.434	498	0	3
2025.09.18	02:00:00	73.431	73.431	73.376	73.380	254	0	3
2025.09.18	03:00:00	73.377	73.419	73.365	73.415	178	0	3
2025.09.18	04:00:00	73.412	73.500	73.409	73.492	196	0	3
2025.09.18	05:00:00	73.495	73.570	73.474	73.544	296	0	3
2025.09.18	06:00:00	73.541	73.603	73.502	73.554	638	0	3
2025.09.18	07:00:00	73.557	73.557	73.312	73.349	735	0	3
2025.09.18	08:00:00	73.352	73.384	73.266	73.314	633	0	3
2025.09.18	09:00:00	73.311	73.328	73.231	73.281	495	0	3
2025.09.18	10:00:00	73.284	73.304	73.237	73.264	439	0	3
2025.09.18	11:00:00	73.261	73.459	73.201	73.410	953	0	3
2025.09.18	12:00:00	73.413	73.557	73.404	73.557	999	0	3
2025.09.18	13:00:00	73.560	73.887	73.551	73.793	1216	0	3
2025.09.18	14:00:00	73.796	73.825	73.685	73.788	1392	0	3
2025.09.18	15:00:00	73.785	73.876	73.734	73.812	907	0	3
2025.09.18	16:00:00	73.815	73.843	73.755	73.785	533	0	3
2025.09.18	17:00:00	73.782	73.797	73.727	73.771	357	0	3
2025.09.18	18:00:00	73.774	73.829	73.763	73.783	261	0	3
2025.09.18	19:00:00	73.786	73.812	73.760	73.807	199	0	3
2025.09.18	20:00:00	73.811	73.826	73.772	73.772	193	0	3
2025.09.18	21:00:00	73.774	73.775	73.766	73.769	59	0	8
2025.09.21	21:00:00	74.199	74.239	74.199	74.239	52	0	15
2025.09.21	22:00:00	74.233	74.243	74.221	74.231	111	0	3
2025.09.21	23:00:00	74.230	74.278	74.228	74.278	119	0	3
2025.09.22	00:00:00	74.281	74.304	74.250	74.252	245	0	3
2025.09.22	01:00:00	74.248	74.261	74.213	74.258	336	0	3
2025.09.22	02:00:00	74.261	74.301	74.256	74.298	243	0	3
2025.09.22	03:00:00	74.301	74.307	74.254	74.281	161	0	3
2025.09.22	04:00:00	74.283	74.331	74.279	74.290	169	0	3
2025.09.22	05:00:00	74.291	74.296	74.217	74.230	178	0	3
2025.09.22	06:00:00	74.233	74.237	74.167	74.211	481	0	3
2025.09.22	07:00:00	74.209	74.229	74.166	74.190	636	0	3
2025.09.22	08:00:00	74.194	74.201	74.053	74.096	529	0	3
2025.09.22	09:00:00	74.093	74.126	74.050	74.062	362	0	3
2025.09.22	10:00:00	74.065	74.099	74.037	74.073	355	0	3
2025.09.22	11:00:00	74.077	74.114	74.074	74.084	304	0	3
2025.09.22	12:00:00	74.080	74.128	73.984	74.027	605	0	3
2025.09.22	13:00:00	74.030	74.082	73.992	74.033	817	0	3
2025.09.22	14:00:00	74.036	74.114	74.033	74.103	528	0	3
2025.09.22	15:00:00	74.100	74.116	74.044	74.060	384	0	3
2025.09.22	16:00:00	74.063	74.074	73.960	74.027	411	0	3
2025.09.22	17:00:00	74.024	74.036	73.977	73.982	191	0	3
2025.09.22	18:00:00	73.982	73.991	73.967	73.980	165	0	3
2025.09.22	19:00:00	73.977	73.992	73.969	73.984	133	0	3
2025.09.22	20:00:00	73.986	74.006	73.980	74.000	123	0	3
2025.09.22	21:00:00	73.996	74.004	73.990	73.999	57	0	5
2025.09.22	22:00:00	74.006	74.007	73.980	73.995	84	0	3
2025.09.22	23:00:00	73.992	73.998	73.984	73.995	91	0	3
2025.09.23	00:00:00	73.997	74.012	73.960	73.960	163	0	3
2025.09.23	01:00:00	73.964	73.984	73.924	73.946	213	0	3
2025.09.23	02:00:00	73.949	74.042	73.939	74.023	220	0	3
2025.09.23	03:00:00	74.027	74.056	73.987	73.987	188	0	3
2025.09.23	04:00:00	73.984	74.048	73.978	74.030	166	0	3
2025.09.23	05:00:00	74.033	74.053	73.992	74.031	212	0	3
2025.09.23	06:00:00	74.034	74.057	73.953	73.988	433	0	3
2025.09.23	07:00:00	73.985	74.044	73.947	73.961	1005	0	3
2025.09.23	08:00:00	73.964	74.143	73.919	74.053	1053	0	3
2025.09.23	09:00:00	74.049	74.089	73.995	74.044	532	0	3
2025.09.23	10:00:00	74.041	74.078	73.985	74.015	468	0	3
2025.09.23	11:00:00	74.017	74.037	73.962	73.992	384	0	3
2025.09.23	12:00:00	73.995	74.020	73.910	73.938	466	0	3
2025.09.23	13:00:00	73.934	74.038	73.874	73.979	954	0	3
2025.09.23	14:00:00	73.976	74.023	73.931	73.939	934	0	3
2025.09.23	15:00:00	73.942	74.029	73.934	73.982	498	0	3
2025.09.23	16:00:00	73.978	74.033	73.942	73.960	714	0	3
2025.09.23	17:00:00	73.958	73.988	73.931	73.981	489	0	3
2025.09.23	18:00:00	73.984	73.999	73.954	73.980	267	0	3
2025.09.23	19:00:00	73.977	73.993	73.925	73.937	210	0	3
2025.09.23	20:00:00	73.934	73.959	73.924	73.930	110	0	3
2025.09.23	21:00:00	73.928	73.950	73.917	73.941	59	0	8
2025.09.23	22:00:00	73.933	73.950	73.916	73.935	110	0	3
2025.09.23	23:00:00	73.936	73.950	73.922	73.940	119	0	3
2025.09.24	00:00:00	73.937	73.996	73.929	73.990	305	0	3
2025.09.24	01:00:00	73.987	74.029	73.984	74.012	337	0	3
2025.09.24	02:00:00	74.015	74.019	73.983	74.013	210	0	3
2025.09.24	03:00:00	74.015	74.037	73.995	74.034	140	0	3
2025.09.24	04:00:00	74.037	74.043	74.016	74.022	124	0	3
2025.09.24	05:00:00	74.025	74.067	74.006	74.039	169	0	3
2025.09.24	06:00:00	74.036	74.116	74.011	74.081	410	0	3
2025.09.24	07:00:00	74.084	74.173	74.062	74.156	510	0	3
2025.09.24	08:00:00	74.160	74.219	74.157	74.161	499	0	3
2025.09.24	09:00:00	74.158	74.230	74.141	74.197	315	0	3
2025.09.24	10:00:00	74.200	74.267	74.184	74.267	306	0	3
2025.09.24	11:00:00	74.264	74.321	74.241	74.306	404	0	3
2025.09.24	12:00:00	74.310	74.424	74.232	74.372	660	0	3
2025.09.24	13:00:00	74.375	74.476	74.361	74.415	750	0	3
2025.09.24	14:00:00	74.418	74.477	74.305	74.342	895	0	3
2025.09.24	15:00:00	74.339	74.380	74.314	74.363	540	0	3
2025.09.24	16:00:00	74.360	74.409	74.351	74.389	403	0	3
2025.09.24	17:00:00	74.392	74.392	74.316	74.328	283	0	3
2025.09.24	18:00:00	74.331	74.385	74.321	74.357	292	0	3
2025.09.24	19:00:00	74.354	74.386	74.346	74.369	191	0	3
2025.09.24	20:00:00	74.366	74.384	74.355	74.357	141	0	3
2025.09.24	21:00:00	74.356	74.357	74.338	74.338	58	0	8
2025.09.24	22:00:00	74.366	74.366	74.339	74.343	85	0	3
2025.09.24	23:00:00	74.340	74.353	74.327	74.350	107	0	3
2025.09.25	00:00:00	74.353	74.354	74.305	74.311	259	0	3
2025.09.25	01:00:00	74.308	74.352	74.298	74.327	218	0	3
2025.09.25	02:00:00	74.324	74.328	74.283	74.300	174	0	3
2025.09.25	03:00:00	74.304	74.318	74.279	74.285	119	0	3
2025.09.25	04:00:00	74.282	74.291	74.266	74.277	125	0	3
2025.09.25	05:00:00	74.277	74.328	74.277	74.322	137	0	3
2025.09.25	06:00:00	74.325	74.349	74.253	74.266	375	0	3
2025.09.25	07:00:00	74.270	74.423	74.266	74.418	584	0	3
2025.09.25	08:00:00	74.421	74.434	74.329	74.335	511	0	3
2025.09.25	09:00:00	74.332	74.368	74.297	74.348	346	0	3
2025.09.25	10:00:00	74.350	74.368	74.314	74.368	279	0	3
2025.09.25	11:00:00	74.371	74.526	74.358	74.505	451	0	3
2025.09.25	12:00:00	74.502	74.781	74.498	74.718	1316	0	3
2025.09.25	13:00:00	74.715	74.829	74.657	74.788	1233	0	3
2025.09.25	14:00:00	74.786	74.920	74.713	74.917	1028	0	3
2025.09.25	15:00:00	74.914	74.953	74.895	74.913	648	0	3
2025.09.25	16:00:00	74.916	74.984	74.865	74.966	383	0	3
2025.09.25	17:00:00	74.970	75.035	74.942	74.988	440	0	3
2025.09.25	18:00:00	74.985	75.053	74.972	74.995	377	0	3
2025.09.25	19:00:00	74.992	74.998	74.957	74.980	237	0	3
2025.09.25	20:00:00	74.980	74.981	74.921	74.941	160	0	3
2025.09.25	21:00:00	74.933	74.950	74.904	74.940	54	0	13
2025.09.28	21:00:00	74.589	74.626	74.588	74.588	52	0	20
2025.09.28	22:00:00	74.605	74.628	74.592	74.601	89	0	3
2025.09.28	23:00:00	74.601	74.606	74.563	74.584	114	0	3
2025.09.29	00:00:00	74.588	74.588	74.487	74.492	233	0	3
2025.09.29	01:00:00	74.495	74.535	74.468	74.478	254	0	3
2025.09.29	02:00:00	74.479	74.482	74.436	74.461	220	0	3
2025.09.29	03:00:00	74.458	74.464	74.434	74.447	142	0	3
2025.09.29	04:00:00	74.451	74.467	74.397	74.415	133	0	3
2025.09.29	05:00:00	74.416	74.433	74.386	74.394	229	0	3
2025.09.29	06:00:00	74.392	74.433	74.389	74.413	406	0	3
2025.09.29	07:00:00	74.415	74.421	74.349	74.368	390	0	3
2025.09.29	08:00:00	74.365	74.450	74.346	74.428	378	0	3
2025.09.29	09:00:00	74.425	74.457	74.389	74.451	329	0	3
2025.09.29	10:00:00	74.447	74.485	74.441	74.467	261	0	3
2025.09.29	11:00:00	74.464	74.487	74.361	74.361	342	0	3
2025.09.29	12:00:00	74.358	74.434	74.311	74.340	596	0	3
2025.09.29	13:00:00	74.337	74.415	74.337	74.412	668	0	3
2025.09.29	14:00:00	74.416	74.535	74.403	74.525	622	0	3
2025.09.29	15:00:00	74.528	74.530	74.423	74.446	475	0	3
2025.09.29	16:00:00	74.443	74.480	74.426	74.455	248	0	3
2025.09.29	17:00:00	74.451	74.493	74.436	74.486	220	0	3
2025.09.29	18:00:00	74.483	74.497	74.410	74.414	156	0	3
2025.09.29	19:00:00	74.418	74.434	74.412	74.425	151	0	3
2025.09.29	20:00:00	74.427	74.462	74.427	74.448	111	0	3
2025.09.29	21:00:00	74.446	74.466	74.443	74.453	57	0	8
2025.09.29	22:00:00	74.450	74.455	74.438	74.439	81	0	3
2025.09.29	23:00:00	74.438	74.439	74.416	74.433	83	0	3
2025.09.30	00:00:00	74.432	74.510	74.426	74.489	297	0	3
2025.09.30	01:00:00	74.485	74.499	74.434	74.496	320	0	3
2025.09.30	02:00:00	74.500	74.510	74.446	74.452	173	0	3
2025.09.30	03:00:00	74.455	74.470	74.409	74.429	183	0	3
2025.09.30	04:00:00	74.428	74.471	74.412	74.412	238	0	3
2025.09.30	05:00:00	74.415	74.440	74.367	74.440	279	0	3
2025.09.30	06:00:00	74.437	74.466	74.340	74.402	543	0	3
2025.09.30	07:00:00	74.404	74.447	74.340	74.367	575	0	3
2025.09.30	08:00:00	74.363	74.399	74.336	74.370	523	0	3
2025.09.30	09:00:00	74.374	74.399	74.349	74.379	385	0	3
2025.09.30	10:00:00	74.376	74.423	74.343	74.416	321	0	3
2025.09.30	11:00:00	74.413	74.489	74.382	74.421	374	0	3
2025.09.30	12:00:00	74.418	74.421	74.337	74.393	536	0	3
2025.09.30	13:00:00	74.390	74.549	74.348	74.385	810	0	3
2025.09.30	14:00:00	74.388	74.432	74.252	74.282	1237	0	3
2025.09.30	15:00:00	74.285	74.423	74.279	74.387	711	0	3
2025.09.30	16:00:00	74.384	74.406	74.281	74.299	471	0	3
2025.09.30	17:00:00	74.296	74.350	74.272	74.342	347	0	3
2025.09.30	18:00:00	74.345	74.399	74.331	74.355	297	0	3
2025.09.30	19:00:00	74.358	74.382	74.337	74.355	252	0	3
2025.09.30	20:00:00	74.352	74.405	74.349	74.375	178	0	3
2025.09.30	21:00:00	74.374	74.377	74.346	74.346	56	0	13
2025.09.30	22:00:00	74.374	74.388	74.335	74.383	101	0	3
2025.09.30	23:00:00	74.380	74.391	74.348	74.391	144	0	3
2025.10.01	00:00:00	74.394	74.425	74.381	74.398	260	0	3
2025.10.01	01:00:00	74.402	74.432	74.392	74.394	172	0	3
2025.10.01	02:00:00	74.391	74.430	74.383	74.398	181	0	3
2025.10.01	03:00:00	74.395	74.427	74.390	74.398	143	0	3
2025.10.01	04:00:00	74.395	74.395	74.269	74.276	189	0	3
2025.10.01	05:00:00	74.273	74.317	74.227	74.317	282	0	3
2025.10.01	06:00:00	74.315	74.317	74.196	74.259	618	0	3
2025.10.01	07:00:00	74.256	74.328	74.197	74.256	899	0	3
2025.10.01	08:00:00	74.252	74.257	74.182	74.251	681	0	3
2025.10.01	09:00:00	74.248	74.279	74.211	74.268	489	0	3
2025.10.01	10:00:00	74.271	74.304	74.205	74.233	529	0	3
2025.10.01	11:00:00	74.230	74.235	74.136	74.172	393	0	3
2025.10.01	12:00:00	74.175	74.240	73.955	74.004	2179	0	3
2025.10.01	13:00:00	74.001	74.037	73.924	73.978	960	0	3
2025.10.01	14:00:00	73.981	74.112	73.940	74.035	1833	0	3
2025.10.01	15:00:00	74.038	74.233	74.027	74.227	932	0	3
2025.10.01	16:00:00	74.231	74.264	74.202	74.215	442	0	3
2025.10.01	17:00:00	74.212	74.228	74.188	74.221	252	0	3
2025.10.01	18:00:00	74.224	74.245	74.130	74.152	295	0	3
2025.10.01	19:00:00	74.149	74.190	74.137	74.184	182	0	3
2025.10.01	20:00:00	74.187	74.227	74.187	74.196	149	0	3
2025.10.01	21:00:00	74.194	74.200	74.172	74.172	55	0	6
2025.10.01	22:00:00	74.181	74.199	74.174	74.186	107	0	3
2025.10.01	23:00:00	74.189	74.192	74.165	74.192	110	0	3
2025.10.02	00:00:00	74.189	74.242	74.189	74.242	262	0	3
2025.10.02	01:00:00	74.244	74.252	74.159	74.161	250	0	3
2025.10.02	02:00:00	74.159	74.184	74.140	74.178	143	0	3
2025.10.02	03:00:00	74.181	74.205	74.176	74.193	129	0	3
2025.10.02	04:00:00	74.193	74.216	74.191	74.209	123	0	3
2025.10.02	05:00:00	74.205	74.244	74.190	74.211	224	0	3
2025.10.02	06:00:00	74.208	74.220	74.132	74.132	506	0	3
2025.10.02	07:00:00	74.129	74.142	74.068	74.104	535	0	3
2025.10.02	08:00:00	74.100	74.117	74.018	74.047	441	0	3
2025.10.02	09:00:00	74.050	74.089	74.028	74.081	424	0	3
2025.10.02	10:00:00	74.084	74.182	74.082	74.182	356	0	3
2025.10.02	11:00:00	74.185	74.232	74.166	74.203	475	0	3
2025.10.02	12:00:00	74.200	74.269	74.166	74.260	472	0	3
2025.10.02	13:00:00	74.256	74.477	74.244	74.455	796	0	3
2025.10.02	14:00:00	74.458	74.559	74.455	74.510	926	0	3
2025.10.02	15:00:00	74.513	74.621	74.475	74.506	686	0	3
2025.10.02	16:00:00	74.510	74.512	74.407	74.409	391	0	3
2025.10.02	17:00:00	74.408	74.426	74.374	74.415	264	0	3
2025.10.02	18:00:00	74.418	74.424	74.359	74.366	207	0	3
2025.10.02	19:00:00	74.363	74.387	74.338	74.386	134	0	3
2025.10.02	20:00:00	74.389	74.412	74.350	74.406	148	0	3
2025.10.02	21:00:00	74.404	74.404	74.377	74.396	56	0	13
2025.10.05	21:00:00	74.340	74.341	74.291	74.341	57	0	13
2025.10.05	22:00:00	74.367	74.483	74.367	74.431	87	0	5
2025.10.05	23:00:00	74.428	74.477	74.409	74.447	627	0	3
2025.10.06	00:00:00	74.444	74.470	74.404	74.404	433	0	3
2025.10.06	01:00:00	74.400	74.428	74.345	74.348	268	0	3
2025.10.06	02:00:00	74.350	74.351	74.307	74.321	171	0	3
2025.10.06	03:00:00	74.325	74.339	74.302	74.336	160	0	3
2025.10.06	04:00:00	74.339	74.370	74.320	74.366	227	0	3
2025.10.06	05:00:00	74.363	74.403	74.332	74.385	211	0	3
2025.10.06	06:00:00	74.382	74.455	74.356	74.396	636	0	3
2025.10.06	07:00:00	74.399	74.422	74.270	74.383	1290	0	3
2025.10.06	08:00:00	74.380	74.523	74.374	74.426	801	0	3
2025.10.06	09:00:00	74.429	74.491	74.410	74.418	478	0	3
2025.10.06	10:00:00	74.421	74.503	74.416	74.503	494	0	3
2025.10.06	11:00:00	74.500	74.532	74.450	74.486	472	0	3
2025.10.06	12:00:00	74.489	74.496	74.401	74.417	707	0	3
2025.10.06	13:00:00	74.413	74.418	74.266	74.286	661	0	3
2025.10.06	14:00:00	74.283	74.298	74.159	74.183	655	0	3
2025.10.06	15:00:00	74.185	74.245	74.161	74.211	464	0	3
2025.10.06	16:00:00	74.208	74.260	74.202	74.209	230	0	3
2025.10.06	17:00:00	74.206	74.208	74.161	74.161	211	0	3
2025.10.06	18:00:00	74.163	74.183	74.146	74.168	154	0	3
2025.10.06	19:00:00	74.171	74.179	74.127	74.172	165	0	3
2025.10.06	20:00:00	74.175	74.182	74.145	74.151	115	0	3
2025.10.06	21:00:00	74.155	74.176	74.149	74.172	57	0	5
2025.10.06	22:00:00	74.168	74.174	74.148	74.173	136	0	3
2025.10.06	23:00:00	74.171	74.181	74.143	74.160	119	0	3
2025.10.07	00:00:00	74.157	74.196	74.157	74.171	215	0	3
2025.10.07	01:00:00	74.174	74.222	74.171	74.215	194	0	3
2025.10.07	02:00:00	74.212	74.221	74.185	74.204	139	0	3
2025.10.07	03:00:00	74.201	74.212	74.177	74.204	121	0	3
2025.10.07	04:00:00	74.207	74.249	74.181	74.239	157	0	3
2025.10.07	05:00:00	74.241	74.322	74.234	74.294	225	0	3
2025.10.07	06:00:00	74.291	74.376	74.291	74.332	433	0	3
2025.10.07	07:00:00	74.329	74.464	74.326	74.423	580	0	3
2025.10.07	08:00:00	74.420	74.442	74.374	74.419	388	0	3
2025.10.07	09:00:00	74.422	74.443	74.382	74.382	320	0	3
2025.10.07	10:00:00	74.384	74.492	74.381	74.482	359	0	3
2025.10.07	11:00:00	74.479	74.670	74.468	74.619	545	0	3
2025.10.07	12:00:00	74.622	74.660	74.543	74.546	585	0	3
2025.10.07	13:00:00	74.543	74.569	74.470	74.524	661	0	3
2025.10.07	14:00:00	74.528	74.544	74.437	74.451	576	0	3
2025.10.07	15:00:00	74.449	74.451	74.323	74.404	628	0	3
2025.10.07	16:00:00	74.400	74.407	74.349	74.390	480	0	3
2025.10.07	17:00:00	74.387	74.401	74.338	74.398	310	0	3
2025.10.07	18:00:00	74.402	74.462	74.396	74.459	311	0	3
2025.10.07	19:00:00	74.462	74.537	74.453	74.507	230	0	3
2025.10.07	20:00:00	74.510	74.521	74.480	74.485	160	0	3
2025.10.07	21:00:00	74.488	74.489	74.457	74.457	57	0	6
2025.10.07	22:00:00	74.474	74.485	74.462	74.485	86	0	3
2025.10.07	23:00:00	74.482	74.517	74.479	74.513	139	0	3
2025.10.08	00:00:00	74.510	74.559	74.508	74.540	249	0	3
2025.10.08	01:00:00	74.543	74.643	74.543	74.641	603	0	3
2025.10.08	02:00:00	74.637	74.670	74.611	74.641	272	0	3
2025.10.08	03:00:00	74.645	74.678	74.627	74.630	164	0	3
2025.10.08	04:00:00	74.627	74.678	74.621	74.662	147	0	3
2025.10.08	05:00:00	74.665	74.710	74.665	74.673	166	0	3
2025.10.08	06:00:00	74.670	74.715	74.639	74.644	571	0	3
2025.10.08	07:00:00	74.641	74.657	74.528	74.529	665	0	3
2025.10.08	08:00:00	74.532	74.594	74.483	74.579	451	0	3
2025.10.08	09:00:00	74.576	74.622	74.549	74.608	478	0	3
2025.10.08	10:00:00	74.611	74.617	74.473	74.556	408	0	3
2025.10.08	11:00:00	74.553	74.618	74.534	74.586	493	0	3
2025.10.08	12:00:00	74.583	74.584	74.506	74.518	474	0	3
2025.10.08	13:00:00	74.515	74.529	74.457	74.490	530	0	3
2025.10.08	14:00:00	74.493	74.518	74.412	74.507	584	0	3
2025.10.08	15:00:00	74.511	74.698	74.499	74.690	499	0	3
2025.10.08	16:00:00	74.686	74.779	74.679	74.695	356	0	3
2025.10.08	17:00:00	74.698	74.741	74.696	74.734	230	0	3
2025.10.08	18:00:00	74.731	74.787	74.684	74.685	566	0	3
2025.10.08	19:00:00	74.681	74.681	74.623	74.629	205	0	3
2025.10.08	20:00:00	74.625	74.646	74.591	74.604	163	0	3
2025.10.08	21:00:00	74.601	74.607	74.593	74.603	58	0	5
2025.10.08	22:00:00	74.597	74.614	74.582	74.591	117	0	3
2025.10.08	23:00:00	74.588	74.629	74.588	74.623	133	0	3
2025.10.09	00:00:00	74.626	74.630	74.553	74.570	227	0	3
2025.10.09	01:00:00	74.573	74.580	74.519	74.570	366	0	3
2025.10.09	02:00:00	74.573	74.588	74.521	74.536	151	0	3
2025.10.09	03:00:00	74.533	74.577	74.524	74.541	153	0	3
2025.10.09	04:00:00	74.544	74.577	74.538	74.553	119	0	3
2025.10.09	05:00:00	74.555	74.596	74.532	74.596	160	0	3
2025.10.09	06:00:00	74.593	74.862	74.587	74.825	761	0	3
2025.10.09	07:00:00	74.822	74.907	74.778	74.893	773	0	3
2025.10.09	08:00:00	74.889	74.944	74.827	74.839	544	0	3
2025.10.09	09:00:00	74.842	74.855	74.687	74.697	752	0	3
2025.10.09	10:00:00	74.693	74.798	74.681	74.794	492	0	3
2025.10.09	11:00:00	74.797	74.856	74.728	74.766	484	0	3
2025.10.09	12:00:00	74.763	74.801	74.690	74.711	634	0	3
2025.10.09	13:00:00	74.708	74.871	74.650	74.799	1394	0	3
2025.10.09	14:00:00	74.802	75.037	74.802	75.006	1201	0	3
2025.10.09	15:00:00	75.003	75.236	74.994	75.135	1069	0	3
2025.10.09	16:00:00	75.132	75.236	75.104	75.219	591	0	3
2025.10.09	17:00:00	75.216	75.250	75.167	75.196	573	0	3
2025.10.09	18:00:00	75.200	75.302	75.195	75.292	296	0	3
2025.10.09	19:00:00	75.289	75.292	75.197	75.207	265	0	3
2025.10.09	20:00:00	75.210	75.210	75.153	75.165	229	0	3
2025.10.09	21:00:00	75.162	75.164	75.145	75.145	54	0	8
2025.10.12	21:00:00	74.918	74.962	74.881	74.939	55	0	8
2025.10.12	22:00:00	74.931	74.976	74.880	74.950	252	0	3
2025.10.12	23:00:00	74.947	74.988	74.918	74.985	334	0	3
2025.10.13	00:00:00	74.988	74.988	74.901	74.901	457	0	3
2025.10.13	01:00:00	74.898	74.933	74.862	74.878	418	0	3
2025.10.13	02:00:00	74.882	74.903	74.833	74.893	269	0	3
2025.10.13	03:00:00	74.896	74.914	74.878	74.886	186	0	3
2025.10.13	04:00:00	74.889	74.891	74.849	74.871	136	0	3
2025.10.13	05:00:00	74.867	74.921	74.842	74.914	254	0	3
2025.10.13	06:00:00	74.917	74.926	74.813	74.914	491	0	3
2025.10.13	07:00:00	74.911	75.018	74.904	74.989	833	0	3
2025.10.13	08:00:00	74.993	75.102	74.967	75.039	567	0	3
2025.10.13	09:00:00	75.036	75.049	74.944	74.978	360	0	3
2025.10.13	10:00:00	74.974	75.026	74.945	74.978	355	0	3
2025.10.13	11:00:00	74.982	75.032	74.892	75.014	785	0	3
2025.10.13	12:00:00	75.010	75.047	74.962	74.996	541	0	3
2025.10.13	13:00:00	75.000	75.042	74.970	75.000	696	0	3
2025.10.13	14:00:00	75.003	75.076	75.001	75.036	690	0	3
2025.10.13	15:00:00	75.033	75.051	74.987	75.026	377	0	3
2025.10.13	16:00:00	75.023	75.040	74.979	75.015	307	0	3
2025.10.13	17:00:00	75.012	75.038	74.993	75.004	204	0	3
2025.10.13	18:00:00	75.006	75.010	74.959	74.995	179	0	3
2025.10.13	19:00:00	74.992	75.015	74.966	75.013	151	0	3
2025.10.13	20:00:00	75.012	75.018	74.989	74.991	124	0	3
2025.10.13	21:00:00	74.995	74.996	74.951	74.979	56	0	8
2025.10.13	22:00:00	75.000	75.014	74.976	75.012	105	0	3
2025.10.13	23:00:00	75.009	75.036	74.988	75.005	149	0	3
2025.10.14	00:00:00	75.008	75.040	74.971	74.981	337	0	3
2025.10.14	01:00:00	74.984	74.987	74.920	74.943	318	0	3
2025.10.14	02:00:00	74.939	74.963	74.929	74.938	166	0	3
2025.10.14	03:00:00	74.942	74.960	74.906	74.932	202	0	3
2025.10.14	04:00:00	74.928	74.940	74.891	74.892	304	0	3
2025.10.14	05:00:00	74.895	74.959	74.895	74.959	360	0	3
2025.10.14	06:00:00	74.955	75.328	74.955	75.300	1243	0	3
2025.10.14	07:00:00	75.297	75.454	75.281	75.431	1115	0	3
2025.10.14	08:00:00	75.434	75.450	75.278	75.279	648	0	3
2025.10.14	09:00:00	75.282	75.389	75.276	75.369	563	0	3
2025.10.14	10:00:00	75.373	75.422	75.348	75.389	602	0	3
2025.10.14	11:00:00	75.386	75.405	75.322	75.363	551	0	3
2025.10.14	12:00:00	75.360	75.480	75.340	75.405	800	0	3
2025.10.14	13:00:00	75.408	75.408	75.210	75.289	1194	0	3
2025.10.14	14:00:00	75.286	75.302	75.168	75.203	1001	0	3
2025.10.14	15:00:00	75.200	75.252	75.079	75.085	829	0	3
2025.10.14	16:00:00	75.082	75.148	75.020	75.086	889	0	3
2025.10.14	17:00:00	75.089	75.118	75.019	75.031	462	0	3
2025.10.14	18:00:00	75.034	75.073	75.007	75.031	346	0	3
2025.10.14	19:00:00	75.028	75.059	75.004	75.042	463	0	3
2025.10.14	20:00:00	75.046	75.105	75.033	75.070	173	0	3
2025.10.14	21:00:00	75.068	75.078	75.067	75.078	56	0	4
2025.10.14	22:00:00	75.073	75.082	75.058	75.077	124	0	3
2025.10.14	23:00:00	75.078	75.091	75.048	75.062	105	0	3
2025.10.15	00:00:00	75.064	75.073	75.014	75.027	247	0	3
2025.10.15	01:00:00	75.023	75.042	74.959	74.961	303	0	3
2025.10.15	02:00:00	74.958	74.961	74.899	74.908	231	0	3
2025.10.15	03:00:00	74.911	74.916	74.883	74.900	176	0	3
2025.10.15	04:00:00	74.896	74.936	74.883	74.912	179	0	3
2025.10.15	05:00:00	74.909	74.922	74.856	74.890	204	0	3
2025.10.15	06:00:00	74.893	74.902	74.774	74.834	608	0	3
2025.10.15	07:00:00	74.831	74.951	74.828	74.903	708	0	3
2025.10.15	08:00:00	74.906	74.952	74.874	74.929	563	0	3
2025.10.15	09:00:00	74.933	74.981	74.865	74.903	490	0	3
2025.10.15	10:00:00	74.899	74.923	74.817	74.823	376	0	3
2025.10.15	11:00:00	74.820	74.905	74.813	74.894	418	0	3
2025.10.15	12:00:00	74.896	74.952	74.869	74.929	693	0	3
2025.10.15	13:00:00	74.932	74.990	74.889	74.908	1004	0	3
2025.10.15	14:00:00	74.904	74.926	74.813	74.819	631	0	3
2025.10.15	15:00:00	74.816	74.835	74.607	74.660	780	0	3
2025.10.15	16:00:00	74.656	74.710	74.656	74.678	534	0	3
2025.10.15	17:00:00	74.681	74.784	74.681	74.754	612	0	3
2025.10.15	18:00:00	74.750	74.791	74.698	74.722	291	0	3
2025.10.15	19:00:00	74.719	74.721	74.663	74.663	192	0	3
2025.10.15	20:00:00	74.666	74.668	74.580	74.608	296	0	3
2025.10.15	21:00:00	74.608	74.636	74.606	74.630	59	0	7
2025.10.15	22:00:00	74.621	74.628	74.579	74.605	105	0	3
2025.10.15	23:00:00	74.608	74.623	74.599	74.607	132	0	3
2025.10.16	00:00:00	74.610	74.627	74.467	74.504	472	0	3
2025.10.16	01:00:00	74.500	74.502	74.392	74.427	426	0	3
2025.10.16	02:00:00	74.424	74.464	74.404	74.451	274	0	3
2025.10.16	03:00:00	74.454	74.504	74.448	74.504	163	0	3
2025.10.16	04:00:00	74.501	74.553	74.498	74.547	136	0	3
2025.10.16	05:00:00	74.544	74.559	74.508	74.529	265	0	3
2025.10.16	06:00:00	74.532	74.602	74.500	74.564	652	0	3
2025.10.16	07:00:00	74.567	74.581	74.472	74.477	852	0	3
2025.10.16	08:00:00	74.480	74.494	74.388	74.415	607	0	3
2025.10.16	09:00:00	74.416	74.444	74.398	74.424	350	0	3
2025.10.16	10:00:00	74.427	74.459	74.360	74.438	393	0	3
2025.10.16	11:00:00	74.435	74.505	74.372	74.400	540	0	3
2025.10.16	12:00:00	74.397	74.489	74.354	74.360	752	0	3
2025.10.16	13:00:00	74.363	74.511	74.324	74.511	988	0	3
2025.10.16	14:00:00	74.514	74.561	74.424	74.440	982	0	3
2025.10.16	15:00:00	74.436	74.527	74.427	74.499	692	0	3
2025.10.16	16:00:00	74.502	74.543	74.441	74.477	878	0	3
2025.10.16	17:00:00	74.474	74.482	74.361	74.413	576	0	3
2025.10.16	18:00:00	74.416	74.512	74.413	74.431	455	0	3
2025.10.16	19:00:00	74.428	74.458	74.413	74.434	362	0	3
2025.10.16	20:00:00	74.437	74.453	74.420	74.428	167	0	3
2025.10.16	21:00:00	74.427	74.432	74.407	74.426	58	0	6
2025.10.19	21:00:00	74.441	74.468	74.436	74.467	54	0	8
2025.10.19	22:00:00	74.470	74.486	74.462	74.472	146	0	3
2025.10.19	23:00:00	74.469	74.487	74.454	74.485	141	0	3
2025.10.20	00:00:00	74.482	74.504	74.432	74.435	284	0	3
2025.10.20	01:00:00	74.433	74.475	74.420	74.445	272	0	3
2025.10.20	02:00:00	74.441	74.445	74.387	74.429	149	0	3
2025.10.20	03:00:00	74.432	74.434	74.399	74.404	110	0	3
2025.10.20	04:00:00	74.404	74.426	74.388	74.426	152	0	3
2025.10.20	05:00:00	74.429	74.443	74.398	74.399	167	0	3
2025.10.20	06:00:00	74.403	74.538	74.403	74.533	403	0	3
2025.10.20	07:00:00	74.536	74.593	74.472	74.537	613	0	3
2025.10.20	08:00:00	74.540	74.561	74.466	74.471	435	0	3
2025.10.20	09:00:00	74.475	74.489	74.410	74.468	490	0	3
2025.10.20	10:00:00	74.471	74.569	74.446	74.568	394	0	3
2025.10.20	11:00:00	74.570	74.626	74.552	74.560	412	0	3
2025.10.20	12:00:00	74.557	74.571	74.459	74.483	586	0	3
2025.10.20	13:00:00	74.479	74.612	74.476	74.600	629	0	3
2025.10.20	14:00:00	74.603	74.613	74.488	74.536	579	0	3
2025.10.20	15:00:00	74.539	74.564	74.472	74.515	511	0	3
2025.10.20	16:00:00	74.518	74.561	74.496	74.538	345	0	3
2025.10.20	17:00:00	74.541	74.613	74.535	74.613	222	0	3
2025.10.20	18:00:00	74.616	74.624	74.564	74.574	167	0	3
2025.10.20	19:00:00	74.571	74.597	74.553	74.589	151	0	3
2025.10.20	20:00:00	74.592	74.603	74.564	74.601	132	0	3
2025.10.20	21:00:00	74.599	74.599	74.564	74.577	57	0	4
2025.10.20	22:00:00	74.585	74.605	74.576	74.604	103	0	3
2025.10.20	23:00:00	74.602	74.608	74.596	74.601	101	0	3
2025.10.21	00:00:00	74.604	74.607	74.536	74.546	200	0	3
2025.10.21	01:00:00	74.549	74.631	74.549	74.622	205	0	3
2025.10.21	02:00:00	74.622	74.676	74.622	74.667	234	0	3
2025.10.21	03:00:00	74.664	74.681	74.661	74.666	130	0	3
2025.10.21	04:00:00	74.669	74.693	74.660	74.671	188	0	3
2025.10.21	05:00:00	74.667	74.770	74.660	74.765	309	0	3
2025.10.21	06:00:00	74.762	74.782	74.668	74.680	522	0	3
2025.10.21	07:00:00	74.683	74.739	74.641	74.666	773	0	3
2025.10.21	08:00:00	74.669	74.771	74.669	74.739	747	0	3
2025.10.21	09:00:00	74.735	74.764	74.673	74.710	474	0	3
2025.10.21	10:00:00	74.713	74.813	74.695	74.722	472	0	3
2025.10.21	11:00:00	74.718	74.781	74.655	74.712	512	0	3
2025.10.21	12:00:00	74.709	74.796	74.687	74.699	821	0	3
2025.10.21	13:00:00	74.702	74.843	74.693	74.756	929	0	3
2025.10.21	14:00:00	74.759	74.824	74.701	74.777	1015	0	3
2025.10.21	15:00:00	74.774	74.777	74.660	74.689	641	0	3
2025.10.21	16:00:00	74.686	74.784	74.637	74.774	694	0	3
2025.10.21	17:00:00	74.777	74.819	74.774	74.783	348	0	3
2025.10.21	18:00:00	74.780	74.787	74.754	74.780	195	0	3
2025.10.21	19:00:00	74.777	74.797	74.762	74.782	174	0	3
2025.10.21	20:00:00	74.785	74.815	74.785	74.789	131	0	3
2025.10.21	21:00:00	74.790	74.792	74.768	74.791	56	0	6
2025.10.21	22:00:00	74.784	74.810	74.784	74.802	92	0	3
2025.10.21	23:00:00	74.801	74.826	74.794	74.820	107	0	3
2025.10.22	00:00:00	74.817	74.825	74.769	74.788	293	0	3
2025.10.22	01:00:00	74.785	74.805	74.751	74.787	245	0	3
2025.10.22	02:00:00	74.784	74.784	74.736	74.757	168	0	3
2025.10.22	03:00:00	74.760	74.787	74.753	74.769	131	0	3
2025.10.22	04:00:00	74.770	74.770	74.737	74.742	118	0	3
2025.10.22	05:00:00	74.739	74.742	74.698	74.720	152	0	3
2025.10.22	06:00:00	74.716	75.023	74.710	74.992	1677	0	3
2025.10.22	07:00:00	74.989	75.077	74.971	75.061	887	0	3
2025.10.22	08:00:00	75.064	75.114	75.039	75.068	877	0	3
2025.10.22	09:00:00	75.071	75.091	75.033	75.081	466	0	3
2025.10.22	10:00:00	75.084	75.155	75.058	75.113	406	0	3
2025.10.22	11:00:00	75.116	75.122	74.999	75.030	485	0	3
2025.10.22	12:00:00	75.027	75.129	74.959	75.052	780	0	3
2025.10.22	13:00:00	75.048	75.096	74.941	74.949	836	0	3
2025.10.22	14:00:00	74.953	74.953	74.865	74.878	897	0	3
2025.10.22	15:00:00	74.881	74.881	74.767	74.790	834	0	3
2025.10.22	16:00:00	74.793	74.823	74.758	74.786	672	0	3
2025.10.22	17:00:00	74.789	74.860	74.779	74.849	393	0	3
2025.10.22	18:00:00	74.845	74.883	74.841	74.873	241	0	3
2025.10.22	19:00:00	74.876	74.891	74.844	74.866	202	0	3
2025.10.22	20:00:00	74.869	74.872	74.838	74.871	132	0	3
2025.10.22	21:00:00	74.871	74.874	74.856	74.870	57	0	4
2025.10.22	22:00:00	74.866	74.872	74.850	74.872	88	0	3
2025.10.22	23:00:00	74.872	74.907	74.872	74.901	114	0	3
2025.10.23	00:00:00	74.904	74.964	74.902	74.931	202	0	3
2025.10.23	01:00:00	74.928	74.969	74.920	74.966	186	0	3
2025.10.23	02:00:00	74.969	74.991	74.962	74.979	141	0	3
2025.10.23	03:00:00	74.976	75.002	74.960	74.998	119	0	3
2025.10.23	04:00:00	75.002	75.019	74.965	74.967	100	0	3
2025.10.23	05:00:00	74.970	74.970	74.901	74.917	141	0	3
2025.10.23	06:00:00	74.920	74.936	74.865	74.907	383	0	3
2025.10.23	07:00:00	74.910	74.935	74.873	74.900	421	0	3
2025.10.23	08:00:00	74.897	74.940	74.875	74.909	317	0	3
2025.10.23	09:00:00	74.906	74.916	74.878	74.910	242	0	3
2025.10.23	10:00:00	74.913	74.988	74.896	74.977	251	0	3
2025.10.23	11:00:00	74.980	74.995	74.949	74.985	273	0	3
2025.10.23	12:00:00	74.982	75.038	74.904	74.943	409	0	3
2025.10.23	13:00:00	74.940	75.048	74.916	75.036	699	0	3
2025.10.23	14:00:00	75.033	75.073	74.979	75.064	703	0	3
2025.10.23	15:00:00	75.062	75.124	75.042	75.068	500	0	3
2025.10.23	16:00:00	75.065	75.120	75.040	75.116	273	0	3
2025.10.23	17:00:00	75.119	75.141	75.067	75.090	288	0	3
2025.10.23	18:00:00	75.093	75.096	75.050	75.057	155	0	3
2025.10.23	19:00:00	75.053	75.057	75.037	75.051	135	0	3
2025.10.23	20:00:00	75.054	75.069	75.027	75.043	104	0	3
2025.10.23	21:00:00	75.042	75.045	75.033	75.033	58	0	4
2025.10.26	21:00:00	75.048	75.050	75.018	75.045	53	0	8
2025.10.26	22:00:00	75.029	75.085	75.029	75.056	200	0	3
2025.10.26	23:00:00	75.060	75.080	75.044	75.062	183	0	3
2025.10.27	00:00:00	75.066	75.085	75.027	75.052	294	0	3
2025.10.27	01:00:00	75.049	75.063	74.984	75.030	267	0	3
2025.10.27	02:00:00	75.033	75.068	75.027	75.055	140	0	3
2025.10.27	03:00:00	75.055	75.073	75.036	75.063	119	0	3
2025.10.27	04:00:00	75.062	75.112	75.061	75.095	109	0	3
2025.10.27	05:00:00	75.092	75.115	75.063	75.071	134	0	3
2025.10.27	06:00:00	75.068	75.068	74.993	75.055	295	0	3
2025.10.27	07:00:00	75.052	75.128	75.040	75.098	339	0	3
2025.10.27	08:00:00	75.101	75.125	74.995	75.037	523	0	3
2025.10.27	09:00:00	75.033	75.057	74.924	74.933	460	0	3
2025.10.27	10:00:00	74.936	74.953	74.900	74.934	294	0	3
2025.10.27	11:00:00	74.937	74.974	74.888	74.917	342	0	3
2025.10.27	12:00:00	74.914	74.959	74.894	74.919	432	0	3
2025.10.27	13:00:00	74.916	75.042	74.897	74.992	533	0	3
2025.10.27	14:00:00	74.989	75.038	74.981	75.011	426	0	3
2025.10.27	15:00:00	75.014	75.087	75.002	75.025	477	0	3
2025.10.27	16:00:00	75.022	75.055	74.988	74.988	275	0	3
2025.10.27	17:00:00	74.991	75.003	74.968	74.997	185	0	3
2025.10.27	18:00:00	74.994	75.048	74.967	74.973	231	0	3
2025.10.27	19:00:00	74.970	75.023	74.970	74.991	163	0	3
2025.10.27	20:00:00	74.987	75.002	74.968	74.987	138	0	3
2025.10.27	21:00:00	74.985	74.985	74.968	74.970	55	0	4
2025.10.27	22:00:00	74.974	74.984	74.962	74.966	93	0	3
2025.10.27	23:00:00	74.963	74.969	74.937	74.959	108	0	3
2025.10.28	00:00:00	74.962	74.979	74.883	74.905	178	0	3
2025.10.28	01:00:00	74.909	74.917	74.859	74.892	234	0	3
2025.10.28	02:00:00	74.889	74.912	74.857	74.912	171	0	3
2025.10.28	03:00:00	74.909	74.909	74.864	74.873	141	0	3
2025.10.28	04:00:00	74.870	74.876	74.810	74.814	228	0	3
2025.10.28	05:00:00	74.811	74.845	74.794	74.836	193	0	3
2025.10.28	06:00:00	74.839	74.890	74.809	74.890	267	0	3
2025.10.28	07:00:00	74.893	75.008	74.891	74.984	377	0	3
2025.10.28	08:00:00	74.987	75.179	74.971	75.145	850	0	3
2025.10.28	09:00:00	75.148	75.182	75.061	75.086	463	0	3
2025.10.28	10:00:00	75.089	75.119	75.026	75.044	430	0	3
2025.10.28	11:00:00	75.041	75.162	75.041	75.143	402	0	3
2025.10.28	12:00:00	75.140	75.302	75.110	75.275	714	0	3
2025.10.28	13:00:00	75.279	75.485	75.270	75.435	926	0	3
2025.10.28	14:00:00	75.439	75.445	75.307	75.320	700	0	3
2025.10.28	15:00:00	75.316	75.370	75.281	75.315	498	0	3
2025.10.28	16:00:00	75.312	75.331	75.236	75.243	547	0	3
2025.10.28	17:00:00	75.246	75.325	75.246	75.316	324	0	3
2025.10.28	18:00:00	75.319	75.357	75.285	75.301	189	0	3
2025.10.28	19:00:00	75.300	75.341	75.279	75.341	180	0	3
2025.10.28	20:00:00	75.338	75.357	75.307	75.345	135	0	3
2025.10.28	21:00:00	75.344	75.345	75.312	75.317	55	0	7
2025.10.28	22:00:00	75.330	75.354	75.324	75.347	130	0	3
2025.10.28	23:00:00	75.344	75.359	75.308	75.308	104	0	3
2025.10.29	00:00:00	75.312	75.367	75.297	75.344	402	0	3
2025.10.29	01:00:00	75.346	75.391	75.334	75.391	286	0	3
2025.10.29	02:00:00	75.394	75.431	75.366	75.392	210	0	3
2025.10.29	03:00:00	75.388	75.466	75.388	75.456	135	0	3
2025.10.29	04:00:00	75.458	75.473	75.443	75.466	144	0	3
2025.10.29	05:00:00	75.469	75.564	75.463	75.555	259	0	3
2025.10.29	06:00:00	75.558	75.612	75.522	75.604	285	0	3
2025.10.29	07:00:00	75.607	75.638	75.560	75.593	466	0	3
2025.10.29	08:00:00	75.597	75.706	75.587	75.706	436	0	3
2025.10.29	09:00:00	75.710	75.770	75.593	75.642	451	0	3
2025.10.29	10:00:00	75.645	75.673	75.623	75.650	311	0	3
2025.10.29	11:00:00	75.647	75.674	75.615	75.654	411	0	3
2025.10.29	12:00:00	75.651	75.773	75.633	75.735	538	0	3
2025.10.29	13:00:00	75.732	75.786	75.618	75.718	848	0	3
2025.10.29	14:00:00	75.722	75.745	75.599	75.599	660	0	3
2025.10.29	15:00:00	75.595	75.610	75.486	75.520	746	0	3
2025.10.29	16:00:00	75.523	75.602	75.503	75.597	438	0	3
2025.10.29	17:00:00	75.601	75.662	75.575	75.611	312	0	3
2025.10.29	18:00:00	75.608	76.101	75.595	75.982	4378	0	3
2025.10.29	19:00:00	75.979	76.070	75.785	75.788	2329	0	3
2025.10.29	20:00:00	75.791	75.865	75.752	75.781	515	0	3
2025.10.29	21:00:00	75.781	75.787	75.758	75.778	58	0	7
2025.10.29	22:00:00	75.780	75.800	75.770	75.793	104	0	3
2025.10.29	23:00:00	75.790	75.802	75.764	75.786	125	0	3
2025.10.30	00:00:00	75.782	75.826	75.715	75.735	309	0	3
2025.10.30	01:00:00	75.732	75.775	75.713	75.722	294	0	3
2025.10.30	02:00:00	75.719	75.739	75.698	75.732	235	0	3
2025.10.30	03:00:00	75.728	75.774	75.703	75.742	300	0	3
2025.10.30	04:00:00	75.745	75.753	75.654	75.661	479	0	3
2025.10.30	05:00:00	75.657	75.707	75.649	75.699	262	0	3
2025.10.30	06:00:00	75.702	75.776	75.675	75.743	403	0	3
2025.10.30	07:00:00	75.747	75.799	75.689	75.770	590	0	3
2025.10.30	08:00:00	75.767	75.838	75.692	75.713	774	0	3
2025.10.30	09:00:00	75.716	75.847	75.701	75.822	493	0	3
2025.10.30	10:00:00	75.819	75.903	75.816	75.890	358	0	3
2025.10.30	11:00:00	75.894	75.903	75.811	75.880	385	0	3
2025.10.30	12:00:00	75.883	76.128	75.841	76.118	679	0	3
2025.10.30	13:00:00	76.121	76.238	75.961	76.006	1232	0	3
2025.10.30	14:00:00	76.003	76.030	75.865	76.003	1143	0	3
2025.10.30	15:00:00	75.999	76.073	75.934	76.064	530	0	3
2025.10.30	16:00:00	76.067	76.131	75.987	76.011	503	0	3
2025.10.30	17:00:00	76.014	76.066	75.990	76.029	319	0	3
2025.10.30	18:00:00	76.032	76.069	75.998	76.062	249	0	3
2025.10.30	19:00:00	76.058	76.106	76.044	76.077	263	0	3
2025.10.30	20:00:00	76.073	76.081	76.010	76.038	144	0	3
2025.10.30	21:00:00	76.038	76.039	76.024	76.024	56	0	4
2025.11.02	22:00:00	76.136	76.156	76.090	76.092	79	0	8
2025.11.02	23:00:00	76.089	76.149	76.088	76.136	846	0	3
2025.11.03	00:00:00	76.139	76.160	76.119	76.128	214	0	3
2025.11.03	01:00:00	76.131	76.145	76.120	76.131	155	0	3
2025.11.03	02:00:00	76.130	76.140	76.089	76.110	148	0	3
2025.11.03	03:00:00	76.110	76.116	76.093	76.108	104	0	3
2025.11.03	04:00:00	76.107	76.110	76.074	76.095	100	0	3
2025.11.03	05:00:00	76.098	76.103	76.068	76.088	121	0	3
2025.11.03	06:00:00	76.092	76.092	76.051	76.063	134	0	3
2025.11.03	07:00:00	76.066	76.136	76.052	76.115	262	0	3
2025.11.03	08:00:00	76.111	76.233	76.111	76.198	375	0	3
2025.11.03	09:00:00	76.195	76.227	76.131	76.189	280	0	3
2025.11.03	10:00:00	76.192	76.213	76.108	76.158	343	0	3
2025.11.03	11:00:00	76.161	76.195	76.109	76.172	296	0	3
2025.11.03	12:00:00	76.169	76.182	76.061	76.098	313	0	3
2025.11.03	13:00:00	76.102	76.213	76.102	76.181	351	0	3
2025.11.03	14:00:00	76.177	76.286	76.167	76.256	515	0	3
2025.11.03	15:00:00	76.245	76.255	76.061	76.065	814	0	3
2025.11.03	16:00:00	76.068	76.097	76.038	76.059	469	0	3
2025.11.03	17:00:00	76.061	76.088	75.973	76.075	320	0	3
2025.11.03	18:00:00	76.071	76.131	76.056	76.109	211	0	3
2025.11.03	19:00:00	76.106	76.131	76.091	76.114	211	0	3
2025.11.03	20:00:00	76.112	76.121	76.092	76.101	139	0	3
2025.11.03	21:00:00	76.103	76.117	76.082	76.103	59	0	11
2025.11.03	22:00:00	76.106	76.106	76.075	76.100	54	0	6
2025.11.03	23:00:00	76.122	76.134	76.104	76.133	164	0	3
2025.11.04	00:00:00	76.136	76.223	76.136	76.191	259	0	3
2025.11.04	01:00:00	76.194	76.228	76.175	76.190	228	0	3
2025.11.04	02:00:00	76.194	76.228	76.183	76.201	187	0	3
2025.11.04	03:00:00	76.198	76.198	76.137	76.172	199	0	3
2025.11.04	04:00:00	76.168	76.199	76.143	76.199	138	0	3
2025.11.04	05:00:00	76.202	76.226	76.188	76.211	203	0	3
2025.11.04	06:00:00	76.208	76.239	76.179	76.197	316	0	3
2025.11.04	07:00:00	76.200	76.231	76.107	76.212	448	0	3
2025.11.04	08:00:00	76.209	76.417	76.209	76.380	927	0	3
2025.11.04	09:00:00	76.377	76.573	76.360	76.553	646	0	3
2025.11.04	10:00:00	76.556	76.559	76.456	76.495	362	0	3
2025.11.04	11:00:00	76.492	76.587	76.482	76.576	344	0	3
2025.11.04	12:00:00	76.580	76.608	76.519	76.529	465	0	3
2025.11.04	13:00:00	76.533	76.584	76.521	76.581	369	0	3
2025.11.04	14:00:00	76.584	76.722	76.538	76.639	585	0	3
2025.11.04	15:00:00	76.636	76.681	76.580	76.652	731	0	3
2025.11.04	16:00:00	76.649	76.685	76.617	76.668	469	0	3
2025.11.04	17:00:00	76.664	76.768	76.655	76.754	231	0	3
2025.11.04	18:00:00	76.757	76.819	76.753	76.786	265	0	3
2025.11.04	19:00:00	76.785	76.843	76.767	76.833	212	0	3
2025.11.04	20:00:00	76.836	76.861	76.773	76.809	205	0	3
2025.11.04	21:00:00	76.804	76.813	76.776	76.802	60	0	6
2025.11.04	22:00:00	76.800	76.802	76.755	76.757	57	0	8
2025.11.04	23:00:00	76.771	76.808	76.771	76.797	103	0	3
2025.11.05	00:00:00	76.794	76.833	76.788	76.810	146	0	3
2025.11.05	01:00:00	76.807	76.861	76.778	76.831	344	0	3
2025.11.05	02:00:00	76.828	76.839	76.790	76.831	237	0	3
2025.11.05	03:00:00	76.827	76.830	76.803	76.804	199	0	3
2025.11.05	04:00:00	76.800	76.804	76.762	76.769	128	0	3
2025.11.05	05:00:00	76.773	76.791	76.744	76.791	126	0	3
2025.11.05	06:00:00	76.795	76.795	76.740	76.756	169	0	3
2025.11.05	07:00:00	76.760	76.807	76.740	76.761	258	0	3
2025.11.05	08:00:00	76.757	76.763	76.630	76.652	486	0	3
2025.11.05	09:00:00	76.656	76.722	76.608	76.685	412	0	3
2025.11.05	10:00:00	76.688	76.780	76.685	76.774	301	0	3
2025.11.05	11:00:00	76.771	76.852	76.705	76.716	304	0	3
2025.11.05	12:00:00	76.713	76.723	76.648	76.673	369	0	3
2025.11.05	13:00:00	76.677	76.771	76.646	76.770	512	0	3
2025.11.05	14:00:00	76.773	76.810	76.711	76.730	547	0	3
2025.11.05	15:00:00	76.734	76.843	76.644	76.679	1001	0	3
2025.11.05	16:00:00	76.682	76.737	76.633	76.639	487	0	3
2025.11.05	17:00:00	76.636	76.717	76.633	76.693	251	0	3
2025.11.05	18:00:00	76.690	76.697	76.652	76.655	221	0	3
2025.11.05	19:00:00	76.659	76.674	76.640	76.657	118	0	3
2025.11.05	20:00:00	76.654	76.654	76.616	76.621	135	0	3
2025.11.05	21:00:00	76.622	76.628	76.597	76.612	58	0	8
2025.11.05	22:00:00	76.605	76.631	76.602	76.631	55	0	4
2025.11.05	23:00:00	76.628	76.650	76.609	76.615	107	0	3
2025.11.06	00:00:00	76.613	76.625	76.569	76.572	146	0	3
2025.11.06	01:00:00	76.569	76.573	76.537	76.548	174	0	3
2025.11.06	02:00:00	76.551	76.583	76.544	76.571	127	0	3
2025.11.06	03:00:00	76.568	76.583	76.540	76.548	103	0	3
2025.11.06	04:00:00	76.545	76.576	76.534	76.555	89	0	3
2025.11.06	05:00:00	76.555	76.583	76.542	76.565	112	0	3
2025.11.06	06:00:00	76.569	76.609	76.524	76.602	169	0	3
2025.11.06	07:00:00	76.598	76.604	76.501	76.551	340	0	3
2025.11.06	08:00:00	76.554	76.572	76.410	76.423	459	0	3
2025.11.06	09:00:00	76.427	76.467	76.398	76.451	446	0	3
2025.11.06	10:00:00	76.453	76.467	76.410	76.460	297	0	3
2025.11.06	11:00:00	76.457	76.470	76.367	76.382	362	0	3
2025.11.06	12:00:00	76.379	76.570	76.310	76.333	1655	0	3
2025.11.06	13:00:00	76.336	76.372	76.187	76.286	816	0	3
2025.11.06	14:00:00	76.289	76.431	76.274	76.429	669	0	3
2025.11.06	15:00:00	76.432	76.446	76.305	76.322	797	0	3
2025.11.06	16:00:00	76.319	76.351	76.272	76.305	498	0	3
2025.11.06	17:00:00	76.301	76.320	76.192	76.206	462	0	3
2025.11.06	18:00:00	76.202	76.216	76.087	76.105	325	0	3
2025.11.06	19:00:00	76.108	76.160	76.088	76.149	193	0	3
2025.11.06	20:00:00	76.146	76.150	76.103	76.126	224	0	3
2025.11.06	21:00:00	76.129	76.138	76.105	76.107	203	0	3
2025.11.09	22:00:00	75.938	76.007	75.932	76.007	54	0	26
2025.11.09	23:00:00	75.996	76.104	75.988	76.095	126	0	3
2025.11.10	00:00:00	76.091	76.122	76.020	76.073	477	0	3
2025.11.10	01:00:00	76.076	76.101	76.016	76.038	316	0	3
2025.11.10	02:00:00	76.042	76.067	76.033	76.054	265	0	3
2025.11.10	03:00:00	76.051	76.089	76.047	76.062	197	0	3
2025.11.10	04:00:00	76.062	76.072	76.019	76.031	172	0	3
2025.11.10	05:00:00	76.034	76.041	75.986	76.014	203	0	3
2025.11.10	06:00:00	76.015	76.106	75.992	76.093	232	0	3
2025.11.10	07:00:00	76.091	76.095	75.947	76.005	532	0	3
2025.11.10	08:00:00	76.002	76.014	75.845	75.906	575	0	3
2025.11.10	09:00:00	75.903	75.947	75.875	75.909	449	0	3
2025.11.10	10:00:00	75.913	76.003	75.899	75.988	305	0	3
2025.11.10	11:00:00	75.991	76.032	75.887	75.895	335	0	3
2025.11.10	12:00:00	75.891	75.896	75.826	75.862	287	0	3
2025.11.10	13:00:00	75.865	75.923	75.807	75.900	381	0	3
2025.11.10	14:00:00	75.903	76.030	75.903	75.951	506	0	3
2025.11.10	15:00:00	75.954	76.069	75.927	76.055	658	0	3
2025.11.10	16:00:00	76.052	76.062	75.968	76.010	405	0	3
2025.11.10	17:00:00	76.007	76.014	75.873	75.881	349	0	3
2025.11.10	18:00:00	75.878	75.887	75.844	75.872	197	0	3
2025.11.10	19:00:00	75.875	75.875	75.847	75.872	166	0	3
2025.11.10	20:00:00	75.872	75.875	75.846	75.864	136	0	3
2025.11.10	21:00:00	75.867	75.910	75.860	75.894	115	0	3
2025.11.10	22:00:00	75.893	75.899	75.887	75.893	59	0	5
2025.11.10	23:00:00	75.894	75.920	75.886	75.916	89	0	3
2025.11.11	00:00:00	75.913	75.958	75.900	75.955	160	0	3
2025.11.11	01:00:00	75.959	76.000	75.948	75.959	222	0	3
2025.11.11	02:00:00	75.956	75.979	75.939	75.967	149	0	3
2025.11.11	03:00:00	75.967	75.968	75.927	75.937	125	0	3
2025.11.11	04:00:00	75.941	75.969	75.920	75.951	115	0	3
2025.11.11	05:00:00	75.948	75.973	75.917	75.951	171	0	3
2025.11.11	06:00:00	75.947	76.034	75.922	76.022	241	0	3
2025.11.11	07:00:00	76.018	76.214	75.996	76.186	1358	0	3
2025.11.11	08:00:00	76.182	76.216	76.129	76.198	571	0	3
2025.11.11	09:00:00	76.202	76.239	76.136	76.161	365	0	3
2025.11.11	10:00:00	76.165	76.212	76.100	76.110	304	0	3
2025.11.11	11:00:00	76.107	76.138	76.031	76.052	313	0	3
2025.11.11	12:00:00	76.055	76.107	76.018	76.092	341	0	3
2025.11.11	13:00:00	76.089	76.089	75.882	75.921	752	0	3
2025.11.11	14:00:00	75.918	75.982	75.844	75.868	503	0	3
2025.11.11	15:00:00	75.871	75.992	75.867	75.910	595	0	3
2025.11.11	16:00:00	75.906	75.942	75.876	75.914	331	0	3
2025.11.11	17:00:00	75.910	75.936	75.877	75.905	204	0	3
2025.11.11	18:00:00	75.909	75.917	75.883	75.898	181	0	3
2025.11.11	19:00:00	75.902	75.957	75.898	75.947	210	0	3
2025.11.11	20:00:00	75.943	75.980	75.919	75.979	155	0	3
2025.11.11	21:00:00	75.976	76.056	75.972	76.047	183	0	3
2025.11.11	22:00:00	76.046	76.046	75.974	76.027	51	0	6
2025.11.11	23:00:00	76.033	76.055	76.022	76.032	67	0	3
2025.11.12	00:00:00	76.032	76.095	76.028	76.095	147	0	3
2025.11.12	01:00:00	76.098	76.119	76.075	76.110	211	0	3
2025.11.12	02:00:00	76.107	76.115	76.081	76.111	123	0	3
2025.11.12	03:00:00	76.114	76.127	76.086	76.103	111	0	3
2025.11.12	04:00:00	76.100	76.166	76.097	76.160	133	0	3
2025.11.12	05:00:00	76.161	76.167	76.105	76.137	160	0	3
2025.11.12	06:00:00	76.140	76.155	76.091	76.098	183	0	3
2025.11.12	07:00:00	76.095	76.108	76.051	76.072	306	0	3
2025.11.12	08:00:00	76.069	76.237	76.012	76.235	613	0	3
2025.11.12	09:00:00	76.237	76.245	76.154	76.240	613	0	3
2025.11.12	10:00:00	76.237	76.270	76.171	76.185	345	0	3
2025.11.12	11:00:00	76.188	76.241	76.109	76.119	344	0	3
2025.11.12	12:00:00	76.116	76.287	76.103	76.231	541	0	3
2025.11.12	13:00:00	76.228	76.359	76.201	76.304	497	0	3
2025.11.12	14:00:00	76.307	76.425	76.289	76.340	675	0	3
2025.11.12	15:00:00	76.343	76.347	76.146	76.156	644	0	3
2025.11.12	16:00:00	76.152	76.173	76.125	76.159	444	0	3
2025.11.12	17:00:00	76.162	76.162	76.104	76.108	256	0	3
2025.11.12	18:00:00	76.111	76.116	76.080	76.101	216	0	3
2025.11.12	19:00:00	76.104	76.171	76.096	76.161	208	0	3
2025.11.12	20:00:00	76.164	76.172	76.142	76.156	154	0	3
2025.11.12	21:00:00	76.153	76.192	76.135	76.138	158	0	3
2025.11.12	22:00:00	76.137	76.158	76.135	76.155	57	0	4
2025.11.12	23:00:00	76.158	76.179	76.144	76.173	83	0	3
2025.11.13	00:00:00	76.170	76.244	76.170	76.231	254	0	3
2025.11.13	01:00:00	76.234	76.271	76.189	76.196	268	0	3
2025.11.13	02:00:00	76.196	76.230	76.172	76.190	179	0	3
2025.11.13	03:00:00	76.187	76.207	76.169	76.183	167	0	3
2025.11.13	04:00:00	76.182	76.215	76.173	76.198	116	0	3
2025.11.13	05:00:00	76.196	76.244	76.190	76.233	140	0	3
2025.11.13	06:00:00	76.236	76.247	76.202	76.210	198	0	3
2025.11.13	07:00:00	76.215	76.329	76.082	76.099	719	0	3
2025.11.13	08:00:00	76.095	76.157	75.938	75.944	656	0	3
2025.11.13	09:00:00	75.941	76.086	75.925	76.011	630	0	3
2025.11.13	10:00:00	76.010	76.035	75.967	76.005	397	0	3
2025.11.13	11:00:00	76.008	76.082	75.983	76.054	434	0	3
2025.11.13	12:00:00	76.057	76.062	75.855	75.863	561	0	3
2025.11.13	13:00:00	75.860	75.997	75.846	75.935	556	0	3
2025.11.13	14:00:00	75.932	75.953	75.861	75.865	733	0	3
2025.11.13	15:00:00	75.868	75.907	75.762	75.766	731	0	3
2025.11.13	16:00:00	75.769	75.806	75.682	75.686	578	0	3
2025.11.13	17:00:00	75.689	75.733	75.665	75.691	596	0	3
2025.11.13	18:00:00	75.688	75.801	75.676	75.776	488	0	3
2025.11.13	19:00:00	75.780	75.815	75.773	75.814	279	0	3
2025.11.13	20:00:00	75.811	75.845	75.789	75.842	208	0	3
2025.11.13	21:00:00	75.846	75.846	75.787	75.796	140	0	3
2025.11.16	22:00:00	75.908	75.943	75.905	75.931	51	0	19
2025.11.16	23:00:00	75.925	76.007	75.921	75.991	111	0	3
2025.11.17	00:00:00	75.993	76.045	75.993	76.008	245	0	3
2025.11.17	01:00:00	76.012	76.022	75.959	76.012	205	0	3
2025.11.17	02:00:00	76.012	76.034	76.010	76.033	141	0	3
2025.11.17	03:00:00	76.034	76.093	76.034	76.074	145	0	3
2025.11.17	04:00:00	76.071	76.077	76.036	76.037	90	0	3
2025.11.17	05:00:00	76.034	76.086	76.016	76.085	137	0	3
2025.11.17	06:00:00	76.081	76.125	76.037	76.049	204	0	3
2025.11.17	07:00:00	76.053	76.053	75.887	75.896	387	0	3
2025.11.17	08:00:00	75.893	75.991	75.867	75.956	583	0	3
2025.11.17	09:00:00	75.959	75.995	75.895	75.962	479	0	3
2025.11.17	10:00:00	75.959	76.034	75.923	76.021	410	0	3
2025.11.17	11:00:00	76.025	76.049	75.867	75.867	491	0	3
2025.11.17	12:00:00	75.870	75.890	75.796	75.872	451	0	3
2025.11.17	13:00:00	75.868	75.916	75.825	75.913	550	0	3
2025.11.17	14:00:00	75.916	75.974	75.885	75.955	545	0	3
2025.11.17	15:00:00	75.959	75.980	75.885	75.887	640	0	3
2025.11.17	16:00:00	75.891	75.956	75.878	75.882	443	0	3
2025.11.17	17:00:00	75.886	75.943	75.877	75.929	290	0	3
2025.11.17	18:00:00	75.932	75.991	75.925	75.984	269	0	3
2025.11.17	19:00:00	75.988	76.069	75.960	76.066	296	0	3
2025.11.17	20:00:00	76.069	76.075	76.002	76.016	258	0	3
2025.11.17	21:00:00	76.020	76.021	75.991	76.018	111	0	3
2025.11.17	22:00:00	76.018	76.018	75.982	76.003	44	0	6
2025.11.17	23:00:00	76.012	76.028	76.002	76.013	83	0	3
2025.11.18	00:00:00	76.017	76.067	76.017	76.053	165	0	3
2025.11.18	01:00:00	76.056	76.071	76.016	76.037	162	0	3
2025.11.18	02:00:00	76.040	76.050	76.018	76.025	135	0	3
2025.11.18	03:00:00	76.022	76.053	76.013	76.050	137	0	3
2025.11.18	04:00:00	76.053	76.072	75.967	75.971	249	0	3
2025.11.18	05:00:00	75.968	75.981	75.963	75.980	149	0	3
2025.11.18	06:00:00	75.984	76.055	75.974	76.049	233	0	3
2025.11.18	07:00:00	76.052	76.055	75.968	76.043	434	0	3
2025.11.18	08:00:00	76.039	76.053	75.889	76.011	622	0	3
2025.11.18	09:00:00	76.013	76.046	75.966	76.030	520	0	3
2025.11.18	10:00:00	76.032	76.084	76.010	76.055	347	0	3
2025.11.18	11:00:00	76.058	76.117	76.049	76.097	289	0	3
2025.11.18	12:00:00	76.100	76.115	76.023	76.027	353	0	3
2025.11.18	13:00:00	76.024	76.136	75.983	76.019	834	0	3
2025.11.18	14:00:00	76.016	76.043	75.968	76.000	573	0	3
2025.11.18	15:00:00	75.997	76.081	75.920	76.079	732	0	3
2025.11.18	16:00:00	76.083	76.128	76.043	76.043	578	0	3
2025.11.18	17:00:00	76.040	76.113	76.037	76.096	328	0	3
2025.11.18	18:00:00	76.099	76.103	76.006	76.030	318	0	3
2025.11.18	19:00:00	76.033	76.049	76.004	76.015	225	0	3
2025.11.18	20:00:00	76.012	76.073	76.005	76.065	181	0	3
2025.11.18	21:00:00	76.068	76.082	76.049	76.071	127	0	1
2025.11.18	22:00:00	76.070	76.070	76.021	76.048	50	0	6
2025.11.18	23:00:00	76.062	76.082	76.054	76.060	97	0	3
2025.11.19	00:00:00	76.060	76.102	76.048	76.098	172	0	3
2025.11.19	01:00:00	76.095	76.151	76.085	76.142	203	0	3
2025.11.19	02:00:00	76.139	76.164	76.100	76.118	186	0	3
2025.11.19	03:00:00	76.115	76.124	76.074	76.101	149	0	3
2025.11.19	04:00:00	76.104	76.146	76.101	76.101	132	0	3
2025.11.19	05:00:00	76.101	76.108	76.063	76.067	155	0	3
2025.11.19	06:00:00	76.063	76.073	76.014	76.030	202	0	3
2025.11.19	07:00:00	76.034	76.149	76.014	76.088	895	0	3
2025.11.19	08:00:00	76.085	76.197	76.052	76.193	534	0	3
2025.11.19	09:00:00	76.197	76.230	76.117	76.179	497	0	3
2025.11.19	10:00:00	76.176	76.377	76.169	76.304	717	0	3
2025.11.19	11:00:00	76.300	76.315	76.177	76.177	586	0	3
2025.11.19	12:00:00	76.173	76.244	76.158	76.229	384	0	3
2025.11.19	13:00:00	76.232	76.258	76.166	76.224	537	0	3
2025.11.19	14:00:00	76.226	76.302	76.204	76.280	559	0	3
2025.11.19	15:00:00	76.277	76.501	76.241	76.454	743	0	3
2025.11.19	16:00:00	76.450	76.523	76.421	76.480	594	0	3
2025.11.19	17:00:00	76.477	76.586	76.449	76.521	456	0	3
2025.11.19	18:00:00	76.518	76.550	76.473	76.534	309	0	3
2025.11.19	19:00:00	76.537	76.665	76.518	76.651	533	0	3
2025.11.19	20:00:00	76.654	76.662	76.599	76.629	223	0	3
2025.11.19	21:00:00	76.632	76.659	76.559	76.575	247	0	3
2025.11.19	22:00:00	76.573	76.579	76.571	76.576	51	0	5
2025.11.19	23:00:00	76.572	76.611	76.554	76.568	143	0	3
2025.11.20	00:00:00	76.571	76.628	76.571	76.599	223	0	3
2025.11.20	01:00:00	76.602	76.655	76.591	76.648	255	0	3
2025.11.20	02:00:00	76.651	76.698	76.611	76.615	228	0	3
2025.11.20	03:00:00	76.611	76.680	76.591	76.646	214	0	3
2025.11.20	04:00:00	76.649	76.662	76.555	76.572	179	0	3
2025.11.20	05:00:00	76.576	76.613	76.575	76.611	168	0	3
2025.11.20	06:00:00	76.614	76.628	76.543	76.550	259	0	3
2025.11.20	07:00:00	76.554	76.584	76.505	76.511	374	0	3
2025.11.20	08:00:00	76.514	76.569	76.469	76.538	532	0	3
2025.11.20	09:00:00	76.541	76.560	76.451	76.455	410	0	3
2025.11.20	10:00:00	76.452	76.495	76.423	76.492	280	0	3
2025.11.20	11:00:00	76.495	76.549	76.469	76.540	283	0	3
2025.11.20	12:00:00	76.543	76.590	76.537	76.585	296	0	3
2025.11.20	13:00:00	76.581	76.633	76.336	76.357	1882	0	3
2025.11.20	14:00:00	76.361	76.443	76.196	76.266	1330	0	3
2025.11.20	15:00:00	76.269	76.446	76.259	76.365	699	0	3
2025.11.20	16:00:00	76.362	76.481	76.320	76.471	724	0	3
2025.11.20	17:00:00	76.468	76.534	76.438	76.521	698	0	3
2025.11.20	18:00:00	76.524	76.526	76.450	76.480	391	0	3
2025.11.20	19:00:00	76.476	76.503	76.406	76.409	256	0	3
2025.11.20	20:00:00	76.406	76.514	76.406	76.507	223	0	3
2025.11.20	21:00:00	76.510	76.522	76.488	76.494	128	0	3
2025.11.23	22:00:00	76.308	76.325	76.286	76.325	49	0	16
2025.11.23	23:00:00	76.352	76.376	76.334	76.359	132	0	3
2025.11.24	00:00:00	76.358	76.418	76.355	76.400	140	0	3
2025.11.24	01:00:00	76.397	76.405	76.372	76.401	194	0	3
2025.11.24	02:00:00	76.398	76.398	76.339	76.357	206	0	3
2025.11.24	03:00:00	76.358	76.370	76.323	76.348	126	0	3
2025.11.24	04:00:00	76.345	76.352	76.318	76.326	105	0	3
2025.11.24	05:00:00	76.330	76.330	76.293	76.321	166	0	3
2025.11.24	06:00:00	76.323	76.341	76.266	76.338	193	0	3
2025.11.24	07:00:00	76.335	76.399	76.333	76.391	354	0	3
2025.11.24	08:00:00	76.394	76.397	76.275	76.360	616	0	3
2025.11.24	09:00:00	76.364	76.406	76.343	76.392	461	0	3
2025.11.24	10:00:00	76.388	76.398	76.343	76.371	434	0	3
2025.11.24	11:00:00	76.368	76.398	76.354	76.384	325	0	3
2025.11.24	12:00:00	76.387	76.404	76.241	76.267	414	0	3
2025.11.24	13:00:00	76.264	76.307	76.228	76.301	420	0	3
2025.11.24	14:00:00	76.304	76.421	76.299	76.383	682	0	3
2025.11.24	15:00:00	76.379	76.448	76.334	76.344	574	0	3
2025.11.24	16:00:00	76.347	76.366	76.292	76.363	391	0	3
2025.11.24	17:00:00	76.359	76.419	76.308	76.331	403	0	3
2025.11.24	18:00:00	76.328	76.335	76.242	76.244	245	0	3
2025.11.24	19:00:00	76.248	76.302	76.238	76.282	220	0	3
2025.11.24	20:00:00	76.279	76.294	76.265	76.285	170	0	3
2025.11.24	21:00:00	76.288	76.312	76.276	76.309	93	0	3
2025.11.24	22:00:00	76.305	76.306	76.275	76.278	55	0	6
2025.11.24	23:00:00	76.290	76.310	76.284	76.301	90	0	3
2025.11.25	00:00:00	76.306	76.322	76.288	76.288	144	0	3
2025.11.25	01:00:00	76.284	76.293	76.243	76.287	233	0	3
2025.11.25	02:00:00	76.290	76.304	76.260	76.260	148	0	3
2025.11.25	03:00:00	76.257	76.337	76.245	76.336	195	0	3
2025.11.25	04:00:00	76.337	76.354	76.334	76.346	80	0	3
2025.11.25	05:00:00	76.342	76.359	76.313	76.324	105	0	3
2025.11.25	06:00:00	76.328	76.345	76.299	76.311	205	0	3
2025.11.25	07:00:00	76.308	76.312	76.167	76.206	446	0	3
2025.11.25	08:00:00	76.209	76.278	76.168	76.278	588	0	3
2025.11.25	09:00:00	76.281	76.284	76.112	76.131	433	0	3
2025.11.25	10:00:00	76.134	76.196	76.097	76.161	320	0	3
2025.11.25	11:00:00	76.164	76.279	76.164	76.265	318	0	3
2025.11.25	12:00:00	76.269	76.280	76.110	76.132	826	0	3
2025.11.25	13:00:00	76.129	76.148	75.984	76.022	1129	0	3
2025.11.25	14:00:00	76.025	76.028	75.853	75.882	1012	0	3
2025.11.25	15:00:00	75.877	75.909	75.783	75.888	877	0	3
2025.11.25	16:00:00	75.891	75.923	75.839	75.918	316	0	3
2025.11.25	17:00:00	75.915	75.915	75.731	75.749	1071	0	3
2025.11.25	18:00:00	75.747	75.765	75.676	75.724	470	0	3
2025.11.25	19:00:00	75.720	75.750	75.676	75.690	221	0	3
2025.11.25	20:00:00	75.686	76.022	75.674	75.974	724	0	3
2025.11.25	21:00:00	75.971	75.977	75.919	75.955	244	0	3
2025.11.25	22:00:00	75.955	75.955	75.903	75.933	53	0	6
2025.11.25	23:00:00	75.943	75.999	75.912	75.996	155	0	3
2025.11.26	00:00:00	75.993	75.993	75.908	75.943	336	0	3
2025.11.26	01:00:00	75.938	75.953	75.827	75.878	785	0	3
2025.11.26	02:00:00	75.882	75.889	75.792	75.829	559	0	3
2025.11.26	03:00:00	75.829	75.832	75.773	75.779	270	0	3
2025.11.26	04:00:00	75.782	75.827	75.774	75.827	158	0	3
2025.11.26	05:00:00	75.827	75.827	75.803	75.806	156	0	3
2025.11.26	06:00:00	75.810	75.850	75.766	75.821	283	0	3
2025.11.26	07:00:00	75.817	75.955	75.788	75.875	555	0	3
2025.11.26	08:00:00	75.879	75.940	75.830	75.908	757	0	3
2025.11.26	09:00:00	75.905	75.938	75.867	75.904	438	0	3
2025.11.26	10:00:00	75.907	76.000	75.888	75.977	395	0	3
2025.11.26	11:00:00	75.980	76.041	75.744	75.915	2218	0	3
2025.11.26	12:00:00	75.918	76.192	75.819	75.848	3271	0	3
2025.11.26	13:00:00	75.845	75.891	75.615	75.798	2332	0	3
2025.11.26	14:00:00	75.802	75.841	75.716	75.763	1006	0	3
2025.11.26	15:00:00	75.767	75.783	75.556	75.609	1228	0	3
2025.11.26	16:00:00	75.605	75.642	75.539	75.608	649	0	3
2025.11.26	17:00:00	75.609	75.646	75.584	75.607	409	0	3
2025.11.26	18:00:00	75.603	75.619	75.561	75.561	293	0	3
2025.11.26	19:00:00	75.563	75.584	75.542	75.559	210	0	3
2025.11.26	20:00:00	75.562	75.568	75.517	75.550	165	0	3
2025.11.26	21:00:00	75.553	75.558	75.501	75.503	162	0	3
2025.11.26	22:00:00	75.503	75.527	75.501	75.526	55	0	4
2025.11.26	23:00:00	75.523	75.523	75.476	75.500	108	0	3
2025.11.27	00:00:00	75.503	75.506	75.468	75.481	163	0	3
2025.11.27	01:00:00	75.478	75.478	75.410	75.430	320	0	3
2025.11.27	02:00:00	75.427	75.475	75.399	75.463	301	0	3
2025.11.27	03:00:00	75.460	75.481	75.427	75.437	176	0	3
2025.11.27	04:00:00	75.437	75.446	75.365	75.429	220	0	3
2025.11.27	05:00:00	75.432	75.432	75.363	75.417	265	0	3
2025.11.27	06:00:00	75.414	75.531	75.391	75.509	408	0	3
2025.11.27	07:00:00	75.512	75.585	75.488	75.533	307	0	3
2025.11.27	08:00:00	75.536	75.653	75.516	75.622	391	0	3
2025.11.27	09:00:00	75.625	75.697	75.622	75.679	339	0	3
2025.11.27	10:00:00	75.682	75.686	75.600	75.617	274	0	3
2025.11.27	11:00:00	75.621	75.639	75.574	75.586	261	0	3
2025.11.27	12:00:00	75.583	75.610	75.557	75.566	227	0	3
2025.11.27	13:00:00	75.562	75.567	75.474	75.509	357	0	3
2025.11.27	14:00:00	75.513	75.589	75.498	75.562	269	0	3
2025.11.27	15:00:00	75.566	75.569	75.459	75.463	271	0	3
2025.11.27	16:00:00	75.466	75.528	75.441	75.506	223	0	3
2025.11.27	17:00:00	75.503	75.580	75.483	75.541	172	0	3
2025.11.27	18:00:00	75.538	75.562	75.535	75.558	82	0	3
2025.11.27	19:00:00	75.558	75.558	75.538	75.544	78	0	3
2025.11.27	20:00:00	75.547	75.550	75.536	75.543	140	0	3
2025.11.27	21:00:00	75.541	75.546	75.524	75.528	77	0	3
2025.11.30	22:00:00	75.546	75.560	75.526	75.559	53	0	28
2025.11.30	23:00:00	75.561	75.569	75.475	75.531	117	0	3
2025.12.01	00:00:00	75.528	75.548	75.504	75.545	355	0	3
2025.12.01	01:00:00	75.548	75.579	75.488	75.539	573	0	3
2025.12.01	02:00:00	75.542	75.615	75.528	75.599	295	0	3
