time,open,high,low,close,tick_volume,spread,real_volume
2026-03-01 22:00:00,1.1763,1.1767,1.17572,1.17617,99,82,0
2026-03-01 22:15:00,1.17617,1.17619,1.1754,1.17591,191,63,0
2026-03-01 22:30:00,1.17591,1.1769,1.17591,1.17689,258,57,0
2026-03-01 22:45:00,1.17689,1.17747,1.17679,1.1774,212,58,0
2026-03-01 23:00:00,1.1775,1.17869,1.17636,1.17771,680,20,0
2026-03-01 23:15:00,1.17774,1.17781,1.17597,1.17621,745,20,0
2026-03-01 23:30:00,1.1762,1.17659,1.17568,1.17659,723,20,0
2026-03-01 23:45:00,1.17653,1.17666,1.1756199999999999,1.17591,988,8,0
2026-03-02 00:00:00,1.17591,1.17709,1.17557,1.17698,1161,8,0
2026-03-02 00:15:00,1.17697,1.17758,1.1767400000000001,1.17703,920,8,0
2026-03-02 00:30:00,1.17703,1.17713,1.17631,1.17704,701,8,0
2026-03-02 00:45:00,1.17702,1.17777,1.17666,1.17769,806,8,0
2026-03-02 01:00:00,1.17767,1.1789,1.17749,1.17871,1192,8,0
2026-03-02 01:15:00,1.17871,1.17886,1.17804,1.17846,796,8,0
2026-03-02 01:30:00,1.17844,1.17939,1.1783,1.17905,839,8,0
2026-03-02 01:45:00,1.17907,1.17923,1.17875,1.17916,608,8,0
2026-03-02 02:00:00,1.17914,1.1793,1.17841,1.17851,619,8,0
2026-03-02 02:15:00,1.17851,1.17854,1.1780599999999999,1.17834,438,8,0
2026-03-02 02:30:00,1.1783299999999999,1.17885,1.17827,1.17855,547,8,0
2026-03-02 02:45:00,1.17856,1.1789100000000001,1.17843,1.17884,407,8,0
2026-03-02 03:00:00,1.17884,1.1794,1.17878,1.17902,407,8,0
2026-03-02 03:15:00,1.17902,1.1795499999999999,1.17899,1.17936,363,8,0
2026-03-02 03:30:00,1.17936,1.1795,1.17902,1.17922,510,8,0
2026-03-02 03:45:00,1.17923,1.17931,1.1788,1.17883,253,8,0
2026-03-02 04:00:00,1.17883,1.179,1.1786699999999999,1.17875,229,8,0
2026-03-02 04:15:00,1.17875,1.17885,1.1783,1.17864,377,8,0
2026-03-02 04:30:00,1.17864,1.17873,1.17824,1.1783,370,8,0
2026-03-02 04:45:00,1.17831,1.17861,1.17815,1.17861,231,8,0
2026-03-02 05:00:00,1.17861,1.17861,1.17753,1.17755,418,8,0
2026-03-02 05:15:00,1.17757,1.17771,1.17738,1.17751,302,8,0
2026-03-02 05:30:00,1.17751,1.1779,1.17733,1.1773500000000001,384,8,0
2026-03-02 05:45:00,1.17736,1.17737,1.17659,1.17661,475,8,0
2026-03-02 06:00:00,1.17661,1.17663,1.17527,1.17529,988,8,0
2026-03-02 06:15:00,1.17529,1.17545,1.17363,1.17407,1053,8,0
2026-03-02 06:30:00,1.17407,1.17428,1.1730800000000001,1.17322,1281,8,0
2026-03-02 06:45:00,1.17325,1.17387,1.17298,1.1732,1053,8,0
2026-03-02 07:00:00,1.17318,1.17342,1.17219,1.17244,1551,8,0
2026-03-02 07:15:00,1.17244,1.1727400000000001,1.17157,1.17227,1180,8,0
2026-03-02 07:30:00,1.17226,1.17272,1.17119,1.17151,1261,8,0
2026-03-02 07:45:00,1.1715,1.17168,1.17029,1.17159,1390,8,0
2026-03-02 08:00:00,1.17156,1.17229,1.1710099999999999,1.17147,1742,8,0
2026-03-02 08:15:00,1.17146,1.1716,1.17014,1.1702,1197,8,0
2026-03-02 08:30:00,1.17019,1.17132,1.16975,1.1711,1309,8,0
2026-03-02 08:45:00,1.17111,1.17235,1.17099,1.17225,901,8,0
2026-03-02 09:00:00,1.17222,1.17395,1.17207,1.17392,1234,8,0
2026-03-02 09:15:00,1.17394,1.17433,1.17328,1.17368,909,8,0
2026-03-02 09:30:00,1.17367,1.17419,1.17333,1.17384,790,8,0
2026-03-02 09:45:00,1.17383,1.17394,1.1730800000000001,1.17325,964,8,0
2026-03-02 10:00:00,1.17325,1.17395,1.17323,1.17347,912,8,0
2026-03-02 10:15:00,1.17348,1.1747,1.1734,1.17453,721,8,0
2026-03-02 10:30:00,1.17453,1.1746699999999999,1.17395,1.17452,724,8,0
2026-03-02 10:45:00,1.17454,1.17459,1.17348,1.17385,715,8,0
2026-03-02 11:00:00,1.17386,1.17397,1.17317,1.1733500000000001,659,8,0
2026-03-02 11:15:00,1.1733500000000001,1.17338,1.17267,1.17269,655,8,0
2026-03-02 11:30:00,1.17268,1.17341,1.17257,1.1733500000000001,566,8,0
2026-03-02 11:45:00,1.1733500000000001,1.17409,1.17315,1.17329,706,8,0
2026-03-02 12:00:00,1.17329,1.17337,1.17242,1.17249,926,8,0
2026-03-02 12:15:00,1.17248,1.17262,1.17172,1.17195,981,8,0
2026-03-02 12:30:00,1.17195,1.1721300000000001,1.1712799999999999,1.17136,924,8,0
2026-03-02 12:45:00,1.17135,1.17143,1.17017,1.17036,974,8,0
2026-03-02 13:00:00,1.17038,1.17097,1.16965,1.17051,1379,8,0
2026-03-02 13:15:00,1.17051,1.17179,1.17048,1.17155,1495,8,0
2026-03-02 13:30:00,1.17156,1.17158,1.17001,1.17022,1133,8,0
2026-03-02 13:45:00,1.17022,1.17087,1.16951,1.16983,1033,8,0
2026-03-02 14:00:00,1.16981,1.1711,1.16944,1.17029,1463,8,0
2026-03-02 14:15:00,1.1703000000000001,1.17095,1.16982,1.17044,1215,8,0
2026-03-02 14:30:00,1.17045,1.17191,1.17018,1.17171,1787,8,0
2026-03-02 14:45:00,1.1717,1.17236,1.17137,1.17172,1510,8,0
2026-03-02 15:00:00,1.17163,1.17163,1.17058,1.1706,1666,8,0
2026-03-02 15:15:00,1.17058,1.17068,1.17008,1.17019,1319,8,0
2026-03-02 15:30:00,1.17019,1.17051,1.1691799999999999,1.16958,1125,8,0
2026-03-02 15:45:00,1.16956,1.16959,1.1679599999999999,1.16799,1275,8,0
2026-03-02 16:00:00,1.16797,1.16807,1.16748,1.1678600000000001,1079,8,0
2026-03-02 16:15:00,1.1678600000000001,1.1683,1.16715,1.16814,1065,8,0
2026-03-02 16:30:00,1.16817,1.16871,1.16742,1.1684700000000001,1502,8,0
2026-03-02 16:45:00,1.1685,1.16939,1.16841,1.16891,1139,8,0
2026-03-02 17:00:00,1.1689,1.16989,1.16862,1.16977,966,8,0
2026-03-02 17:15:00,1.16978,1.1703999999999999,1.16955,1.16986,877,8,0
2026-03-02 17:30:00,1.16986,1.16998,1.16937,1.16975,806,8,0
2026-03-02 17:45:00,1.16976,1.17074,1.16943,1.17065,713,8,0
2026-03-02 18:00:00,1.17065,1.1707,1.16966,1.17018,785,8,0
2026-03-02 18:15:00,1.17018,1.17026,1.16917,1.16928,697,8,0
2026-03-02 18:30:00,1.16928,1.16954,1.16865,1.16873,574,8,0
2026-03-02 18:45:00,1.16873,1.16956,1.16867,1.16941,550,8,0
2026-03-02 19:00:00,1.1694,1.17022,1.16934,1.17017,670,8,0
2026-03-02 19:15:00,1.17018,1.17081,1.17008,1.1708,547,8,0
2026-03-02 19:30:00,1.17079,1.1712500000000001,1.17061,1.17104,544,8,0
2026-03-02 19:45:00,1.17104,1.1713,1.1709,1.17107,490,8,0
2026-03-02 20:00:00,1.17109,1.17127,1.16788,1.168,1816,8,0
2026-03-02 20:15:00,1.16798,1.16895,1.16783,1.16808,1833,8,0
2026-03-02 20:30:00,1.1681,1.1692,1.16784,1.16914,991,8,0
2026-03-02 20:45:00,1.16911,1.16926,1.16856,1.16899,778,8,0
2026-03-02 21:00:00,1.16897,1.16942,1.16886,1.16916,374,8,0
2026-03-02 21:15:00,1.16917,1.16949,1.16907,1.16934,275,8,0
2026-03-02 21:30:00,1.16934,1.16934,1.169,1.1691799999999999,226,8,0
2026-03-02 21:45:00,1.1691799999999999,1.16924,1.1687,1.16872,281,8,0
2026-03-02 22:00:00,1.16872,1.16876,1.16825,1.16828,110,48,0
2026-03-02 22:15:00,1.1683,1.16872,1.16829,1.16865,197,49,0
2026-03-02 22:30:00,1.16865,1.1688,1.1685699999999999,1.16876,197,48,0
2026-03-02 22:45:00,1.16876,1.16879,1.16849,1.16865,203,20,0
2026-03-02 23:00:00,1.16868,1.1695,1.16868,1.1694499999999999,295,8,0
2026-03-02 23:15:00,1.16943,1.16977,1.16943,1.16963,193,8,0
2026-03-02 23:30:00,1.16963,1.16976,1.16952,1.16964,298,8,0
2026-03-02 23:45:00,1.16964,1.1697899999999999,1.16942,1.1694499999999999,255,8,0
2026-03-03 00:00:00,1.1694499999999999,1.1694499999999999,1.16885,1.16899,484,8,0
2026-03-03 00:15:00,1.16899,1.16925,1.16879,1.16912,410,8,0
2026-03-03 00:30:00,1.16913,1.16915,1.16862,1.16901,400,8,0
2026-03-03 00:45:00,1.16902,1.16954,1.16899,1.16949,505,8,0
2026-03-03 01:00:00,1.16951,1.1696900000000001,1.16921,1.16967,622,8,0
2026-03-03 01:15:00,1.16966,1.17065,1.16952,1.17025,772,8,0
2026-03-03 01:30:00,1.17026,1.17062,1.16996,1.17001,756,8,0
2026-03-03 01:45:00,1.17001,1.17025,1.16963,1.16968,710,8,0
2026-03-03 02:00:00,1.16967,1.16967,1.16896,1.1691,890,8,0
2026-03-03 02:15:00,1.16911,1.1695,1.16854,1.16938,712,8,0
2026-03-03 02:30:00,1.1694,1.16987,1.1691799999999999,1.16948,656,8,0
2026-03-03 02:45:00,1.16948,1.16965,1.16934,1.16939,454,8,0
2026-03-03 03:00:00,1.16941,1.16973,1.16898,1.16904,446,8,0
2026-03-03 03:15:00,1.16904,1.16929,1.16862,1.16867,359,8,0
2026-03-03 03:30:00,1.16866,1.16934,1.1686,1.16932,448,8,0
2026-03-03 03:45:00,1.1693,1.16936,1.16891,1.16898,338,8,0
2026-03-03 04:00:00,1.16901,1.16933,1.16878,1.16887,375,8,0
2026-03-03 04:15:00,1.16888,1.16929,1.16872,1.16899,378,8,0
2026-03-03 04:30:00,1.16899,1.16912,1.16858,1.16861,371,8,0
2026-03-03 04:45:00,1.16864,1.16865,1.16788,1.16809,468,8,0
2026-03-03 05:00:00,1.16809,1.16846,1.16785,1.16792,611,8,0
2026-03-03 05:15:00,1.16794,1.16819,1.1675200000000001,1.16799,727,8,0
2026-03-03 05:30:00,1.16799,1.16812,1.16668,1.16693,837,8,0
2026-03-03 05:45:00,1.1669100000000001,1.167,1.16646,1.1666400000000001,820,8,0
2026-03-03 06:00:00,1.1666400000000001,1.16676,1.16618,1.1665,825,8,0
2026-03-03 06:15:00,1.1665,1.16702,1.16643,1.16682,659,8,0
2026-03-03 06:30:00,1.16681,1.1669100000000001,1.16616,1.16656,671,8,0
2026-03-03 06:45:00,1.16656,1.16714,1.16635,1.1669,680,8,0
2026-03-03 07:00:00,1.16688,1.16688,1.16575,1.1662,954,8,0
2026-03-03 07:15:00,1.16619,1.16682,1.16546,1.1657,955,8,0
2026-03-03 07:30:00,1.1657,1.16572,1.1644700000000001,1.16522,1300,8,0
2026-03-03 07:45:00,1.16525,1.1657,1.16424,1.16432,1218,8,0
2026-03-03 08:00:00,1.16434,1.16459,1.16317,1.1633,1506,8,0
2026-03-03 08:15:00,1.1633,1.16372,1.16286,1.16289,1569,8,0
2026-03-03 08:30:00,1.16287,1.1638,1.16209,1.16233,1578,8,0
2026-03-03 08:45:00,1.16235,1.16277,1.16173,1.16221,1220,8,0
2026-03-03 09:00:00,1.16224,1.16288,1.16195,1.16282,1559,8,0
2026-03-03 09:15:00,1.16281,1.16285,1.16114,1.16157,1472,8,0
2026-03-03 09:30:00,1.16156,1.16167,1.16055,1.16059,1279,8,0
2026-03-03 09:45:00,1.16062,1.1608100000000001,1.15981,1.16049,1506,8,0
2026-03-03 10:00:00,1.16049,1.16125,1.1599599999999999,1.16015,1218,8,0
2026-03-03 10:15:00,1.16015,1.16087,1.15993,1.16019,1254,8,0
2026-03-03 10:30:00,1.16021,1.16042,1.15887,1.1598600000000001,1474,8,0
2026-03-03 10:45:00,1.15983,1.16044,1.15905,1.15916,1368,8,0
2026-03-03 11:00:00,1.15914,1.15997,1.1584699999999999,1.15863,1567,8,0
2026-03-03 11:15:00,1.15863,1.15917,1.15815,1.15827,1306,8,0
2026-03-03 11:30:00,1.15828,1.15961,1.15825,1.15942,1393,8,0
2026-03-03 11:45:00,1.15941,1.16031,1.15939,1.15971,1339,8,0
2026-03-03 12:00:00,1.1596899999999999,1.16032,1.15897,1.15988,1433,8,0
2026-03-03 12:15:00,1.15988,1.16119,1.15947,1.16028,1509,8,0
2026-03-03 12:30:00,1.1602999999999999,1.161,1.16022,1.16071,1207,8,0
2026-03-03 12:45:00,1.16071,1.16148,1.16053,1.16126,1286,8,0
2026-03-03 13:00:00,1.16123,1.16146,1.1602999999999999,1.16036,1473,8,0
2026-03-03 13:15:00,1.16037,1.16037,1.15985,1.16001,1093,8,0
2026-03-03 13:30:00,1.16,1.1605,1.15948,1.15989,1249,8,0
2026-03-03 13:45:00,1.1599,1.16039,1.15897,1.15902,1189,8,0
2026-03-03 14:00:00,1.159,1.15993,1.15835,1.15846,1343,8,0
2026-03-03 14:15:00,1.1584699999999999,1.15856,1.15667,1.15753,1751,8,0
2026-03-03 14:30:00,1.1575,1.1585,1.15693,1.15712,2231,8,0
2026-03-03 14:45:00,1.15713,1.15788,1.15643,1.15672,1958,8,0
2026-03-03 15:00:00,1.15669,1.15731,1.1543,1.15489,2947,8,0
2026-03-03 15:15:00,1.1549,1.15558,1.15297,1.15522,2967,8,0
2026-03-03 15:30:00,1.1552,1.1584699999999999,1.15509,1.15745,3322,8,0
2026-03-03 15:45:00,1.15743,1.15804,1.15701,1.15725,2478,8,0
2026-03-03 16:00:00,1.15728,1.15902,1.15688,1.15889,2144,8,0
2026-03-03 16:15:00,1.15888,1.15954,1.1584699999999999,1.15868,1932,8,0
2026-03-03 16:30:00,1.15867,1.15927,1.15786,1.15916,2677,8,0
2026-03-03 16:45:00,1.15914,1.16056,1.15907,1.16026,2796,8,0
2026-03-03 17:00:00,1.16028,1.16033,1.15883,1.15905,1905,8,0
2026-03-03 17:15:00,1.15907,1.15988,1.1586400000000001,1.15971,1722,8,0
2026-03-03 17:30:00,1.1597,1.15983,1.15878,1.15936,1321,8,0
2026-03-03 17:45:00,1.15936,1.16026,1.15882,1.15902,1182,8,0
2026-03-03 18:00:00,1.15902,1.16064,1.15895,1.16026,1206,8,0
2026-03-03 18:15:00,1.16028,1.16074,1.16005,1.16041,943,8,0
2026-03-03 18:30:00,1.1604,1.16218,1.16031,1.16171,1380,8,0
2026-03-03 18:45:00,1.1617,1.1620300000000001,1.16124,1.16151,992,8,0
2026-03-03 19:00:00,1.1615199999999999,1.16184,1.16051,1.1609,978,8,0
2026-03-03 19:15:00,1.16088,1.161,1.16018,1.16027,799,8,0
2026-03-03 19:30:00,1.16025,1.16254,1.1599599999999999,1.16214,2278,8,0
2026-03-03 19:45:00,1.16217,1.16242,1.16114,1.16123,1682,8,0
2026-03-03 20:00:00,1.16121,1.16218,1.16107,1.16195,1214,8,0
2026-03-03 20:15:00,1.16195,1.16236,1.16151,1.16215,969,8,0
2026-03-03 20:30:00,1.16214,1.16241,1.16163,1.16191,778,8,0
2026-03-03 20:45:00,1.1619,1.16198,1.16129,1.16172,763,8,0
2026-03-03 21:00:00,1.1617,1.16181,1.16131,1.1614,475,8,0
2026-03-03 21:15:00,1.16141,1.16153,1.16117,1.16139,276,8,0
2026-03-03 21:30:00,1.16138,1.16149,1.1612,1.16127,230,8,0
2026-03-03 21:45:00,1.16127,1.16131,1.16092,1.16117,434,8,0
2026-03-03 22:00:00,1.16115,1.1611799999999999,1.16099,1.16105,103,20,0
2026-03-03 22:15:00,1.16105,1.16115,1.16096,1.16109,234,48,0
2026-03-03 22:30:00,1.16109,1.1611,1.16088,1.161,213,20,0
2026-03-03 22:45:00,1.161,1.16121,1.16093,1.16117,178,8,0
2026-03-03 23:00:00,1.16123,1.16188,1.16094,1.16187,469,8,0
2026-03-03 23:15:00,1.16189,1.162,1.16151,1.16163,348,8,0
2026-03-03 23:30:00,1.16163,1.16167,1.1611799999999999,1.16121,262,8,0
2026-03-03 23:45:00,1.1612,1.16124,1.1608100000000001,1.16102,367,8,0
2026-03-04 00:00:00,1.16104,1.16107,1.16026,1.16059,938,8,0
2026-03-04 00:15:00,1.16059,1.16103,1.16013,1.16042,957,8,0
2026-03-04 00:30:00,1.16042,1.16079,1.15941,1.15941,955,8,0
2026-03-04 00:45:00,1.15942,1.15964,1.15919,1.1592500000000001,661,8,0
2026-03-04 01:00:00,1.15927,1.15973,1.15896,1.1593,895,8,0
2026-03-04 01:15:00,1.15927,1.15927,1.15744,1.1580300000000001,1176,8,0
2026-03-04 01:30:00,1.15801,1.15943,1.15763,1.15936,1175,8,0
2026-03-04 01:45:00,1.1593499999999999,1.15953,1.15906,1.1593499999999999,795,8,0
2026-03-04 02:00:00,1.15933,1.15991,1.1591,1.15967,911,8,0
2026-03-04 02:15:00,1.15966,1.15999,1.15943,1.15973,709,8,0
2026-03-04 02:30:00,1.15973,1.16008,1.15934,1.15999,798,8,0
2026-03-04 02:45:00,1.16001,1.1604,1.15972,1.15976,720,8,0
2026-03-04 03:00:00,1.15976,1.15998,1.15948,1.15994,600,8,0
2026-03-04 03:15:00,1.15993,1.16024,1.15983,1.15994,460,8,0
2026-03-04 03:30:00,1.15994,1.16038,1.1598,1.1602000000000001,616,8,0
2026-03-04 03:45:00,1.16022,1.16089,1.16015,1.16082,466,8,0
2026-03-04 04:00:00,1.16082,1.161,1.16062,1.16086,464,8,0
2026-03-04 04:15:00,1.16086,1.16098,1.16034,1.16035,457,8,0
2026-03-04 04:30:00,1.16036,1.1604,1.1595,1.1597,611,8,0
2026-03-04 04:45:00,1.15971,1.15976,1.159,1.15927,619,8,0
2026-03-04 05:00:00,1.15929,1.15985,1.15915,1.15962,677,8,0
2026-03-04 05:15:00,1.15961,1.15984,1.15893,1.15914,509,8,0
2026-03-04 05:30:00,1.15912,1.1592,1.15876,1.15881,571,8,0
2026-03-04 05:45:00,1.1588,1.15967,1.15867,1.15951,675,8,0
2026-03-04 06:00:00,1.15948,1.15967,1.15892,1.15947,691,8,0
2026-03-04 06:15:00,1.15945,1.16072,1.15938,1.16053,685,8,0
2026-03-04 06:30:00,1.16052,1.16172,1.16052,1.16148,755,8,0
2026-03-04 06:45:00,1.16151,1.16158,1.16101,1.16104,575,8,0
2026-03-04 07:00:00,1.16104,1.16196,1.16104,1.16161,1060,8,0
2026-03-04 07:15:00,1.16161,1.16228,1.16122,1.16204,853,8,0
2026-03-04 07:30:00,1.16207,1.16277,1.1620300000000001,1.16236,1185,8,0
2026-03-04 07:45:00,1.16237,1.16252,1.16153,1.16154,907,8,0
2026-03-04 08:00:00,1.16154,1.16167,1.16033,1.16087,1321,8,0
2026-03-04 08:15:00,1.16087,1.1609099999999999,1.15985,1.15985,1144,8,0
2026-03-04 08:30:00,1.1598600000000001,1.16059,1.15957,1.15992,1130,8,0
2026-03-04 08:45:00,1.15993,1.16059,1.15945,1.15992,994,8,0
2026-03-04 09:00:00,1.15994,1.1608,1.15917,1.16067,1241,8,0
2026-03-04 09:15:00,1.16066,1.1618,1.16066,1.16136,1157,8,0
2026-03-04 09:30:00,1.16135,1.16171,1.16115,1.16143,944,8,0
2026-03-04 09:45:00,1.16143,1.16199,1.16062,1.16084,963,8,0
2026-03-04 10:00:00,1.16085,1.16467,1.16083,1.16389,3950,8,0
2026-03-04 10:15:00,1.1639,1.1641,1.16287,1.16358,2160,8,0
2026-03-04 10:30:00,1.16356,1.16383,1.16252,1.1634,1464,8,0
2026-03-04 10:45:00,1.16338,1.164,1.1629800000000001,1.16341,1104,8,0
2026-03-04 11:00:00,1.16339,1.16448,1.1632,1.16446,1000,8,0
2026-03-04 11:15:00,1.1644700000000001,1.16544,1.16429,1.1644,1108,8,0
2026-03-04 11:30:00,1.1644,1.16453,1.16343,1.16347,1063,8,0
2026-03-04 11:45:00,1.16346,1.16385,1.16305,1.16349,780,8,0
2026-03-04 12:00:00,1.16351,1.16473,1.16336,1.16473,953,8,0
2026-03-04 12:15:00,1.16473,1.1648399999999999,1.16314,1.16314,940,8,0
2026-03-04 12:30:00,1.16316,1.16372,1.16302,1.16363,890,8,0
2026-03-04 12:45:00,1.16361,1.16383,1.16255,1.163,980,8,0
2026-03-04 13:00:00,1.1629800000000001,1.1651799999999999,1.1629800000000001,1.16476,1260,8,0
2026-03-04 13:15:00,1.16475,1.16482,1.16364,1.16406,1281,8,0
2026-03-04 13:30:00,1.16408,1.16454,1.16372,1.16384,1269,8,0
2026-03-04 13:45:00,1.16383,1.1641,1.163,1.16308,1277,8,0
2026-03-04 14:00:00,1.16306,1.16375,1.16266,1.16284,1262,8,0
2026-03-04 14:15:00,1.16285,1.16408,1.16279,1.16341,1350,8,0
2026-03-04 14:30:00,1.1634,1.16379,1.16209,1.16269,2677,8,0
2026-03-04 14:45:00,1.16267,1.16294,1.16204,1.16244,1829,8,0
2026-03-04 15:00:00,1.16243,1.1628,1.16164,1.16217,1896,8,0
2026-03-04 15:15:00,1.16215,1.16395,1.162,1.16381,1236,8,0
2026-03-04 15:30:00,1.16381,1.16395,1.16308,1.16345,1292,8,0
2026-03-04 15:45:00,1.16345,1.16402,1.16309,1.16399,1254,8,0
2026-03-04 16:00:00,1.16399,1.16458,1.16382,1.16393,1084,8,0
2026-03-04 16:15:00,1.16395,1.1641,1.16282,1.16317,862,8,0
2026-03-04 16:30:00,1.16319,1.16414,1.16295,1.16385,916,8,0
2026-03-04 16:45:00,1.16383,1.16395,1.16351,1.16366,633,8,0
2026-03-04 17:00:00,1.16366,1.16434,1.16329,1.16341,679,8,0
2026-03-04 17:15:00,1.16342,1.16376,1.16275,1.16286,848,8,0
2026-03-04 17:30:00,1.16285,1.16304,1.1626,1.16276,735,8,0
2026-03-04 17:45:00,1.16275,1.16345,1.16275,1.16327,519,8,0
2026-03-04 18:00:00,1.16329,1.16331,1.16265,1.16282,608,8,0
2026-03-04 18:15:00,1.16281,1.16281,1.16232,1.1625,501,8,0
2026-03-04 18:30:00,1.16251,1.16279,1.1623999999999999,1.16262,497,8,0
2026-03-04 18:45:00,1.16261,1.16285,1.16231,1.16241,455,8,0
2026-03-04 19:00:00,1.16242,1.16293,1.16242,1.16269,431,8,0
2026-03-04 19:15:00,1.16271,1.1633499999999999,1.16271,1.16333,378,8,0
2026-03-04 19:30:00,1.16333,1.16343,1.1630099999999999,1.16312,434,8,0
2026-03-04 19:45:00,1.16314,1.16406,1.16299,1.16392,606,8,0
2026-03-04 20:00:00,1.16393,1.1641,1.16381,1.16403,430,8,0
2026-03-04 20:15:00,1.16402,1.16408,1.16378,1.16404,402,8,0
2026-03-04 20:30:00,1.16404,1.16434,1.16391,1.16428,367,8,0
2026-03-04 20:45:00,1.16428,1.16429,1.16395,1.16401,437,8,0
2026-03-04 21:00:00,1.164,1.16406,1.16368,1.16391,317,8,0
2026-03-04 21:15:00,1.16393,1.16415,1.16385,1.16398,195,8,0
2026-03-04 21:30:00,1.16398,1.16399,1.1635,1.16354,186,8,0
2026-03-04 21:45:00,1.16354,1.16369,1.16333,1.16345,322,8,0
2026-03-04 22:00:00,1.16341,1.16341,1.1627399999999999,1.16282,165,20,0
2026-03-04 22:15:00,1.16283,1.16317,1.16278,1.1631,169,52,0
2026-03-04 22:30:00,1.16312,1.1632500000000001,1.1629,1.16317,143,48,0
2026-03-04 22:45:00,1.16317,1.16337,1.16314,1.16337,64,20,0
2026-03-04 23:00:00,1.16343,1.16391,1.16343,1.16352,250,8,0
2026-03-04 23:15:00,1.16352,1.16366,1.16349,1.16361,118,8,0
2026-03-04 23:30:00,1.16361,1.16366,1.1633499999999999,1.16351,138,8,0
2026-03-04 23:45:00,1.16351,1.1636,1.16338,1.16345,230,8,0
2026-03-05 00:00:00,1.16345,1.16374,1.16317,1.16373,390,8,0
2026-03-05 00:15:00,1.16372,1.16438,1.1636199999999999,1.16424,397,8,0
2026-03-05 00:30:00,1.16424,1.1645,1.16393,1.16435,407,8,0
2026-03-05 00:45:00,1.16435,1.16449,1.16412,1.16446,381,8,0
2026-03-05 01:00:00,1.16448,1.16448,1.16369,1.16408,710,8,0
2026-03-05 01:15:00,1.16409,1.16466,1.16409,1.16465,716,8,0
2026-03-05 01:30:00,1.16465,1.16471,1.16307,1.16324,924,8,0
2026-03-05 01:45:00,1.16322,1.16326,1.16267,1.16278,742,8,0
2026-03-05 02:00:00,1.16276,1.1631,1.16267,1.16295,590,8,0
2026-03-05 02:15:00,1.16294,1.16316,1.16221,1.16263,540,8,0
2026-03-05 02:30:00,1.16263,1.1628,1.16221,1.16273,540,8,0
2026-03-05 02:45:00,1.1627399999999999,1.16302,1.16241,1.16256,454,8,0
2026-03-05 03:00:00,1.16257,1.16273,1.16194,1.16205,536,8,0
2026-03-05 03:15:00,1.16204,1.16211,1.16115,1.16136,623,8,0
2026-03-05 03:30:00,1.16137,1.16157,1.16096,1.16138,519,8,0
2026-03-05 03:45:00,1.16138,1.16153,1.16106,1.16128,419,8,0
2026-03-05 04:00:00,1.16127,1.16145,1.1609099999999999,1.16129,426,8,0
2026-03-05 04:15:00,1.16129,1.16133,1.16068,1.16068,444,8,0
2026-03-05 04:30:00,1.16067,1.16099,1.1606,1.16076,435,8,0
2026-03-05 04:45:00,1.16074,1.16097,1.1605,1.1608100000000001,431,8,0
2026-03-05 05:00:00,1.16079,1.16126,1.16066,1.16102,502,8,0
2026-03-05 05:15:00,1.16104,1.16136,1.1608100000000001,1.1611,436,8,0
2026-03-05 05:30:00,1.16112,1.16114,1.16036,1.16059,525,8,0
2026-03-05 05:45:00,1.16059,1.16061,1.15937,1.15944,649,8,0
2026-03-05 06:00:00,1.15941,1.15954,1.15878,1.15896,838,8,0
2026-03-05 06:15:00,1.15897,1.15955,1.15875,1.15944,664,8,0
2026-03-05 06:30:00,1.15946,1.16004,1.15922,1.15989,668,8,0
2026-03-05 06:45:00,1.1599,1.16157,1.15952,1.16066,1927,8,0
2026-03-05 07:00:00,1.16064,1.16113,1.1602000000000001,1.16034,1097,8,0
2026-03-05 07:15:00,1.16034,1.16088,1.15988,1.1608100000000001,1014,8,0
2026-03-05 07:30:00,1.1608,1.16157,1.1607,1.16126,793,8,0
2026-03-05 07:45:00,1.16127,1.16127,1.16011,1.16045,897,8,0
2026-03-05 08:00:00,1.16044,1.16044,1.15888,1.15911,1646,8,0
2026-03-05 08:15:00,1.15911,1.15974,1.15822,1.15829,1312,8,0
2026-03-05 08:30:00,1.15829,1.15941,1.1581,1.1593499999999999,998,8,0
2026-03-05 08:45:00,1.15936,1.16002,1.15928,1.15982,915,8,0
2026-03-05 09:00:00,1.1598,1.16441,1.15961,1.16407,4623,8,0
2026-03-05 09:15:00,1.16409,1.16419,1.16235,1.16269,3160,8,0
2026-03-05 09:30:00,1.16267,1.16267,1.16141,1.16209,1856,8,0
2026-03-05 09:45:00,1.16212,1.16238,1.1615,1.16225,1428,8,0
2026-03-05 10:00:00,1.16225,1.16313,1.16219,1.16233,1291,8,0
2026-03-05 10:15:00,1.16233,1.16245,1.16183,1.16204,842,8,0
2026-03-05 10:30:00,1.16205,1.1621,1.16067,1.1609,875,8,0
2026-03-05 10:45:00,1.1609,1.1614200000000001,1.16058,1.16105,839,8,0
2026-03-05 11:00:00,1.16107,1.1617,1.1606,1.16141,1090,8,0
2026-03-05 11:15:00,1.16141,1.16162,1.16062,1.16083,691,8,0
2026-03-05 11:30:00,1.1608100000000001,1.16105,1.16034,1.16055,583,8,0
2026-03-05 11:45:00,1.16055,1.1612,1.16051,1.16111,781,8,0
2026-03-05 12:00:00,1.16112,1.16123,1.16071,1.16084,724,8,0
2026-03-05 12:15:00,1.16084,1.16238,1.1608100000000001,1.16168,1004,8,0
2026-03-05 12:30:00,1.16167,1.16245,1.1615199999999999,1.16192,754,8,0
2026-03-05 12:45:00,1.16193,1.16217,1.16088,1.16202,959,8,0
2026-03-05 13:00:00,1.162,1.1623999999999999,1.1616,1.16222,1040,8,0
2026-03-05 13:15:00,1.16219,1.16241,1.1611,1.16124,983,8,0
2026-03-05 13:30:00,1.1613,1.16133,1.15976,1.15981,1289,8,0
2026-03-05 13:45:00,1.15981,1.16,1.15892,1.15972,1229,8,0
2026-03-05 14:00:00,1.15972,1.16084,1.1595900000000001,1.15998,1403,8,0
2026-03-05 14:15:00,1.15998,1.16032,1.1596899999999999,1.16002,1127,8,0
2026-03-05 14:30:00,1.16001,1.16073,1.1593,1.15948,1559,8,0
2026-03-05 14:45:00,1.15947,1.16056,1.15919,1.16024,1639,8,0
2026-03-05 15:00:00,1.16025,1.16087,1.15953,1.16007,1701,8,0
2026-03-05 15:15:00,1.16006,1.16025,1.15772,1.15799,1679,8,0
2026-03-05 15:30:00,1.15801,1.15823,1.15685,1.15721,1527,8,0
2026-03-05 15:45:00,1.15724,1.15846,1.15707,1.15828,1456,8,0
2026-03-05 16:00:00,1.15826,1.1586400000000001,1.15656,1.15738,1508,8,0
2026-03-05 16:15:00,1.15735,1.15747,1.15584,1.15607,1624,8,0
2026-03-05 16:30:00,1.15605,1.1581,1.15595,1.15792,1737,8,0
2026-03-05 16:45:00,1.15795,1.15833,1.15714,1.15833,1236,8,0
2026-03-05 17:00:00,1.15834,1.1587,1.15746,1.1577600000000001,1402,8,0
2026-03-05 17:15:00,1.15778,1.15886,1.15755,1.158,1254,8,0
2026-03-05 17:30:00,1.15799,1.15916,1.15722,1.1584699999999999,2363,8,0
2026-03-05 17:45:00,1.15849,1.1589,1.15779,1.1587399999999999,1445,8,0
2026-03-05 18:00:00,1.15873,1.15893,1.15814,1.1584699999999999,1430,8,0
2026-03-05 18:15:00,1.15845,1.15856,1.15708,1.15823,1691,8,0
2026-03-05 18:30:00,1.15821,1.15914,1.1582,1.15902,1213,8,0
2026-03-05 18:45:00,1.15902,1.15903,1.15814,1.15854,952,8,0
2026-03-05 19:00:00,1.15853,1.15876,1.15829,1.15849,788,8,0
2026-03-05 19:15:00,1.15848,1.15852,1.15761,1.1578,775,8,0
2026-03-05 19:30:00,1.15778,1.1578,1.15709,1.15768,749,8,0
2026-03-05 19:45:00,1.15765,1.15778,1.15694,1.15727,773,8,0
2026-03-05 20:00:00,1.15728,1.16023,1.15698,1.16016,2267,8,0
2026-03-05 20:15:00,1.16018,1.161,1.15947,1.16037,1782,8,0
2026-03-05 20:30:00,1.16038,1.1609,1.16004,1.16044,1327,8,0
2026-03-05 20:45:00,1.1604700000000001,1.16079,1.15992,1.16043,980,8,0
2026-03-05 21:00:00,1.16041,1.16099,1.16027,1.16061,542,8,0
2026-03-05 21:15:00,1.16061,1.16063,1.16023,1.16056,305,8,0
2026-03-05 21:30:00,1.16055,1.16072,1.16014,1.16046,311,8,0
2026-03-05 21:45:00,1.16044,1.1608100000000001,1.16024,1.16064,406,8,0
2026-03-05 22:00:00,1.16062,1.16075,1.16049,1.16053,72,20,0
2026-03-05 22:15:00,1.16052,1.16061,1.16049,1.16056,81,48,0
2026-03-05 22:30:00,1.16056,1.16072,1.16052,1.16069,100,20,0
2026-03-05 22:45:00,1.16069,1.16069,1.16046,1.16069,125,8,0
2026-03-05 23:00:00,1.16069,1.16084,1.16028,1.16074,317,8,0
2026-03-05 23:15:00,1.16074,1.16092,1.16063,1.1608,212,8,0
2026-03-05 23:30:00,1.1608,1.16095,1.16069,1.1609099999999999,233,8,0
2026-03-05 23:45:00,1.1609099999999999,1.16099,1.1606,1.1606,286,8,0
2026-03-06 00:00:00,1.16061,1.16103,1.16049,1.16089,556,8,0
2026-03-06 00:15:00,1.16089,1.1614,1.16087,1.1613,398,8,0
2026-03-06 00:30:00,1.16132,1.16137,1.16088,1.16107,411,8,0
2026-03-06 00:45:00,1.16107,1.16128,1.16095,1.16106,465,8,0
2026-03-06 01:00:00,1.16106,1.16155,1.16084,1.16151,589,8,0
2026-03-06 01:15:00,1.1615199999999999,1.16158,1.16065,1.16069,489,8,0
2026-03-06 01:30:00,1.16069,1.1617899999999999,1.16069,1.16143,869,8,0
2026-03-06 01:45:00,1.16145,1.16198,1.16128,1.16146,606,8,0
2026-03-06 02:00:00,1.16145,1.16191,1.16138,1.1617,569,8,0
2026-03-06 02:15:00,1.16171,1.16201,1.16167,1.16187,362,8,0
2026-03-06 02:30:00,1.16187,1.162,1.16157,1.16176,404,8,0
2026-03-06 02:45:00,1.16176,1.16186,1.16147,1.16159,347,8,0
2026-03-06 03:00:00,1.16157,1.16197,1.16157,1.1617,381,8,0
2026-03-06 03:15:00,1.1616900000000001,1.16201,1.16159,1.16189,337,8,0
2026-03-06 03:30:00,1.16188,1.16194,1.16158,1.16171,305,8,0
2026-03-06 03:45:00,1.16171,1.16205,1.16164,1.16196,265,8,0
2026-03-06 04:00:00,1.16196,1.16201,1.16176,1.1619,269,8,0
2026-03-06 04:15:00,1.1619,1.16205,1.16174,1.16194,224,8,0
2026-03-06 04:30:00,1.16194,1.16207,1.16167,1.16173,279,8,0
2026-03-06 04:45:00,1.16173,1.16175,1.16128,1.16131,220,8,0
2026-03-06 05:00:00,1.16129,1.16145,1.16113,1.16116,394,8,0
2026-03-06 05:15:00,1.16116,1.16133,1.16103,1.1611799999999999,329,8,0
2026-03-06 05:30:00,1.1611799999999999,1.16164,1.16094,1.1615199999999999,397,8,0
2026-03-06 05:45:00,1.16153,1.16153,1.16054,1.16061,671,8,0
2026-03-06 06:00:00,1.16061,1.16087,1.16016,1.1604,581,8,0
2026-03-06 06:15:00,1.1604,1.1608100000000001,1.16033,1.16053,426,8,0
2026-03-06 06:30:00,1.1605,1.16088,1.16041,1.16061,427,8,0
2026-03-06 06:45:00,1.16058,1.16117,1.16055,1.16113,467,8,0
2026-03-06 07:00:00,1.16112,1.16128,1.1606,1.16078,530,8,0
2026-03-06 07:15:00,1.1608,1.16176,1.1607,1.16111,662,8,0
2026-03-06 07:30:00,1.16111,1.16157,1.1609,1.1614,682,8,0
2026-03-06 07:45:00,1.1614,1.1616,1.16104,1.16141,632,8,0
2026-03-06 08:00:00,1.16143,1.16143,1.16036,1.16101,1061,8,0
2026-03-06 08:15:00,1.161,1.1613,1.16022,1.16034,821,8,0
2026-03-06 08:30:00,1.16035,1.16138,1.16026,1.16093,666,8,0
2026-03-06 08:45:00,1.16094,1.16115,1.1601,1.16027,654,8,0
2026-03-06 09:00:00,1.16025,1.16025,1.15899,1.15907,893,8,0
2026-03-06 09:15:00,1.15905,1.15921,1.15825,1.15832,931,8,0
2026-03-06 09:30:00,1.15829,1.15844,1.1575,1.15775,1034,8,0
2026-03-06 09:45:00,1.15775,1.158,1.1571500000000001,1.1574200000000001,1088,8,0
2026-03-06 10:00:00,1.1574,1.15824,1.15725,1.1578,817,8,0
2026-03-06 10:15:00,1.15779,1.15848,1.1575,1.158,928,8,0
2026-03-06 10:30:00,1.15799,1.15834,1.15763,1.15767,962,8,0
2026-03-06 10:45:00,1.15767,1.15835,1.15758,1.15781,768,8,0
2026-03-06 11:00:00,1.15781,1.15811,1.15659,1.158,1301,8,0
2026-03-06 11:15:00,1.158,1.15808,1.15738,1.15779,902,8,0
2026-03-06 11:30:00,1.15779,1.15781,1.15639,1.1565699999999999,863,8,0
2026-03-06 11:45:00,1.1565699999999999,1.1569099999999999,1.15608,1.15622,1004,8,0
2026-03-06 12:00:00,1.15625,1.15649,1.1552,1.15524,1085,8,0
2026-03-06 12:15:00,1.15524,1.15636,1.15524,1.1562000000000001,838,8,0
2026-03-06 12:30:00,1.15621,1.15683,1.15604,1.15645,953,8,0
2026-03-06 12:45:00,1.15643,1.15666,1.15539,1.15544,955,8,0
2026-03-06 13:00:00,1.15542,1.15655,1.1554,1.15639,1300,8,0
2026-03-06 13:15:00,1.15641,1.15672,1.15611,1.15646,1025,8,0
2026-03-06 13:30:00,1.15647,1.15938,1.15634,1.15896,4398,8,0
2026-03-06 13:45:00,1.15895,1.15901,1.155,1.15549,4022,8,0
2026-03-06 14:00:00,1.15548,1.15624,1.15462,1.15564,2684,8,0
2026-03-06 14:15:00,1.15565,1.15586,1.15457,1.15573,1771,8,0
2026-03-06 14:30:00,1.15573,1.15701,1.15538,1.1566,2872,8,0
2026-03-06 14:45:00,1.1566,1.15743,1.15626,1.1571799999999999,2271,8,0
2026-03-06 15:00:00,1.15717,1.15924,1.1571500000000001,1.15892,2868,8,0
2026-03-06 15:15:00,1.1589,1.1592500000000001,1.1572,1.15756,2313,8,0
2026-03-06 15:30:00,1.15757,1.15851,1.15739,1.1577600000000001,2117,8,0
2026-03-06 15:45:00,1.15774,1.15817,1.15701,1.15791,1596,8,0
2026-03-06 16:00:00,1.15792,1.1599599999999999,1.15786,1.15892,1855,8,0
2026-03-06 16:15:00,1.15895,1.16066,1.15889,1.15967,1679,8,0
2026-03-06 16:30:00,1.15967,1.16088,1.15942,1.16083,1751,8,0
2026-03-06 16:45:00,1.1608100000000001,1.16126,1.16003,1.16052,1537,8,0
2026-03-06 17:00:00,1.1605,1.16083,1.15957,1.15961,1673,8,0
2026-03-06 17:15:00,1.1595900000000001,1.1609099999999999,1.15949,1.1595,1551,8,0
2026-03-06 17:30:00,1.15948,1.16012,1.15941,1.15988,1171,8,0
2026-03-06 17:45:00,1.15989,1.16052,1.15955,1.15955,1333,8,0
2026-03-06 18:00:00,1.15957,1.1617,1.15948,1.16138,1725,8,0
2026-03-06 18:15:00,1.16139,1.16211,1.16046,1.1606,1587,8,0
2026-03-06 18:30:00,1.1605699999999999,1.16103,1.15994,1.16022,1165,8,0
2026-03-06 18:45:00,1.16021,1.16041,1.15924,1.15979,913,8,0
2026-03-06 19:00:00,1.15982,1.16062,1.15964,1.1604700000000001,853,8,0
2026-03-06 19:15:00,1.1604700000000001,1.16085,1.16004,1.16058,956,8,0
2026-03-06 19:30:00,1.16058,1.16078,1.16018,1.16042,902,8,0
2026-03-06 19:45:00,1.16041,1.16094,1.16002,1.16011,809,8,0
2026-03-06 20:00:00,1.16013,1.16054,1.16011,1.1605,823,8,0
2026-03-06 20:15:00,1.16049,1.16051,1.1596899999999999,1.15984,640,8,0
2026-03-06 20:30:00,1.15985,1.16067,1.15952,1.16025,793,8,0
2026-03-06 20:45:00,1.16023,1.16096,1.1602000000000001,1.16058,797,8,0
2026-03-06 21:00:00,1.1605699999999999,1.1616900000000001,1.1604700000000001,1.16166,598,8,0
2026-03-06 21:15:00,1.16166,1.1618,1.16144,1.16157,381,8,0
2026-03-06 21:30:00,1.16157,1.16157,1.1610800000000001,1.1611,410,8,0
2026-03-06 21:45:00,1.16109,1.1617,1.1607,1.16164,618,8,0
2026-03-08 21:15:00,1.15536,1.15537,1.15505,1.15526,53,48,0
2026-03-08 21:30:00,1.15527,1.15533,1.15486,1.15496,198,48,0
2026-03-08 21:45:00,1.15496,1.1550799999999999,1.1544,1.15456,168,48,0
2026-03-08 22:00:00,1.15472,1.15521,1.15298,1.153,2223,8,0
2026-03-08 22:15:00,1.15302,1.15505,1.15265,1.15425,1738,8,0
2026-03-08 22:30:00,1.15424,1.15451,1.15318,1.15328,1010,8,0
2026-03-08 22:45:00,1.15331,1.15428,1.1532499999999999,1.15357,1132,8,0
2026-03-08 23:00:00,1.15356,1.154,1.15294,1.1533,1230,8,0
2026-03-08 23:15:00,1.15331,1.15367,1.15265,1.15311,974,8,0
2026-03-08 23:30:00,1.1531,1.15366,1.15244,1.15275,1268,8,0
2026-03-08 23:45:00,1.15276,1.15289,1.15209,1.1524,1030,8,0
2026-03-09 00:00:00,1.15238,1.15279,1.15202,1.15224,1272,8,0
2026-03-09 00:15:00,1.15224,1.15237,1.15174,1.1520299999999999,1044,8,0
2026-03-09 00:30:00,1.15204,1.15309,1.15197,1.15244,926,8,0
2026-03-09 00:45:00,1.15246,1.15246,1.15157,1.15172,925,8,0
2026-03-09 01:00:00,1.1517,1.15186,1.15102,1.15145,1327,8,0
2026-03-09 01:15:00,1.15147,1.15162,1.15084,1.15141,793,8,0
2026-03-09 01:30:00,1.15141,1.15235,1.15125,1.15174,1004,8,0
2026-03-09 01:45:00,1.15172,1.15196,1.15068,1.1509,1064,8,0
2026-03-09 02:00:00,1.1509,1.15207,1.1509,1.15145,1190,8,0
2026-03-09 02:15:00,1.15144,1.15189,1.1508,1.15167,1051,8,0
2026-03-09 02:30:00,1.15165,1.15276,1.15141,1.1526,943,8,0
2026-03-09 02:45:00,1.15258,1.15273,1.15216,1.15247,894,8,0
2026-03-09 03:00:00,1.15246,1.15285,1.15194,1.15219,841,8,0
2026-03-09 03:15:00,1.15219,1.15261,1.15196,1.15196,707,8,0
2026-03-09 03:30:00,1.15197,1.15219,1.15122,1.15137,741,8,0
2026-03-09 03:45:00,1.15137,1.15179,1.15128,1.15164,612,8,0
2026-03-09 04:00:00,1.15165,1.15252,1.15155,1.15225,625,8,0
2026-03-09 04:15:00,1.15224,1.15249,1.152,1.1522000000000001,539,8,0
2026-03-09 04:30:00,1.15223,1.15288,1.15209,1.1528,562,8,0
2026-03-09 04:45:00,1.1528,1.1529099999999999,1.15241,1.15255,415,8,0
2026-03-09 05:00:00,1.15257,1.15356,1.15234,1.15336,794,8,0
2026-03-09 05:15:00,1.15335,1.15601,1.1529,1.15556,2764,8,0
2026-03-09 05:30:00,1.15557,1.15629,1.1544699999999999,1.15515,1561,8,0
2026-03-09 05:45:00,1.15514,1.15711,1.15507,1.15671,1905,8,0
2026-03-09 06:00:00,1.1567,1.15689,1.15554,1.15572,1675,8,0
2026-03-09 06:15:00,1.15574,1.1561,1.15513,1.15534,1400,8,0
2026-03-09 06:30:00,1.15534,1.15648,1.15534,1.15595,1194,8,0
2026-03-09 06:45:00,1.1559599999999999,1.156,1.15445,1.15445,1352,8,0
2026-03-09 07:00:00,1.15448,1.15556,1.15351,1.1547,2276,8,0
2026-03-09 07:15:00,1.15468,1.15515,1.15404,1.1551,1657,8,0
2026-03-09 07:30:00,1.1550799999999999,1.15618,1.15481,1.15568,1748,8,0
2026-03-09 07:45:00,1.15567,1.15645,1.15544,1.15632,1246,8,0
2026-03-09 08:00:00,1.15633,1.15651,1.15488,1.15496,2416,8,0
2026-03-09 08:15:00,1.15497,1.1549800000000001,1.15214,1.15222,1769,8,0
2026-03-09 08:30:00,1.1522000000000001,1.15272,1.15147,1.15265,1954,8,0
2026-03-09 08:45:00,1.15265,1.15351,1.1519300000000001,1.15339,1959,8,0
2026-03-09 09:00:00,1.1534,1.15439,1.15306,1.15425,1727,8,0
2026-03-09 09:15:00,1.15422,1.15547,1.15396,1.15491,1518,8,0
2026-03-09 09:30:00,1.15492,1.15729,1.15457,1.1555,2865,8,0
2026-03-09 09:45:00,1.15551,1.15653,1.1553,1.15536,2142,8,0
2026-03-09 10:00:00,1.15538,1.15614,1.15465,1.1549,1861,8,0
2026-03-09 10:15:00,1.1549,1.1559599999999999,1.15464,1.15583,1456,8,0
2026-03-09 10:30:00,1.15581,1.15632,1.1550799999999999,1.15629,1833,8,0
2026-03-09 10:45:00,1.15628,1.15645,1.1551,1.156,1825,8,0
2026-03-09 11:00:00,1.15602,1.15674,1.15582,1.15668,1462,8,0
2026-03-09 11:15:00,1.1567,1.15674,1.15571,1.15587,1237,8,0
2026-03-09 11:30:00,1.15588,1.15652,1.15551,1.1556,1154,8,0
2026-03-09 11:45:00,1.15558,1.15645,1.15547,1.15608,1209,8,0
2026-03-09 12:00:00,1.15609,1.1568100000000001,1.15584,1.15624,1242,8,0
2026-03-09 12:15:00,1.15621,1.15653,1.15584,1.15619,1179,8,0
2026-03-09 12:30:00,1.15616,1.15645,1.15578,1.15599,1250,8,0
2026-03-09 12:45:00,1.156,1.15623,1.1549800000000001,1.15529,1315,8,0
2026-03-09 13:00:00,1.15529,1.15696,1.15519,1.15675,1525,8,0
2026-03-09 13:15:00,1.15674,1.1578,1.15649,1.15773,1552,8,0
2026-03-09 13:30:00,1.1577,1.15873,1.15734,1.1578,2109,8,0
2026-03-09 13:45:00,1.15783,1.15822,1.15694,1.15757,2314,8,0
2026-03-09 14:00:00,1.15759,1.1578,1.15469,1.15592,3897,8,0
2026-03-09 14:15:00,1.15595,1.15682,1.15561,1.15638,2630,8,0
2026-03-09 14:30:00,1.15637,1.15714,1.15599,1.15711,2101,8,0
2026-03-09 14:45:00,1.15713,1.15764,1.15693,1.15725,1938,8,0
2026-03-09 15:00:00,1.15727,1.15854,1.1571799999999999,1.15851,1711,8,0
2026-03-09 15:15:00,1.15852,1.15883,1.15771,1.15859,1357,8,0
2026-03-09 15:30:00,1.15859,1.15893,1.15808,1.1586400000000001,1419,8,0
2026-03-09 15:45:00,1.15865,1.15934,1.1584699999999999,1.15912,1196,8,0
2026-03-09 16:00:00,1.15911,1.1599,1.15899,1.15901,1170,8,0
2026-03-09 16:15:00,1.15903,1.15937,1.15848,1.15904,1246,8,0
2026-03-09 16:30:00,1.15902,1.15985,1.15902,1.15964,1210,8,0
2026-03-09 16:45:00,1.15965,1.1599,1.15858,1.15871,922,8,0
2026-03-09 17:00:00,1.15872,1.15892,1.15831,1.15852,945,8,0
2026-03-09 17:15:00,1.15853,1.15854,1.15804,1.15832,817,8,0
2026-03-09 17:30:00,1.15833,1.15845,1.15808,1.15832,653,8,0
2026-03-09 17:45:00,1.15832,1.15868,1.15782,1.15784,625,8,0
2026-03-09 18:00:00,1.15782,1.15841,1.15774,1.15817,861,8,0
2026-03-09 18:15:00,1.15817,1.1583,1.15779,1.15808,725,8,0
2026-03-09 18:30:00,1.15806,1.15826,1.1577,1.1577,547,8,0
2026-03-09 18:45:00,1.15771,1.15809,1.15755,1.15763,589,8,0
2026-03-09 19:00:00,1.15763,1.15838,1.1575,1.1582,508,8,0
2026-03-09 19:15:00,1.15821,1.16201,1.15815,1.16172,5093,8,0
2026-03-09 19:30:00,1.16175,1.16242,1.16072,1.16235,3734,8,0
2026-03-09 19:45:00,1.16233,1.16334,1.16078,1.16088,2869,8,0
2026-03-09 20:00:00,1.16085,1.16162,1.16083,1.16144,886,8,0
2026-03-09 20:15:00,1.16141,1.16192,1.16115,1.16174,589,8,0
2026-03-09 20:30:00,1.16174,1.16275,1.16139,1.16275,659,8,0
2026-03-09 20:45:00,1.16276,1.16356,1.16239,1.16347,770,8,0
2026-03-09 21:00:00,1.16342,1.16348,1.16307,1.16331,128,20,0
2026-03-09 21:15:00,1.1633,1.16334,1.16322,1.16323,116,48,0
2026-03-09 21:30:00,1.16323,1.1634,1.16317,1.16326,198,20,0
2026-03-09 21:45:00,1.16327,1.16357,1.16314,1.16356,169,20,0
2026-03-09 22:00:00,1.16367,1.16452,1.16309,1.1645,801,8,0
2026-03-09 22:15:00,1.1645,1.16451,1.16261,1.16292,711,8,0
2026-03-09 22:30:00,1.1629,1.16331,1.16222,1.1623,667,8,0
2026-03-09 22:45:00,1.16231,1.16302,1.16231,1.16294,409,8,0
2026-03-09 23:00:00,1.16295,1.16304,1.16219,1.16265,651,8,0
2026-03-09 23:15:00,1.1626400000000001,1.16309,1.1625,1.16269,526,8,0
2026-03-09 23:30:00,1.16268,1.16268,1.16153,1.16159,564,8,0
2026-03-09 23:45:00,1.16161,1.16183,1.16143,1.16161,455,8,0
2026-03-10 00:00:00,1.16162,1.1617899999999999,1.16113,1.16148,1077,8,0
2026-03-10 00:15:00,1.16147,1.16278,1.16136,1.16277,1031,8,0
2026-03-10 00:30:00,1.16275,1.16351,1.16229,1.16341,998,8,0
2026-03-10 00:45:00,1.16341,1.16341,1.16216,1.16258,991,8,0
2026-03-10 01:00:00,1.16256,1.16277,1.1621299999999999,1.16245,1328,8,0
2026-03-10 01:15:00,1.16247,1.16294,1.16143,1.16165,984,8,0
2026-03-10 01:30:00,1.16165,1.16182,1.16127,1.16147,860,8,0
2026-03-10 01:45:00,1.16148,1.1621,1.16114,1.16196,771,8,0
2026-03-10 02:00:00,1.16195,1.16222,1.1616900000000001,1.1622,728,8,0
2026-03-10 02:15:00,1.1622,1.16265,1.16204,1.16248,547,8,0
2026-03-10 02:30:00,1.16245,1.16252,1.16176,1.16194,595,8,0
2026-03-10 02:45:00,1.16193,1.16204,1.16114,1.16131,600,8,0
2026-03-10 03:00:00,1.16133,1.16155,1.16096,1.1612,601,8,0
2026-03-10 03:15:00,1.1612,1.16147,1.16098,1.16102,444,8,0
2026-03-10 03:30:00,1.16101,1.1611799999999999,1.1609099999999999,1.16102,406,8,0
2026-03-10 03:45:00,1.16101,1.16114,1.16076,1.16093,429,8,0
2026-03-10 04:00:00,1.16095,1.16121,1.16066,1.16121,461,8,0
2026-03-10 04:15:00,1.16121,1.16122,1.16098,1.1611,298,8,0
2026-03-10 04:30:00,1.1611,1.16126,1.16097,1.1611799999999999,296,8,0
2026-03-10 04:45:00,1.16117,1.1614,1.16103,1.16115,249,8,0
2026-03-10 05:00:00,1.16115,1.1618,1.16113,1.16165,562,8,0
2026-03-10 05:15:00,1.16165,1.16196,1.16164,1.16181,396,8,0
2026-03-10 05:30:00,1.16181,1.16189,1.16144,1.16145,363,8,0
2026-03-10 05:45:00,1.16146,1.16199,1.16143,1.16198,587,8,0
2026-03-10 06:00:00,1.162,1.16289,1.162,1.16281,510,8,0
2026-03-10 06:15:00,1.16283,1.16302,1.1626,1.1628,510,8,0
2026-03-10 06:30:00,1.16278,1.1636,1.16267,1.16351,621,8,0
2026-03-10 06:45:00,1.16349,1.1637,1.1629,1.16321,597,8,0
2026-03-10 07:00:00,1.16323,1.16415,1.16283,1.16291,1312,8,0
2026-03-10 07:15:00,1.16289,1.16458,1.1627399999999999,1.16446,962,8,0
2026-03-10 07:30:00,1.16446,1.16525,1.16414,1.16519,967,8,0
2026-03-10 07:45:00,1.16519,1.1663000000000001,1.16517,1.16601,1170,8,0
2026-03-10 08:00:00,1.166,1.16617,1.16494,1.16511,1606,8,0
2026-03-10 08:15:00,1.16514,1.16558,1.16473,1.1654,1146,8,0
2026-03-10 08:30:00,1.1654,1.16596,1.16478,1.16548,1082,8,0
2026-03-10 08:45:00,1.16548,1.16568,1.16429,1.16455,1056,8,0
2026-03-10 09:00:00,1.16454,1.16567,1.16436,1.16545,959,8,0
2026-03-10 09:15:00,1.16547,1.16578,1.16499,1.16524,1010,8,0
2026-03-10 09:30:00,1.16526,1.16584,1.1651799999999999,1.16577,745,8,0
2026-03-10 09:45:00,1.16576,1.16586,1.16503,1.1650800000000001,891,8,0
2026-03-10 10:00:00,1.1651,1.16515,1.16452,1.16465,878,8,0
2026-03-10 10:15:00,1.16464,1.16469,1.16419,1.16444,949,8,0
2026-03-10 10:30:00,1.16445,1.16445,1.162,1.16357,1487,8,0
2026-03-10 10:45:00,1.16357,1.16395,1.16308,1.16391,904,8,0
2026-03-10 11:00:00,1.1639,1.16527,1.16381,1.16446,1984,8,0
2026-03-10 11:15:00,1.16446,1.16472,1.16392,1.16436,1121,8,0
2026-03-10 11:30:00,1.16436,1.16448,1.16373,1.16428,986,8,0
2026-03-10 11:45:00,1.16428,1.16476,1.1635900000000001,1.16381,890,8,0
2026-03-10 12:00:00,1.16384,1.16404,1.16211,1.16259,1614,8,0
2026-03-10 12:15:00,1.1626,1.16323,1.1622,1.16272,1315,8,0
2026-03-10 12:30:00,1.16272,1.16311,1.16227,1.16297,1255,8,0
2026-03-10 12:45:00,1.1629800000000001,1.16405,1.1629800000000001,1.16341,1160,8,0
2026-03-10 13:00:00,1.1634,1.1644700000000001,1.16329,1.16413,1305,8,0
2026-03-10 13:15:00,1.16416,1.16486,1.16395,1.16442,941,8,0
2026-03-10 13:30:00,1.16443,1.16455,1.16328,1.16384,2169,8,0
2026-03-10 13:45:00,1.16382,1.16382,1.16288,1.16319,1506,8,0
2026-03-10 14:00:00,1.1632,1.16347,1.16268,1.16306,1433,8,0
2026-03-10 14:15:00,1.16303,1.16387,1.16295,1.16384,1127,8,0
2026-03-10 14:30:00,1.16382,1.16495,1.1638,1.16479,1113,8,0
2026-03-10 14:45:00,1.1648100000000001,1.165,1.16399,1.16479,979,8,0
2026-03-10 15:00:00,1.1648,1.16513,1.16417,1.1645,1032,8,0
2026-03-10 15:15:00,1.16449,1.16501,1.16393,1.16442,953,8,0
2026-03-10 15:30:00,1.16442,1.16548,1.16426,1.16536,1078,8,0
2026-03-10 15:45:00,1.16538,1.16548,1.16439,1.16474,980,8,0
2026-03-10 16:00:00,1.1647,1.16474,1.16387,1.16422,830,8,0
2026-03-10 16:15:00,1.16421,1.16465,1.16411,1.16449,653,8,0
2026-03-10 16:30:00,1.1644700000000001,1.16541,1.16445,1.16472,893,8,0
2026-03-10 16:45:00,1.16472,1.16541,1.16426,1.16513,839,8,0
2026-03-10 17:00:00,1.16511,1.16604,1.16511,1.16547,1043,8,0
2026-03-10 17:15:00,1.16549,1.16669,1.16539,1.16594,1431,8,0
2026-03-10 17:30:00,1.16594,1.16594,1.16431,1.16442,1720,8,0
2026-03-10 17:45:00,1.16442,1.16461,1.16412,1.16451,897,8,0
2026-03-10 18:00:00,1.16452,1.1645699999999999,1.16282,1.16292,1461,8,0
2026-03-10 18:15:00,1.16293,1.16372,1.16135,1.16333,3955,8,0
2026-03-10 18:30:00,1.16336,1.1639,1.16236,1.16256,2507,8,0
2026-03-10 18:45:00,1.16254,1.16326,1.16226,1.16242,1507,8,0
2026-03-10 19:00:00,1.16242,1.16267,1.16196,1.16254,1084,8,0
2026-03-10 19:15:00,1.16255,1.16282,1.1615199999999999,1.1616,1140,8,0
2026-03-10 19:30:00,1.16157,1.16198,1.16058,1.16141,1877,8,0
2026-03-10 19:45:00,1.16143,1.16153,1.16083,1.1614,1099,8,0
2026-03-10 20:00:00,1.16141,1.1615,1.16076,1.16129,585,8,0
2026-03-10 20:15:00,1.1613,1.1615,1.16097,1.16141,461,8,0
2026-03-10 20:30:00,1.1614200000000001,1.16145,1.16104,1.16106,253,8,0
2026-03-10 20:45:00,1.16106,1.16117,1.16069,1.16078,342,8,0
2026-03-10 21:00:00,1.16067,1.16074,1.16046,1.16049,74,48,0
2026-03-10 21:15:00,1.1604700000000001,1.16073,1.1604700000000001,1.16071,110,48,0
2026-03-10 21:30:00,1.16071,1.16084,1.1606,1.16083,193,20,0
2026-03-10 21:45:00,1.16084,1.16106,1.16072,1.161,180,20,0
2026-03-10 22:00:00,1.16103,1.16128,1.16074,1.16087,172,8,0
2026-03-10 22:15:00,1.16088,1.16092,1.16061,1.16061,169,8,0
2026-03-10 22:30:00,1.16061,1.16072,1.16027,1.16042,248,8,0
2026-03-10 22:45:00,1.16042,1.16056,1.16024,1.1604700000000001,211,8,0
2026-03-10 23:00:00,1.1604700000000001,1.16099,1.16046,1.16098,330,8,0
2026-03-10 23:15:00,1.16095,1.16107,1.16078,1.16078,225,8,0
2026-03-10 23:30:00,1.16078,1.16105,1.16078,1.16097,177,8,0
2026-03-10 23:45:00,1.16098,1.1611799999999999,1.16088,1.16112,233,8,0
2026-03-11 00:00:00,1.16112,1.16235,1.16053,1.1621299999999999,1059,8,0
2026-03-11 00:15:00,1.16211,1.16242,1.16185,1.16211,877,8,0
2026-03-11 00:30:00,1.16209,1.16235,1.16174,1.16222,617,8,0
2026-03-11 00:45:00,1.16224,1.16244,1.16178,1.16178,509,8,0
2026-03-11 01:00:00,1.16177,1.162,1.16123,1.16181,630,8,0
2026-03-11 01:15:00,1.16183,1.16251,1.16164,1.16245,635,8,0
2026-03-11 01:30:00,1.16243,1.16253,1.16209,1.16241,614,8,0
2026-03-11 01:45:00,1.16241,1.16276,1.16234,1.16263,496,8,0
2026-03-11 02:00:00,1.16265,1.16283,1.16225,1.16235,484,8,0
2026-03-11 02:15:00,1.16236,1.16265,1.16202,1.16202,391,8,0
2026-03-11 02:30:00,1.16201,1.16227,1.16182,1.16224,354,8,0
2026-03-11 02:45:00,1.16224,1.16289,1.16215,1.16256,519,8,0
2026-03-11 03:00:00,1.16257,1.16291,1.16246,1.16271,379,8,0
2026-03-11 03:15:00,1.1627,1.16277,1.16248,1.16251,326,8,0
2026-03-11 03:30:00,1.16251,1.16314,1.1625,1.16303,331,8,0
2026-03-11 03:45:00,1.16302,1.16313,1.16261,1.163,306,8,0
2026-03-11 04:00:00,1.163,1.16313,1.16277,1.16311,316,8,0
2026-03-11 04:15:00,1.16311,1.1632,1.16296,1.16317,288,8,0
2026-03-11 04:30:00,1.16316,1.1633,1.16308,1.16327,248,8,0
2026-03-11 04:45:00,1.16327,1.16348,1.16315,1.16334,297,8,0
2026-03-11 05:00:00,1.16334,1.16357,1.16312,1.16315,396,8,0
2026-03-11 05:15:00,1.16316,1.16331,1.1629800000000001,1.16307,323,8,0
2026-03-11 05:30:00,1.16307,1.16352,1.16302,1.16331,402,8,0
2026-03-11 05:45:00,1.1633,1.16352,1.16308,1.16326,421,8,0
2026-03-11 06:00:00,1.16328,1.16391,1.1632,1.1639,527,8,0
2026-03-11 06:15:00,1.1639,1.16405,1.16339,1.16354,576,8,0
2026-03-11 06:30:00,1.16354,1.16393,1.16332,1.16356,476,8,0
2026-03-11 06:45:00,1.16356,1.16361,1.16293,1.16331,443,8,0
2026-03-11 07:00:00,1.16328,1.16351,1.16273,1.16276,821,8,0
2026-03-11 07:15:00,1.16277,1.16453,1.16233,1.16296,2155,8,0
2026-03-11 07:30:00,1.16296,1.16309,1.16145,1.16167,1039,8,0
2026-03-11 07:45:00,1.16165,1.16222,1.1613,1.16166,950,8,0
2026-03-11 08:00:00,1.1616900000000001,1.1621,1.16126,1.162,983,8,0
2026-03-11 08:15:00,1.162,1.162,1.16104,1.16147,883,8,0
2026-03-11 08:30:00,1.16148,1.16164,1.16063,1.16063,817,8,0
2026-03-11 08:45:00,1.16064,1.1613,1.16031,1.16123,1136,8,0
2026-03-11 09:00:00,1.1612,1.16135,1.1589800000000001,1.16016,1727,8,0
2026-03-11 09:15:00,1.16014,1.16029,1.1591,1.1592500000000001,1169,8,0
2026-03-11 09:30:00,1.15922,1.16013,1.15914,1.15948,1074,8,0
2026-03-11 09:45:00,1.15945,1.15964,1.1589800000000001,1.15918,923,8,0
2026-03-11 10:00:00,1.15918,1.16014,1.15907,1.16011,892,8,0
2026-03-11 10:15:00,1.16011,1.16049,1.16006,1.16036,784,8,0
2026-03-11 10:30:00,1.16035,1.16112,1.16016,1.16096,810,8,0
2026-03-11 10:45:00,1.16096,1.1610800000000001,1.16045,1.16068,705,8,0
2026-03-11 11:00:00,1.16065,1.1609,1.16028,1.16074,778,8,0
2026-03-11 11:15:00,1.16074,1.16105,1.16002,1.16017,717,8,0
2026-03-11 11:30:00,1.16016,1.16046,1.15994,1.16021,755,8,0
2026-03-11 11:45:00,1.16021,1.16095,1.15942,1.15942,1767,8,0
2026-03-11 12:00:00,1.15941,1.15974,1.15924,1.1594,1197,8,0
2026-03-11 12:15:00,1.15942,1.16018,1.15934,1.16007,1126,8,0
2026-03-11 12:30:00,1.16007,1.16053,1.15866,1.15906,2068,8,0
2026-03-11 12:45:00,1.15907,1.15907,1.15771,1.15819,1472,8,0
2026-03-11 13:00:00,1.15821,1.15897,1.15782,1.15843,1573,8,0
2026-03-11 13:15:00,1.15843,1.15912,1.15832,1.15876,957,8,0
2026-03-11 13:30:00,1.15878,1.15899,1.15807,1.15823,1304,8,0
2026-03-11 13:45:00,1.15821,1.1593,1.15773,1.15914,1306,8,0
2026-03-11 14:00:00,1.15911,1.16123,1.15855,1.15966,5447,8,0
2026-03-11 14:15:00,1.15966,1.15993,1.15876,1.15926,1944,8,0
2026-03-11 14:30:00,1.15926,1.15965,1.15827,1.15867,1370,8,0
2026-03-11 14:45:00,1.15866,1.15943,1.15806,1.15817,1323,8,0
2026-03-11 15:00:00,1.15819,1.15839,1.1576,1.1576,1222,8,0
2026-03-11 15:15:00,1.15757,1.15784,1.15735,1.15744,837,8,0
2026-03-11 15:30:00,1.15743,1.15762,1.15695,1.15713,956,8,0
2026-03-11 15:45:00,1.1571,1.15747,1.15651,1.15659,889,8,0
2026-03-11 16:00:00,1.15659,1.15712,1.15627,1.15712,1043,8,0
2026-03-11 16:15:00,1.15711,1.15749,1.15673,1.15699,1038,8,0
2026-03-11 16:30:00,1.15697,1.15762,1.1568100000000001,1.1569099999999999,878,8,0
2026-03-11 16:45:00,1.1569,1.15714,1.15676,1.15707,547,8,0
2026-03-11 17:00:00,1.15709,1.15759,1.15685,1.15746,671,8,0
2026-03-11 17:15:00,1.15745,1.15755,1.15693,1.1575199999999999,707,8,0
2026-03-11 17:30:00,1.15753,1.1576,1.15603,1.15672,1510,8,0
2026-03-11 17:45:00,1.15673,1.15722,1.15656,1.15707,942,8,0
2026-03-11 18:00:00,1.15707,1.1571500000000001,1.15638,1.15693,639,8,0
2026-03-11 18:15:00,1.15692,1.15736,1.15686,1.15719,749,8,0
2026-03-11 18:30:00,1.1571799999999999,1.15734,1.15701,1.1571799999999999,546,8,0
2026-03-11 18:45:00,1.15719,1.1574,1.1569,1.15712,526,8,0
2026-03-11 19:00:00,1.15713,1.15716,1.15677,1.15697,413,8,0
2026-03-11 19:15:00,1.15696,1.15727,1.15682,1.15698,346,8,0
2026-03-11 19:30:00,1.15697,1.15719,1.15688,1.1571799999999999,331,8,0
2026-03-11 19:45:00,1.15719,1.15758,1.15705,1.1573,382,8,0
2026-03-11 20:00:00,1.15729,1.15735,1.15692,1.15717,303,8,0
2026-03-11 20:15:00,1.15717,1.15717,1.15698,1.15698,175,8,0
2026-03-11 20:30:00,1.15698,1.15709,1.15656,1.15659,161,8,0
2026-03-11 20:45:00,1.15659,1.15668,1.15639,1.15641,244,8,0
2026-03-11 21:00:00,1.15641,1.15665,1.15641,1.15651,94,20,0
2026-03-11 21:15:00,1.15651,1.15659,1.15643,1.15645,185,48,0
2026-03-11 21:30:00,1.15645,1.1565699999999999,1.15644,1.15647,55,48,0
2026-03-11 21:45:00,1.15647,1.15704,1.15644,1.15704,160,20,0
2026-03-11 22:00:00,1.15732,1.15737,1.15665,1.15682,263,8,0
2026-03-11 22:15:00,1.15682,1.15687,1.15589,1.15607,307,8,0
2026-03-11 22:30:00,1.15606,1.15611,1.15507,1.1550799999999999,541,8,0
2026-03-11 22:45:00,1.1550799999999999,1.15539,1.15491,1.155,324,8,0
2026-03-11 23:00:00,1.1549800000000001,1.15534,1.15473,1.15488,533,8,0
2026-03-11 23:15:00,1.15489,1.15494,1.1544699999999999,1.15449,365,8,0
2026-03-11 23:30:00,1.15446,1.15448,1.15396,1.15419,458,8,0
2026-03-11 23:45:00,1.15418,1.15434,1.15396,1.15426,353,8,0
2026-03-12 00:00:00,1.15424,1.15428,1.15337,1.15337,686,8,0
2026-03-12 00:15:00,1.15337,1.15405,1.15337,1.15394,529,8,0
2026-03-12 00:30:00,1.15392,1.15472,1.15371,1.15464,457,8,0
2026-03-12 00:45:00,1.15466,1.15497,1.15452,1.15452,538,8,0
2026-03-12 01:00:00,1.15454,1.15507,1.15449,1.15487,636,8,0
2026-03-12 01:15:00,1.15487,1.15534,1.15466,1.15525,513,8,0
2026-03-12 01:30:00,1.15526,1.15551,1.1549800000000001,1.15544,393,8,0
2026-03-12 01:45:00,1.15544,1.15548,1.15481,1.15503,410,8,0
2026-03-12 02:00:00,1.15503,1.15539,1.15495,1.15496,351,8,0
2026-03-12 02:15:00,1.15496,1.1549800000000001,1.15406,1.1541,386,8,0
2026-03-12 02:30:00,1.15409,1.15422,1.15317,1.1535199999999999,592,8,0
2026-03-12 02:45:00,1.15353,1.15391,1.15328,1.15385,551,8,0
2026-03-12 03:00:00,1.15383,1.154,1.15328,1.15348,454,8,0
2026-03-12 03:15:00,1.15348,1.15381,1.15334,1.15354,348,8,0
2026-03-12 03:30:00,1.15354,1.15387,1.15347,1.15382,335,8,0
2026-03-12 03:45:00,1.15382,1.15399,1.15365,1.15381,251,8,0
2026-03-12 04:00:00,1.15381,1.15391,1.15366,1.15382,257,8,0
2026-03-12 04:15:00,1.15382,1.15397,1.1537600000000001,1.1539,209,8,0
2026-03-12 04:30:00,1.15388,1.15393,1.15318,1.15322,305,8,0
2026-03-12 04:45:00,1.15322,1.15345,1.15314,1.15328,254,8,0
2026-03-12 05:00:00,1.15328,1.15435,1.15323,1.15394,759,8,0
2026-03-12 05:15:00,1.15394,1.15419,1.15358,1.15406,573,8,0
2026-03-12 05:30:00,1.15407,1.15444,1.15398,1.15434,458,8,0
2026-03-12 05:45:00,1.15433,1.1544699999999999,1.15363,1.15393,460,8,0
2026-03-12 06:00:00,1.15392,1.15483,1.15388,1.15429,576,8,0
2026-03-12 06:15:00,1.15431,1.15489,1.15416,1.15473,695,8,0
2026-03-12 06:30:00,1.15475,1.15502,1.15459,1.15486,464,8,0
2026-03-12 06:45:00,1.15486,1.15511,1.15442,1.15475,470,8,0
2026-03-12 07:00:00,1.15477,1.15515,1.15458,1.15513,577,8,0
2026-03-12 07:15:00,1.15513,1.15523,1.15489,1.15495,479,8,0
2026-03-12 07:30:00,1.15495,1.15499,1.15422,1.15472,706,8,0
2026-03-12 07:45:00,1.15472,1.15509,1.15412,1.1550799999999999,746,8,0
2026-03-12 08:00:00,1.1551,1.15555,1.15501,1.15537,802,8,0
2026-03-12 08:15:00,1.15538,1.15555,1.15482,1.15484,643,8,0
2026-03-12 08:30:00,1.15481,1.15496,1.15444,1.15487,603,8,0
2026-03-12 08:45:00,1.1549,1.155,1.15428,1.15469,609,8,0
2026-03-12 09:00:00,1.15471,1.15485,1.15441,1.15458,545,8,0
2026-03-12 09:15:00,1.15456,1.15557,1.15449,1.15549,532,8,0
2026-03-12 09:30:00,1.15547,1.1559599999999999,1.15545,1.15589,576,8,0
2026-03-12 09:45:00,1.15588,1.15609,1.15562,1.15592,549,8,0
2026-03-12 10:00:00,1.1559,1.15626,1.15565,1.15573,513,8,0
2026-03-12 10:15:00,1.15573,1.15573,1.1549,1.15493,512,8,0
2026-03-12 10:30:00,1.15492,1.15558,1.15492,1.15524,723,8,0
2026-03-12 10:45:00,1.15525,1.15578,1.15519,1.15574,684,8,0
2026-03-12 11:00:00,1.15572,1.15605,1.15546,1.15585,605,8,0
2026-03-12 11:15:00,1.15584,1.15606,1.15568,1.15588,552,8,0
2026-03-12 11:30:00,1.1559,1.15658,1.1558,1.15621,703,8,0
2026-03-12 11:45:00,1.15623,1.15636,1.15521,1.1556,773,8,0
2026-03-12 12:00:00,1.1555900000000001,1.1557,1.1544699999999999,1.15463,848,8,0
2026-03-12 12:15:00,1.15463,1.15472,1.15364,1.154,782,8,0
2026-03-12 12:30:00,1.15399,1.15412,1.15327,1.15354,874,8,0
2026-03-12 12:45:00,1.15354,1.15398,1.15323,1.15387,818,8,0
2026-03-12 13:00:00,1.15388,1.15499,1.15382,1.15392,726,8,0
2026-03-12 13:15:00,1.15392,1.15402,1.15197,1.15358,2198,8,0
2026-03-12 13:30:00,1.15357,1.15391,1.15306,1.15345,1617,8,0
2026-03-12 13:45:00,1.15344,1.15344,1.15207,1.15258,1453,8,0
2026-03-12 14:00:00,1.15261,1.15314,1.15229,1.15279,1629,8,0
2026-03-12 14:15:00,1.1528100000000001,1.15328,1.15196,1.15199,1170,8,0
2026-03-12 14:30:00,1.15197,1.15244,1.15163,1.15236,986,8,0
2026-03-12 14:45:00,1.15237,1.15317,1.15151,1.15202,1955,8,0
2026-03-12 15:00:00,1.15201,1.15217,1.15104,1.15139,1485,8,0
2026-03-12 15:15:00,1.15137,1.15201,1.15129,1.1519300000000001,1229,8,0
2026-03-12 15:30:00,1.15192,1.1528100000000001,1.15151,1.15245,1989,8,0
2026-03-12 15:45:00,1.15247,1.1526399999999999,1.15187,1.15217,1550,8,0
2026-03-12 16:00:00,1.15216,1.15243,1.15133,1.15187,1135,8,0
2026-03-12 16:15:00,1.15186,1.15322,1.15164,1.15204,1327,8,0
2026-03-12 16:30:00,1.15201,1.15266,1.15167,1.15228,1413,8,0
2026-03-12 16:45:00,1.15227,1.15246,1.15176,1.15216,981,8,0
2026-03-12 17:00:00,1.15216,1.15314,1.1521,1.1522999999999999,1021,8,0
2026-03-12 17:15:00,1.15228,1.15298,1.15192,1.15253,994,8,0
2026-03-12 17:30:00,1.1525400000000001,1.15267,1.15212,1.15246,781,8,0
2026-03-12 17:45:00,1.15248,1.1525,1.1519,1.15215,719,8,0
2026-03-12 18:00:00,1.15216,1.15239,1.15191,1.15206,708,8,0
2026-03-12 18:15:00,1.15206,1.15216,1.1514,1.15144,553,8,0
2026-03-12 18:30:00,1.15143,1.15163,1.15109,1.1513200000000001,546,8,0
2026-03-12 18:45:00,1.1513,1.15155,1.15111,1.15118,469,8,0
2026-03-12 19:00:00,1.15116,1.1517,1.15103,1.15153,716,8,0
2026-03-12 19:15:00,1.15154,1.15162,1.15129,1.15154,439,8,0
2026-03-12 19:30:00,1.15154,1.15181,1.15154,1.15174,453,8,0
2026-03-12 19:45:00,1.15172,1.15179,1.15137,1.15146,494,8,0
2026-03-12 20:00:00,1.15145,1.1516,1.15115,1.15127,305,8,0
2026-03-12 20:15:00,1.15127,1.1513200000000001,1.15097,1.151,326,8,0
2026-03-12 20:30:00,1.1509800000000001,1.15137,1.1509800000000001,1.15137,176,8,0
2026-03-12 20:45:00,1.15136,1.15158,1.15079,1.15096,324,8,0
2026-03-12 21:00:00,1.15099,1.15104,1.15078,1.15092,118,20,0
2026-03-12 21:15:00,1.15092,1.1509800000000001,1.15084,1.15089,87,48,0
2026-03-12 21:30:00,1.15089,1.15118,1.15089,1.15095,98,20,0
2026-03-12 21:45:00,1.15094,1.15119,1.15092,1.15118,61,8,0
2026-03-12 22:00:00,1.15119,1.15158,1.15106,1.15146,423,8,0
2026-03-12 22:15:00,1.15146,1.1518,1.15134,1.15179,179,8,0
2026-03-12 22:30:00,1.15177,1.1521,1.15173,1.1519,341,8,0
2026-03-12 22:45:00,1.1519,1.15195,1.1516,1.15188,234,8,0
2026-03-12 23:00:00,1.15188,1.1520299999999999,1.15171,1.15191,247,8,0
2026-03-12 23:15:00,1.15189,1.15195,1.15146,1.15163,232,8,0
2026-03-12 23:30:00,1.15163,1.15194,1.1516,1.15187,221,8,0
2026-03-12 23:45:00,1.15185,1.15228,1.15181,1.15204,414,8,0
2026-03-13 00:00:00,1.1520299999999999,1.15266,1.15199,1.15263,604,8,0
2026-03-13 00:15:00,1.15263,1.1528,1.1525,1.15259,401,8,0
2026-03-13 00:30:00,1.15259,1.1526,1.15208,1.15215,354,8,0
2026-03-13 00:45:00,1.15215,1.15251,1.15209,1.15232,458,8,0
2026-03-13 01:00:00,1.1522999999999999,1.15292,1.1522999999999999,1.15273,458,8,0
2026-03-13 01:15:00,1.15273,1.1528100000000001,1.15233,1.15246,433,8,0
2026-03-13 01:30:00,1.15244,1.15253,1.15191,1.15191,348,8,0
2026-03-13 01:45:00,1.1519,1.15196,1.15141,1.15161,337,8,0
2026-03-13 02:00:00,1.15161,1.15217,1.15161,1.15177,418,8,0
2026-03-13 02:15:00,1.15176,1.15186,1.15157,1.15164,400,8,0
2026-03-13 02:30:00,1.15164,1.15186,1.1512,1.1512,314,8,0
2026-03-13 02:45:00,1.1512,1.1516,1.1510799999999999,1.15133,367,8,0
2026-03-13 03:00:00,1.15131,1.15155,1.15093,1.15094,364,8,0
2026-03-13 03:15:00,1.15094,1.15103,1.15066,1.15075,358,8,0
2026-03-13 03:30:00,1.15075,1.1508,1.15045,1.15078,346,8,0
2026-03-13 03:45:00,1.15078,1.15096,1.15068,1.15087,253,8,0
2026-03-13 04:00:00,1.15085,1.15091,1.15055,1.1506,222,8,0
2026-03-13 04:15:00,1.1506,1.15069,1.15033,1.1504,230,8,0
2026-03-13 04:30:00,1.1504,1.15043,1.14995,1.15014,380,8,0
2026-03-13 04:45:00,1.15014,1.15034,1.15011,1.15027,301,8,0
2026-03-13 05:00:00,1.15028,1.15038,1.15001,1.15023,358,8,0
2026-03-13 05:15:00,1.15023,1.15043,1.1502,1.1503700000000001,316,8,0
2026-03-13 05:30:00,1.1503700000000001,1.15062,1.15023,1.15027,316,8,0
2026-03-13 05:45:00,1.15025,1.15041,1.14993,1.15006,331,8,0
2026-03-13 06:00:00,1.15008,1.1503,1.14992,1.14999,436,8,0
2026-03-13 06:15:00,1.15,1.15,1.14961,1.1497,507,8,0
2026-03-13 06:30:00,1.14969,1.14973,1.14902,1.14934,538,8,0
2026-03-13 06:45:00,1.14934,1.14946,1.1482,1.1482700000000001,657,8,0
2026-03-13 07:00:00,1.14829,1.14834,1.14738,1.14741,972,8,0
2026-03-13 07:15:00,1.14739,1.14752,1.14662,1.14715,809,8,0
2026-03-13 07:30:00,1.14715,1.1474199999999999,1.14649,1.1467,754,8,0
2026-03-13 07:45:00,1.1467100000000001,1.14687,1.14537,1.14575,1023,8,0
2026-03-13 08:00:00,1.14573,1.1459,1.14372,1.14396,1429,8,0
2026-03-13 08:15:00,1.14396,1.14407,1.14325,1.14375,1210,8,0
2026-03-13 08:30:00,1.14373,1.14516,1.1436600000000001,1.14434,1069,8,0
2026-03-13 08:45:00,1.14436,1.14457,1.1439,1.14448,889,8,0
2026-03-13 09:00:00,1.1445,1.1458,1.1445,1.1458,1306,8,0
2026-03-13 09:15:00,1.1458,1.14592,1.14527,1.14585,829,8,0
2026-03-13 09:30:00,1.14585,1.14611,1.14509,1.14514,775,8,0
2026-03-13 09:45:00,1.1451500000000001,1.14548,1.14505,1.14527,699,8,0
2026-03-13 10:00:00,1.14528,1.14643,1.14526,1.14614,728,8,0
2026-03-13 10:15:00,1.14613,1.1461999999999999,1.14522,1.14548,601,8,0
2026-03-13 10:30:00,1.14548,1.14593,1.1451500000000001,1.14585,660,8,0
2026-03-13 10:45:00,1.14585,1.14716,1.14522,1.14581,1366,8,0
2026-03-13 11:00:00,1.14581,1.14684,1.14551,1.14557,1117,8,0
2026-03-13 11:15:00,1.1455899999999999,1.14689,1.1454900000000001,1.14654,951,8,0
2026-03-13 11:30:00,1.14655,1.14704,1.1458,1.1465,872,8,0
2026-03-13 11:45:00,1.14652,1.14702,1.14646,1.1468099999999999,867,8,0
2026-03-13 12:00:00,1.14679,1.14728,1.14612,1.14631,918,8,0
2026-03-13 12:15:00,1.14629,1.14745,1.14605,1.14689,1151,8,0
2026-03-13 12:30:00,1.14694,1.14752,1.14653,1.14738,1375,8,0
2026-03-13 12:45:00,1.14735,1.1488,1.1473200000000001,1.14776,2081,8,0
2026-03-13 13:00:00,1.14779,1.14834,1.14733,1.14814,1508,8,0
2026-03-13 13:15:00,1.14816,1.14818,1.14736,1.14772,920,8,0
2026-03-13 13:30:00,1.1477,1.14886,1.1477,1.1486399999999999,1254,8,0
2026-03-13 13:45:00,1.1486399999999999,1.14896,1.1478,1.14788,1140,8,0
2026-03-13 14:00:00,1.14787,1.14791,1.14718,1.14746,1248,8,0
2026-03-13 14:15:00,1.14743,1.1478,1.14694,1.14763,1286,8,0
2026-03-13 14:30:00,1.14762,1.14846,1.14659,1.14662,1220,8,0
2026-03-13 14:45:00,1.1466,1.14679,1.14553,1.1457,1231,8,0
2026-03-13 15:00:00,1.14571,1.14606,1.14523,1.14601,1214,8,0
2026-03-13 15:15:00,1.14601,1.14603,1.14465,1.14495,1061,8,0
2026-03-13 15:30:00,1.14492,1.14501,1.1434199999999999,1.14364,1099,8,0
2026-03-13 15:45:00,1.14365,1.14521,1.14358,1.1442700000000001,2254,8,0
2026-03-13 16:00:00,1.14425,1.14502,1.14404,1.14431,1315,8,0
2026-03-13 16:15:00,1.14429,1.14448,1.14383,1.1439300000000001,1060,8,0
2026-03-13 16:30:00,1.14395,1.14425,1.14359,1.14369,1116,8,0
2026-03-13 16:45:00,1.1437,1.14462,1.1437,1.14417,910,8,0
2026-03-13 17:00:00,1.14415,1.14438,1.14334,1.1437599999999999,862,8,0
2026-03-13 17:15:00,1.14378,1.14444,1.14378,1.14438,747,8,0
2026-03-13 17:30:00,1.14438,1.14449,1.14405,1.14441,792,8,0
2026-03-13 17:45:00,1.1444,1.14459,1.14391,1.14421,624,8,0
2026-03-13 18:00:00,1.14422,1.1442700000000001,1.14371,1.14379,648,8,0
2026-03-13 18:15:00,1.14381,1.14383,1.1431499999999999,1.14357,674,8,0
2026-03-13 18:30:00,1.14357,1.14398,1.14351,1.1439300000000001,610,8,0
2026-03-13 18:45:00,1.14391,1.14404,1.14345,1.14357,544,8,0
2026-03-13 19:00:00,1.14357,1.14367,1.14275,1.14282,550,8,0
2026-03-13 19:15:00,1.1428099999999999,1.14285,1.14242,1.14248,539,8,0
2026-03-13 19:30:00,1.14247,1.14275,1.14239,1.14245,443,8,0
2026-03-13 19:45:00,1.14245,1.1425,1.14196,1.1421999999999999,474,8,0
2026-03-13 20:00:00,1.14219,1.14224,1.14155,1.14163,445,8,0
2026-03-13 20:15:00,1.14163,1.14175,1.14128,1.14144,352,8,0
2026-03-13 20:30:00,1.14144,1.1416,1.14106,1.14128,342,8,0
2026-03-13 20:45:00,1.1413,1.14154,1.14118,1.1414900000000001,447,8,0
2026-03-15 21:00:00,1.1417,1.14206,1.14169,1.14206,43,48,0
2026-03-15 21:15:00,1.14205,1.14241,1.14199,1.14236,127,48,0
2026-03-15 21:30:00,1.14237,1.14258,1.14215,1.14257,120,48,0
2026-03-15 21:45:00,1.14257,1.14263,1.14225,1.14242,167,48,0
2026-03-15 22:00:00,1.14261,1.14383,1.14191,1.1428,1055,8,0
2026-03-15 22:15:00,1.1428099999999999,1.1429,1.14182,1.14209,527,8,0
2026-03-15 22:30:00,1.14209,1.1424400000000001,1.14199,1.14205,773,8,0
2026-03-15 22:45:00,1.14206,1.14302,1.14206,1.14294,685,8,0
2026-03-15 23:00:00,1.14296,1.14341,1.14256,1.14318,882,8,0
2026-03-15 23:15:00,1.14318,1.14329,1.14262,1.14284,499,8,0
2026-03-15 23:30:00,1.14284,1.14326,1.14258,1.14322,432,8,0
2026-03-15 23:45:00,1.14321,1.14354,1.1432,1.14349,473,8,0
2026-03-16 00:00:00,1.14348,1.1447,1.14347,1.14462,813,8,0
2026-03-16 00:15:00,1.14459,1.14493,1.14441,1.14482,575,8,0
2026-03-16 00:30:00,1.14483,1.1452499999999999,1.14473,1.14503,509,8,0
2026-03-16 00:45:00,1.14503,1.1455,1.14497,1.14543,461,8,0
2026-03-16 01:00:00,1.14543,1.14562,1.14434,1.14446,735,8,0
2026-03-16 01:15:00,1.14448,1.14466,1.14417,1.14423,651,8,0
2026-03-16 01:30:00,1.14423,1.1446,1.14394,1.14456,590,8,0
2026-03-16 01:45:00,1.14458,1.14491,1.14445,1.14491,440,8,0
2026-03-16 02:00:00,1.14491,1.145,1.14444,1.14482,509,8,0
2026-03-16 02:15:00,1.14482,1.14499,1.14463,1.14483,400,8,0
2026-03-16 02:30:00,1.1448,1.14487,1.14453,1.14476,346,8,0
2026-03-16 02:45:00,1.14476,1.14511,1.1447,1.14475,471,8,0
2026-03-16 03:00:00,1.14477,1.1451500000000001,1.14452,1.14482,438,8,0
2026-03-16 03:15:00,1.14482,1.14502,1.14472,1.145,293,8,0
2026-03-16 03:30:00,1.145,1.1453,1.14499,1.14528,242,8,0
2026-03-16 03:45:00,1.14528,1.14536,1.1449,1.14501,248,8,0
2026-03-16 04:00:00,1.14502,1.14513,1.14473,1.14484,246,8,0
2026-03-16 04:15:00,1.14483,1.14495,1.14449,1.14453,304,8,0
2026-03-16 04:30:00,1.14453,1.14462,1.14429,1.14434,189,8,0
2026-03-16 04:45:00,1.14434,1.14448,1.14411,1.14411,286,8,0
2026-03-16 05:00:00,1.14412,1.14433,1.14398,1.14414,383,8,0
2026-03-16 05:15:00,1.14413,1.14416,1.1439,1.1439300000000001,275,8,0
2026-03-16 05:30:00,1.1439300000000001,1.14396,1.14355,1.14371,385,8,0
2026-03-16 05:45:00,1.1437,1.14375,1.14329,1.14345,411,8,0
2026-03-16 06:00:00,1.14344,1.14357,1.1431499999999999,1.14344,493,8,0
2026-03-16 06:15:00,1.14344,1.14364,1.14257,1.14279,500,8,0
2026-03-16 06:30:00,1.1428099999999999,1.1431,1.14241,1.14274,426,8,0
2026-03-16 06:45:00,1.14276,1.14314,1.14238,1.14314,415,8,0
2026-03-16 07:00:00,1.14313,1.14347,1.14284,1.14309,713,8,0
2026-03-16 07:15:00,1.14307,1.14325,1.1424400000000001,1.14272,529,8,0
2026-03-16 07:30:00,1.14273,1.14275,1.14139,1.14201,914,8,0
2026-03-16 07:45:00,1.142,1.14266,1.14192,1.14256,636,8,0
2026-03-16 08:00:00,1.14258,1.1434199999999999,1.14258,1.14284,1026,8,0
2026-03-16 08:15:00,1.14283,1.14443,1.14256,1.14418,1041,8,0
2026-03-16 08:30:00,1.14419,1.1444,1.14354,1.14389,968,8,0
2026-03-16 08:45:00,1.14387,1.14451,1.14382,1.14444,844,8,0
2026-03-16 09:00:00,1.14445,1.14469,1.14405,1.1446,706,8,0
2026-03-16 09:15:00,1.1446,1.1448800000000001,1.14445,1.14467,641,8,0
2026-03-16 09:30:00,1.14467,1.14475,1.14425,1.14472,676,8,0
2026-03-16 09:45:00,1.14473,1.14523,1.14472,1.14495,836,8,0
2026-03-16 10:00:00,1.14495,1.1459,1.14471,1.14577,782,8,0
2026-03-16 10:15:00,1.1457600000000001,1.14774,1.1457600000000001,1.1475,1023,8,0
2026-03-16 10:30:00,1.14749,1.14768,1.14678,1.14689,825,8,0
2026-03-16 10:45:00,1.14687,1.14764,1.14672,1.14749,757,8,0
2026-03-16 11:00:00,1.14749,1.14761,1.14705,1.1474,717,8,0
2026-03-16 11:15:00,1.1474,1.1481,1.1473200000000001,1.14737,781,8,0
2026-03-16 11:30:00,1.14737,1.14821,1.14718,1.1482,676,8,0
2026-03-16 11:45:00,1.1482,1.14867,1.1476899999999999,1.14789,834,8,0
2026-03-16 12:00:00,1.14791,1.14847,1.14759,1.14822,860,8,0
2026-03-16 12:15:00,1.14822,1.14832,1.1478,1.14806,745,8,0
2026-03-16 12:30:00,1.14808,1.14875,1.14782,1.14799,1046,8,0
2026-03-16 12:45:00,1.14798,1.14817,1.14719,1.14736,886,8,0
2026-03-16 13:00:00,1.14738,1.14808,1.14738,1.14798,834,8,0
2026-03-16 13:15:00,1.14798,1.1482999999999999,1.1474199999999999,1.14812,661,8,0
2026-03-16 13:30:00,1.14811,1.149,1.14806,1.14884,1120,8,0
2026-03-16 13:45:00,1.14882,1.15004,1.14875,1.14998,1021,8,0
2026-03-16 14:00:00,1.14997,1.15018,1.14934,1.15013,1196,8,0
2026-03-16 14:15:00,1.15013,1.15015,1.14918,1.14947,986,8,0
2026-03-16 14:30:00,1.14948,1.1495,1.14829,1.14832,1064,8,0
2026-03-16 14:45:00,1.14833,1.14898,1.14801,1.14885,873,8,0
2026-03-16 15:00:00,1.14884,1.14969,1.14876,1.14968,796,8,0
2026-03-16 15:15:00,1.14967,1.14983,1.14912,1.1492,592,8,0
2026-03-16 15:30:00,1.1492,1.14998,1.14916,1.14947,618,8,0
2026-03-16 15:45:00,1.14946,1.1497,1.14799,1.14865,1060,8,0
2026-03-16 16:00:00,1.14866,1.14924,1.14845,1.14904,778,8,0
2026-03-16 16:15:00,1.14902,1.14933,1.14778,1.14789,1150,8,0
2026-03-16 16:30:00,1.14792,1.14939,1.14772,1.1491500000000001,939,8,0
2026-03-16 16:45:00,1.14916,1.1499,1.14898,1.14931,732,8,0
2026-03-16 17:00:00,1.14933,1.15039,1.14927,1.14993,1531,8,0
2026-03-16 17:15:00,1.14992,1.15003,1.14946,1.14971,807,8,0
2026-03-16 17:30:00,1.14969,1.14985,1.14933,1.14945,616,8,0
2026-03-16 17:45:00,1.14942,1.1497600000000001,1.14902,1.14918,603,8,0
2026-03-16 18:00:00,1.14917,1.15062,1.14917,1.15048,943,8,0
2026-03-16 18:15:00,1.15049,1.15221,1.1503700000000001,1.15206,838,8,0
2026-03-16 18:30:00,1.15204,1.15233,1.15166,1.15228,668,8,0
2026-03-16 18:45:00,1.1522999999999999,1.15233,1.15166,1.15185,599,8,0
2026-03-16 19:00:00,1.15185,1.15245,1.15167,1.15209,741,8,0
2026-03-16 19:15:00,1.15209,1.15229,1.15148,1.15178,741,8,0
2026-03-16 19:30:00,1.15178,1.15213,1.15106,1.15117,840,8,0
2026-03-16 19:45:00,1.15118,1.15118,1.15057,1.15078,738,8,0
2026-03-16 20:00:00,1.15075,1.15103,1.1507100000000001,1.15079,377,8,0
2026-03-16 20:15:00,1.15079,1.15079,1.15028,1.15063,287,8,0
2026-03-16 20:30:00,1.1506,1.15067,1.15042,1.15052,267,8,0
2026-03-16 20:45:00,1.15052,1.1507100000000001,1.1503,1.15044,311,8,0
2026-03-16 21:00:00,1.15045,1.15054,1.15025,1.15036,105,20,0
2026-03-16 21:15:00,1.15034,1.15048,1.15028,1.15036,112,48,0
2026-03-16 21:30:00,1.15038,1.15069,1.15038,1.15057,115,20,0
2026-03-16 21:45:00,1.15057,1.1507,1.15045,1.15067,94,8,0
2026-03-16 22:00:00,1.15062,1.15062,1.14994,1.15042,189,8,0
2026-03-16 22:15:00,1.15042,1.15046,1.15013,1.15027,138,8,0
2026-03-16 22:30:00,1.15027,1.15027,1.1499,1.15003,163,8,0
2026-03-16 22:45:00,1.15003,1.15004,1.14977,1.1498599999999999,162,8,0
2026-03-16 23:00:00,1.1498599999999999,1.14995,1.14943,1.1496,243,8,0
2026-03-16 23:15:00,1.1496,1.14971,1.14947,1.14965,208,8,0
2026-03-16 23:30:00,1.14965,1.14987,1.14958,1.14979,155,8,0
2026-03-16 23:45:00,1.14978,1.14996,1.14959,1.14981,316,8,0
2026-03-17 00:00:00,1.14981,1.14983,1.14917,1.14924,458,8,0
2026-03-17 00:15:00,1.14924,1.14943,1.14892,1.14899,315,8,0
2026-03-17 00:30:00,1.14901,1.14932,1.14896,1.14908,252,8,0
2026-03-17 00:45:00,1.1491,1.14942,1.14889,1.14923,618,8,0
2026-03-17 01:00:00,1.1492,1.14954,1.14893,1.14928,599,8,0
2026-03-17 01:15:00,1.1493,1.14945,1.14869,1.14884,475,8,0
2026-03-17 01:30:00,1.14884,1.14914,1.14863,1.14873,430,8,0
2026-03-17 01:45:00,1.14872,1.14936,1.14863,1.14926,424,8,0
2026-03-17 02:00:00,1.14926,1.14933,1.14905,1.14913,267,8,0
2026-03-17 02:15:00,1.1491500000000001,1.14964,1.14912,1.1495,299,8,0
2026-03-17 02:30:00,1.1494900000000001,1.14973,1.14943,1.14972,252,8,0
2026-03-17 02:45:00,1.14971,1.14982,1.14946,1.14947,210,8,0
2026-03-17 03:00:00,1.14946,1.14972,1.14929,1.14971,208,8,0
2026-03-17 03:15:00,1.14971,1.15007,1.14968,1.15007,196,8,0
2026-03-17 03:30:00,1.15007,1.15024,1.1497,1.14974,622,8,0
2026-03-17 03:45:00,1.14975,1.1497600000000001,1.14914,1.1491500000000001,363,8,0
2026-03-17 04:00:00,1.1491500000000001,1.14933,1.1489099999999999,1.14901,270,8,0
2026-03-17 04:15:00,1.14901,1.14926,1.14898,1.14912,146,8,0
2026-03-17 04:30:00,1.14912,1.14962,1.14911,1.14962,241,8,0
2026-03-17 04:45:00,1.14962,1.14994,1.14961,1.14967,230,8,0
2026-03-17 05:00:00,1.14967,1.14973,1.14935,1.14969,275,8,0
2026-03-17 05:15:00,1.14969,1.1499,1.14943,1.14951,341,8,0
2026-03-17 05:30:00,1.14953,1.14955,1.1487,1.14872,324,8,0
2026-03-17 05:45:00,1.14873,1.14873,1.14778,1.14792,509,8,0
2026-03-17 06:00:00,1.1479300000000001,1.14802,1.14657,1.14694,862,8,0
2026-03-17 06:15:00,1.14691,1.14752,1.14677,1.14752,568,8,0
2026-03-17 06:30:00,1.14752,1.1479,1.14744,1.14781,458,8,0
2026-03-17 06:45:00,1.14781,1.14812,1.14741,1.14812,352,8,0
2026-03-17 07:00:00,1.14812,1.149,1.14792,1.1488,647,8,0
2026-03-17 07:15:00,1.1488,1.14957,1.14819,1.1493,720,8,0
2026-03-17 07:30:00,1.14931,1.14998,1.14931,1.14957,666,8,0
2026-03-17 07:45:00,1.14957,1.14989,1.14912,1.14945,557,8,0
2026-03-17 08:00:00,1.14947,1.1499,1.14889,1.14904,952,8,0
2026-03-17 08:15:00,1.14902,1.14997,1.14874,1.14991,760,8,0
2026-03-17 08:30:00,1.14993,1.15113,1.14905,1.151,978,8,0
2026-03-17 08:45:00,1.15097,1.15177,1.1505,1.15101,972,8,0
2026-03-17 09:00:00,1.15102,1.15166,1.15102,1.15114,793,8,0
2026-03-17 09:15:00,1.15113,1.15244,1.15075,1.15216,904,8,0
2026-03-17 09:30:00,1.15214,1.15235,1.15085,1.15105,810,8,0
2026-03-17 09:45:00,1.15104,1.15162,1.15079,1.15161,599,8,0
2026-03-17 10:00:00,1.1515900000000001,1.1516,1.15072,1.1509800000000001,872,8,0
2026-03-17 10:15:00,1.1509800000000001,1.15112,1.1503700000000001,1.15106,640,8,0
2026-03-17 10:30:00,1.15104,1.15123,1.15058,1.1509800000000001,642,8,0
2026-03-17 10:45:00,1.15099,1.15117,1.1505,1.1506,499,8,0
2026-03-17 11:00:00,1.1506,1.15137,1.15042,1.15131,555,8,0
2026-03-17 11:15:00,1.15131,1.15184,1.15116,1.15137,593,8,0
2026-03-17 11:30:00,1.15137,1.15153,1.1509800000000001,1.1514199999999999,551,8,0
2026-03-17 11:45:00,1.1514199999999999,1.15164,1.15062,1.15073,754,8,0
2026-03-17 12:00:00,1.15073,1.15229,1.1504,1.15213,970,8,0
2026-03-17 12:15:00,1.15216,1.15231,1.15103,1.15123,810,8,0
2026-03-17 12:30:00,1.15123,1.1520299999999999,1.1512,1.1515900000000001,832,8,0
2026-03-17 12:45:00,1.1515900000000001,1.15243,1.15155,1.15237,715,8,0
2026-03-17 13:00:00,1.15239,1.1536,1.15239,1.15333,1268,8,0
2026-03-17 13:15:00,1.15331,1.15434,1.15316,1.15343,1129,8,0
2026-03-17 13:30:00,1.15343,1.1541299999999999,1.15327,1.15346,1242,8,0
2026-03-17 13:45:00,1.15348,1.15393,1.1528100000000001,1.15301,907,8,0
2026-03-17 14:00:00,1.15303,1.15369,1.15269,1.15295,951,8,0
2026-03-17 14:15:00,1.15297,1.15299,1.15204,1.15241,972,8,0
2026-03-17 14:30:00,1.15242,1.15349,1.15214,1.15336,945,8,0
2026-03-17 14:45:00,1.15337,1.15385,1.15321,1.15328,858,8,0
2026-03-17 15:00:00,1.15329,1.15385,1.1528,1.15289,906,8,0
2026-03-17 15:15:00,1.15289,1.15344,1.15239,1.1526399999999999,1168,8,0
2026-03-17 15:30:00,1.15263,1.153,1.1520299999999999,1.15249,1076,8,0
2026-03-17 15:45:00,1.15249,1.15272,1.15212,1.15245,968,8,0
2026-03-17 16:00:00,1.15246,1.15297,1.15178,1.1522999999999999,1312,8,0
2026-03-17 16:15:00,1.1522999999999999,1.15308,1.15206,1.1529,775,8,0
2026-03-17 16:30:00,1.15288,1.15317,1.15261,1.15301,831,8,0
2026-03-17 16:45:00,1.15302,1.1532499999999999,1.15275,1.15278,591,8,0
2026-03-17 17:00:00,1.15276,1.15321,1.1526399999999999,1.1528,577,8,0
2026-03-17 17:15:00,1.1528,1.15327,1.15258,1.15324,647,8,0
2026-03-17 17:30:00,1.15324,1.15393,1.15312,1.15351,511,8,0
2026-03-17 17:45:00,1.15353,1.15397,1.15351,1.15391,460,8,0
2026-03-17 18:00:00,1.15393,1.15471,1.15391,1.15446,562,8,0
2026-03-17 18:15:00,1.15446,1.15461,1.15423,1.15427,417,8,0
2026-03-17 18:30:00,1.15427,1.15429,1.15391,1.15401,414,8,0
2026-03-17 18:45:00,1.15401,1.15428,1.1538,1.15389,377,8,0
2026-03-17 19:00:00,1.1539,1.15411,1.1537600000000001,1.15396,357,8,0
2026-03-17 19:15:00,1.15396,1.1541,1.15371,1.1538,288,8,0
2026-03-17 19:30:00,1.15379,1.15382,1.15353,1.15366,257,8,0
2026-03-17 19:45:00,1.15364,1.15371,1.15336,1.15353,303,8,0
2026-03-17 20:00:00,1.15355,1.15398,1.15347,1.1537,258,8,0
2026-03-17 20:15:00,1.1537,1.15379,1.1536,1.15361,87,8,0
2026-03-17 20:30:00,1.15363,1.15393,1.15363,1.15392,121,8,0
2026-03-17 20:45:00,1.15393,1.1542,1.15373,1.1539,320,8,0
2026-03-17 21:00:00,1.15394,1.15398,1.15333,1.15335,98,20,0
2026-03-17 21:15:00,1.15334,1.15373,1.15333,1.15364,139,48,0
2026-03-17 21:30:00,1.15367,1.15372,1.1535,1.15359,173,20,0
2026-03-17 21:45:00,1.15359,1.15374,1.15347,1.15362,157,20,0
2026-03-17 22:00:00,1.15365,1.15444,1.15365,1.15428,342,8,0
2026-03-17 22:15:00,1.15428,1.15431,1.15416,1.1542,198,8,0
2026-03-17 22:30:00,1.15419,1.15422,1.15393,1.15399,260,8,0
2026-03-17 22:45:00,1.15399,1.1541,1.15393,1.15398,211,8,0
2026-03-17 23:00:00,1.15398,1.1540300000000001,1.15368,1.15382,265,8,0
2026-03-17 23:15:00,1.15382,1.15397,1.15373,1.15385,348,8,0
2026-03-17 23:30:00,1.15384,1.15402,1.15379,1.15396,398,8,0
2026-03-17 23:45:00,1.15394,1.1541,1.15378,1.15384,443,8,0
2026-03-18 00:00:00,1.15385,1.15434,1.15366,1.15423,692,8,0
2026-03-18 00:15:00,1.15424,1.1543,1.15366,1.15372,334,8,0
2026-03-18 00:30:00,1.15374,1.15393,1.15326,1.15343,385,8,0
2026-03-18 00:45:00,1.15345,1.15362,1.15318,1.15322,404,8,0
2026-03-18 01:00:00,1.15324,1.15398,1.15322,1.15344,452,8,0
2026-03-18 01:15:00,1.15345,1.15354,1.15331,1.15341,262,8,0
2026-03-18 01:30:00,1.15341,1.15369,1.15327,1.1535199999999999,331,8,0
2026-03-18 01:45:00,1.1535199999999999,1.15357,1.15318,1.15333,306,8,0
2026-03-18 02:00:00,1.15335,1.15347,1.15323,1.15329,265,8,0
2026-03-18 02:15:00,1.15329,1.15357,1.15322,1.1535199999999999,212,8,0
2026-03-18 02:30:00,1.1535199999999999,1.15379,1.15335,1.1535,246,8,0
2026-03-18 02:45:00,1.1535,1.15357,1.15318,1.15322,251,8,0
2026-03-18 03:00:00,1.15322,1.15336,1.15317,1.15333,209,8,0
2026-03-18 03:15:00,1.15333,1.15334,1.15319,1.15322,168,8,0
2026-03-18 03:30:00,1.15321,1.15332,1.15319,1.15332,116,8,0
2026-03-18 03:45:00,1.15332,1.15363,1.15332,1.1536,190,8,0
2026-03-18 04:00:00,1.15359,1.15395,1.15358,1.15375,223,8,0
2026-03-18 04:15:00,1.15375,1.15393,1.15373,1.1538,183,8,0
2026-03-18 04:30:00,1.15382,1.15401,1.1538,1.15388,193,8,0
2026-03-18 04:45:00,1.15389,1.15421,1.15383,1.1541299999999999,232,8,0
2026-03-18 05:00:00,1.1541299999999999,1.15429,1.15397,1.15422,223,8,0
2026-03-18 05:15:00,1.15423,1.1543700000000001,1.15411,1.15417,230,8,0
2026-03-18 05:30:00,1.15415,1.1545,1.15414,1.15439,251,8,0
2026-03-18 05:45:00,1.15439,1.15466,1.15431,1.1545,299,8,0
2026-03-18 06:00:00,1.15449,1.15475,1.15441,1.15459,309,8,0
2026-03-18 06:15:00,1.15459,1.15488,1.15457,1.15483,328,8,0
2026-03-18 06:30:00,1.15482,1.15482,1.15395,1.15427,358,8,0
2026-03-18 06:45:00,1.15428,1.15428,1.15392,1.15418,320,8,0
2026-03-18 07:00:00,1.15417,1.15455,1.154,1.15418,475,8,0
2026-03-18 07:15:00,1.15419,1.15419,1.15357,1.15371,427,8,0
2026-03-18 07:30:00,1.15371,1.15373,1.15266,1.15267,421,8,0
2026-03-18 07:45:00,1.15268,1.15302,1.15232,1.15262,586,8,0
2026-03-18 08:00:00,1.1526,1.15301,1.15238,1.15278,635,8,0
2026-03-18 08:15:00,1.15278,1.15296,1.15175,1.15205,643,8,0
2026-03-18 08:30:00,1.15205,1.15263,1.15201,1.15258,541,8,0
2026-03-18 08:45:00,1.15258,1.15338,1.15246,1.15319,569,8,0
2026-03-18 09:00:00,1.15319,1.15331,1.15251,1.15251,541,8,0
2026-03-18 09:15:00,1.1525,1.1535199999999999,1.15248,1.15347,528,8,0
2026-03-18 09:30:00,1.15349,1.15391,1.15324,1.1538,447,8,0
2026-03-18 09:45:00,1.15379,1.1539,1.15353,1.15383,404,8,0
2026-03-18 10:00:00,1.15383,1.15434,1.15375,1.15427,362,8,0
2026-03-18 10:15:00,1.15427,1.15431,1.15362,1.15363,397,8,0
2026-03-18 10:30:00,1.15364,1.15396,1.15333,1.15393,492,8,0
2026-03-18 10:45:00,1.15392,1.1542,1.15362,1.15393,479,8,0
2026-03-18 11:00:00,1.15392,1.1549,1.15391,1.15485,501,8,0
2026-03-18 11:15:00,1.15486,1.15551,1.15319,1.1532,1106,8,0
2026-03-18 11:30:00,1.15318,1.15455,1.15298,1.15432,1195,8,0
2026-03-18 11:45:00,1.15431,1.15492,1.1537600000000001,1.15461,1055,8,0
2026-03-18 12:00:00,1.15463,1.15478,1.15304,1.1535199999999999,1475,8,0
2026-03-18 12:15:00,1.1535,1.1535,1.1524,1.15256,1404,8,0
2026-03-18 12:30:00,1.15258,1.15288,1.15129,1.15164,1859,8,0
2026-03-18 12:45:00,1.15165,1.15185,1.15052,1.1507100000000001,1967,8,0
2026-03-18 13:00:00,1.15073,1.15086,1.14927,1.14951,2067,8,0
2026-03-18 13:15:00,1.1494900000000001,1.15069,1.14903,1.15066,1317,8,0
2026-03-18 13:30:00,1.15065,1.15124,1.1501000000000001,1.15051,1432,8,0
2026-03-18 13:45:00,1.15053,1.15151,1.15036,1.1514,1351,8,0
2026-03-18 14:00:00,1.15145,1.1527,1.15056,1.15097,1584,8,0
2026-03-18 14:15:00,1.15095,1.15128,1.15036,1.15077,1242,8,0
2026-03-18 14:30:00,1.15078,1.1515,1.1507,1.15125,1116,8,0
2026-03-18 14:45:00,1.15126,1.1516899999999999,1.15086,1.15162,1241,8,0
2026-03-18 15:00:00,1.15163,1.15294,1.15158,1.15208,1403,8,0
2026-03-18 15:15:00,1.1521,1.1522999999999999,1.1515900000000001,1.15194,1018,8,0
2026-03-18 15:30:00,1.15192,1.1526399999999999,1.15188,1.15221,920,8,0
2026-03-18 15:45:00,1.15221,1.15229,1.1511,1.15128,1031,8,0
2026-03-18 16:00:00,1.15126,1.15178,1.1510799999999999,1.15171,837,8,0
2026-03-18 16:15:00,1.1516899999999999,1.15218,1.15113,1.15184,779,8,0
2026-03-18 16:30:00,1.15183,1.15183,1.15074,1.15109,863,8,0
2026-03-18 16:45:00,1.15109,1.15114,1.15065,1.15106,607,8,0
2026-03-18 17:00:00,1.15104,1.15118,1.15028,1.15033,645,8,0
2026-03-18 17:15:00,1.15035,1.15088,1.15023,1.15064,693,8,0
2026-03-18 17:30:00,1.15062,1.15129,1.15041,1.15113,724,8,0
2026-03-18 17:45:00,1.15112,1.15165,1.15106,1.15163,758,8,0
2026-03-18 18:00:00,1.15165,1.15249,1.15112,1.1513,1677,8,0
2026-03-18 18:15:00,1.1513,1.1513,1.15023,1.15096,1581,8,0
2026-03-18 18:30:00,1.15095,1.15115,1.14901,1.14906,2944,8,0
2026-03-18 18:45:00,1.14906,1.14926,1.14768,1.14768,1865,8,0
2026-03-18 19:00:00,1.1477,1.14824,1.14748,1.14755,1503,8,0
2026-03-18 19:15:00,1.14757,1.14785,1.147,1.14735,898,8,0
2026-03-18 19:30:00,1.14735,1.14807,1.14728,1.14755,740,8,0
2026-03-18 19:45:00,1.14753,1.14758,1.14682,1.14691,889,8,0
2026-03-18 20:00:00,1.1469,1.14702,1.14618,1.1463,525,8,0
2026-03-18 20:15:00,1.14631,1.14632,1.14516,1.1452499999999999,652,8,0
2026-03-18 20:30:00,1.14523,1.14547,1.14496,1.14547,448,8,0
2026-03-18 20:45:00,1.14548,1.14563,1.14492,1.14492,531,8,0
2026-03-18 21:00:00,1.14503,1.14506,1.14468,1.14484,184,20,0
2026-03-18 21:15:00,1.14482,1.1449799999999999,1.14466,1.1449799999999999,172,122,0
2026-03-18 21:30:00,1.1449799999999999,1.1454,1.14496,1.1454,145,192,0
2026-03-18 21:45:00,1.14541,1.14639,1.14489,1.14639,201,48,0
2026-03-18 22:00:00,1.1466,1.1466,1.14521,1.1452499999999999,569,8,0
2026-03-18 22:15:00,1.14528,1.14563,1.14507,1.14529,535,8,0
2026-03-18 22:30:00,1.14529,1.14567,1.14513,1.14557,306,8,0
2026-03-18 22:45:00,1.14558,1.14584,1.14555,1.14565,280,8,0
2026-03-18 23:00:00,1.14565,1.14606,1.14548,1.14579,476,8,0
2026-03-18 23:15:00,1.1458,1.14625,1.1457,1.14623,266,8,0
2026-03-18 23:30:00,1.14623,1.14654,1.14584,1.14591,505,8,0
2026-03-18 23:45:00,1.14594,1.14654,1.1457,1.14632,707,8,0
2026-03-19 00:00:00,1.14629,1.1469,1.14618,1.14653,669,8,0
2026-03-19 00:15:00,1.14653,1.14691,1.1463700000000001,1.14686,481,8,0
2026-03-19 00:30:00,1.14686,1.14703,1.14657,1.14665,548,8,0
2026-03-19 00:45:00,1.14665,1.14738,1.14664,1.14735,564,8,0
2026-03-19 01:00:00,1.14737,1.14781,1.14731,1.14767,561,8,0
2026-03-19 01:15:00,1.14768,1.1479300000000001,1.14748,1.14787,424,8,0
2026-03-19 01:30:00,1.14787,1.14832,1.14779,1.1480299999999999,467,8,0
2026-03-19 01:45:00,1.1480299999999999,1.14806,1.14756,1.14757,401,8,0
2026-03-19 02:00:00,1.14757,1.14893,1.14716,1.14878,1117,8,0
2026-03-19 02:15:00,1.14878,1.1491,1.14851,1.14897,488,8,0
2026-03-19 02:30:00,1.14897,1.14901,1.14873,1.14885,480,8,0
2026-03-19 02:45:00,1.14885,1.14889,1.14812,1.14819,585,8,0
2026-03-19 03:00:00,1.14819,1.14833,1.1479300000000001,1.14822,357,8,0
2026-03-19 03:15:00,1.14823,1.14828,1.14782,1.14788,296,8,0
2026-03-19 03:30:00,1.14789,1.1479,1.14751,1.1476,286,8,0
2026-03-19 03:45:00,1.1476,1.14777,1.14743,1.14745,293,8,0
2026-03-19 04:00:00,1.14743,1.14747,1.14709,1.14727,282,8,0
2026-03-19 04:15:00,1.14726,1.14735,1.14699,1.1471,338,8,0
2026-03-19 04:30:00,1.14711,1.14726,1.14667,1.14687,299,8,0
2026-03-19 04:45:00,1.14687,1.14701,1.14666,1.14686,276,8,0
2026-03-19 05:00:00,1.14687,1.14701,1.14674,1.1468099999999999,292,8,0
2026-03-19 05:15:00,1.1468099999999999,1.14707,1.14677,1.14689,237,8,0
2026-03-19 05:30:00,1.14689,1.1470799999999999,1.1463,1.14645,369,8,0
2026-03-19 05:45:00,1.14646,1.14691,1.14646,1.14656,417,8,0
2026-03-19 06:00:00,1.14659,1.14724,1.14631,1.14723,515,8,0
2026-03-19 06:15:00,1.14721,1.14763,1.14685,1.14686,552,8,0
2026-03-19 06:30:00,1.14685,1.14687,1.14616,1.14667,681,8,0
2026-03-19 06:45:00,1.14668,1.1468,1.14606,1.14649,717,8,0
2026-03-19 07:00:00,1.14652,1.14727,1.14524,1.14673,1726,8,0
2026-03-19 07:15:00,1.14676,1.1475,1.14642,1.14645,1088,8,0
2026-03-19 07:30:00,1.14648,1.14679,1.14575,1.14595,1052,8,0
2026-03-19 07:45:00,1.14597,1.14656,1.14505,1.14523,1029,8,0
2026-03-19 08:00:00,1.14521,1.14551,1.14434,1.14475,1379,8,0
2026-03-19 08:15:00,1.14475,1.14588,1.14475,1.1451500000000001,1246,8,0
2026-03-19 08:30:00,1.1451500000000001,1.1458599999999999,1.14423,1.14457,1436,8,0
2026-03-19 08:45:00,1.14457,1.14547,1.14455,1.14509,1159,8,0
2026-03-19 09:00:00,1.14507,1.14653,1.14507,1.14635,1229,8,0
2026-03-19 09:15:00,1.1463700000000001,1.14794,1.14566,1.14604,2500,8,0
2026-03-19 09:30:00,1.14603,1.14718,1.14599,1.1467100000000001,2146,8,0
2026-03-19 09:45:00,1.14668,1.14877,1.14651,1.14798,2411,8,0
2026-03-19 10:00:00,1.14795,1.14795,1.1470799999999999,1.1473200000000001,1302,8,0
2026-03-19 10:15:00,1.14734,1.1474199999999999,1.14663,1.14694,877,8,0
2026-03-19 10:30:00,1.14692,1.1473,1.14662,1.14728,848,8,0
2026-03-19 10:45:00,1.14726,1.14775,1.14709,1.14734,840,8,0
2026-03-19 11:00:00,1.1473200000000001,1.14809,1.14728,1.14785,968,8,0
2026-03-19 11:15:00,1.14784,1.14788,1.14654,1.14712,844,8,0
2026-03-19 11:30:00,1.14714,1.14729,1.1467,1.14683,759,8,0
2026-03-19 11:45:00,1.14684,1.14794,1.14674,1.1479300000000001,798,8,0
2026-03-19 12:00:00,1.1479300000000001,1.14833,1.14721,1.14744,1973,8,0
2026-03-19 12:15:00,1.14743,1.1478,1.14633,1.14656,1341,8,0
2026-03-19 12:30:00,1.14653,1.14895,1.14623,1.14849,2078,8,0
2026-03-19 12:45:00,1.14849,1.14893,1.14821,1.14869,1719,8,0
2026-03-19 13:00:00,1.14867,1.14959,1.14812,1.14883,1820,8,0
2026-03-19 13:15:00,1.14885,1.15041,1.14772,1.14812,2992,8,0
2026-03-19 13:30:00,1.14809,1.1489099999999999,1.14691,1.1482,3511,8,0
2026-03-19 13:45:00,1.14818,1.15271,1.14776,1.15172,3695,8,0
2026-03-19 14:00:00,1.15173,1.1528100000000001,1.15131,1.15134,3458,8,0
2026-03-19 14:15:00,1.1513200000000001,1.15168,1.15004,1.15044,2857,8,0
2026-03-19 14:30:00,1.15041,1.15195,1.15018,1.1513200000000001,2385,8,0
2026-03-19 14:45:00,1.15134,1.15216,1.15116,1.1516,1918,8,0
2026-03-19 15:00:00,1.15158,1.15385,1.15126,1.15299,1975,8,0
2026-03-19 15:15:00,1.15297,1.15306,1.15059,1.15102,1651,8,0
2026-03-19 15:30:00,1.15103,1.15111,1.15002,1.15018,1535,8,0
2026-03-19 15:45:00,1.1502,1.15175,1.14981,1.1514,2157,8,0
2026-03-19 16:00:00,1.15137,1.15375,1.15115,1.15265,3267,8,0
2026-03-19 16:15:00,1.15266,1.15346,1.1522999999999999,1.15329,2109,8,0
2026-03-19 16:30:00,1.15332,1.15354,1.1526399999999999,1.15334,1571,8,0
2026-03-19 16:45:00,1.15335,1.15364,1.15233,1.1535199999999999,1318,8,0
2026-03-19 17:00:00,1.15355,1.1546,1.15353,1.1543700000000001,1350,8,0
2026-03-19 17:15:00,1.1543700000000001,1.15597,1.1543700000000001,1.1556899999999999,1193,8,0
2026-03-19 17:30:00,1.15571,1.15615,1.1553499999999999,1.1559599999999999,1008,8,0
2026-03-19 17:45:00,1.15597,1.15674,1.15544,1.15599,965,8,0
2026-03-19 18:00:00,1.1559599999999999,1.15602,1.1553,1.15573,1250,8,0
2026-03-19 18:15:00,1.15576,1.15604,1.15507,1.15597,1003,8,0
2026-03-19 18:30:00,1.15597,1.15608,1.1553200000000001,1.1553200000000001,626,8,0
2026-03-19 18:45:00,1.15534,1.15838,1.1553,1.15835,975,8,0
2026-03-19 19:00:00,1.15836,1.16161,1.15821,1.16077,5215,8,0
2026-03-19 19:15:00,1.1608100000000001,1.16128,1.15827,1.15885,3387,8,0
2026-03-19 19:30:00,1.15887,1.15907,1.1581,1.1584699999999999,1861,8,0
2026-03-19 19:45:00,1.15846,1.15879,1.15768,1.15843,1272,8,0
2026-03-19 20:00:00,1.15845,1.1588,1.15814,1.15825,612,8,0
2026-03-19 20:15:00,1.15825,1.1589,1.158,1.15879,405,8,0
2026-03-19 20:30:00,1.1588,1.15883,1.15842,1.15851,297,8,0
2026-03-19 20:45:00,1.15852,1.15891,1.1584,1.15863,314,8,0
2026-03-19 21:00:00,1.15865,1.1588,1.15856,1.15876,63,20,0
2026-03-19 21:15:00,1.15876,1.15877,1.15816,1.15825,177,20,0
2026-03-19 21:30:00,1.15824,1.15855,1.15824,1.15842,236,48,0
2026-03-19 21:45:00,1.15843,1.15856,1.1581,1.15826,179,20,0
2026-03-19 22:00:00,1.15822,1.15945,1.15819,1.15875,499,8,0
2026-03-19 22:15:00,1.15876,1.15881,1.15835,1.15839,357,8,0
2026-03-19 22:30:00,1.1584,1.15842,1.15784,1.15789,377,8,0
2026-03-19 22:45:00,1.15789,1.15808,1.15768,1.15779,287,8,0
2026-03-19 23:00:00,1.15779,1.15815,1.15771,1.15782,492,8,0
2026-03-19 23:15:00,1.15781,1.15782,1.15751,1.15762,289,8,0
2026-03-19 23:30:00,1.15764,1.15782,1.15749,1.15761,340,8,0
2026-03-19 23:45:00,1.1576,1.15783,1.1574200000000001,1.15762,333,8,0
2026-03-20 00:00:00,1.15762,1.15781,1.15723,1.15753,520,8,0
2026-03-20 00:15:00,1.15753,1.15798,1.15736,1.15737,497,8,0
2026-03-20 00:30:00,1.15737,1.1574,1.15711,1.15738,409,8,0
2026-03-20 00:45:00,1.1574,1.15741,1.15708,1.15736,424,8,0
2026-03-20 01:00:00,1.15736,1.15768,1.15713,1.1574200000000001,734,8,0
2026-03-20 01:15:00,1.15744,1.15747,1.15684,1.15694,565,8,0
2026-03-20 01:30:00,1.15695,1.15708,1.15662,1.15676,414,8,0
2026-03-20 01:45:00,1.15676,1.1568,1.15632,1.15648,344,8,0
2026-03-20 02:00:00,1.15651,1.15678,1.15624,1.15656,372,8,0
2026-03-20 02:15:00,1.15656,1.15659,1.15635,1.15642,265,8,0
2026-03-20 02:30:00,1.15642,1.15669,1.15615,1.15622,351,8,0
2026-03-20 02:45:00,1.15622,1.1565400000000001,1.15617,1.15634,291,8,0
2026-03-20 03:00:00,1.15635,1.15635,1.15598,1.15599,271,8,0
2026-03-20 03:15:00,1.15599,1.15614,1.15588,1.15598,261,8,0
2026-03-20 03:30:00,1.15599,1.15599,1.15568,1.15575,223,8,0
2026-03-20 03:45:00,1.15575,1.1558,1.15561,1.15564,183,8,0
2026-03-20 04:00:00,1.15564,1.1558,1.15562,1.15575,154,8,0
2026-03-20 04:15:00,1.15574,1.15591,1.15568,1.15584,151,8,0
2026-03-20 04:30:00,1.15584,1.1559599999999999,1.15574,1.15584,171,8,0
2026-03-20 04:45:00,1.15584,1.15585,1.15548,1.15554,211,8,0
2026-03-20 05:00:00,1.15554,1.1559300000000001,1.15548,1.15588,261,8,0
2026-03-20 05:15:00,1.15588,1.15608,1.15574,1.1559,253,8,0
2026-03-20 05:30:00,1.15589,1.1559,1.15541,1.15562,317,8,0
2026-03-20 05:45:00,1.15562,1.15564,1.15522,1.15523,287,8,0
2026-03-20 06:00:00,1.15523,1.1562000000000001,1.15523,1.15605,309,8,0
2026-03-20 06:15:00,1.15606,1.15617,1.15573,1.15616,330,8,0
2026-03-20 06:30:00,1.15618,1.1566,1.15615,1.1562000000000001,528,8,0
2026-03-20 06:45:00,1.1562000000000001,1.1564,1.15581,1.15589,417,8,0
2026-03-20 07:00:00,1.15586,1.15735,1.15555,1.1571799999999999,897,8,0
2026-03-20 07:15:00,1.1572,1.15741,1.1567,1.15701,764,8,0
2026-03-20 07:30:00,1.15701,1.1571500000000001,1.15651,1.15713,872,8,0
2026-03-20 07:45:00,1.15713,1.1575,1.15675,1.15725,678,8,0
2026-03-20 08:00:00,1.15728,1.15748,1.15693,1.15739,911,8,0
2026-03-20 08:15:00,1.1574,1.1580300000000001,1.15738,1.15768,740,8,0
2026-03-20 08:30:00,1.15767,1.1578,1.15712,1.15743,856,8,0
2026-03-20 08:45:00,1.1574200000000001,1.15744,1.15673,1.15675,691,8,0
2026-03-20 09:00:00,1.15675,1.15726,1.15629,1.15678,799,8,0
2026-03-20 09:15:00,1.15678,1.15682,1.15637,1.15652,850,8,0
2026-03-20 09:30:00,1.1565400000000001,1.15666,1.1555,1.15578,888,8,0
2026-03-20 09:45:00,1.15576,1.15579,1.15473,1.15479,1337,8,0
2026-03-20 10:00:00,1.15482,1.15488,1.15348,1.15422,1178,8,0
2026-03-20 10:15:00,1.15422,1.15466,1.1541,1.15442,835,8,0
2026-03-20 10:30:00,1.15442,1.15583,1.1543,1.15577,922,8,0
2026-03-20 10:45:00,1.15574,1.15622,1.1553200000000001,1.15595,878,8,0
2026-03-20 11:00:00,1.15594,1.15692,1.15567,1.15662,895,8,0
2026-03-20 11:15:00,1.15664,1.15716,1.15648,1.15679,792,8,0
2026-03-20 11:30:00,1.1568,1.15796,1.15678,1.1578,704,8,0
2026-03-20 11:45:00,1.15781,1.15782,1.15668,1.15712,789,8,0
2026-03-20 12:00:00,1.1571500000000001,1.15787,1.15659,1.15732,1532,8,0
2026-03-20 12:15:00,1.15734,1.1577600000000001,1.15707,1.15763,952,8,0
2026-03-20 12:30:00,1.15762,1.15795,1.15656,1.15698,1404,8,0
2026-03-20 12:45:00,1.15696,1.1572,1.15618,1.15641,1169,8,0
2026-03-20 13:00:00,1.15643,1.1565400000000001,1.15531,1.15574,1098,8,0
2026-03-20 13:15:00,1.15573,1.15594,1.15527,1.15537,903,8,0
2026-03-20 13:30:00,1.15534,1.15582,1.15501,1.15579,1523,8,0
2026-03-20 13:45:00,1.15577,1.15594,1.15396,1.15409,1910,8,0
2026-03-20 14:00:00,1.15407,1.15436,1.1536,1.15367,1721,8,0
2026-03-20 14:15:00,1.15365,1.15391,1.15244,1.15258,1589,8,0
2026-03-20 14:30:00,1.1526,1.15359,1.15255,1.15329,1373,8,0
2026-03-20 14:45:00,1.15327,1.15385,1.15297,1.15344,1471,8,0
2026-03-20 15:00:00,1.15346,1.15479,1.15344,1.15473,1488,8,0
2026-03-20 15:15:00,1.15471,1.15576,1.15399,1.15455,1998,8,0
2026-03-20 15:30:00,1.15453,1.15533,1.1542,1.15454,1532,8,0
2026-03-20 15:45:00,1.15451,1.15487,1.1537600000000001,1.15417,1277,8,0
2026-03-20 16:00:00,1.15416,1.15584,1.15409,1.15568,1077,8,0
2026-03-20 16:15:00,1.15567,1.15663,1.15563,1.15583,1041,8,0
2026-03-20 16:30:00,1.15584,1.15607,1.15506,1.15579,1145,8,0
2026-03-20 16:45:00,1.15578,1.15647,1.15543,1.15592,917,8,0
2026-03-20 17:00:00,1.1559300000000001,1.15659,1.15493,1.15619,2347,8,0
2026-03-20 17:15:00,1.15619,1.15692,1.1559300000000001,1.15674,1111,8,0
2026-03-20 17:30:00,1.15673,1.15702,1.15564,1.15622,1148,8,0
2026-03-20 17:45:00,1.15622,1.1562999999999999,1.15565,1.15573,922,8,0
2026-03-20 18:00:00,1.15575,1.15618,1.15558,1.15603,932,8,0
2026-03-20 18:15:00,1.15605,1.15716,1.15475,1.15665,1906,8,0
2026-03-20 18:30:00,1.15667,1.15694,1.15586,1.15599,1217,8,0
2026-03-20 18:45:00,1.15597,1.15617,1.1547399999999999,1.15503,1076,8,0
2026-03-20 19:00:00,1.15505,1.15547,1.15465,1.15505,842,8,0
2026-03-20 19:15:00,1.15505,1.15575,1.15497,1.15525,832,8,0
2026-03-20 19:30:00,1.15525,1.15594,1.15468,1.15585,798,8,0
2026-03-20 19:45:00,1.15585,1.15616,1.15525,1.15581,942,8,0
2026-03-20 20:00:00,1.15579,1.15619,1.1557,1.15614,354,8,0
2026-03-20 20:15:00,1.15614,1.15655,1.15601,1.1564,329,8,0
2026-03-20 20:30:00,1.1564,1.15661,1.15612,1.15627,283,8,0
2026-03-20 20:45:00,1.15627,1.15714,1.15618,1.1569099999999999,626,8,0
2026-03-22 21:00:00,1.1534200000000001,1.15353,1.15338,1.1535,46,48,0
2026-03-22 21:15:00,1.1535,1.15378,1.15345,1.15362,106,48,0
2026-03-22 21:30:00,1.15363,1.15373,1.15347,1.15365,82,48,0
2026-03-22 21:45:00,1.15361,1.15392,1.15358,1.15391,90,48,0
2026-03-22 22:00:00,1.15423,1.1556,1.15404,1.15478,650,8,0
2026-03-22 22:15:00,1.15478,1.15617,1.1545,1.15584,687,8,0
2026-03-22 22:30:00,1.15586,1.15624,1.15534,1.15547,635,8,0
2026-03-22 22:45:00,1.15547,1.15594,1.15547,1.15579,409,8,0
2026-03-22 23:00:00,1.15579,1.15622,1.1556899999999999,1.15612,627,8,0
2026-03-22 23:15:00,1.15612,1.15637,1.15598,1.15632,492,8,0
2026-03-22 23:30:00,1.15632,1.15643,1.1559300000000001,1.15627,391,8,0
2026-03-22 23:45:00,1.15629,1.1564,1.15584,1.15617,541,8,0
2026-03-23 00:00:00,1.15619,1.1564,1.15542,1.15612,826,8,0
2026-03-23 00:15:00,1.15612,1.15631,1.15566,1.15576,674,8,0
2026-03-23 00:30:00,1.15575,1.15581,1.15383,1.15407,968,8,0
2026-03-23 00:45:00,1.15407,1.15469,1.15401,1.15439,928,8,0
2026-03-23 01:00:00,1.1543700000000001,1.15587,1.15436,1.15581,1055,8,0
2026-03-23 01:15:00,1.15582,1.15604,1.15548,1.15562,831,8,0
2026-03-23 01:30:00,1.15565,1.15614,1.15525,1.15594,1029,8,0
2026-03-23 01:45:00,1.15591,1.15591,1.15523,1.1554,761,8,0
2026-03-23 02:00:00,1.1554,1.1556899999999999,1.15487,1.15502,714,8,0
2026-03-23 02:15:00,1.15503,1.15543,1.15497,1.15505,568,8,0
2026-03-23 02:30:00,1.15506,1.15506,1.15428,1.15475,616,8,0
2026-03-23 02:45:00,1.1547399999999999,1.15482,1.1543,1.15464,443,8,0
2026-03-23 03:00:00,1.15465,1.15485,1.15423,1.15448,535,8,0
2026-03-23 03:15:00,1.1545,1.15487,1.15442,1.15476,360,8,0
2026-03-23 03:30:00,1.15475,1.15494,1.15462,1.15487,408,8,0
2026-03-23 03:45:00,1.15487,1.15501,1.15463,1.15468,363,8,0
2026-03-23 04:00:00,1.1547,1.15504,1.15462,1.1549,409,8,0
2026-03-23 04:15:00,1.15489,1.15513,1.15479,1.15481,286,8,0
2026-03-23 04:30:00,1.15478,1.15492,1.15453,1.15468,286,8,0
2026-03-23 04:45:00,1.15468,1.15505,1.15461,1.15503,315,8,0
2026-03-23 05:00:00,1.15503,1.1552,1.15481,1.1549,413,8,0
2026-03-23 05:15:00,1.15488,1.15488,1.15391,1.15414,431,8,0
2026-03-23 05:30:00,1.15415,1.15419,1.15364,1.15372,577,8,0
2026-03-23 05:45:00,1.15372,1.15378,1.15338,1.15338,497,8,0
2026-03-23 06:00:00,1.15336,1.1534,1.15246,1.1529,746,8,0
2026-03-23 06:15:00,1.1529099999999999,1.15302,1.1522000000000001,1.15258,806,8,0
2026-03-23 06:30:00,1.1526,1.15277,1.152,1.15207,762,8,0
2026-03-23 06:45:00,1.15209,1.15313,1.15201,1.15303,761,8,0
2026-03-23 07:00:00,1.15301,1.15369,1.15297,1.15324,1034,8,0
2026-03-23 07:15:00,1.15322,1.15326,1.15232,1.1524,1082,8,0
2026-03-23 07:30:00,1.15242,1.15399,1.15234,1.15382,1100,8,0
2026-03-23 07:45:00,1.15381,1.15387,1.15258,1.15271,1019,8,0
2026-03-23 08:00:00,1.15273,1.1537,1.15255,1.15356,1303,8,0
2026-03-23 08:15:00,1.15354,1.15449,1.1531,1.15431,1357,8,0
2026-03-23 08:30:00,1.15429,1.15457,1.15292,1.15318,1268,8,0
2026-03-23 08:45:00,1.15316,1.15356,1.15288,1.15295,1215,8,0
2026-03-23 09:00:00,1.15297,1.1534,1.15228,1.15248,1337,8,0
2026-03-23 09:15:00,1.15247,1.15248,1.15114,1.15148,974,8,0
2026-03-23 09:30:00,1.15148,1.1516899999999999,1.14977,1.1499,1042,8,0
2026-03-23 09:45:00,1.14992,1.15015,1.14907,1.14946,1163,8,0
2026-03-23 10:00:00,1.14946,1.14957,1.14872,1.1488,1109,8,0
2026-03-23 10:15:00,1.14881,1.14932,1.14848,1.14876,946,8,0
2026-03-23 10:30:00,1.14873,1.14943,1.1486,1.14903,1090,8,0
2026-03-23 10:45:00,1.14903,1.1501000000000001,1.1484,1.14855,1534,8,0
2026-03-23 11:00:00,1.14856,1.16199,1.1485400000000001,1.1565400000000001,16051,8,0
2026-03-23 11:15:00,1.15652,1.15887,1.15256,1.15608,13593,8,0
2026-03-23 11:30:00,1.15606,1.15958,1.15585,1.15799,7123,8,0
2026-03-23 11:45:00,1.15797,1.15868,1.15509,1.15561,6886,8,0
2026-03-23 12:00:00,1.15558,1.15688,1.1546,1.15554,5149,8,0
2026-03-23 12:15:00,1.15553,1.15791,1.15551,1.15717,3543,8,0
2026-03-23 12:30:00,1.15716,1.16011,1.1559,1.15998,4881,8,0
2026-03-23 12:45:00,1.15995,1.16141,1.1591,1.16121,4823,8,0
2026-03-23 13:00:00,1.16122,1.1615,1.15875,1.15911,4190,8,0
2026-03-23 13:15:00,1.15913,1.15929,1.15796,1.15869,2505,8,0
2026-03-23 13:30:00,1.1587,1.16073,1.15798,1.15906,5141,8,0
2026-03-23 13:45:00,1.15905,1.16065,1.15887,1.15993,4049,8,0
2026-03-23 14:00:00,1.15995,1.16107,1.15927,1.16006,4003,8,0
2026-03-23 14:15:00,1.16008,1.16308,1.15981,1.16257,3142,8,0
2026-03-23 14:30:00,1.16255,1.16395,1.16197,1.16253,3468,8,0
2026-03-23 14:45:00,1.16255,1.16289,1.16149,1.1615,3271,8,0
2026-03-23 15:00:00,1.16147,1.16308,1.16145,1.16219,2787,8,0
2026-03-23 15:15:00,1.16222,1.16232,1.16069,1.1609099999999999,2519,8,0
2026-03-23 15:30:00,1.16089,1.16116,1.15983,1.16002,2435,8,0
2026-03-23 15:45:00,1.16,1.16013,1.1582,1.15858,3414,8,0
2026-03-23 16:00:00,1.15856,1.15918,1.15772,1.15853,2681,8,0
2026-03-23 16:15:00,1.15854,1.15854,1.15762,1.15784,2323,8,0
2026-03-23 16:30:00,1.15783,1.15934,1.15775,1.15929,2090,8,0
2026-03-23 16:45:00,1.15929,1.16002,1.15872,1.15906,1885,8,0
2026-03-23 17:00:00,1.1590799999999999,1.15997,1.15861,1.1595,1914,8,0
2026-03-23 17:15:00,1.1595,1.16012,1.159,1.16,1751,8,0
2026-03-23 17:30:00,1.15998,1.16093,1.15979,1.15979,1445,8,0
2026-03-23 17:45:00,1.1598,1.16041,1.1592500000000001,1.16014,1140,8,0
2026-03-23 18:00:00,1.16014,1.1608,1.15914,1.1605,1993,8,0
2026-03-23 18:15:00,1.16049,1.16128,1.16,1.16119,1292,8,0
2026-03-23 18:30:00,1.16121,1.16344,1.16121,1.16283,1830,8,0
2026-03-23 18:45:00,1.16282,1.16371,1.16262,1.16348,1342,8,0
2026-03-23 19:00:00,1.16345,1.1635,1.16241,1.16247,994,8,0
2026-03-23 19:15:00,1.16248,1.1626,1.16166,1.16174,910,8,0
2026-03-23 19:30:00,1.16174,1.16191,1.16126,1.16161,694,8,0
2026-03-23 19:45:00,1.16162,1.1618,1.16123,1.1613,709,8,0
2026-03-23 20:00:00,1.16128,1.16149,1.16104,1.1614200000000001,448,8,0
2026-03-23 20:15:00,1.1614200000000001,1.16149,1.161,1.16101,277,8,0
2026-03-23 20:30:00,1.16101,1.16128,1.16094,1.16128,288,8,0
2026-03-23 20:45:00,1.16127,1.16134,1.1608100000000001,1.16082,294,8,0
2026-03-23 21:00:00,1.16083,1.16098,1.16083,1.1609099999999999,121,48,0
2026-03-23 21:15:00,1.16087,1.16094,1.16076,1.1608100000000001,118,67,0
2026-03-23 21:30:00,1.1608100000000001,1.16116,1.1607,1.16111,121,48,0
2026-03-23 21:45:00,1.16111,1.16138,1.16079,1.16138,147,20,0
2026-03-23 22:00:00,1.16146,1.1615199999999999,1.1608,1.16145,375,8,0
2026-03-23 22:15:00,1.16145,1.16153,1.16114,1.1615,298,8,0
2026-03-23 22:30:00,1.1615,1.1615,1.1610800000000001,1.16109,259,8,0
2026-03-23 22:45:00,1.16109,1.16173,1.16098,1.1614200000000001,468,8,0
2026-03-23 23:00:00,1.16143,1.16158,1.16106,1.16114,418,8,0
2026-03-23 23:15:00,1.16113,1.16137,1.16107,1.1611799999999999,361,8,0
2026-03-23 23:30:00,1.16117,1.1612,1.16083,1.1611,320,8,0
2026-03-23 23:45:00,1.16109,1.16114,1.16055,1.16078,572,8,0
2026-03-24 00:00:00,1.16079,1.16083,1.15933,1.1593499999999999,844,8,0
2026-03-24 00:15:00,1.15936,1.15971,1.15892,1.15941,840,8,0
2026-03-24 00:30:00,1.15942,1.1596,1.15807,1.15842,1695,8,0
2026-03-24 00:45:00,1.15844,1.15928,1.15838,1.15881,1146,8,0
2026-03-24 01:00:00,1.15882,1.15955,1.15859,1.15941,1198,8,0
2026-03-24 01:15:00,1.1594,1.1594,1.15866,1.15883,1001,8,0
2026-03-24 01:30:00,1.15882,1.15893,1.15801,1.15805,833,8,0
2026-03-24 01:45:00,1.1580300000000001,1.1586,1.1578,1.15843,694,8,0
2026-03-24 02:00:00,1.15846,1.15866,1.15824,1.1584,793,8,0
2026-03-24 02:15:00,1.1584,1.15904,1.15827,1.15902,695,8,0
2026-03-24 02:30:00,1.15903,1.15922,1.15872,1.15896,620,8,0
2026-03-24 02:45:00,1.15896,1.1591,1.15826,1.15853,664,8,0
2026-03-24 03:00:00,1.15854,1.15873,1.15809,1.15862,609,8,0
2026-03-24 03:15:00,1.15861,1.15889,1.15859,1.15882,389,8,0
2026-03-24 03:30:00,1.15882,1.15883,1.15819,1.15834,480,8,0
2026-03-24 03:45:00,1.15832,1.1584699999999999,1.1581299999999999,1.15827,430,8,0
2026-03-24 04:00:00,1.15827,1.15831,1.15774,1.15783,366,8,0
2026-03-24 04:15:00,1.15783,1.15783,1.15754,1.15766,344,8,0
2026-03-24 04:30:00,1.15767,1.15797,1.15757,1.15791,357,8,0
2026-03-24 04:45:00,1.15791,1.15825,1.15786,1.15799,297,8,0
2026-03-24 05:00:00,1.15799,1.15809,1.15755,1.15786,600,8,0
2026-03-24 05:15:00,1.15786,1.15845,1.15786,1.1581,774,8,0
2026-03-24 05:30:00,1.15812,1.15869,1.15797,1.15863,630,8,0
2026-03-24 05:45:00,1.15863,1.15888,1.15823,1.15834,555,8,0
2026-03-24 06:00:00,1.15834,1.15886,1.15787,1.15814,914,8,0
2026-03-24 06:15:00,1.1581299999999999,1.1586,1.1579,1.15828,706,8,0
2026-03-24 06:30:00,1.15825,1.15841,1.15797,1.15826,808,8,0
2026-03-24 06:45:00,1.15826,1.1592,1.15798,1.15913,840,8,0
2026-03-24 07:00:00,1.15911,1.16173,1.15885,1.16146,1508,8,0
2026-03-24 07:15:00,1.16144,1.16144,1.1602999999999999,1.1602999999999999,1299,8,0
2026-03-24 07:30:00,1.16033,1.16093,1.15962,1.16078,1392,8,0
2026-03-24 07:45:00,1.16077,1.16086,1.16004,1.16083,1108,8,0
2026-03-24 08:00:00,1.1608100000000001,1.1609099999999999,1.15992,1.16004,1630,8,0
2026-03-24 08:15:00,1.15995,1.16042,1.15907,1.15919,1236,8,0
2026-03-24 08:30:00,1.1592500000000001,1.1597,1.1590799999999999,1.15948,1099,8,0
2026-03-24 08:45:00,1.1595,1.15984,1.1581299999999999,1.15879,1788,8,0
2026-03-24 09:00:00,1.15881,1.1593499999999999,1.15809,1.15823,1406,8,0
2026-03-24 09:15:00,1.15823,1.15871,1.15784,1.1584699999999999,1016,8,0
2026-03-24 09:30:00,1.15845,1.1595,1.15835,1.15939,898,8,0
2026-03-24 09:45:00,1.15939,1.15967,1.15902,1.15945,792,8,0
2026-03-24 10:00:00,1.15945,1.15962,1.15888,1.15924,919,8,0
2026-03-24 10:15:00,1.15923,1.15956,1.15868,1.15882,829,8,0
2026-03-24 10:30:00,1.15884,1.15897,1.15842,1.15891,906,8,0
2026-03-24 10:45:00,1.1589,1.15918,1.15828,1.15917,863,8,0
2026-03-24 11:00:00,1.15915,1.16004,1.1587,1.15968,1126,8,0
2026-03-24 11:15:00,1.15968,1.15968,1.1589800000000001,1.15938,734,8,0
2026-03-24 11:30:00,1.1593499999999999,1.1597,1.159,1.15945,856,8,0
2026-03-24 11:45:00,1.15948,1.15956,1.15786,1.15887,1452,8,0
2026-03-24 12:00:00,1.15889,1.15934,1.15862,1.15886,1150,8,0
2026-03-24 12:15:00,1.15885,1.15939,1.15836,1.15923,1045,8,0
2026-03-24 12:30:00,1.15921,1.15933,1.15808,1.15816,1092,8,0
2026-03-24 12:45:00,1.15817,1.1599,1.15817,1.15846,1613,8,0
2026-03-24 13:00:00,1.15844,1.15903,1.15676,1.15767,2508,8,0
2026-03-24 13:15:00,1.15769,1.15791,1.15695,1.15703,1572,8,0
2026-03-24 13:30:00,1.15701,1.15751,1.15671,1.15689,2145,8,0
2026-03-24 13:45:00,1.15692,1.15782,1.1567,1.15772,1574,8,0
2026-03-24 14:00:00,1.15773,1.15924,1.1577,1.1588,1664,8,0
2026-03-24 14:15:00,1.15881,1.15958,1.15863,1.15932,1391,8,0
2026-03-24 14:30:00,1.15932,1.15954,1.1587,1.15917,1336,8,0
2026-03-24 14:45:00,1.15917,1.16067,1.15798,1.15891,4263,8,0
2026-03-24 15:00:00,1.15893,1.15953,1.1584,1.15884,2592,8,0
2026-03-24 15:15:00,1.15885,1.1595900000000001,1.15836,1.15931,1256,8,0
2026-03-24 15:30:00,1.1593,1.1596899999999999,1.1586,1.15878,1244,8,0
2026-03-24 15:45:00,1.15877,1.15879,1.15753,1.15774,1206,8,0
2026-03-24 16:00:00,1.15772,1.15852,1.15736,1.1584,1230,8,0
2026-03-24 16:15:00,1.15843,1.15917,1.15841,1.15904,927,8,0
2026-03-24 16:30:00,1.159,1.15922,1.15812,1.1586400000000001,873,8,0
2026-03-24 16:45:00,1.15866,1.15884,1.15824,1.15825,873,8,0
2026-03-24 17:00:00,1.15824,1.15831,1.15568,1.15635,2823,8,0
2026-03-24 17:15:00,1.15635,1.15721,1.15623,1.15704,1746,8,0
2026-03-24 17:30:00,1.15702,1.15745,1.15662,1.15675,1160,8,0
2026-03-24 17:45:00,1.15673,1.15835,1.15647,1.15758,2680,8,0
2026-03-24 18:00:00,1.15755,1.15804,1.15673,1.15714,1424,8,0
2026-03-24 18:15:00,1.15716,1.1579,1.1569,1.15788,1427,8,0
2026-03-24 18:30:00,1.15789,1.1592,1.15768,1.15853,1364,8,0
2026-03-24 18:45:00,1.15853,1.15863,1.15785,1.15819,944,8,0
2026-03-24 19:00:00,1.15818,1.15923,1.15818,1.15903,785,8,0
2026-03-24 19:15:00,1.15902,1.1591,1.15871,1.15876,653,8,0
2026-03-24 19:30:00,1.1587399999999999,1.15878,1.1583700000000001,1.15858,651,8,0
2026-03-24 19:45:00,1.15859,1.15877,1.15841,1.15851,550,8,0
2026-03-24 20:00:00,1.15849,1.15859,1.15826,1.15833,301,8,0
2026-03-24 20:15:00,1.15834,1.1628,1.15834,1.16062,3593,8,0
2026-03-24 20:30:00,1.1606,1.1615199999999999,1.16002,1.16048,2563,8,0
2026-03-24 20:45:00,1.1605,1.16093,1.15991,1.16049,1263,8,0
2026-03-24 21:00:00,1.16046,1.16065,1.16016,1.16016,118,20,0
2026-03-24 21:15:00,1.16017,1.16033,1.15989,1.16026,185,56,0
2026-03-24 21:30:00,1.16024,1.16045,1.16024,1.16045,189,48,0
2026-03-24 21:45:00,1.16043,1.16101,1.16043,1.16093,177,20,0
2026-03-24 22:00:00,1.16106,1.16188,1.16087,1.16116,470,8,0
2026-03-24 22:15:00,1.16116,1.16124,1.16042,1.1610800000000001,531,8,0
2026-03-24 22:30:00,1.16105,1.16136,1.16092,1.16128,433,8,0
2026-03-24 22:45:00,1.16129,1.16156,1.16116,1.16137,379,8,0
2026-03-24 23:00:00,1.16135,1.16154,1.16083,1.1611799999999999,611,8,0
2026-03-24 23:15:00,1.16119,1.16178,1.16095,1.16176,432,8,0
2026-03-24 23:30:00,1.16176,1.16176,1.16113,1.16116,498,8,0
2026-03-24 23:45:00,1.16116,1.16147,1.16102,1.16132,329,8,0
2026-03-25 00:00:00,1.16134,1.1627,1.16121,1.16241,1097,8,0
2026-03-25 00:15:00,1.16239,1.16247,1.16168,1.162,877,8,0
2026-03-25 00:30:00,1.16199,1.16306,1.1613,1.16277,1121,8,0
2026-03-25 00:45:00,1.16278,1.16293,1.16229,1.16231,717,8,0
2026-03-25 01:00:00,1.1623,1.16238,1.16173,1.16177,1053,8,0
2026-03-25 01:15:00,1.1618,1.1623999999999999,1.1618,1.16193,656,8,0
2026-03-25 01:30:00,1.16194,1.16234,1.16165,1.16182,710,8,0
2026-03-25 01:45:00,1.1618,1.162,1.16117,1.16117,601,8,0
2026-03-25 02:00:00,1.1611799999999999,1.16128,1.16042,1.16059,615,8,0
2026-03-25 02:15:00,1.16059,1.16087,1.16043,1.16071,555,8,0
2026-03-25 02:30:00,1.16071,1.16075,1.16038,1.16063,438,8,0
2026-03-25 02:45:00,1.16063,1.1608100000000001,1.16009,1.16039,488,8,0
2026-03-25 03:00:00,1.16039,1.16053,1.16014,1.16026,436,8,0
2026-03-25 03:15:00,1.16025,1.16054,1.16013,1.1602000000000001,322,8,0
2026-03-25 03:30:00,1.1602000000000001,1.16045,1.16004,1.16033,360,8,0
2026-03-25 03:45:00,1.16033,1.16042,1.16022,1.16036,249,8,0
2026-03-25 04:00:00,1.16033,1.16033,1.15978,1.16002,364,8,0
2026-03-25 04:15:00,1.16002,1.16038,1.15993,1.16024,259,8,0
2026-03-25 04:30:00,1.16024,1.16034,1.1598600000000001,1.15988,377,8,0
2026-03-25 04:45:00,1.15988,1.15991,1.1597,1.15976,317,8,0
2026-03-25 05:00:00,1.15976,1.15976,1.15937,1.1595900000000001,342,8,0
2026-03-25 05:15:00,1.1595900000000001,1.1595900000000001,1.1592,1.15943,356,8,0
2026-03-25 05:30:00,1.15944,1.1598,1.15943,1.15956,419,8,0
2026-03-25 05:45:00,1.15956,1.15956,1.15887,1.15919,493,8,0
2026-03-25 06:00:00,1.15918,1.15943,1.15867,1.15888,620,8,0
2026-03-25 06:15:00,1.15888,1.15934,1.15886,1.1590799999999999,438,8,0
2026-03-25 06:30:00,1.15909,1.15963,1.15906,1.15938,387,8,0
2026-03-25 06:45:00,1.15939,1.15994,1.15919,1.1596,459,8,0
2026-03-25 07:00:00,1.15958,1.16022,1.15949,1.1601,693,8,0
2026-03-25 07:15:00,1.16012,1.1605,1.15966,1.16005,794,8,0
2026-03-25 07:30:00,1.16006,1.1601,1.1588,1.15949,885,8,0
2026-03-25 07:45:00,1.15949,1.16029,1.15949,1.15974,859,8,0
2026-03-25 08:00:00,1.15973,1.16079,1.15902,1.16059,1657,8,0
2026-03-25 08:15:00,1.16061,1.16155,1.16037,1.16134,1190,8,0
2026-03-25 08:30:00,1.16132,1.16163,1.16055,1.16114,1530,8,0
2026-03-25 08:45:00,1.16115,1.16146,1.16016,1.16025,1035,8,0
2026-03-25 09:00:00,1.16024,1.16089,1.16007,1.16042,901,8,0
2026-03-25 09:15:00,1.1604,1.16045,1.15956,1.15968,826,8,0
2026-03-25 09:30:00,1.1597,1.1598600000000001,1.15911,1.15956,785,8,0
2026-03-25 09:45:00,1.15956,1.16013,1.15909,1.1598600000000001,953,8,0
2026-03-25 10:00:00,1.1598600000000001,1.16051,1.1598600000000001,1.1601,868,8,0
2026-03-25 10:15:00,1.16008,1.1602999999999999,1.15963,1.15967,676,8,0
2026-03-25 10:30:00,1.15968,1.16021,1.15955,1.15963,589,8,0
2026-03-25 10:45:00,1.15962,1.16051,1.1596,1.16037,680,8,0
2026-03-25 11:00:00,1.16039,1.16111,1.16039,1.16044,694,8,0
2026-03-25 11:15:00,1.16045,1.16088,1.16022,1.1605699999999999,576,8,0
2026-03-25 11:30:00,1.16059,1.16065,1.16017,1.16062,540,8,0
2026-03-25 11:45:00,1.16062,1.16068,1.15938,1.16051,1713,8,0
2026-03-25 12:00:00,1.16053,1.16131,1.16053,1.16097,1003,8,0
2026-03-25 12:15:00,1.16099,1.16107,1.1587399999999999,1.15952,2430,8,0
2026-03-25 12:30:00,1.1595,1.15977,1.15902,1.15913,1391,8,0
2026-03-25 12:45:00,1.15915,1.1592500000000001,1.15861,1.15911,926,8,0
2026-03-25 13:00:00,1.15912,1.15984,1.1586400000000001,1.15899,1566,8,0
2026-03-25 13:15:00,1.15896,1.15904,1.15836,1.1584,927,8,0
2026-03-25 13:30:00,1.15841,1.15881,1.15782,1.158,1556,8,0
2026-03-25 13:45:00,1.15801,1.1581,1.15713,1.15725,1331,8,0
2026-03-25 14:00:00,1.15726,1.15763,1.15661,1.15762,1620,8,0
2026-03-25 14:15:00,1.15762,1.15825,1.1571799999999999,1.15809,1799,8,0
2026-03-25 14:30:00,1.1581,1.15853,1.15769,1.15779,1154,8,0
2026-03-25 14:45:00,1.15777,1.1587399999999999,1.15772,1.15854,941,8,0
2026-03-25 15:00:00,1.15856,1.15888,1.15744,1.1575,1124,8,0
2026-03-25 15:15:00,1.15747,1.15766,1.15653,1.15744,1731,8,0
2026-03-25 15:30:00,1.15745,1.15775,1.15649,1.15676,1132,8,0
2026-03-25 15:45:00,1.15677,1.15702,1.15625,1.15695,1163,8,0
2026-03-25 16:00:00,1.15695,1.1573,1.15549,1.15613,1280,8,0
2026-03-25 16:15:00,1.15614,1.15763,1.15581,1.15711,1654,8,0
2026-03-25 16:30:00,1.15712,1.15725,1.1568100000000001,1.15706,1064,8,0
2026-03-25 16:45:00,1.15706,1.15722,1.1567,1.15673,704,8,0
2026-03-25 17:00:00,1.15671,1.15724,1.15643,1.15698,997,8,0
2026-03-25 17:15:00,1.15699,1.15764,1.15677,1.15754,721,8,0
2026-03-25 17:30:00,1.15756,1.15835,1.15736,1.15802,811,8,0
2026-03-25 17:45:00,1.15802,1.1583,1.1574200000000001,1.1578,994,8,0
2026-03-25 18:00:00,1.15782,1.15807,1.15751,1.1578,751,8,0
2026-03-25 18:15:00,1.15781,1.15807,1.15771,1.1578,568,8,0
2026-03-25 18:30:00,1.1578,1.15797,1.157,1.15703,538,8,0
2026-03-25 18:45:00,1.15701,1.1571,1.15604,1.15659,854,8,0
2026-03-25 19:00:00,1.1565699999999999,1.1565699999999999,1.15587,1.15605,727,8,0
2026-03-25 19:15:00,1.15604,1.1566,1.15601,1.15629,599,8,0
2026-03-25 19:30:00,1.15629,1.15662,1.1561,1.15644,463,8,0
2026-03-25 19:45:00,1.15644,1.1565,1.15614,1.15629,512,8,0
2026-03-25 20:00:00,1.1562999999999999,1.15632,1.15591,1.15597,318,8,0
2026-03-25 20:15:00,1.15597,1.15597,1.15566,1.15566,150,8,0
2026-03-25 20:30:00,1.15567,1.15592,1.15556,1.15582,259,8,0
2026-03-25 20:45:00,1.1558,1.15594,1.15557,1.15579,237,8,0
2026-03-25 21:00:00,1.15579,1.15586,1.15562,1.15576,76,20,0
2026-03-25 21:15:00,1.15579,1.15583,1.15567,1.15576,124,50,0
2026-03-25 21:30:00,1.15575,1.15604,1.15575,1.15583,118,20,0
2026-03-25 21:45:00,1.15582,1.15603,1.1557,1.15603,143,8,0
2026-03-25 22:00:00,1.15601,1.15606,1.15574,1.15575,209,8,0
2026-03-25 22:15:00,1.15576,1.1558,1.15551,1.15579,123,8,0
2026-03-25 22:30:00,1.15579,1.15618,1.15577,1.15617,145,8,0
2026-03-25 22:45:00,1.15617,1.15623,1.15597,1.15599,154,8,0
2026-03-25 23:00:00,1.15601,1.15611,1.15591,1.15608,245,8,0
2026-03-25 23:15:00,1.15609,1.15615,1.15591,1.15613,166,8,0
2026-03-25 23:30:00,1.15613,1.15614,1.15586,1.1559300000000001,182,8,0
2026-03-25 23:45:00,1.15594,1.15618,1.15586,1.15612,210,8,0
2026-03-26 00:00:00,1.15612,1.15643,1.15604,1.15637,465,8,0
2026-03-26 00:15:00,1.15636,1.15643,1.15599,1.15603,424,8,0
2026-03-26 00:30:00,1.15601,1.15608,1.15544,1.15544,323,8,0
2026-03-26 00:45:00,1.15544,1.15586,1.15534,1.15577,436,8,0
2026-03-26 01:00:00,1.15576,1.15653,1.15576,1.1562999999999999,552,8,0
2026-03-26 01:15:00,1.1562999999999999,1.15643,1.15604,1.15642,364,8,0
2026-03-26 01:30:00,1.1564,1.15667,1.15634,1.1565,375,8,0
2026-03-26 01:45:00,1.1565,1.15665,1.15624,1.15641,343,8,0
2026-03-26 02:00:00,1.15641,1.1565,1.15616,1.1562000000000001,306,8,0
2026-03-26 02:15:00,1.1562000000000001,1.15655,1.15617,1.15625,277,8,0
2026-03-26 02:30:00,1.15623,1.15626,1.15544,1.1558,440,8,0
2026-03-26 02:45:00,1.15582,1.15604,1.15574,1.15586,322,8,0
2026-03-26 03:00:00,1.15585,1.15631,1.15574,1.1562999999999999,296,8,0
2026-03-26 03:15:00,1.15629,1.15675,1.15614,1.1567,335,8,0
2026-03-26 03:30:00,1.1567,1.1569099999999999,1.15667,1.1567,315,8,0
2026-03-26 03:45:00,1.15669,1.15684,1.1566,1.15684,240,8,0
2026-03-26 04:00:00,1.15682,1.15692,1.15669,1.15689,227,8,0
2026-03-26 04:15:00,1.15689,1.15707,1.15687,1.15704,215,8,0
2026-03-26 04:30:00,1.15707,1.15719,1.15693,1.15705,142,8,0
2026-03-26 04:45:00,1.15705,1.15713,1.1568100000000001,1.15688,252,8,0
2026-03-26 05:00:00,1.1569099999999999,1.15695,1.15677,1.15683,324,8,0
2026-03-26 05:15:00,1.15684,1.15685,1.15613,1.15649,335,8,0
2026-03-26 05:30:00,1.15651,1.1566,1.15624,1.15636,415,8,0
2026-03-26 05:45:00,1.15633,1.15633,1.15573,1.15576,424,8,0
2026-03-26 06:00:00,1.15574,1.15602,1.1554,1.15541,509,8,0
2026-03-26 06:15:00,1.15541,1.156,1.15528,1.15589,486,8,0
2026-03-26 06:30:00,1.15591,1.15606,1.15514,1.15546,524,8,0
2026-03-26 06:45:00,1.15545,1.15666,1.15545,1.1566,539,8,0
2026-03-26 07:00:00,1.15661,1.15663,1.15541,1.15586,798,8,0
2026-03-26 07:15:00,1.15587,1.15619,1.15541,1.15581,645,8,0
2026-03-26 07:30:00,1.1558,1.1559599999999999,1.15522,1.15545,656,8,0
2026-03-26 07:45:00,1.15544,1.15563,1.15502,1.15531,655,8,0
2026-03-26 08:00:00,1.1553200000000001,1.1553499999999999,1.15471,1.15524,885,8,0
2026-03-26 08:15:00,1.15526,1.15592,1.15519,1.15527,688,8,0
2026-03-26 08:30:00,1.15526,1.156,1.15517,1.15562,733,8,0
2026-03-26 08:45:00,1.15562,1.15608,1.1556,1.15594,612,8,0
2026-03-26 09:00:00,1.15594,1.15645,1.15564,1.15604,812,8,0
2026-03-26 09:15:00,1.15602,1.15606,1.15522,1.15571,675,8,0
2026-03-26 09:30:00,1.1556899999999999,1.15599,1.1553,1.15538,873,8,0
2026-03-26 09:45:00,1.15538,1.15599,1.15533,1.15592,635,8,0
2026-03-26 10:00:00,1.15594,1.15647,1.1555900000000001,1.15627,755,8,0
2026-03-26 10:15:00,1.15626,1.15643,1.15607,1.15612,567,8,0
2026-03-26 10:30:00,1.1561,1.15634,1.1558,1.15583,661,8,0
2026-03-26 10:45:00,1.15585,1.15601,1.15542,1.1556899999999999,554,8,0
2026-03-26 11:00:00,1.15571,1.15583,1.15507,1.15511,523,8,0
2026-03-26 11:15:00,1.15511,1.15523,1.15427,1.15435,478,8,0
2026-03-26 11:30:00,1.15435,1.15444,1.15318,1.15331,621,8,0
2026-03-26 11:45:00,1.15331,1.15339,1.15229,1.15239,764,8,0
2026-03-26 12:00:00,1.15242,1.15334,1.15219,1.15314,913,8,0
2026-03-26 12:15:00,1.15313,1.15346,1.15295,1.15333,706,8,0
2026-03-26 12:30:00,1.15333,1.15341,1.1526399999999999,1.15267,938,8,0
2026-03-26 12:45:00,1.1527,1.15351,1.15269,1.15346,793,8,0
2026-03-26 13:00:00,1.15349,1.15406,1.15343,1.15396,892,8,0
2026-03-26 13:15:00,1.15397,1.1544,1.15391,1.15421,778,8,0
2026-03-26 13:30:00,1.15419,1.15491,1.15367,1.15491,1368,8,0
2026-03-26 13:45:00,1.15493,1.15522,1.15357,1.15418,1641,8,0
2026-03-26 14:00:00,1.1542,1.1544,1.15366,1.15425,1385,8,0
2026-03-26 14:15:00,1.15424,1.15511,1.15395,1.15476,1102,8,0
2026-03-26 14:30:00,1.15477,1.15546,1.15409,1.1543,1894,8,0
2026-03-26 14:45:00,1.15428,1.15513,1.1540300000000001,1.15469,1731,8,0
2026-03-26 15:00:00,1.15472,1.1551,1.15439,1.15464,1424,8,0
2026-03-26 15:15:00,1.15467,1.15489,1.15424,1.15435,991,8,0
2026-03-26 15:30:00,1.15434,1.15442,1.15309,1.15327,939,8,0
2026-03-26 15:45:00,1.15328,1.15426,1.15321,1.15409,1436,8,0
2026-03-26 16:00:00,1.15409,1.15429,1.15366,1.15418,943,8,0
2026-03-26 16:15:00,1.15418,1.15423,1.15307,1.15346,910,8,0
2026-03-26 16:30:00,1.15345,1.15371,1.15311,1.15366,717,8,0
2026-03-26 16:45:00,1.15366,1.15389,1.1535,1.15353,641,8,0
2026-03-26 17:00:00,1.15353,1.15365,1.1532,1.15333,709,8,0
2026-03-26 17:15:00,1.15333,1.15358,1.15308,1.15338,620,8,0
2026-03-26 17:30:00,1.15339,1.15373,1.15269,1.1528100000000001,710,8,0
2026-03-26 17:45:00,1.15279,1.15284,1.15251,1.15256,512,8,0
2026-03-26 18:00:00,1.1525400000000001,1.15313,1.15246,1.15305,540,8,0
2026-03-26 18:15:00,1.15302,1.15308,1.15263,1.15274,495,8,0
2026-03-26 18:30:00,1.15272,1.15328,1.1527,1.15327,455,8,0
2026-03-26 18:45:00,1.15327,1.15336,1.15309,1.15335,374,8,0
2026-03-26 19:00:00,1.15335,1.15341,1.15231,1.15243,516,8,0
2026-03-26 19:15:00,1.15243,1.15273,1.15225,1.15235,422,8,0
2026-03-26 19:30:00,1.15235,1.15282,1.15224,1.15235,431,8,0
2026-03-26 19:45:00,1.15235,1.15244,1.15212,1.15215,463,8,0
2026-03-26 20:00:00,1.15214,1.15586,1.15191,1.15464,3789,8,0
2026-03-26 20:15:00,1.15464,1.15484,1.15301,1.15335,2432,8,0
2026-03-26 20:30:00,1.15334,1.15383,1.15324,1.15324,716,8,0
2026-03-26 20:45:00,1.15324,1.15333,1.15263,1.15263,471,8,0
2026-03-26 21:00:00,1.15263,1.1528100000000001,1.15253,1.15253,154,48,0
2026-03-26 21:15:00,1.1525400000000001,1.15282,1.15252,1.1527,204,52,0
2026-03-26 21:30:00,1.15269,1.15295,1.15268,1.15292,191,56,0
2026-03-26 21:45:00,1.1529099999999999,1.15337,1.1528,1.15307,149,20,0
2026-03-26 22:00:00,1.15326,1.154,1.15314,1.15361,363,8,0
2026-03-26 22:15:00,1.15361,1.15382,1.15349,1.15356,179,8,0
2026-03-26 22:30:00,1.15356,1.15387,1.15356,1.15384,216,8,0
2026-03-26 22:45:00,1.15384,1.15392,1.1537600000000001,1.15381,217,8,0
2026-03-26 23:00:00,1.1538,1.15389,1.15369,1.1537,235,8,0
2026-03-26 23:15:00,1.15371,1.15383,1.15368,1.15378,177,8,0
2026-03-26 23:30:00,1.15378,1.15396,1.1535199999999999,1.15358,165,8,0
2026-03-26 23:45:00,1.15358,1.15364,1.15335,1.1534200000000001,192,8,0
2026-03-27 00:00:00,1.1534200000000001,1.15378,1.1532,1.15322,482,8,0
2026-03-27 00:15:00,1.15322,1.1534200000000001,1.15241,1.15267,779,8,0
2026-03-27 00:30:00,1.15269,1.15298,1.15261,1.1528100000000001,486,8,0
2026-03-27 00:45:00,1.15279,1.1531,1.1524,1.15301,609,8,0
2026-03-27 01:00:00,1.15301,1.15341,1.15293,1.15328,572,8,0
2026-03-27 01:15:00,1.1533,1.15361,1.15319,1.15359,418,8,0
2026-03-27 01:30:00,1.15358,1.15399,1.15356,1.15377,383,8,0
2026-03-27 01:45:00,1.15377,1.15405,1.15358,1.15394,417,8,0
2026-03-27 02:00:00,1.15396,1.15423,1.15372,1.15378,370,8,0
2026-03-27 02:15:00,1.15378,1.15388,1.15359,1.1538599999999999,298,8,0
2026-03-27 02:30:00,1.1538599999999999,1.15409,1.15377,1.15401,313,8,0
2026-03-27 02:45:00,1.15402,1.15417,1.15378,1.1538,259,8,0
2026-03-27 03:00:00,1.15381,1.15398,1.15346,1.15357,315,8,0
2026-03-27 03:15:00,1.15357,1.15359,1.15337,1.15348,239,8,0
2026-03-27 03:30:00,1.15348,1.15396,1.15348,1.15382,291,8,0
2026-03-27 03:45:00,1.15381,1.15389,1.15367,1.15389,228,8,0
2026-03-27 04:00:00,1.15388,1.15399,1.15366,1.15391,249,8,0
2026-03-27 04:15:00,1.15391,1.1540300000000001,1.15381,1.15394,235,8,0
2026-03-27 04:30:00,1.15394,1.15423,1.15385,1.15422,191,8,0
2026-03-27 04:45:00,1.15422,1.15435,1.15409,1.15423,225,8,0
2026-03-27 05:00:00,1.15423,1.15453,1.1541,1.15449,330,8,0
2026-03-27 05:15:00,1.1544699999999999,1.15453,1.15395,1.15401,351,8,0
2026-03-27 05:30:00,1.1540300000000001,1.15426,1.1537,1.15424,408,8,0
2026-03-27 05:45:00,1.15426,1.15459,1.15398,1.15407,398,8,0
2026-03-27 06:00:00,1.15406,1.15436,1.15385,1.1543,521,8,0
2026-03-27 06:15:00,1.1543,1.15436,1.15378,1.15391,343,8,0
2026-03-27 06:30:00,1.15393,1.15397,1.15355,1.1538,269,8,0
2026-03-27 06:45:00,1.15378,1.1538,1.15337,1.15343,405,8,0
2026-03-27 07:00:00,1.15343,1.15347,1.15293,1.15306,569,8,0
2026-03-27 07:15:00,1.15303,1.1531,1.15224,1.15229,492,8,0
2026-03-27 07:30:00,1.1522999999999999,1.15247,1.15205,1.15211,557,8,0
2026-03-27 07:45:00,1.15211,1.15261,1.15164,1.15186,597,8,0
2026-03-27 08:00:00,1.15183,1.15223,1.15151,1.15201,885,8,0
2026-03-27 08:15:00,1.15201,1.15222,1.15164,1.1522000000000001,731,8,0
2026-03-27 08:30:00,1.15218,1.15248,1.1518,1.15231,782,8,0
2026-03-27 08:45:00,1.1522999999999999,1.15239,1.15194,1.15202,551,8,0
2026-03-27 09:00:00,1.152,1.15217,1.15141,1.15183,713,8,0
2026-03-27 09:15:00,1.15184,1.15237,1.15175,1.15222,650,8,0
2026-03-27 09:30:00,1.15223,1.15258,1.15192,1.15211,574,8,0
2026-03-27 09:45:00,1.15211,1.15211,1.15172,1.15189,542,8,0
2026-03-27 10:00:00,1.15189,1.1524,1.15179,1.15201,613,8,0
2026-03-27 10:15:00,1.1520299999999999,1.15257,1.15178,1.15247,541,8,0
2026-03-27 10:30:00,1.15248,1.15252,1.15129,1.15139,650,8,0
2026-03-27 10:45:00,1.15139,1.15164,1.15097,1.15107,547,8,0
2026-03-27 11:00:00,1.15109,1.15133,1.15089,1.15112,581,8,0
2026-03-27 11:15:00,1.15114,1.15136,1.15087,1.15117,508,8,0
2026-03-27 11:30:00,1.15115,1.1513,1.15091,1.15115,502,8,0
2026-03-27 11:45:00,1.15115,1.15116,1.15043,1.15074,606,8,0
2026-03-27 12:00:00,1.15072,1.15076,1.15017,1.1503,724,8,0
2026-03-27 12:15:00,1.1503,1.15115,1.15016,1.15096,713,8,0
2026-03-27 12:30:00,1.15096,1.1515,1.15059,1.1515,688,8,0
2026-03-27 12:45:00,1.15151,1.15176,1.15138,1.15146,754,8,0
2026-03-27 13:00:00,1.15149,1.1519,1.15136,1.15155,762,8,0
2026-03-27 13:15:00,1.15157,1.15271,1.15154,1.15244,918,8,0
2026-03-27 13:30:00,1.15244,1.15312,1.15179,1.15298,1187,8,0
2026-03-27 13:45:00,1.15296,1.15326,1.15222,1.15239,1047,8,0
2026-03-27 14:00:00,1.15237,1.15322,1.15229,1.153,1267,8,0
2026-03-27 14:15:00,1.15299,1.15353,1.15271,1.15271,987,8,0
2026-03-27 14:30:00,1.1527,1.15319,1.15251,1.1528,914,8,0
2026-03-27 14:45:00,1.15278,1.15333,1.15272,1.15285,917,8,0
2026-03-27 15:00:00,1.15283,1.15332,1.15261,1.1531,1150,8,0
2026-03-27 15:15:00,1.1531,1.1545,1.15253,1.15369,2009,8,0
2026-03-27 15:30:00,1.1537,1.15473,1.15347,1.15365,1247,8,0
2026-03-27 15:45:00,1.15366,1.15378,1.15177,1.15191,1193,8,0
2026-03-27 16:00:00,1.15191,1.15268,1.15179,1.15201,1146,8,0
2026-03-27 16:15:00,1.15198,1.15233,1.15179,1.15218,1036,8,0
2026-03-27 16:30:00,1.15218,1.15226,1.1514199999999999,1.1520299999999999,1006,8,0
2026-03-27 16:45:00,1.15204,1.15239,1.15181,1.15185,805,8,0
2026-03-27 17:00:00,1.15184,1.15288,1.15138,1.15145,1357,8,0
2026-03-27 17:15:00,1.15148,1.1515,1.1509,1.15092,590,8,0
2026-03-27 17:30:00,1.1509,1.15097,1.15058,1.15087,614,8,0
2026-03-27 17:45:00,1.15086,1.1514199999999999,1.1508,1.15121,591,8,0
2026-03-27 18:00:00,1.15121,1.1514199999999999,1.15069,1.1508,556,8,0
2026-03-27 18:15:00,1.1508099999999999,1.15136,1.15067,1.15121,683,8,0
2026-03-27 18:30:00,1.15121,1.15195,1.15114,1.15162,606,8,0
2026-03-27 18:45:00,1.15161,1.15168,1.15125,1.1513200000000001,503,8,0
2026-03-27 19:00:00,1.15135,1.15146,1.15095,1.1513200000000001,450,8,0
2026-03-27 19:15:00,1.1513,1.15135,1.15113,1.15131,343,8,0
2026-03-27 19:30:00,1.15133,1.15138,1.15099,1.15127,380,8,0
2026-03-27 19:45:00,1.15128,1.15175,1.15122,1.15167,496,8,0
2026-03-27 20:00:00,1.15167,1.15206,1.1514,1.15166,635,8,0
2026-03-27 20:15:00,1.15166,1.15183,1.15133,1.15138,516,8,0
2026-03-27 20:30:00,1.15139,1.15146,1.15091,1.15133,435,8,0
2026-03-27 20:45:00,1.1513200000000001,1.1514,1.15077,1.1508099999999999,482,8,0
2026-03-29 21:00:00,1.15013,1.15017,1.15002,1.15013,38,48,0
2026-03-29 21:15:00,1.15012,1.15012,1.15006,1.15007,46,48,0
2026-03-29 21:30:00,1.15007,1.15014,1.15004,1.15004,44,48,0
2026-03-29 21:45:00,1.15002,1.15007,1.14989,1.15001,73,20,0
2026-03-29 22:00:00,1.14998,1.15022,1.14918,1.14968,720,8,0
2026-03-29 22:15:00,1.14968,1.14994,1.14902,1.14906,543,8,0
2026-03-29 22:30:00,1.14908,1.14938,1.14875,1.14883,573,8,0
2026-03-29 22:45:00,1.14884,1.14916,1.14875,1.14883,404,8,0
2026-03-29 23:00:00,1.14883,1.14938,1.14882,1.1489,507,8,0
2026-03-29 23:15:00,1.14892,1.14941,1.14892,1.14922,304,8,0
2026-03-29 23:30:00,1.14922,1.14933,1.14895,1.14904,350,8,0
2026-03-29 23:45:00,1.14904,1.14918,1.14869,1.14913,681,8,0
2026-03-30 00:00:00,1.1491500000000001,1.14969,1.14892,1.14938,700,8,0
2026-03-30 00:15:00,1.1494,1.15103,1.14924,1.15068,1429,8,0
2026-03-30 00:30:00,1.15066,1.15123,1.15066,1.15077,592,8,0
2026-03-30 00:45:00,1.15077,1.15085,1.15046,1.15065,505,8,0
2026-03-30 01:00:00,1.15065,1.15106,1.15061,1.1508,578,8,0
2026-03-30 01:15:00,1.15079,1.1508099999999999,1.15026,1.15059,491,8,0
2026-03-30 01:30:00,1.15061,1.15087,1.15035,1.15052,480,8,0
2026-03-30 01:45:00,1.15054,1.15064,1.15034,1.15046,410,8,0
2026-03-30 02:00:00,1.15045,1.15084,1.15011,1.1508099999999999,390,8,0
2026-03-30 02:15:00,1.1508099999999999,1.1508099999999999,1.15039,1.15059,403,8,0
2026-03-30 02:30:00,1.15059,1.15128,1.15059,1.15121,432,8,0
2026-03-30 02:45:00,1.15121,1.15149,1.15092,1.15109,414,8,0
2026-03-30 03:00:00,1.15109,1.15164,1.15097,1.15153,397,8,0
2026-03-30 03:15:00,1.15153,1.15183,1.15139,1.15167,352,8,0
2026-03-30 03:30:00,1.15168,1.15171,1.15148,1.15166,308,8,0
2026-03-30 03:45:00,1.15164,1.15167,1.15135,1.15152,311,8,0
2026-03-30 04:00:00,1.15154,1.15167,1.15146,1.15161,266,8,0
2026-03-30 04:15:00,1.15163,1.15207,1.15157,1.15186,233,8,0
2026-03-30 04:30:00,1.15186,1.15194,1.15168,1.15194,200,8,0
2026-03-30 04:45:00,1.15194,1.15196,1.1513,1.1513,237,8,0
2026-03-30 05:00:00,1.15131,1.15154,1.15118,1.15133,349,8,0
2026-03-30 05:15:00,1.15133,1.15148,1.15116,1.15119,308,8,0
2026-03-30 05:30:00,1.1512,1.15134,1.15092,1.15121,350,8,0
2026-03-30 05:45:00,1.15122,1.15179,1.15116,1.15153,344,8,0
2026-03-30 06:00:00,1.15154,1.15192,1.15143,1.15158,566,8,0
2026-03-30 06:15:00,1.15156,1.15172,1.15111,1.15139,531,8,0
2026-03-30 06:30:00,1.15138,1.15189,1.1512,1.15186,521,8,0
2026-03-30 06:45:00,1.15187,1.15197,1.15113,1.15123,461,8,0
2026-03-30 07:00:00,1.15121,1.15124,1.15023,1.15055,719,8,0
2026-03-30 07:15:00,1.15055,1.15059,1.14998,1.15007,621,8,0
2026-03-30 07:30:00,1.15008,1.15018,1.1494,1.14983,669,8,0
2026-03-30 07:45:00,1.14982,1.14993,1.14935,1.14977,552,8,0
2026-03-30 08:00:00,1.14975,1.14978,1.14918,1.14948,715,8,0
2026-03-30 08:15:00,1.14948,1.14948,1.14903,1.14943,545,8,0
2026-03-30 08:30:00,1.14943,1.14985,1.14927,1.14936,608,8,0
2026-03-30 08:45:00,1.14934,1.14983,1.14921,1.14957,607,8,0
2026-03-30 09:00:00,1.14959,1.1498,1.14869,1.14871,547,8,0
2026-03-30 09:15:00,1.14871,1.1494,1.14835,1.1488800000000001,656,8,0
2026-03-30 09:30:00,1.1488800000000001,1.14941,1.14841,1.14935,533,8,0
2026-03-30 09:45:00,1.14935,1.14962,1.14921,1.1494,551,8,0
2026-03-30 10:00:00,1.1494,1.14963,1.14906,1.14944,541,8,0
2026-03-30 10:15:00,1.14945,1.1497,1.14907,1.14916,478,8,0
2026-03-30 10:30:00,1.1491500000000001,1.14939,1.14876,1.1493,472,8,0
2026-03-30 10:45:00,1.14931,1.1495,1.14884,1.1489099999999999,468,8,0
2026-03-30 11:00:00,1.14892,1.1492,1.14876,1.1491500000000001,509,8,0
2026-03-30 11:15:00,1.14913,1.15,1.14871,1.14916,1589,8,0
2026-03-30 11:30:00,1.14919,1.14943,1.14863,1.14884,1099,8,0
2026-03-30 11:45:00,1.14884,1.14909,1.14835,1.14845,651,8,0
2026-03-30 12:00:00,1.14846,1.14857,1.14747,1.14756,683,8,0
2026-03-30 12:15:00,1.14758,1.14848,1.14725,1.14784,777,8,0
2026-03-30 12:30:00,1.14784,1.14861,1.14774,1.14815,860,8,0
2026-03-30 12:45:00,1.14815,1.14886,1.14776,1.14822,1063,8,0
2026-03-30 13:00:00,1.14824,1.14877,1.14789,1.14857,1013,8,0
2026-03-30 13:15:00,1.14858,1.14876,1.14776,1.14786,733,8,0
2026-03-30 13:30:00,1.14788,1.14805,1.14668,1.14687,1202,8,0
2026-03-30 13:45:00,1.14686,1.14689,1.14618,1.1464,943,8,0
2026-03-30 14:00:00,1.14638,1.14668,1.14596,1.14626,920,8,0
2026-03-30 14:15:00,1.14627,1.14627,1.14545,1.14569,917,8,0
2026-03-30 14:30:00,1.14568,1.14653,1.14562,1.14646,884,8,0
2026-03-30 14:45:00,1.14646,1.14699,1.14623,1.14646,1453,8,0
2026-03-30 15:00:00,1.14648,1.14657,1.14457,1.14458,1043,8,0
2026-03-30 15:15:00,1.14457,1.14541,1.14428,1.1449799999999999,1021,8,0
2026-03-30 15:30:00,1.14496,1.14582,1.14487,1.1457,861,8,0
2026-03-30 15:45:00,1.1457,1.1457600000000001,1.14519,1.14535,802,8,0
2026-03-30 16:00:00,1.14533,1.14547,1.14502,1.14519,778,8,0
2026-03-30 16:15:00,1.14518,1.14545,1.1449799999999999,1.145,523,8,0
2026-03-30 16:30:00,1.14499,1.14574,1.14469,1.14573,563,8,0
2026-03-30 16:45:00,1.14573,1.14606,1.14547,1.14596,607,8,0
2026-03-30 17:00:00,1.14596,1.14636,1.1455899999999999,1.1457,555,8,0
2026-03-30 17:15:00,1.14569,1.14631,1.14553,1.14603,563,8,0
2026-03-30 17:30:00,1.14601,1.14626,1.14575,1.14624,533,8,0
2026-03-30 17:45:00,1.14626,1.1464699999999999,1.1456,1.14571,602,8,0
2026-03-30 18:00:00,1.14569,1.14632,1.14563,1.14624,513,8,0
2026-03-30 18:15:00,1.14624,1.14645,1.14605,1.14632,470,8,0
2026-03-30 18:30:00,1.14631,1.1466,1.14625,1.14635,363,8,0
2026-03-30 18:45:00,1.14636,1.14656,1.14598,1.14607,513,8,0
2026-03-30 19:00:00,1.14606,1.14619,1.14535,1.14554,573,8,0
2026-03-30 19:15:00,1.14556,1.14572,1.14544,1.1455899999999999,414,8,0
2026-03-30 19:30:00,1.14558,1.14593,1.14557,1.14589,368,8,0
2026-03-30 19:45:00,1.14589,1.14603,1.14573,1.14594,371,8,0
2026-03-30 20:00:00,1.14592,1.14623,1.14584,1.14602,303,8,0
2026-03-30 20:15:00,1.14599,1.14606,1.14568,1.14577,249,8,0
2026-03-30 20:30:00,1.14577,1.14592,1.14568,1.14588,181,8,0
2026-03-30 20:45:00,1.1458599999999999,1.14616,1.1457,1.14609,212,8,0
2026-03-30 21:00:00,1.14608,1.14616,1.14544,1.14546,193,20,0
2026-03-30 21:15:00,1.14547,1.14571,1.14546,1.14568,111,76,0
2026-03-30 21:30:00,1.14566,1.14592,1.14566,1.14592,228,54,0
2026-03-30 21:45:00,1.14592,1.14615,1.14563,1.14596,190,20,0
2026-03-30 22:00:00,1.14611,1.14654,1.14611,1.14623,213,8,0
2026-03-30 22:15:00,1.14623,1.1464,1.14612,1.14623,161,8,0
2026-03-30 22:30:00,1.14623,1.14626,1.1461000000000001,1.1461000000000001,136,8,0
2026-03-30 22:45:00,1.1461000000000001,1.14618,1.1459,1.14593,163,8,0
2026-03-30 23:00:00,1.14593,1.14593,1.1452,1.14522,423,8,0
2026-03-30 23:15:00,1.14523,1.14552,1.14523,1.14546,208,8,0
2026-03-30 23:30:00,1.14546,1.14546,1.14538,1.14539,37,8,0
