time,open,high,low,close,tick_volume,spread,real_volume
2026-03-01 22:15:00,1.34042,1.34052,1.33979,1.34017,148,296,0
2026-03-01 22:30:00,1.34013,1.34114,1.34013,1.34111,190,148,0
2026-03-01 22:45:00,1.34111,1.34116,1.34046,1.34087,232,138,0
2026-03-01 23:00:00,1.34138,1.3434,1.34119,1.34242,521,47,0
2026-03-01 23:15:00,1.34246,1.34276,1.3406799999999999,1.34093,722,28,0
2026-03-01 23:30:00,1.34094,1.34186,1.3401100000000001,1.34186,720,28,0
2026-03-01 23:45:00,1.3418,1.34191,1.34024,1.34048,709,17,0
2026-03-02 00:00:00,1.34045,1.34142,1.34003,1.3413300000000001,1345,10,0
2026-03-02 00:15:00,1.34131,1.3422100000000001,1.34119,1.34179,1095,10,0
2026-03-02 00:30:00,1.3418,1.34228,1.3413,1.3422100000000001,931,10,0
2026-03-02 00:45:00,1.3422100000000001,1.34335,1.34179,1.3431899999999999,1203,10,0
2026-03-02 01:00:00,1.3431600000000001,1.34518,1.34288,1.34481,1726,10,0
2026-03-02 01:15:00,1.34481,1.34486,1.34284,1.34401,1368,10,0
2026-03-02 01:30:00,1.34399,1.3453300000000001,1.34378,1.34485,1227,10,0
2026-03-02 01:45:00,1.34485,1.34528,1.34442,1.34506,888,10,0
2026-03-02 02:00:00,1.34505,1.3451,1.3439,1.34413,938,10,0
2026-03-02 02:15:00,1.34414,1.3444,1.34376,1.34423,688,10,0
2026-03-02 02:30:00,1.34423,1.3447,1.34382,1.34448,757,10,0
2026-03-02 02:45:00,1.34448,1.3446500000000001,1.34418,1.3444099999999999,639,10,0
2026-03-02 03:00:00,1.34444,1.34531,1.3443800000000001,1.34452,671,10,0
2026-03-02 03:15:00,1.34453,1.34555,1.34447,1.34539,586,10,0
2026-03-02 03:30:00,1.34539,1.34543,1.34457,1.34504,702,10,0
2026-03-02 03:45:00,1.34504,1.34512,1.3446,1.34469,539,10,0
2026-03-02 04:00:00,1.34469,1.34506,1.34448,1.3447,423,10,0
2026-03-02 04:15:00,1.3447,1.34474,1.34391,1.3444,697,10,0
2026-03-02 04:30:00,1.3444,1.34452,1.34378,1.34387,660,10,0
2026-03-02 04:45:00,1.34386,1.3439,1.34347,1.34383,451,10,0
2026-03-02 05:00:00,1.34382,1.34382,1.34264,1.34265,633,10,0
2026-03-02 05:15:00,1.34265,1.34301,1.34205,1.34244,621,10,0
2026-03-02 05:30:00,1.34244,1.34279,1.34218,1.3422100000000001,567,10,0
2026-03-02 05:45:00,1.3422100000000001,1.34231,1.3414,1.34149,681,10,0
2026-03-02 06:00:00,1.34148,1.34154,1.33998,1.33998,1195,10,0
2026-03-02 06:15:00,1.33999,1.3403800000000001,1.33827,1.33872,1264,10,0
2026-03-02 06:30:00,1.3387,1.33903,1.3376000000000001,1.33789,1482,10,0
2026-03-02 06:45:00,1.33788,1.33854,1.33756,1.33814,1342,10,0
2026-03-02 07:00:00,1.33812,1.3385500000000001,1.33625,1.33633,1787,10,0
2026-03-02 07:15:00,1.3363,1.33662,1.33508,1.33595,1488,10,0
2026-03-02 07:30:00,1.33595,1.33739,1.33594,1.33664,1676,10,0
2026-03-02 07:45:00,1.33664,1.33666,1.33439,1.33617,1732,10,0
2026-03-02 08:00:00,1.33618,1.33707,1.33471,1.33517,2208,10,0
2026-03-02 08:15:00,1.33521,1.33539,1.33257,1.3327499999999999,1866,10,0
2026-03-02 08:30:00,1.33276,1.33389,1.33139,1.33375,1718,10,0
2026-03-02 08:45:00,1.33373,1.33555,1.3336000000000001,1.33499,1491,10,0
2026-03-02 09:00:00,1.33499,1.33663,1.3345099999999999,1.33646,1687,10,0
2026-03-02 09:15:00,1.33649,1.3378,1.33636,1.33658,1302,10,0
2026-03-02 09:30:00,1.33654,1.3379400000000001,1.33643,1.33738,1306,10,0
2026-03-02 09:45:00,1.3373599999999999,1.3373599999999999,1.3363800000000001,1.33718,1282,10,0
2026-03-02 10:00:00,1.33718,1.33863,1.33718,1.33781,1315,10,0
2026-03-02 10:15:00,1.33781,1.33952,1.33775,1.3394,1091,10,0
2026-03-02 10:30:00,1.3394,1.34052,1.33913,1.34052,1059,10,0
2026-03-02 10:45:00,1.34054,1.34086,1.33936,1.34056,1345,10,0
2026-03-02 11:00:00,1.34059,1.34074,1.33975,1.3403100000000001,1176,10,0
2026-03-02 11:15:00,1.34032,1.34135,1.33988,1.34023,1159,10,0
2026-03-02 11:30:00,1.34019,1.34148,1.34008,1.3413599999999999,1002,10,0
2026-03-02 11:45:00,1.34135,1.3425799999999999,1.34094,1.34114,1239,10,0
2026-03-02 12:00:00,1.34113,1.34186,1.34023,1.3404099999999999,1325,10,0
2026-03-02 12:15:00,1.34042,1.34086,1.33994,1.34048,1331,10,0
2026-03-02 12:30:00,1.34048,1.34149,1.3404,1.34062,1175,10,0
2026-03-02 12:45:00,1.34061,1.34061,1.3390900000000001,1.33952,1448,10,0
2026-03-02 13:00:00,1.33952,1.33982,1.33838,1.33917,1657,10,0
2026-03-02 13:15:00,1.33913,1.34053,1.33902,1.34018,1587,10,0
2026-03-02 13:30:00,1.34022,1.34045,1.3385,1.33872,1390,10,0
2026-03-02 13:45:00,1.3387,1.33998,1.33789,1.33823,1529,10,0
2026-03-02 14:00:00,1.33823,1.34067,1.33748,1.34003,1957,10,0
2026-03-02 14:15:00,1.3400400000000001,1.34013,1.3385799999999999,1.33886,1679,10,0
2026-03-02 14:30:00,1.33884,1.34144,1.33838,1.34119,2800,10,0
2026-03-02 14:45:00,1.34119,1.34254,1.34087,1.34125,2184,10,0
2026-03-02 15:00:00,1.34123,1.3412600000000001,1.34032,1.34054,2516,10,0
2026-03-02 15:15:00,1.3405,1.34053,1.33868,1.339,1926,10,0
2026-03-02 15:30:00,1.33903,1.3396,1.33738,1.33813,1802,10,0
2026-03-02 15:45:00,1.33811,1.33813,1.33649,1.33715,1787,10,0
2026-03-02 16:00:00,1.33713,1.3372899999999999,1.33649,1.33663,1566,10,0
2026-03-02 16:15:00,1.33666,1.33734,1.33589,1.33693,1333,10,0
2026-03-02 16:30:00,1.33692,1.33825,1.33639,1.33798,1736,10,0
2026-03-02 16:45:00,1.33803,1.33945,1.3379699999999999,1.33896,1345,10,0
2026-03-02 17:00:00,1.33898,1.34071,1.3387,1.34051,1321,10,0
2026-03-02 17:15:00,1.34054,1.3413,1.34033,1.34078,1066,10,0
2026-03-02 17:30:00,1.34078,1.34114,1.33979,1.34046,1113,10,0
2026-03-02 17:45:00,1.3405,1.34181,1.34005,1.34151,1021,10,0
2026-03-02 18:00:00,1.34151,1.3415599999999999,1.34046,1.341,858,10,0
2026-03-02 18:15:00,1.34098,1.34098,1.33987,1.34008,860,10,0
2026-03-02 18:30:00,1.3400400000000001,1.3401399999999999,1.3394599999999999,1.33954,696,10,0
2026-03-02 18:45:00,1.3395299999999999,1.34077,1.33949,1.34053,653,10,0
2026-03-02 19:00:00,1.34052,1.34186,1.3404,1.34181,867,10,0
2026-03-02 19:15:00,1.34182,1.34226,1.34146,1.34226,700,10,0
2026-03-02 19:30:00,1.34222,1.3428200000000001,1.34209,1.34264,610,10,0
2026-03-02 19:45:00,1.34262,1.34315,1.3425,1.3427799999999999,678,10,0
2026-03-02 20:00:00,1.34281,1.34295,1.33869,1.33881,2271,10,0
2026-03-02 20:15:00,1.33883,1.34023,1.33856,1.3391899999999999,2145,10,0
2026-03-02 20:30:00,1.3391899999999999,1.34021,1.3389199999999999,1.34012,1160,10,0
2026-03-02 20:45:00,1.34009,1.34037,1.33951,1.34009,895,10,0
2026-03-02 21:00:00,1.34013,1.34096,1.3401100000000001,1.3407,601,10,0
2026-03-02 21:15:00,1.3407200000000001,1.34107,1.34047,1.3406,347,10,0
2026-03-02 21:30:00,1.34058,1.34066,1.34019,1.34035,376,10,0
2026-03-02 21:45:00,1.3403100000000001,1.3406,1.3401,1.34044,404,7,0
2026-03-02 22:00:00,1.34045,1.34046,1.34008,1.34017,122,15,0
2026-03-02 22:15:00,1.3402,1.34035,1.33994,1.33996,201,33,0
2026-03-02 22:30:00,1.33994,1.34024,1.33994,1.34022,286,42,0
2026-03-02 22:45:00,1.3402,1.34026,1.3401,1.34018,241,37,0
2026-03-02 23:00:00,1.34025,1.34084,1.34013,1.3407499999999999,280,10,0
2026-03-02 23:15:00,1.34076,1.34113,1.3407499999999999,1.341,244,10,0
2026-03-02 23:30:00,1.34103,1.34105,1.3408,1.3410199999999999,328,10,0
2026-03-02 23:45:00,1.3410199999999999,1.34116,1.34067,1.34077,311,10,0
2026-03-03 00:00:00,1.3407499999999999,1.34083,1.34001,1.34012,661,10,0
2026-03-03 00:15:00,1.34012,1.3403800000000001,1.3399,1.34033,523,10,0
2026-03-03 00:30:00,1.34035,1.34043,1.33972,1.3402,520,10,0
2026-03-03 00:45:00,1.34021,1.34124,1.34019,1.34113,822,10,0
2026-03-03 01:00:00,1.34114,1.34118,1.34053,1.3409,974,10,0
2026-03-03 01:15:00,1.3409,1.3424800000000001,1.34078,1.34181,1218,10,0
2026-03-03 01:30:00,1.34186,1.34222,1.34131,1.34143,907,10,0
2026-03-03 01:45:00,1.3414,1.34175,1.34085,1.3409200000000001,856,10,0
2026-03-03 02:00:00,1.3409,1.3409,1.33967,1.33993,1021,10,0
2026-03-03 02:15:00,1.33994,1.3405,1.3391600000000001,1.34037,987,10,0
2026-03-03 02:30:00,1.34037,1.34121,1.34006,1.34063,949,10,0
2026-03-03 02:45:00,1.34061,1.34088,1.3403399999999999,1.34046,672,10,0
2026-03-03 03:00:00,1.34048,1.34104,1.33992,1.34017,712,10,0
2026-03-03 03:15:00,1.34017,1.34047,1.33954,1.33961,600,10,0
2026-03-03 03:30:00,1.33957,1.34048,1.33949,1.34048,703,10,0
2026-03-03 03:45:00,1.34045,1.34058,1.3397999999999999,1.33987,537,10,0
2026-03-03 04:00:00,1.3399,1.34029,1.33937,1.33951,605,10,0
2026-03-03 04:15:00,1.33951,1.3401,1.3393,1.3397299999999999,674,10,0
2026-03-03 04:30:00,1.33974,1.33986,1.33898,1.33899,587,10,0
2026-03-03 04:45:00,1.33899,1.33911,1.33818,1.33832,663,10,0
2026-03-03 05:00:00,1.33833,1.3389,1.33803,1.33814,881,10,0
2026-03-03 05:15:00,1.33816,1.33849,1.3379699999999999,1.33841,851,10,0
2026-03-03 05:30:00,1.33839,1.33856,1.33637,1.33684,1025,10,0
2026-03-03 05:45:00,1.33683,1.33696,1.33603,1.33629,1017,10,0
2026-03-03 06:00:00,1.33632,1.3363800000000001,1.33537,1.33547,1169,10,0
2026-03-03 06:15:00,1.33548,1.33662,1.33533,1.3364099999999999,853,10,0
2026-03-03 06:30:00,1.3364,1.33653,1.33548,1.33602,986,10,0
2026-03-03 06:45:00,1.33602,1.33625,1.33532,1.33613,977,10,0
2026-03-03 07:00:00,1.33615,1.33615,1.3348900000000001,1.33525,1274,10,0
2026-03-03 07:15:00,1.33529,1.33565,1.3342100000000001,1.33443,1041,10,0
2026-03-03 07:30:00,1.33444,1.33454,1.33347,1.3342399999999999,1257,10,0
2026-03-03 07:45:00,1.33426,1.33497,1.33331,1.33354,1456,10,0
2026-03-03 08:00:00,1.33352,1.33371,1.33132,1.3314599999999999,1799,10,0
2026-03-03 08:15:00,1.3314599999999999,1.33237,1.33113,1.33115,1848,10,0
2026-03-03 08:30:00,1.33113,1.3320699999999999,1.33049,1.33077,1941,10,0
2026-03-03 08:45:00,1.33081,1.33133,1.32999,1.33036,1330,10,0
2026-03-03 09:00:00,1.33036,1.3316,1.33025,1.33098,1842,10,0
2026-03-03 09:15:00,1.33096,1.33102,1.32911,1.3296299999999999,1769,10,0
2026-03-03 09:30:00,1.32961,1.32984,1.32846,1.32853,1523,10,0
2026-03-03 09:45:00,1.32858,1.33012,1.32806,1.32979,1672,10,0
2026-03-03 10:00:00,1.32975,1.3309,1.32957,1.3296700000000001,1467,10,0
2026-03-03 10:15:00,1.32969,1.3309199999999999,1.32923,1.33018,1579,10,0
2026-03-03 10:30:00,1.3302,1.33034,1.32871,1.32975,1764,10,0
2026-03-03 10:45:00,1.32976,1.33015,1.32825,1.32849,1671,10,0
2026-03-03 11:00:00,1.32846,1.32923,1.32722,1.32727,1720,10,0
2026-03-03 11:15:00,1.32727,1.32799,1.32621,1.327,1792,10,0
2026-03-03 11:30:00,1.32701,1.32865,1.32698,1.3286,1843,10,0
2026-03-03 11:45:00,1.32858,1.3299400000000001,1.32852,1.32931,1651,10,0
2026-03-03 12:00:00,1.32928,1.33137,1.32861,1.3308,1923,10,0
2026-03-03 12:15:00,1.33081,1.33271,1.33039,1.33141,2009,10,0
2026-03-03 12:30:00,1.3314,1.33212,1.33112,1.33185,1659,10,0
2026-03-03 12:45:00,1.33185,1.33267,1.33114,1.3321399999999999,1698,10,0
2026-03-03 13:00:00,1.33213,1.33256,1.33087,1.33114,2020,10,0
2026-03-03 13:15:00,1.33112,1.33164,1.3306499999999999,1.33086,1462,10,0
2026-03-03 13:30:00,1.33084,1.33111,1.32964,1.33017,1582,10,0
2026-03-03 13:45:00,1.33015,1.3309,1.32965,1.33009,1473,10,0
2026-03-03 14:00:00,1.3301,1.33091,1.32972,1.32999,1602,10,0
2026-03-03 14:15:00,1.32999,1.3314,1.32922,1.33003,2099,10,0
2026-03-03 14:30:00,1.32999,1.33091,1.32834,1.3286,2757,10,0
2026-03-03 14:45:00,1.3286,1.32995,1.32821,1.32842,2523,10,0
2026-03-03 15:00:00,1.3284,1.32913,1.3266,1.32734,3653,10,0
2026-03-03 15:15:00,1.32736,1.32748,1.32526,1.32683,2954,10,0
2026-03-03 15:30:00,1.32681,1.3306499999999999,1.32669,1.32934,3479,10,0
2026-03-03 15:45:00,1.32932,1.3304,1.32873,1.33013,2976,10,0
2026-03-03 16:00:00,1.3301,1.33132,1.32964,1.33102,2510,10,0
2026-03-03 16:15:00,1.33101,1.33185,1.3306,1.331,2326,10,0
2026-03-03 16:30:00,1.33098,1.3321100000000001,1.3302,1.33189,3042,10,0
2026-03-03 16:45:00,1.3318699999999999,1.33303,1.33157,1.33273,2997,10,0
2026-03-03 17:00:00,1.3327499999999999,1.33279,1.33102,1.33136,2752,10,0
2026-03-03 17:15:00,1.33135,1.33228,1.3311,1.3321100000000001,1992,10,0
2026-03-03 17:30:00,1.3321,1.33252,1.33078,1.33242,1641,10,0
2026-03-03 17:45:00,1.33243,1.33371,1.33203,1.33228,1599,10,0
2026-03-03 18:00:00,1.33228,1.3339400000000001,1.33222,1.33349,1409,10,0
2026-03-03 18:15:00,1.3335,1.33442,1.33317,1.3341,1128,10,0
2026-03-03 18:30:00,1.33407,1.3363800000000001,1.33396,1.33563,1551,10,0
2026-03-03 18:45:00,1.33563,1.33601,1.3349,1.33531,1282,10,0
2026-03-03 19:00:00,1.33533,1.3355000000000001,1.3343099999999999,1.3348200000000001,1208,10,0
2026-03-03 19:15:00,1.33483,1.33502,1.33378,1.3338999999999999,1050,10,0
2026-03-03 19:30:00,1.33391,1.3368,1.3333599999999999,1.33625,2949,10,0
2026-03-03 19:45:00,1.33626,1.3366500000000001,1.33538,1.33551,2126,10,0
2026-03-03 20:00:00,1.33552,1.3367,1.33548,1.33631,1493,10,0
2026-03-03 20:15:00,1.33632,1.33696,1.33572,1.3367,1082,10,0
2026-03-03 20:30:00,1.33666,1.33693,1.3361,1.33643,937,10,0
2026-03-03 20:45:00,1.3364099999999999,1.33657,1.33551,1.3361,1134,10,0
2026-03-03 21:00:00,1.3361,1.33654,1.33578,1.3359,648,10,0
2026-03-03 21:15:00,1.33592,1.33625,1.3357299999999999,1.33612,353,10,0
2026-03-03 21:30:00,1.3361,1.3363,1.3357,1.33589,356,10,0
2026-03-03 21:45:00,1.3359,1.33603,1.33558,1.33558,810,9,0
2026-03-03 22:00:00,1.33557,1.33559,1.3354300000000001,1.33554,94,22,0
2026-03-03 22:15:00,1.33551,1.33558,1.33432,1.3349,311,26,0
2026-03-03 22:30:00,1.3349,1.3351600000000001,1.3347,1.33513,315,73,0
2026-03-03 22:45:00,1.33513,1.33515,1.33494,1.33513,259,55,0
2026-03-03 23:00:00,1.3351600000000001,1.33624,1.33511,1.33624,484,10,0
2026-03-03 23:15:00,1.33623,1.33633,1.33557,1.33581,451,10,0
2026-03-03 23:30:00,1.33582,1.33585,1.3354,1.33559,281,10,0
2026-03-03 23:45:00,1.33557,1.33557,1.33457,1.3351199999999999,503,10,0
2026-03-04 00:00:00,1.33509,1.33521,1.3338999999999999,1.33412,1157,10,0
2026-03-04 00:15:00,1.33412,1.33463,1.33359,1.33378,1091,10,0
2026-03-04 00:30:00,1.33378,1.3342,1.33277,1.33277,1005,10,0
2026-03-04 00:45:00,1.3327499999999999,1.33331,1.3326799999999999,1.33297,816,10,0
2026-03-04 01:00:00,1.33298,1.33348,1.33212,1.3324099999999999,1211,10,0
2026-03-04 01:15:00,1.33244,1.33244,1.33037,1.33077,1454,10,0
2026-03-04 01:30:00,1.33074,1.33257,1.3303,1.3325,1446,10,0
2026-03-04 01:45:00,1.33251,1.33273,1.33193,1.33254,1084,10,0
2026-03-04 02:00:00,1.33253,1.33332,1.33219,1.3329,1296,10,0
2026-03-04 02:15:00,1.33288,1.33351,1.33261,1.3330899999999999,1019,10,0
2026-03-04 02:30:00,1.3330899999999999,1.33385,1.33259,1.33361,1204,10,0
2026-03-04 02:45:00,1.33364,1.33395,1.3328,1.33296,967,10,0
2026-03-04 03:00:00,1.33295,1.33305,1.33233,1.333,877,10,0
2026-03-04 03:15:00,1.3329900000000001,1.33334,1.33267,1.33271,774,10,0
2026-03-04 03:30:00,1.3326799999999999,1.33292,1.33224,1.3326500000000001,906,10,0
2026-03-04 03:45:00,1.3326799999999999,1.33393,1.33249,1.33386,794,10,0
2026-03-04 04:00:00,1.33386,1.33412,1.33365,1.3338700000000001,817,10,0
2026-03-04 04:15:00,1.33389,1.33407,1.33304,1.3330899999999999,677,10,0
2026-03-04 04:30:00,1.33308,1.33313,1.33178,1.3321399999999999,851,10,0
2026-03-04 04:45:00,1.33215,1.33221,1.33109,1.33122,829,10,0
2026-03-04 05:00:00,1.33122,1.33244,1.33109,1.3320699999999999,1004,10,0
2026-03-04 05:15:00,1.33206,1.3323800000000001,1.33128,1.33155,776,10,0
2026-03-04 05:30:00,1.3315299999999999,1.33185,1.33103,1.3313,808,10,0
2026-03-04 05:45:00,1.3313,1.33203,1.3311899999999999,1.33174,889,10,0
2026-03-04 06:00:00,1.33174,1.33174,1.33049,1.33129,949,10,0
2026-03-04 06:15:00,1.33125,1.33237,1.3311,1.3321100000000001,977,10,0
2026-03-04 06:30:00,1.33215,1.33402,1.33215,1.33374,1038,10,0
2026-03-04 06:45:00,1.33377,1.3338999999999999,1.33319,1.3332899999999999,713,10,0
2026-03-04 07:00:00,1.33331,1.33422,1.3332,1.33355,1311,10,0
2026-03-04 07:15:00,1.33352,1.33587,1.33348,1.3357,1113,10,0
2026-03-04 07:30:00,1.33574,1.33762,1.33558,1.33679,2001,10,0
2026-03-04 07:45:00,1.33683,1.3370199999999999,1.33587,1.33587,1349,10,0
2026-03-04 08:00:00,1.33591,1.33621,1.33498,1.33556,1839,10,0
2026-03-04 08:15:00,1.33557,1.33589,1.3342100000000001,1.3342100000000001,1598,10,0
2026-03-04 08:30:00,1.33419,1.3348900000000001,1.33328,1.33434,1411,10,0
2026-03-04 08:45:00,1.33435,1.3349,1.33338,1.33385,1278,10,0
2026-03-04 09:00:00,1.33383,1.33562,1.3332,1.33551,1608,10,0
2026-03-04 09:15:00,1.3355000000000001,1.33682,1.33545,1.3361399999999999,1281,10,0
2026-03-04 09:30:00,1.3361399999999999,1.3366,1.33588,1.33632,1355,10,0
2026-03-04 09:45:00,1.33632,1.33721,1.33558,1.33599,1247,10,0
2026-03-04 10:00:00,1.33599,1.33991,1.33599,1.33883,4028,10,0
2026-03-04 10:15:00,1.33879,1.33907,1.3377,1.33814,2397,10,0
2026-03-04 10:30:00,1.33812,1.3385099999999999,1.33717,1.3378,1549,10,0
2026-03-04 10:45:00,1.3378,1.33801,1.33709,1.33784,1181,10,0
2026-03-04 11:00:00,1.33781,1.3390900000000001,1.3374,1.3389,1238,10,0
2026-03-04 11:15:00,1.33893,1.34029,1.33879,1.33951,1323,10,0
2026-03-04 11:30:00,1.33952,1.33974,1.33768,1.33789,1160,10,0
2026-03-04 11:45:00,1.33792,1.33837,1.33713,1.3378,1006,10,0
2026-03-04 12:00:00,1.33781,1.33884,1.33738,1.33879,1365,10,0
2026-03-04 12:15:00,1.3388200000000001,1.33886,1.33642,1.33647,1232,10,0
2026-03-04 12:30:00,1.33649,1.3370199999999999,1.33626,1.33673,1139,10,0
2026-03-04 12:45:00,1.3367,1.3367200000000001,1.3348,1.3351899999999999,1347,10,0
2026-03-04 13:00:00,1.33517,1.33852,1.33511,1.33789,1770,10,0
2026-03-04 13:15:00,1.3378700000000001,1.33805,1.3363800000000001,1.3367200000000001,1468,10,0
2026-03-04 13:30:00,1.3367200000000001,1.33718,1.33635,1.3366500000000001,1568,10,0
2026-03-04 13:45:00,1.33663,1.3372,1.336,1.33623,1594,10,0
2026-03-04 14:00:00,1.33621,1.33754,1.33595,1.33663,1656,10,0
2026-03-04 14:15:00,1.33663,1.33845,1.33657,1.33724,1499,10,0
2026-03-04 14:30:00,1.33723,1.33785,1.33569,1.33719,3648,10,0
2026-03-04 14:45:00,1.33717,1.3372600000000001,1.33586,1.33615,2568,10,0
2026-03-04 15:00:00,1.33616,1.33686,1.33534,1.33581,2639,10,0
2026-03-04 15:15:00,1.3357999999999999,1.33802,1.33556,1.33752,1804,10,0
2026-03-04 15:30:00,1.33753,1.33811,1.3371,1.3373300000000001,1829,10,0
2026-03-04 15:45:00,1.33731,1.33752,1.33595,1.3364500000000001,2021,10,0
2026-03-04 16:00:00,1.33646,1.33764,1.3364,1.33695,1592,10,0
2026-03-04 16:15:00,1.33698,1.3372600000000001,1.33547,1.33594,1288,10,0
2026-03-04 16:30:00,1.33597,1.33751,1.33572,1.33701,1354,10,0
2026-03-04 16:45:00,1.33701,1.3372899999999999,1.3364099999999999,1.33671,1084,10,0
2026-03-04 17:00:00,1.3366799999999999,1.33707,1.33517,1.3355000000000001,1088,10,0
2026-03-04 17:15:00,1.3355299999999999,1.33632,1.3347,1.3349199999999999,1263,10,0
2026-03-04 17:30:00,1.3349199999999999,1.33575,1.33457,1.33569,1033,10,0
2026-03-04 17:45:00,1.33568,1.33651,1.33565,1.33605,795,10,0
2026-03-04 18:00:00,1.33608,1.33612,1.33526,1.33545,876,10,0
2026-03-04 18:15:00,1.3354300000000001,1.3354599999999999,1.33484,1.3351199999999999,677,10,0
2026-03-04 18:30:00,1.33513,1.3355000000000001,1.33484,1.33513,717,10,0
2026-03-04 18:45:00,1.33513,1.33532,1.33461,1.33504,722,10,0
2026-03-04 19:00:00,1.33503,1.3357299999999999,1.33503,1.33552,744,10,0
2026-03-04 19:15:00,1.3355299999999999,1.3362,1.3355299999999999,1.3362,640,10,0
2026-03-04 19:30:00,1.33619,1.33649,1.33592,1.3362,558,10,0
2026-03-04 19:45:00,1.33623,1.3376700000000001,1.33605,1.33741,866,10,0
2026-03-04 20:00:00,1.33742,1.33762,1.33712,1.3373300000000001,684,10,0
2026-03-04 20:15:00,1.3372899999999999,1.3376000000000001,1.3370199999999999,1.33756,524,10,0
2026-03-04 20:30:00,1.33753,1.33801,1.33743,1.33792,507,10,0
2026-03-04 20:45:00,1.33792,1.33796,1.3374,1.33755,636,10,0
2026-03-04 21:00:00,1.33753,1.33758,1.3370600000000001,1.33741,497,10,0
2026-03-04 21:15:00,1.33743,1.33783,1.3374,1.3376299999999999,256,10,0
2026-03-04 21:30:00,1.3376299999999999,1.3376299999999999,1.33705,1.33709,309,10,0
2026-03-04 21:45:00,1.33712,1.3373599999999999,1.33695,1.33711,560,9,0
2026-03-04 22:00:00,1.33708,1.33719,1.33705,1.3371,117,22,0
2026-03-04 22:15:00,1.33709,1.33719,1.337,1.33707,240,22,0
2026-03-04 22:30:00,1.3371,1.33718,1.33696,1.33718,246,37,0
2026-03-04 22:45:00,1.33716,1.3372899999999999,1.3371,1.3371,236,33,0
2026-03-04 23:00:00,1.33721,1.33727,1.33663,1.33677,454,10,0
2026-03-04 23:15:00,1.33677,1.33695,1.33667,1.33692,235,10,0
2026-03-04 23:30:00,1.33693,1.33708,1.33655,1.33704,200,10,0
2026-03-04 23:45:00,1.33705,1.33715,1.3368,1.33687,342,10,0
2026-03-05 00:00:00,1.33688,1.33705,1.33643,1.33704,432,10,0
2026-03-05 00:15:00,1.33704,1.33789,1.33703,1.33773,443,10,0
2026-03-05 00:30:00,1.33774,1.3382800000000001,1.33742,1.33792,556,10,0
2026-03-05 00:45:00,1.33792,1.33849,1.33765,1.33838,620,10,0
2026-03-05 01:00:00,1.33839,1.33839,1.3376000000000001,1.33799,1049,10,0
2026-03-05 01:15:00,1.3379699999999999,1.33869,1.3379699999999999,1.33863,941,10,0
2026-03-05 01:30:00,1.3386,1.33865,1.33682,1.33692,1074,10,0
2026-03-05 01:45:00,1.33693,1.33704,1.3364099999999999,1.3366799999999999,983,10,0
2026-03-05 02:00:00,1.33671,1.33715,1.33652,1.33693,830,10,0
2026-03-05 02:15:00,1.33691,1.33714,1.33589,1.33642,678,10,0
2026-03-05 02:30:00,1.33643,1.33652,1.33588,1.33647,694,10,0
2026-03-05 02:45:00,1.33649,1.33695,1.33609,1.3363800000000001,629,10,0
2026-03-05 03:00:00,1.3364,1.33655,1.33496,1.33505,742,10,0
2026-03-05 03:15:00,1.33506,1.33541,1.334,1.33429,867,10,0
2026-03-05 03:30:00,1.3343,1.33452,1.33374,1.33426,815,10,0
2026-03-05 03:45:00,1.3342800000000001,1.33445,1.33375,1.3341,673,10,0
2026-03-05 04:00:00,1.33407,1.33433,1.3335,1.33404,634,10,0
2026-03-05 04:15:00,1.33403,1.33414,1.33303,1.33308,696,10,0
2026-03-05 04:30:00,1.33311,1.33343,1.33286,1.33308,714,10,0
2026-03-05 04:45:00,1.3330899999999999,1.33364,1.33281,1.33354,787,10,0
2026-03-05 05:00:00,1.33353,1.33386,1.33322,1.33355,794,10,0
2026-03-05 05:15:00,1.33355,1.3338700000000001,1.3330899999999999,1.3335,751,10,0
2026-03-05 05:30:00,1.33355,1.3336299999999999,1.33273,1.33314,712,10,0
2026-03-05 05:45:00,1.33314,1.33325,1.33131,1.33141,828,10,0
2026-03-05 06:00:00,1.33138,1.33164,1.33052,1.33087,934,10,0
2026-03-05 06:15:00,1.3309,1.33213,1.3306,1.33199,925,10,0
2026-03-05 06:30:00,1.33201,1.33261,1.33159,1.33233,840,10,0
2026-03-05 06:45:00,1.33234,1.3333300000000001,1.33164,1.33319,1853,10,0
2026-03-05 07:00:00,1.33317,1.33412,1.33312,1.33338,1280,10,0
2026-03-05 07:15:00,1.3334,1.33432,1.333,1.33419,1116,10,0
2026-03-05 07:30:00,1.33418,1.3357299999999999,1.33401,1.33521,1143,10,0
2026-03-05 07:45:00,1.3351899999999999,1.3351899999999999,1.33369,1.33412,1214,10,0
2026-03-05 08:00:00,1.33416,1.33419,1.33191,1.33236,1940,10,0
2026-03-05 08:15:00,1.33234,1.33314,1.33158,1.33167,1574,10,0
2026-03-05 08:30:00,1.33167,1.3325,1.33147,1.33231,1314,10,0
2026-03-05 08:45:00,1.33233,1.33281,1.33161,1.33257,1150,10,0
2026-03-05 09:00:00,1.33255,1.33762,1.33217,1.33719,4485,10,0
2026-03-05 09:15:00,1.33717,1.3374,1.3351199999999999,1.33606,3014,10,0
2026-03-05 09:30:00,1.3360400000000001,1.3361399999999999,1.33457,1.33491,1975,10,0
2026-03-05 09:45:00,1.33495,1.33575,1.33423,1.33545,1813,10,0
2026-03-05 10:00:00,1.33545,1.33609,1.3351,1.33513,1612,10,0
2026-03-05 10:15:00,1.33513,1.33529,1.33469,1.33525,1051,10,0
2026-03-05 10:30:00,1.33525,1.33536,1.33318,1.33353,1195,10,0
2026-03-05 10:45:00,1.33356,1.3352,1.33346,1.33501,1133,10,0
2026-03-05 11:00:00,1.33504,1.33598,1.33453,1.3359,1451,10,0
2026-03-05 11:15:00,1.3359,1.33609,1.3348,1.33506,896,10,0
2026-03-05 11:30:00,1.33503,1.3351199999999999,1.3345,1.33487,768,10,0
2026-03-05 11:45:00,1.33487,1.33652,1.33479,1.33588,1291,10,0
2026-03-05 12:00:00,1.33589,1.33627,1.33529,1.33529,1035,10,0
2026-03-05 12:15:00,1.33531,1.33735,1.33524,1.3364500000000001,1097,10,0
2026-03-05 12:30:00,1.33644,1.3373300000000001,1.3362,1.33651,1073,10,0
2026-03-05 12:45:00,1.33648,1.33682,1.33545,1.33667,1162,10,0
2026-03-05 13:00:00,1.33663,1.33682,1.33601,1.33659,1313,10,0
2026-03-05 13:15:00,1.33659,1.33698,1.33518,1.33545,1268,10,0
2026-03-05 13:30:00,1.33551,1.33555,1.33445,1.33466,1534,10,0
2026-03-05 13:45:00,1.33465,1.3348499999999999,1.33371,1.33453,1597,10,0
2026-03-05 14:00:00,1.33452,1.33596,1.33436,1.33464,1667,10,0
2026-03-05 14:15:00,1.33464,1.33496,1.33403,1.33466,1458,10,0
2026-03-05 14:30:00,1.3347,1.3354599999999999,1.33334,1.33353,1904,10,0
2026-03-05 14:45:00,1.33356,1.33475,1.33321,1.33436,1958,10,0
2026-03-05 15:00:00,1.33439,1.3353,1.33337,1.33442,2039,10,0
2026-03-05 15:15:00,1.33437,1.33446,1.33249,1.3328,1598,10,0
2026-03-05 15:30:00,1.33283,1.33293,1.33095,1.33133,1607,10,0
2026-03-05 15:45:00,1.33135,1.33236,1.33091,1.33222,1785,10,0
2026-03-05 16:00:00,1.33222,1.33223,1.33017,1.33094,1689,10,0
2026-03-05 16:15:00,1.3309,1.33118,1.32969,1.3299699999999999,1758,10,0
2026-03-05 16:30:00,1.32996,1.332,1.32969,1.33174,1797,10,0
2026-03-05 16:45:00,1.33174,1.33192,1.33067,1.3318400000000001,1442,10,0
2026-03-05 17:00:00,1.33186,1.33273,1.33138,1.3318400000000001,1409,10,0
2026-03-05 17:15:00,1.33185,1.33298,1.33165,1.33232,1452,10,0
2026-03-05 17:30:00,1.3323,1.3334,1.33165,1.33304,2326,10,0
2026-03-05 17:45:00,1.3330600000000001,1.33323,1.3321100000000001,1.33294,1573,10,0
2026-03-05 18:00:00,1.33292,1.33322,1.33243,1.3329,1553,10,0
2026-03-05 18:15:00,1.33291,1.33304,1.33175,1.33267,1692,10,0
2026-03-05 18:30:00,1.33263,1.33398,1.33259,1.33393,1387,10,0
2026-03-05 18:45:00,1.33395,1.33395,1.33266,1.3330899999999999,1176,10,0
2026-03-05 19:00:00,1.3330899999999999,1.33335,1.33256,1.33296,1046,10,0
2026-03-05 19:15:00,1.33296,1.33315,1.33215,1.33271,1014,10,0
2026-03-05 19:30:00,1.33267,1.3327200000000001,1.33179,1.33246,1047,10,0
2026-03-05 19:45:00,1.33242,1.33277,1.33175,1.33193,907,10,0
2026-03-05 20:00:00,1.33196,1.33583,1.33182,1.33564,2520,10,0
2026-03-05 20:15:00,1.33565,1.33626,1.3345799999999999,1.3355000000000001,1840,10,0
2026-03-05 20:30:00,1.33547,1.33633,1.33517,1.33563,1605,10,0
2026-03-05 20:45:00,1.33566,1.33605,1.33511,1.33563,1112,10,0
2026-03-05 21:00:00,1.33561,1.33651,1.3354300000000001,1.33588,656,10,0
2026-03-05 21:15:00,1.3359,1.33594,1.33542,1.33572,315,10,0
2026-03-05 21:30:00,1.33572,1.33585,1.33533,1.33575,433,10,0
2026-03-05 21:45:00,1.33571,1.33599,1.33547,1.33578,568,4,0
2026-03-05 22:00:00,1.3357299999999999,1.3357299999999999,1.33385,1.33402,108,26,0
2026-03-05 22:15:00,1.33401,1.3349199999999999,1.33398,1.3348499999999999,245,136,0
2026-03-05 22:30:00,1.3348499999999999,1.33509,1.3343099999999999,1.33435,289,99,0
2026-03-05 22:45:00,1.33434,1.33487,1.33425,1.3348499999999999,429,98,0
2026-03-05 23:00:00,1.33499,1.33563,1.33483,1.33533,465,17,0
2026-03-05 23:15:00,1.3353,1.33576,1.33518,1.33563,187,10,0
2026-03-05 23:30:00,1.33564,1.3358400000000001,1.33549,1.33578,291,10,0
2026-03-05 23:45:00,1.33578,1.33593,1.33548,1.33552,359,10,0
2026-03-06 00:00:00,1.33552,1.33612,1.33547,1.33591,584,10,0
2026-03-06 00:15:00,1.33592,1.33642,1.33588,1.33619,500,10,0
2026-03-06 00:30:00,1.33622,1.33635,1.33587,1.33626,489,10,0
2026-03-06 00:45:00,1.33626,1.33631,1.33575,1.33592,585,10,0
2026-03-06 01:00:00,1.3359,1.33671,1.33576,1.33644,863,10,0
2026-03-06 01:15:00,1.33644,1.33662,1.33539,1.3355000000000001,758,10,0
2026-03-06 01:30:00,1.3355299999999999,1.3369900000000001,1.3355299999999999,1.3365,1160,10,0
2026-03-06 01:45:00,1.33649,1.33714,1.33616,1.33648,817,10,0
2026-03-06 02:00:00,1.33647,1.33709,1.33633,1.33669,702,10,0
2026-03-06 02:15:00,1.33667,1.33713,1.33667,1.33683,601,10,0
2026-03-06 02:30:00,1.33683,1.33696,1.3364099999999999,1.33663,523,10,0
2026-03-06 02:45:00,1.33663,1.33683,1.33632,1.33653,470,10,0
2026-03-06 03:00:00,1.3365,1.33697,1.3364099999999999,1.33648,455,10,0
2026-03-06 03:15:00,1.33648,1.33711,1.3363800000000001,1.33688,533,10,0
2026-03-06 03:30:00,1.33688,1.33698,1.33655,1.33669,434,10,0
2026-03-06 03:45:00,1.33669,1.33731,1.33664,1.33712,381,10,0
2026-03-06 04:00:00,1.33711,1.33719,1.33685,1.33691,349,10,0
2026-03-06 04:15:00,1.33693,1.33711,1.33671,1.337,292,10,0
2026-03-06 04:30:00,1.337,1.33716,1.3367499999999999,1.33686,350,10,0
2026-03-06 04:45:00,1.33686,1.33688,1.3362,1.33624,354,10,0
2026-03-06 05:00:00,1.33621,1.33662,1.33602,1.33622,537,10,0
2026-03-06 05:15:00,1.33622,1.33635,1.33597,1.33615,422,10,0
2026-03-06 05:30:00,1.33615,1.3366500000000001,1.3359,1.33652,492,10,0
2026-03-06 05:45:00,1.33652,1.33654,1.3355000000000001,1.33557,865,10,0
2026-03-06 06:00:00,1.33557,1.33586,1.3351899999999999,1.33535,755,10,0
2026-03-06 06:15:00,1.33535,1.33594,1.33531,1.33576,626,10,0
2026-03-06 06:30:00,1.3357299999999999,1.33643,1.33571,1.3361,580,10,0
2026-03-06 06:45:00,1.3361,1.33691,1.33608,1.3367499999999999,619,10,0
2026-03-06 07:00:00,1.33673,1.33711,1.33603,1.3363,824,10,0
2026-03-06 07:15:00,1.3363,1.33721,1.33599,1.3366500000000001,890,10,0
2026-03-06 07:30:00,1.3366500000000001,1.33698,1.33619,1.33681,889,10,0
2026-03-06 07:45:00,1.33681,1.33709,1.33628,1.33688,896,10,0
2026-03-06 08:00:00,1.3369,1.33711,1.3363800000000001,1.33681,1398,10,0
2026-03-06 08:15:00,1.33683,1.33708,1.33609,1.33637,1003,10,0
2026-03-06 08:30:00,1.3363800000000001,1.33789,1.33619,1.33732,1034,10,0
2026-03-06 08:45:00,1.3373300000000001,1.33749,1.3363800000000001,1.3364,875,10,0
2026-03-06 09:00:00,1.3363800000000001,1.33643,1.33459,1.33467,1179,10,0
2026-03-06 09:15:00,1.33465,1.33496,1.33378,1.33384,1252,10,0
2026-03-06 09:30:00,1.33381,1.33415,1.33243,1.33289,1474,10,0
2026-03-06 09:45:00,1.33289,1.3332600000000001,1.33174,1.33236,1600,10,0
2026-03-06 10:00:00,1.33237,1.33371,1.33199,1.33325,1394,10,0
2026-03-06 10:15:00,1.3332600000000001,1.33369,1.33257,1.33343,1383,10,0
2026-03-06 10:30:00,1.3334,1.33404,1.3326799999999999,1.3327,1275,10,0
2026-03-06 10:45:00,1.33271,1.33425,1.3326,1.33401,1096,10,0
2026-03-06 11:00:00,1.33401,1.33456,1.3323,1.33406,1690,10,0
2026-03-06 11:15:00,1.33409,1.33419,1.33314,1.33401,1350,10,0
2026-03-06 11:30:00,1.33399,1.33409,1.33203,1.33239,1187,10,0
2026-03-06 11:45:00,1.33243,1.33294,1.33172,1.33181,1319,10,0
2026-03-06 12:00:00,1.3318400000000001,1.33222,1.33113,1.33122,1390,10,0
2026-03-06 12:15:00,1.3312599999999999,1.33224,1.33108,1.33203,1157,10,0
2026-03-06 12:30:00,1.3320699999999999,1.33381,1.3320699999999999,1.3335,1334,10,0
2026-03-06 12:45:00,1.33349,1.33422,1.33253,1.33264,1263,10,0
2026-03-06 13:00:00,1.3326,1.33454,1.33254,1.33441,1790,10,0
2026-03-06 13:15:00,1.33442,1.33576,1.33429,1.3354599999999999,1437,10,0
2026-03-06 13:30:00,1.3355000000000001,1.33891,1.3354,1.3376000000000001,4917,10,0
2026-03-06 13:45:00,1.33759,1.33759,1.33353,1.33385,4248,10,0
2026-03-06 14:00:00,1.33383,1.33483,1.33283,1.33377,3183,10,0
2026-03-06 14:15:00,1.33374,1.33412,1.3325,1.33392,2147,10,0
2026-03-06 14:30:00,1.33393,1.33515,1.33281,1.33437,3536,10,0
2026-03-06 14:45:00,1.33433,1.33479,1.33343,1.33406,2800,10,0
2026-03-06 15:00:00,1.33402,1.33764,1.334,1.3375,4102,10,0
2026-03-06 15:15:00,1.33753,1.33808,1.3351,1.3354599999999999,3185,10,0
2026-03-06 15:30:00,1.33547,1.33692,1.33511,1.33598,2898,10,0
2026-03-06 15:45:00,1.33596,1.33669,1.33491,1.3359,2221,10,0
2026-03-06 16:00:00,1.3359,1.3394,1.33586,1.33795,2416,10,0
2026-03-06 16:15:00,1.33796,1.33981,1.3378999999999999,1.33899,2075,10,0
2026-03-06 16:30:00,1.33898,1.34037,1.3385,1.34024,2122,10,0
2026-03-06 16:45:00,1.3402,1.34093,1.33921,1.33975,1684,10,0
2026-03-06 17:00:00,1.33972,1.34078,1.3392,1.33928,1972,10,0
2026-03-06 17:15:00,1.33925,1.34054,1.3387,1.339,1716,10,0
2026-03-06 17:30:00,1.33897,1.33951,1.33842,1.33911,1554,10,0
2026-03-06 17:45:00,1.3391,1.33949,1.3386,1.33865,1517,10,0
2026-03-06 18:00:00,1.33869,1.34064,1.3385799999999999,1.33986,1970,10,0
2026-03-06 18:15:00,1.33985,1.34049,1.3385,1.33873,2004,10,0
2026-03-06 18:30:00,1.33874,1.33955,1.33861,1.3391199999999999,1347,10,0
2026-03-06 18:45:00,1.3391,1.33931,1.33775,1.33863,1298,10,0
2026-03-06 19:00:00,1.33866,1.33924,1.33817,1.3390900000000001,1120,10,0
2026-03-06 19:15:00,1.3390900000000001,1.33961,1.3386,1.33913,1237,10,0
2026-03-06 19:30:00,1.3390900000000001,1.3394599999999999,1.33846,1.33897,1109,10,0
2026-03-06 19:45:00,1.33896,1.33952,1.33859,1.33861,1003,10,0
2026-03-06 20:00:00,1.33864,1.33941,1.33864,1.33913,983,10,0
2026-03-06 20:15:00,1.3391199999999999,1.33917,1.33793,1.33814,894,10,0
2026-03-06 20:30:00,1.33815,1.33914,1.33784,1.33849,1074,10,0
2026-03-06 20:45:00,1.33849,1.33927,1.33842,1.3390900000000001,1062,10,0
2026-03-06 21:00:00,1.33906,1.34017,1.33898,1.34009,677,10,0
2026-03-06 21:15:00,1.34009,1.34023,1.33985,1.33991,729,10,0
2026-03-06 21:30:00,1.33991,1.33991,1.33913,1.33924,1109,10,0
2026-03-06 21:45:00,1.33923,1.34122,1.33901,1.34114,1131,10,0
2026-03-08 21:15:00,1.33406,1.33437,1.33406,1.33437,15,93,0
2026-03-08 21:30:00,1.33437,1.33457,1.33373,1.33444,122,60,0
2026-03-08 21:45:00,1.33441,1.33456,1.3326500000000001,1.33379,188,47,0
2026-03-08 22:00:00,1.33404,1.3345799999999999,1.33185,1.33189,1294,10,0
2026-03-08 22:15:00,1.3319,1.3336999999999999,1.33164,1.33303,1246,10,0
2026-03-08 22:30:00,1.33303,1.33311,1.33181,1.332,1043,10,0
2026-03-08 22:45:00,1.33197,1.33279,1.33168,1.33179,1013,10,0
2026-03-08 23:00:00,1.33178,1.33224,1.33103,1.3314599999999999,1119,10,0
2026-03-08 23:15:00,1.33147,1.33178,1.33102,1.3312599999999999,918,10,0
2026-03-08 23:30:00,1.3312599999999999,1.3318400000000001,1.33069,1.33104,1135,10,0
2026-03-08 23:45:00,1.33104,1.33117,1.32993,1.33046,1187,10,0
2026-03-09 00:00:00,1.33045,1.33103,1.33013,1.3302800000000001,1496,10,0
2026-03-09 00:15:00,1.33025,1.33046,1.32971,1.33025,1173,10,0
2026-03-09 00:30:00,1.33027,1.33171,1.33018,1.33066,1067,10,0
2026-03-09 00:45:00,1.33066,1.33067,1.32961,1.33,1153,10,0
2026-03-09 01:00:00,1.33,1.33007,1.32854,1.32927,1880,10,0
2026-03-09 01:15:00,1.32932,1.3294000000000001,1.32828,1.32878,1189,10,0
2026-03-09 01:30:00,1.32878,1.33,1.32861,1.32932,1122,10,0
2026-03-09 01:45:00,1.32932,1.32961,1.32825,1.32855,1258,10,0
2026-03-09 02:00:00,1.32858,1.33014,1.32858,1.32935,1312,10,0
2026-03-09 02:15:00,1.32935,1.32952,1.32843,1.32925,1201,10,0
2026-03-09 02:30:00,1.32924,1.33069,1.3287499999999999,1.33059,1232,10,0
2026-03-09 02:45:00,1.3305799999999999,1.33075,1.32988,1.33042,1057,10,0
2026-03-09 03:00:00,1.33042,1.33102,1.3299400000000001,1.33015,999,10,0
2026-03-09 03:15:00,1.33014,1.33056,1.32971,1.32971,902,10,0
2026-03-09 03:30:00,1.32969,1.33,1.32901,1.32918,867,10,0
2026-03-09 03:45:00,1.32918,1.32965,1.32901,1.32949,771,10,0
2026-03-09 04:00:00,1.32952,1.3305799999999999,1.3293,1.33018,770,10,0
2026-03-09 04:15:00,1.33017,1.33041,1.32968,1.33009,691,10,0
2026-03-09 04:30:00,1.33013,1.33074,1.32985,1.3306200000000001,746,10,0
2026-03-09 04:45:00,1.33061,1.33071,1.32953,1.32975,656,10,0
2026-03-09 05:00:00,1.32976,1.33102,1.32954,1.3306200000000001,1138,10,0
2026-03-09 05:15:00,1.3306,1.33345,1.33006,1.33273,2870,10,0
2026-03-09 05:30:00,1.33274,1.33346,1.33148,1.33232,1662,10,0
2026-03-09 05:45:00,1.33229,1.33374,1.33219,1.3332899999999999,1749,10,0
2026-03-09 06:00:00,1.33332,1.33402,1.33246,1.33273,1582,10,0
2026-03-09 06:15:00,1.3327499999999999,1.33312,1.33198,1.33215,1357,10,0
2026-03-09 06:30:00,1.3321399999999999,1.33338,1.3321399999999999,1.3329,1294,10,0
2026-03-09 06:45:00,1.33291,1.33297,1.33113,1.33118,1327,10,0
2026-03-09 07:00:00,1.33122,1.3321,1.3305799999999999,1.33135,2094,10,0
2026-03-09 07:15:00,1.33134,1.3329,1.33099,1.33283,1491,10,0
2026-03-09 07:30:00,1.33285,1.33442,1.33266,1.33378,1793,10,0
2026-03-09 07:45:00,1.33377,1.33469,1.33344,1.3344,1162,10,0
2026-03-09 08:00:00,1.33442,1.33507,1.33314,1.33328,2376,10,0
2026-03-09 08:15:00,1.3332899999999999,1.3333,1.331,1.3311,1889,10,0
2026-03-09 08:30:00,1.33107,1.33172,1.33022,1.33127,2290,10,0
2026-03-09 08:45:00,1.33131,1.33191,1.33037,1.33183,1908,10,0
2026-03-09 09:00:00,1.33186,1.3332600000000001,1.33134,1.33279,1719,10,0
2026-03-09 09:15:00,1.33277,1.33416,1.33259,1.33378,1652,10,0
2026-03-09 09:30:00,1.33381,1.33631,1.33337,1.33418,2965,10,0
2026-03-09 09:45:00,1.3342,1.33483,1.3335,1.33388,2095,10,0
2026-03-09 10:00:00,1.33388,1.33501,1.33321,1.33355,2006,10,0
2026-03-09 10:15:00,1.33352,1.33432,1.33269,1.33409,1661,10,0
2026-03-09 10:30:00,1.33406,1.33436,1.33312,1.3341,1850,10,0
2026-03-09 10:45:00,1.33408,1.33461,1.33257,1.33441,1899,10,0
2026-03-09 11:00:00,1.33442,1.33561,1.3342,1.33552,1672,10,0
2026-03-09 11:15:00,1.33551,1.33568,1.33434,1.33446,1324,10,0
2026-03-09 11:30:00,1.33447,1.3351899999999999,1.33391,1.33419,1373,10,0
2026-03-09 11:45:00,1.33416,1.3351199999999999,1.33386,1.33469,1543,10,0
2026-03-09 12:00:00,1.33471,1.33556,1.3345099999999999,1.3352,1434,10,0
2026-03-09 12:15:00,1.33518,1.33579,1.33486,1.33562,1481,10,0
2026-03-09 12:30:00,1.3356,1.33601,1.33499,1.33506,1417,10,0
2026-03-09 12:45:00,1.33508,1.33559,1.33468,1.33518,1625,10,0
2026-03-09 13:00:00,1.3352,1.33717,1.33498,1.33698,1850,10,0
2026-03-09 13:15:00,1.3369900000000001,1.33796,1.33623,1.3377,1830,10,0
2026-03-09 13:30:00,1.33771,1.33822,1.33663,1.33748,2520,10,0
2026-03-09 13:45:00,1.33746,1.33782,1.3363,1.33727,2710,10,0
2026-03-09 14:00:00,1.3372899999999999,1.33749,1.33456,1.33602,4252,10,0
2026-03-09 14:15:00,1.33598,1.3366799999999999,1.33555,1.33585,2907,10,0
2026-03-09 14:30:00,1.33583,1.33722,1.33547,1.337,2475,10,0
2026-03-09 14:45:00,1.3370199999999999,1.33812,1.33695,1.33768,2395,10,0
2026-03-09 15:00:00,1.33771,1.34001,1.33761,1.33969,2121,10,0
2026-03-09 15:15:00,1.33965,1.33974,1.33853,1.33898,1526,10,0
2026-03-09 15:30:00,1.33897,1.33914,1.3383,1.3388,1636,10,0
2026-03-09 15:45:00,1.3388,1.33972,1.3385500000000001,1.33923,1432,10,0
2026-03-09 16:00:00,1.33921,1.34028,1.3391600000000001,1.33928,1287,10,0
2026-03-09 16:15:00,1.33929,1.34013,1.33864,1.33948,1318,10,0
2026-03-09 16:30:00,1.33951,1.34059,1.33941,1.34037,1392,10,0
2026-03-09 16:45:00,1.34036,1.34084,1.33883,1.33906,1134,10,0
2026-03-09 17:00:00,1.33907,1.3392,1.3384,1.33873,1025,10,0
2026-03-09 17:15:00,1.33872,1.33872,1.33816,1.33839,1006,10,0
2026-03-09 17:30:00,1.33841,1.33868,1.33827,1.33847,857,10,0
2026-03-09 17:45:00,1.33847,1.3388499999999999,1.33839,1.3384800000000001,797,10,0
2026-03-09 18:00:00,1.33845,1.33957,1.33832,1.33947,1069,10,0
2026-03-09 18:15:00,1.33947,1.33956,1.3388499999999999,1.33902,1003,10,0
2026-03-09 18:30:00,1.339,1.33934,1.33836,1.3384800000000001,783,10,0
2026-03-09 18:45:00,1.33849,1.33908,1.33829,1.33844,720,10,0
2026-03-09 19:00:00,1.33845,1.33947,1.33829,1.33926,689,10,0
2026-03-09 19:15:00,1.33926,1.34352,1.3391600000000001,1.3435000000000001,5141,10,0
2026-03-09 19:30:00,1.34351,1.34391,1.34201,1.34365,4400,10,0
2026-03-09 19:45:00,1.34363,1.34456,1.3428499999999999,1.3429,2947,10,0
2026-03-09 20:00:00,1.34293,1.34324,1.34259,1.34296,1010,10,0
2026-03-09 20:15:00,1.34296,1.34374,1.3428,1.34353,1186,10,0
2026-03-09 20:30:00,1.3435000000000001,1.34386,1.34238,1.34385,775,10,0
2026-03-09 20:45:00,1.34384,1.34467,1.34349,1.34369,1568,9,0
2026-03-09 21:00:00,1.3437000000000001,1.34374,1.34324,1.3433899999999999,176,88,0
2026-03-09 21:15:00,1.34337,1.3434300000000001,1.3427799999999999,1.34313,326,143,0
2026-03-09 21:30:00,1.34313,1.34364,1.34313,1.34344,281,75,0
2026-03-09 21:45:00,1.34342,1.34365,1.34336,1.34355,417,62,0
2026-03-09 22:00:00,1.3437999999999999,1.34478,1.3437999999999999,1.34467,729,10,0
2026-03-09 22:15:00,1.34467,1.3446799999999999,1.34279,1.3431600000000001,560,10,0
2026-03-09 22:30:00,1.34314,1.34354,1.34263,1.34274,591,10,0
2026-03-09 22:45:00,1.34274,1.34338,1.34274,1.34323,356,10,0
2026-03-09 23:00:00,1.34323,1.34347,1.34256,1.34315,539,10,0
2026-03-09 23:15:00,1.34315,1.34376,1.34307,1.3433,461,10,0
2026-03-09 23:30:00,1.3433,1.34335,1.34211,1.3422399999999999,562,10,0
2026-03-09 23:45:00,1.3422,1.34259,1.342,1.34236,525,10,0
2026-03-10 00:00:00,1.34234,1.34263,1.34174,1.34212,1242,10,0
2026-03-10 00:15:00,1.34214,1.34372,1.342,1.34371,1140,10,0
2026-03-10 00:30:00,1.3437000000000001,1.34439,1.3430900000000001,1.3443399999999999,1152,10,0
2026-03-10 00:45:00,1.34432,1.34435,1.3431199999999999,1.34347,1100,10,0
2026-03-10 01:00:00,1.34345,1.34383,1.34301,1.34331,1363,10,0
2026-03-10 01:15:00,1.34327,1.34393,1.34235,1.34262,1177,10,0
2026-03-10 01:30:00,1.34264,1.3428499999999999,1.34214,1.34252,1016,10,0
2026-03-10 01:45:00,1.34253,1.34323,1.3422100000000001,1.34304,910,10,0
2026-03-10 02:00:00,1.34307,1.34349,1.3427799999999999,1.34333,909,10,0
2026-03-10 02:15:00,1.34335,1.34374,1.34317,1.34352,711,10,0
2026-03-10 02:30:00,1.34351,1.34357,1.34244,1.34284,775,10,0
2026-03-10 02:45:00,1.3428200000000001,1.34299,1.34189,1.34211,804,10,0
2026-03-10 03:00:00,1.34211,1.3425099999999999,1.34191,1.34212,724,10,0
2026-03-10 03:15:00,1.34211,1.34253,1.34191,1.34192,648,10,0
2026-03-10 03:30:00,1.34188,1.34219,1.34181,1.34185,576,10,0
2026-03-10 03:45:00,1.34183,1.34185,1.3413300000000001,1.34162,632,10,0
2026-03-10 04:00:00,1.34165,1.34196,1.3413300000000001,1.3419400000000001,681,10,0
2026-03-10 04:15:00,1.3419400000000001,1.34198,1.34171,1.34192,378,10,0
2026-03-10 04:30:00,1.34192,1.34214,1.34169,1.34212,438,10,0
2026-03-10 04:45:00,1.34209,1.3428200000000001,1.34199,1.34242,501,10,0
2026-03-10 05:00:00,1.34242,1.34341,1.34237,1.34307,758,10,0
2026-03-10 05:15:00,1.34306,1.34341,1.34292,1.34315,574,10,0
2026-03-10 05:30:00,1.3431199999999999,1.34327,1.3426,1.34262,557,10,0
2026-03-10 05:45:00,1.34262,1.34356,1.34259,1.34356,738,10,0
2026-03-10 06:00:00,1.34359,1.34425,1.34357,1.34409,660,10,0
2026-03-10 06:15:00,1.34414,1.34474,1.3437700000000001,1.34442,699,10,0
2026-03-10 06:30:00,1.34444,1.34569,1.34439,1.34559,827,10,0
2026-03-10 06:45:00,1.34558,1.34575,1.34462,1.34498,773,10,0
2026-03-10 07:00:00,1.34503,1.34649,1.34466,1.34543,1554,10,0
2026-03-10 07:15:00,1.34542,1.34754,1.34531,1.34734,1134,10,0
2026-03-10 07:30:00,1.34734,1.3474599999999999,1.34609,1.34698,1313,10,0
2026-03-10 07:45:00,1.34701,1.34799,1.34698,1.34767,1345,10,0
2026-03-10 08:00:00,1.34765,1.34829,1.34676,1.34698,2079,10,0
2026-03-10 08:15:00,1.34698,1.34768,1.3462,1.34727,1347,10,0
2026-03-10 08:30:00,1.34725,1.34742,1.34668,1.34679,1210,10,0
2026-03-10 08:45:00,1.34679,1.34702,1.34521,1.3458700000000001,1232,10,0
2026-03-10 09:00:00,1.34586,1.34683,1.3455300000000001,1.34639,1093,10,0
2026-03-10 09:15:00,1.34639,1.34674,1.34569,1.34606,1089,10,0
2026-03-10 09:30:00,1.34607,1.3468200000000001,1.3458,1.34673,947,10,0
2026-03-10 09:45:00,1.34673,1.3468499999999999,1.34568,1.34572,1026,10,0
2026-03-10 10:00:00,1.34569,1.34569,1.3446799999999999,1.3448,1097,10,0
2026-03-10 10:15:00,1.34479,1.34573,1.34461,1.34542,1188,10,0
2026-03-10 10:30:00,1.34542,1.3456299999999999,1.3437999999999999,1.34493,1522,10,0
2026-03-10 10:45:00,1.3449499999999999,1.34515,1.34425,1.34504,1114,10,0
2026-03-10 11:00:00,1.34509,1.34673,1.34487,1.3453300000000001,2247,10,0
2026-03-10 11:15:00,1.34531,1.3456299999999999,1.3444099999999999,1.3449,1206,10,0
2026-03-10 11:30:00,1.34491,1.3453300000000001,1.34424,1.34528,1145,10,0
2026-03-10 11:45:00,1.34528,1.3458999999999999,1.3443100000000001,1.34439,1165,10,0
2026-03-10 12:00:00,1.34443,1.34481,1.3431,1.34352,1846,10,0
2026-03-10 12:15:00,1.34353,1.3440699999999999,1.3431600000000001,1.34323,1384,10,0
2026-03-10 12:30:00,1.34323,1.34403,1.34297,1.34371,1269,10,0
2026-03-10 12:45:00,1.34371,1.34475,1.34371,1.3441100000000001,1312,10,0
2026-03-10 13:00:00,1.34415,1.34568,1.3439999999999999,1.34537,1454,10,0
2026-03-10 13:15:00,1.34538,1.3465,1.34518,1.34613,1056,10,0
2026-03-10 13:30:00,1.34615,1.34673,1.34515,1.34569,2514,10,0
2026-03-10 13:45:00,1.34567,1.34567,1.34442,1.34476,1710,10,0
2026-03-10 14:00:00,1.34475,1.34522,1.34369,1.34439,1670,10,0
2026-03-10 14:15:00,1.34439,1.34552,1.34427,1.34532,1367,10,0
2026-03-10 14:30:00,1.3453,1.3462399999999999,1.34528,1.34619,1482,10,0
2026-03-10 14:45:00,1.34618,1.3468499999999999,1.3457,1.3467,1328,10,0
2026-03-10 15:00:00,1.34671,1.34705,1.34598,1.3462,1294,10,0
2026-03-10 15:15:00,1.3462,1.34667,1.34567,1.3458,1300,10,0
2026-03-10 15:30:00,1.34583,1.34726,1.34577,1.3471,1403,10,0
2026-03-10 15:45:00,1.34711,1.34726,1.34527,1.34572,1305,10,0
2026-03-10 16:00:00,1.34573,1.34578,1.34463,1.34511,1115,10,0
2026-03-10 16:15:00,1.34511,1.34583,1.3449200000000001,1.34548,1082,10,0
2026-03-10 16:30:00,1.34549,1.34665,1.34545,1.34579,1099,10,0
2026-03-10 16:45:00,1.34579,1.3464800000000001,1.34518,1.34622,937,10,0
2026-03-10 17:00:00,1.34625,1.34734,1.3462100000000001,1.3466,1238,10,0
2026-03-10 17:15:00,1.34659,1.34806,1.34656,1.34729,1276,10,0
2026-03-10 17:30:00,1.34727,1.3473,1.3455,1.34572,1743,10,0
2026-03-10 17:45:00,1.34572,1.3462100000000001,1.34554,1.3462100000000001,1110,10,0
2026-03-10 18:00:00,1.34623,1.34629,1.3441100000000001,1.34421,1697,10,0
2026-03-10 18:15:00,1.34423,1.34475,1.34262,1.3443100000000001,3992,10,0
2026-03-10 18:30:00,1.34432,1.34471,1.3426,1.34286,2422,10,0
2026-03-10 18:45:00,1.34284,1.34384,1.34274,1.3428200000000001,1583,10,0
2026-03-10 19:00:00,1.3428499999999999,1.3431600000000001,1.34238,1.34313,1193,10,0
2026-03-10 19:15:00,1.34314,1.34353,1.34211,1.3422399999999999,1403,10,0
2026-03-10 19:30:00,1.34222,1.34253,1.34114,1.34189,1927,10,0
2026-03-10 19:45:00,1.34191,1.34204,1.34116,1.34178,1234,10,0
2026-03-10 20:00:00,1.34181,1.34201,1.34123,1.34191,706,10,0
2026-03-10 20:15:00,1.34191,1.34222,1.34144,1.34199,581,10,0
2026-03-10 20:30:00,1.34198,1.34206,1.34149,1.34184,302,10,0
2026-03-10 20:45:00,1.34184,1.34191,1.34147,1.34155,408,4,0
2026-03-10 21:00:00,1.34152,1.34159,1.34137,1.34139,134,29,0
2026-03-10 21:15:00,1.34137,1.34159,1.34137,1.34146,196,29,0
2026-03-10 21:30:00,1.34149,1.34159,1.34134,1.34138,395,26,0
2026-03-10 21:45:00,1.34138,1.3415599999999999,1.34132,1.3413599999999999,271,51,0
2026-03-10 22:00:00,1.34149,1.34186,1.34128,1.34132,257,10,0
2026-03-10 22:15:00,1.34132,1.34144,1.34116,1.3413,174,10,0
2026-03-10 22:30:00,1.34127,1.34132,1.34108,1.34128,266,10,0
2026-03-10 22:45:00,1.34128,1.3413300000000001,1.34097,1.3413300000000001,189,10,0
2026-03-10 23:00:00,1.3413300000000001,1.34175,1.34125,1.34175,300,10,0
2026-03-10 23:15:00,1.34172,1.34183,1.34148,1.34151,229,10,0
2026-03-10 23:30:00,1.34151,1.34192,1.3415,1.34192,236,10,0
2026-03-10 23:45:00,1.34193,1.34203,1.34168,1.34191,325,10,0
2026-03-11 00:00:00,1.34192,1.34329,1.34139,1.34306,1025,10,0
2026-03-11 00:15:00,1.34307,1.3434,1.34289,1.34329,873,10,0
2026-03-11 00:30:00,1.34329,1.3436,1.34281,1.34348,585,10,0
2026-03-11 00:45:00,1.34349,1.3437000000000001,1.3429,1.34302,569,10,0
2026-03-11 01:00:00,1.34302,1.34352,1.34256,1.34352,734,10,0
2026-03-11 01:15:00,1.34353,1.34426,1.34321,1.34418,775,10,0
2026-03-11 01:30:00,1.34416,1.34447,1.34378,1.3444099999999999,735,10,0
2026-03-11 01:45:00,1.3444099999999999,1.34483,1.34419,1.34453,720,10,0
2026-03-11 02:00:00,1.34452,1.34471,1.34398,1.3441100000000001,536,10,0
2026-03-11 02:15:00,1.3441100000000001,1.34461,1.34389,1.3439,473,10,0
2026-03-11 02:30:00,1.34389,1.34416,1.34357,1.3441100000000001,466,10,0
2026-03-11 02:45:00,1.3441100000000001,1.34493,1.34401,1.34458,640,10,0
2026-03-11 03:00:00,1.34458,1.3449900000000001,1.3443800000000001,1.34448,467,10,0
2026-03-11 03:15:00,1.3445,1.34462,1.34424,1.34428,442,10,0
2026-03-11 03:30:00,1.34428,1.34521,1.34428,1.3450199999999999,505,10,0
2026-03-11 03:45:00,1.345,1.3453,1.3447,1.34516,431,10,0
2026-03-11 04:00:00,1.34518,1.34523,1.34477,1.34506,442,10,0
2026-03-11 04:15:00,1.34506,1.34534,1.34481,1.3452899999999999,406,10,0
2026-03-11 04:30:00,1.34528,1.3453,1.34498,1.3451,403,10,0
2026-03-11 04:45:00,1.34509,1.34572,1.34507,1.34538,455,10,0
2026-03-11 05:00:00,1.34538,1.34565,1.34523,1.34524,466,10,0
2026-03-11 05:15:00,1.3452600000000001,1.34542,1.34487,1.34488,377,10,0
2026-03-11 05:30:00,1.34488,1.34544,1.3448,1.34515,469,10,0
2026-03-11 05:45:00,1.34511,1.34511,1.34456,1.3448,560,10,0
2026-03-11 06:00:00,1.34477,1.34528,1.34456,1.34519,725,10,0
2026-03-11 06:15:00,1.3452,1.34555,1.3448,1.34513,597,10,0
2026-03-11 06:30:00,1.34515,1.34559,1.34488,1.3450199999999999,586,10,0
2026-03-11 06:45:00,1.34503,1.34507,1.34425,1.34482,517,10,0
2026-03-11 07:00:00,1.3448,1.34511,1.34408,1.34435,1060,10,0
2026-03-11 07:15:00,1.3443800000000001,1.34518,1.3431,1.34364,1537,10,0
2026-03-11 07:30:00,1.34363,1.34416,1.34289,1.3432,1185,10,0
2026-03-11 07:45:00,1.3431899999999999,1.34397,1.3429,1.34342,970,10,0
2026-03-11 08:00:00,1.3434599999999999,1.34361,1.34238,1.34341,1206,10,0
2026-03-11 08:15:00,1.34341,1.34341,1.34231,1.3427,1015,10,0
2026-03-11 08:30:00,1.34274,1.34302,1.34134,1.34138,1191,10,0
2026-03-11 08:45:00,1.34135,1.34264,1.3409499999999999,1.3426,1363,10,0
2026-03-11 09:00:00,1.34262,1.34271,1.34012,1.3423,1827,10,0
2026-03-11 09:15:00,1.34228,1.34292,1.3413300000000001,1.3414,1275,10,0
2026-03-11 09:30:00,1.34138,1.34254,1.34132,1.34186,1117,10,0
2026-03-11 09:45:00,1.34184,1.34203,1.3405,1.3415300000000001,1394,10,0
2026-03-11 10:00:00,1.34152,1.34247,1.34123,1.3424,1143,10,0
2026-03-11 10:15:00,1.3424,1.34414,1.34232,1.34361,1121,10,0
2026-03-11 10:30:00,1.34362,1.34452,1.3434,1.3443,976,10,0
2026-03-11 10:45:00,1.3443,1.34463,1.34387,1.3445,879,10,0
2026-03-11 11:00:00,1.34449,1.3449200000000001,1.34397,1.34462,948,10,0
2026-03-11 11:15:00,1.34463,1.34481,1.3435000000000001,1.3437000000000001,972,10,0
2026-03-11 11:30:00,1.34369,1.34391,1.34288,1.3431899999999999,971,10,0
2026-03-11 11:45:00,1.3432,1.34443,1.3423,1.34274,1833,10,0
2026-03-11 12:00:00,1.34273,1.34334,1.3424800000000001,1.34259,1537,10,0
2026-03-11 12:15:00,1.3425500000000001,1.343,1.34201,1.34295,1199,10,0
2026-03-11 12:30:00,1.34295,1.34335,1.34109,1.34135,2069,10,0
2026-03-11 12:45:00,1.34137,1.34139,1.3394,1.33986,1904,10,0
2026-03-11 13:00:00,1.33988,1.3413,1.33971,1.34107,1906,10,0
2026-03-11 13:15:00,1.34107,1.34222,1.34098,1.34167,1159,10,0
2026-03-11 13:30:00,1.34171,1.34172,1.3402,1.34053,1626,10,0
2026-03-11 13:45:00,1.34048,1.34191,1.33999,1.34178,1552,10,0
2026-03-11 14:00:00,1.34174,1.34432,1.34148,1.3432,4891,10,0
2026-03-11 14:15:00,1.34317,1.34348,1.34216,1.3428200000000001,2066,10,0
2026-03-11 14:30:00,1.3428499999999999,1.34334,1.34189,1.34222,1597,10,0
2026-03-11 14:45:00,1.3422100000000001,1.34367,1.34196,1.34233,1416,10,0
2026-03-11 15:00:00,1.34232,1.34268,1.3413599999999999,1.34139,1455,10,0
2026-03-11 15:15:00,1.34137,1.34164,1.34098,1.3411,1119,10,0
2026-03-11 15:30:00,1.34114,1.34121,1.34001,1.3401100000000001,1113,10,0
2026-03-11 15:45:00,1.34013,1.3406500000000001,1.3393,1.33974,1243,10,0
2026-03-11 16:00:00,1.3397299999999999,1.34091,1.33938,1.34091,1293,10,0
2026-03-11 16:15:00,1.34091,1.3409900000000001,1.34001,1.34037,1159,10,0
2026-03-11 16:30:00,1.3403399999999999,1.34132,1.3401100000000001,1.3406,1146,10,0
2026-03-11 16:45:00,1.34063,1.34119,1.34032,1.3409499999999999,851,10,0
2026-03-11 17:00:00,1.34098,1.34132,1.34071,1.34103,884,10,0
2026-03-11 17:15:00,1.34101,1.34162,1.34049,1.34162,861,10,0
2026-03-11 17:30:00,1.34164,1.34174,1.33982,1.34062,1637,10,0
2026-03-11 17:45:00,1.3406,1.34124,1.34035,1.34096,1188,10,0
2026-03-11 18:00:00,1.34096,1.34106,1.34008,1.3407200000000001,817,10,0
2026-03-11 18:15:00,1.3407200000000001,1.34179,1.3406500000000001,1.3415,1014,10,0
2026-03-11 18:30:00,1.34149,1.3418,1.3412600000000001,1.34131,671,10,0
2026-03-11 18:45:00,1.34131,1.34175,1.34117,1.34149,692,10,0
2026-03-11 19:00:00,1.34149,1.34154,1.34101,1.34122,579,10,0
2026-03-11 19:15:00,1.34122,1.34166,1.3409900000000001,1.34141,488,10,0
2026-03-11 19:30:00,1.3414,1.34188,1.3414,1.3418,378,10,0
2026-03-11 19:45:00,1.34181,1.34219,1.34161,1.34179,459,10,0
2026-03-11 20:00:00,1.34179,1.34182,1.34142,1.34174,381,10,0
2026-03-11 20:15:00,1.34174,1.34176,1.34151,1.34154,252,10,0
2026-03-11 20:30:00,1.34154,1.34162,1.3412,1.34122,249,10,0
2026-03-11 20:45:00,1.34122,1.34132,1.3409499999999999,1.34119,362,10,0
2026-03-11 21:00:00,1.34118,1.34119,1.34106,1.34109,109,13,0
2026-03-11 21:15:00,1.34115,1.34119,1.34104,1.34113,201,15,0
2026-03-11 21:30:00,1.34115,1.34123,1.34097,1.34103,262,15,0
2026-03-11 21:45:00,1.34101,1.34111,1.34096,1.34106,230,24,0
2026-03-11 22:00:00,1.34118,1.34141,1.34053,1.34063,458,10,0
2026-03-11 22:15:00,1.34063,1.34074,1.33983,1.33986,489,10,0
2026-03-11 22:30:00,1.33985,1.33995,1.3391899999999999,1.3392,452,10,0
2026-03-11 22:45:00,1.3392,1.33932,1.33883,1.33893,379,10,0
2026-03-11 23:00:00,1.3389199999999999,1.33934,1.33872,1.33899,633,10,0
2026-03-11 23:15:00,1.33899,1.339,1.33832,1.33832,502,10,0
2026-03-11 23:30:00,1.33833,1.33834,1.33759,1.33792,496,10,0
2026-03-11 23:45:00,1.33791,1.33823,1.33773,1.3382100000000001,408,10,0
2026-03-12 00:00:00,1.33818,1.33822,1.3369,1.33701,944,10,0
2026-03-12 00:15:00,1.3370199999999999,1.33784,1.33695,1.33772,657,10,0
2026-03-12 00:30:00,1.33773,1.3388,1.33761,1.33878,470,10,0
2026-03-12 00:45:00,1.3388,1.33922,1.3382100000000001,1.3382100000000001,834,10,0
2026-03-12 01:00:00,1.33819,1.33875,1.33809,1.33861,915,10,0
2026-03-12 01:15:00,1.33861,1.33931,1.33834,1.33924,646,10,0
2026-03-12 01:30:00,1.33924,1.33969,1.3388900000000001,1.3394300000000001,591,10,0
2026-03-12 01:45:00,1.33942,1.33944,1.33849,1.33883,577,10,0
2026-03-12 02:00:00,1.33884,1.33934,1.33867,1.33867,503,10,0
2026-03-12 02:15:00,1.33868,1.33876,1.3378,1.33781,528,10,0
2026-03-12 02:30:00,1.33783,1.3379699999999999,1.33648,1.33689,725,10,0
2026-03-12 02:45:00,1.3369,1.33719,1.33651,1.33704,645,10,0
2026-03-12 03:00:00,1.33701,1.33735,1.3366500000000001,1.33682,617,10,0
2026-03-12 03:15:00,1.33682,1.33712,1.33658,1.33673,455,10,0
2026-03-12 03:30:00,1.33676,1.33719,1.33667,1.33712,469,10,0
2026-03-12 03:45:00,1.33712,1.33728,1.33689,1.33714,401,10,0
2026-03-12 04:00:00,1.33714,1.33722,1.33688,1.33711,384,10,0
2026-03-12 04:15:00,1.33711,1.3372600000000001,1.33692,1.33711,287,10,0
2026-03-12 04:30:00,1.33711,1.33714,1.33633,1.3363800000000001,415,10,0
2026-03-12 04:45:00,1.3363800000000001,1.3366,1.33606,1.33622,448,10,0
2026-03-12 05:00:00,1.33623,1.33732,1.33613,1.33682,958,10,0
2026-03-12 05:15:00,1.33683,1.33738,1.33667,1.33731,602,10,0
2026-03-12 05:30:00,1.33731,1.3376000000000001,1.3371,1.33734,562,10,0
2026-03-12 05:45:00,1.33735,1.33747,1.3364,1.33682,558,10,0
2026-03-12 06:00:00,1.33682,1.33745,1.33659,1.3367200000000001,734,10,0
2026-03-12 06:15:00,1.3367200000000001,1.33755,1.3363800000000001,1.33746,931,10,0
2026-03-12 06:30:00,1.33749,1.3379699999999999,1.33743,1.3378999999999999,644,10,0
2026-03-12 06:45:00,1.33789,1.33818,1.33751,1.33804,563,10,0
2026-03-12 07:00:00,1.33806,1.33862,1.338,1.3386,746,10,0
2026-03-12 07:15:00,1.3386,1.3387,1.33823,1.3383099999999999,682,10,0
2026-03-12 07:30:00,1.3383099999999999,1.3388200000000001,1.33766,1.33869,881,10,0
2026-03-12 07:45:00,1.33871,1.33921,1.33781,1.3392,918,10,0
2026-03-12 08:00:00,1.3391899999999999,1.33972,1.33896,1.33906,1020,10,0
2026-03-12 08:15:00,1.33907,1.33915,1.3382,1.3382800000000001,933,10,0
2026-03-12 08:30:00,1.33825,1.33852,1.33764,1.33832,799,10,0
2026-03-12 08:45:00,1.33836,1.33857,1.33698,1.33786,865,10,0
2026-03-12 09:00:00,1.33788,1.33842,1.33731,1.33752,925,10,0
2026-03-12 09:15:00,1.33753,1.33865,1.3373,1.33856,929,10,0
2026-03-12 09:30:00,1.33857,1.33944,1.33837,1.33939,1008,10,0
2026-03-12 09:45:00,1.33939,1.33954,1.33899,1.33929,692,10,0
2026-03-12 10:00:00,1.33927,1.33963,1.33873,1.3388900000000001,811,10,0
2026-03-12 10:15:00,1.33888,1.33894,1.33814,1.3383099999999999,677,10,0
2026-03-12 10:30:00,1.33827,1.33921,1.33827,1.33864,978,10,0
2026-03-12 10:45:00,1.33865,1.3394300000000001,1.33849,1.33918,875,10,0
2026-03-12 11:00:00,1.33917,1.33965,1.3389199999999999,1.33932,786,10,0
2026-03-12 11:15:00,1.33936,1.33984,1.3391,1.33961,811,10,0
2026-03-12 11:30:00,1.33963,1.34076,1.33963,1.34061,792,10,0
2026-03-12 11:45:00,1.34061,1.34093,1.33948,1.3397299999999999,900,10,0
2026-03-12 12:00:00,1.33975,1.33983,1.3383099999999999,1.3385099999999999,1128,10,0
2026-03-12 12:15:00,1.33852,1.3385500000000001,1.33713,1.33765,1106,10,0
2026-03-12 12:30:00,1.33769,1.33777,1.3367499999999999,1.33751,1058,10,0
2026-03-12 12:45:00,1.33751,1.33802,1.33715,1.33776,1075,10,0
2026-03-12 13:00:00,1.33779,1.33914,1.3376299999999999,1.3383,1027,10,0
2026-03-12 13:15:00,1.3383099999999999,1.33844,1.33649,1.33808,2449,10,0
2026-03-12 13:30:00,1.33804,1.33842,1.3373599999999999,1.33771,1933,10,0
2026-03-12 13:45:00,1.33769,1.33815,1.33619,1.33683,1665,10,0
2026-03-12 14:00:00,1.33684,1.33742,1.33632,1.3369,1728,10,0
2026-03-12 14:15:00,1.33692,1.3374,1.33578,1.33578,1437,10,0
2026-03-12 14:30:00,1.3357999999999999,1.33633,1.3351,1.33589,1378,10,0
2026-03-12 14:45:00,1.33588,1.33701,1.33497,1.3356,2293,10,0
2026-03-12 15:00:00,1.33559,1.33583,1.33386,1.33434,1675,10,0
2026-03-12 15:15:00,1.33432,1.33508,1.33416,1.33488,1368,10,0
2026-03-12 15:30:00,1.3348499999999999,1.33606,1.33417,1.33567,2386,10,0
2026-03-12 15:45:00,1.33565,1.33595,1.3346,1.3348,1958,10,0
2026-03-12 16:00:00,1.33478,1.3353,1.33376,1.33448,1351,10,0
2026-03-12 16:15:00,1.33449,1.33651,1.33429,1.3351899999999999,1583,10,0
2026-03-12 16:30:00,1.33515,1.33565,1.33477,1.33509,1698,10,0
2026-03-12 16:45:00,1.33508,1.3353,1.3342100000000001,1.33478,1270,10,0
2026-03-12 17:00:00,1.33476,1.33609,1.33471,1.33531,1254,10,0
2026-03-12 17:15:00,1.3353,1.3359,1.33474,1.33532,1287,10,0
2026-03-12 17:30:00,1.33532,1.33594,1.33528,1.33562,1084,10,0
2026-03-12 17:45:00,1.33565,1.33572,1.3349199999999999,1.33562,965,10,0
2026-03-12 18:00:00,1.33563,1.3359,1.33521,1.33551,972,10,0
2026-03-12 18:15:00,1.33552,1.3357700000000001,1.33454,1.3347,803,10,0
2026-03-12 18:30:00,1.3347,1.33497,1.33444,1.33462,839,10,0
2026-03-12 18:45:00,1.33463,1.33471,1.33409,1.33422,731,10,0
2026-03-12 19:00:00,1.3342399999999999,1.33469,1.33396,1.33442,952,10,0
2026-03-12 19:15:00,1.33443,1.33459,1.33411,1.33441,666,10,0
2026-03-12 19:30:00,1.33443,1.33493,1.33443,1.33471,678,10,0
2026-03-12 19:45:00,1.3347,1.3348499999999999,1.33432,1.33471,676,10,0
2026-03-12 20:00:00,1.33475,1.33483,1.33433,1.33461,585,10,0
2026-03-12 20:15:00,1.33462,1.33465,1.3341,1.33414,460,10,0
2026-03-12 20:30:00,1.33411,1.33478,1.33408,1.33476,335,10,0
2026-03-12 20:45:00,1.33476,1.33511,1.33414,1.33414,454,4,0
2026-03-12 21:00:00,1.33413,1.33423,1.3338999999999999,1.33414,189,29,0
2026-03-12 21:15:00,1.33413,1.3342,1.33385,1.33398,379,44,0
2026-03-12 21:30:00,1.33399,1.3342800000000001,1.3338999999999999,1.3342399999999999,335,55,0
2026-03-12 21:45:00,1.33423,1.3342800000000001,1.33386,1.33427,288,49,0
2026-03-12 22:00:00,1.33436,1.33466,1.33414,1.33434,272,10,0
2026-03-12 22:15:00,1.33434,1.33477,1.33422,1.3347,202,10,0
2026-03-12 22:30:00,1.33467,1.33513,1.33461,1.33496,327,10,0
2026-03-12 22:45:00,1.33496,1.33507,1.33481,1.33496,219,10,0
2026-03-12 23:00:00,1.33497,1.33508,1.33473,1.3349199999999999,322,10,0
2026-03-12 23:15:00,1.3349199999999999,1.33498,1.3345500000000001,1.33476,206,10,0
2026-03-12 23:30:00,1.33476,1.33518,1.33471,1.33508,278,10,0
2026-03-12 23:45:00,1.33508,1.33544,1.33498,1.33511,488,10,0
2026-03-13 00:00:00,1.33513,1.33623,1.33501,1.33621,812,10,0
2026-03-13 00:15:00,1.3362,1.33635,1.33602,1.33618,544,10,0
2026-03-13 00:30:00,1.33619,1.33625,1.3357299999999999,1.3357700000000001,474,10,0
2026-03-13 00:45:00,1.3357700000000001,1.3364500000000001,1.33569,1.33627,575,10,0
2026-03-13 01:00:00,1.33626,1.33691,1.33626,1.33667,628,10,0
2026-03-13 01:15:00,1.33667,1.33683,1.33632,1.33657,578,10,0
2026-03-13 01:30:00,1.33654,1.3366500000000001,1.33593,1.33594,426,10,0
2026-03-13 01:45:00,1.33594,1.33605,1.33542,1.33558,398,10,0
2026-03-13 02:00:00,1.33559,1.33618,1.3355000000000001,1.33552,532,10,0
2026-03-13 02:15:00,1.33551,1.33579,1.33541,1.33555,480,10,0
2026-03-13 02:30:00,1.33555,1.33576,1.3349199999999999,1.33495,356,10,0
2026-03-13 02:45:00,1.33495,1.33544,1.33462,1.3352,506,10,0
2026-03-13 03:00:00,1.33518,1.33534,1.33444,1.33445,523,10,0
2026-03-13 03:15:00,1.33445,1.3346,1.33422,1.3343099999999999,427,10,0
2026-03-13 03:30:00,1.3342800000000001,1.33449,1.33391,1.33444,428,10,0
2026-03-13 03:45:00,1.33443,1.33478,1.33437,1.33463,398,10,0
2026-03-13 04:00:00,1.33459,1.33459,1.33416,1.3342399999999999,293,10,0
2026-03-13 04:15:00,1.3342399999999999,1.33434,1.3336999999999999,1.33373,297,10,0
2026-03-13 04:30:00,1.33377,1.33382,1.33292,1.33316,470,10,0
2026-03-13 04:45:00,1.33316,1.3334,1.33301,1.33313,361,10,0
2026-03-13 05:00:00,1.33313,1.33325,1.3328,1.3330600000000001,446,10,0
2026-03-13 05:15:00,1.3330600000000001,1.3333599999999999,1.33296,1.3333300000000001,367,10,0
2026-03-13 05:30:00,1.33332,1.33373,1.33317,1.33322,430,10,0
2026-03-13 05:45:00,1.33321,1.33344,1.33292,1.33318,422,10,0
2026-03-13 06:00:00,1.3332,1.33338,1.33278,1.33278,545,10,0
2026-03-13 06:15:00,1.33277,1.33279,1.33209,1.33233,655,10,0
2026-03-13 06:30:00,1.33233,1.3324099999999999,1.3315299999999999,1.33193,729,10,0
2026-03-13 06:45:00,1.33193,1.33206,1.33147,1.33156,673,10,0
2026-03-13 07:00:00,1.33152,1.33152,1.3293,1.32947,1311,10,0
2026-03-13 07:15:00,1.32947,1.32966,1.32835,1.32924,985,10,0
2026-03-13 07:30:00,1.32925,1.32962,1.3285,1.3286,1002,10,0
2026-03-13 07:45:00,1.32863,1.32892,1.32738,1.32795,1156,10,0
2026-03-13 08:00:00,1.32796,1.32803,1.32645,1.32671,1380,10,0
2026-03-13 08:15:00,1.3267,1.32684,1.3255,1.32561,1306,10,0
2026-03-13 08:30:00,1.32559,1.3273,1.32548,1.32639,1244,10,0
2026-03-13 08:45:00,1.32637,1.32674,1.32585,1.3260399999999999,1068,10,0
2026-03-13 09:00:00,1.32607,1.32765,1.32602,1.32765,1555,10,0
2026-03-13 09:15:00,1.32761,1.32783,1.3268,1.32774,983,10,0
2026-03-13 09:30:00,1.32772,1.32795,1.3258,1.32585,983,10,0
2026-03-13 09:45:00,1.32585,1.32677,1.32583,1.3262,1002,10,0
2026-03-13 10:00:00,1.32617,1.32742,1.32615,1.32684,977,10,0
2026-03-13 10:15:00,1.32684,1.32696,1.32537,1.32586,808,10,0
2026-03-13 10:30:00,1.32585,1.32612,1.32545,1.32591,823,10,0
2026-03-13 10:45:00,1.32591,1.3274599999999999,1.32516,1.32595,1504,10,0
2026-03-13 11:00:00,1.32596,1.32654,1.32481,1.32481,1331,10,0
2026-03-13 11:15:00,1.32481,1.32613,1.3245,1.32581,1234,10,0
2026-03-13 11:30:00,1.32582,1.32671,1.32523,1.32585,1086,10,0
2026-03-13 11:45:00,1.32587,1.32636,1.32541,1.32546,1109,10,0
2026-03-13 12:00:00,1.32546,1.32615,1.32497,1.32551,1182,10,0
2026-03-13 12:15:00,1.32553,1.32696,1.32512,1.32638,1145,10,0
2026-03-13 12:30:00,1.32639,1.3272300000000001,1.32605,1.32695,1615,10,0
2026-03-13 12:45:00,1.32691,1.32852,1.32687,1.32711,2034,10,0
2026-03-13 13:00:00,1.32709,1.3278699999999999,1.32632,1.32717,1814,10,0
2026-03-13 13:15:00,1.3272,1.32735,1.32643,1.327,1150,10,0
2026-03-13 13:30:00,1.32696,1.32837,1.32673,1.3283,1492,10,0
2026-03-13 13:45:00,1.3283,1.3289,1.32783,1.3280699999999999,1312,10,0
2026-03-13 14:00:00,1.32806,1.32808,1.3268499999999999,1.3268499999999999,1594,10,0
2026-03-13 14:15:00,1.32684,1.3273,1.32616,1.3272,1536,10,0
2026-03-13 14:30:00,1.3271899999999999,1.32837,1.3265799999999999,1.3266200000000001,1449,10,0
2026-03-13 14:45:00,1.32659,1.32681,1.32532,1.3255,1504,10,0
2026-03-13 15:00:00,1.32552,1.32609,1.3250199999999999,1.32598,1413,10,0
2026-03-13 15:15:00,1.3259699999999999,1.326,1.3241,1.32449,1206,10,0
2026-03-13 15:30:00,1.32449,1.32454,1.32313,1.32339,1361,10,0
2026-03-13 15:45:00,1.3234,1.3249900000000001,1.32298,1.32379,2398,10,0
2026-03-13 16:00:00,1.32376,1.32461,1.32349,1.3237999999999999,1519,10,0
2026-03-13 16:15:00,1.32381,1.3241100000000001,1.3232300000000001,1.32369,1375,10,0
2026-03-13 16:30:00,1.32368,1.32394,1.3231600000000001,1.3232300000000001,1342,10,0
2026-03-13 16:45:00,1.32322,1.32473,1.32322,1.32435,1195,10,0
2026-03-13 17:00:00,1.32432,1.32454,1.32375,1.32423,1082,10,0
2026-03-13 17:15:00,1.32425,1.32507,1.32425,1.32495,1014,10,0
2026-03-13 17:30:00,1.32493,1.32526,1.32449,1.32491,1152,10,0
2026-03-13 17:45:00,1.3249,1.32513,1.32419,1.32458,965,10,0
2026-03-13 18:00:00,1.32459,1.32491,1.324,1.32415,987,10,0
2026-03-13 18:15:00,1.32412,1.3241399999999999,1.32347,1.32393,854,10,0
2026-03-13 18:30:00,1.32392,1.32473,1.3238699999999999,1.32468,803,10,0
2026-03-13 18:45:00,1.32464,1.32486,1.3241,1.32429,644,10,0
2026-03-13 19:00:00,1.32431,1.32442,1.32351,1.32352,688,10,0
2026-03-13 19:15:00,1.3235299999999999,1.32365,1.32305,1.32313,711,10,0
2026-03-13 19:30:00,1.32312,1.32343,1.32283,1.3229199999999999,619,10,0
2026-03-13 19:45:00,1.32294,1.32295,1.32242,1.32268,617,10,0
2026-03-13 20:00:00,1.3226499999999999,1.32285,1.32199,1.32212,525,10,0
2026-03-13 20:15:00,1.32212,1.32239,1.3219699999999999,1.3221,440,10,0
2026-03-13 20:30:00,1.32211,1.32234,1.32181,1.32195,383,10,0
2026-03-13 20:45:00,1.3219699999999999,1.32245,1.3219400000000001,1.32215,648,10,0
2026-03-15 21:00:00,1.32382,1.32382,1.32371,1.32371,5,47,0
2026-03-15 21:15:00,1.32371,1.32391,1.32308,1.32359,170,48,0
2026-03-15 21:30:00,1.32345,1.3237700000000001,1.32223,1.32334,236,47,0
2026-03-15 21:45:00,1.32333,1.32365,1.32156,1.3234,251,47,0
2026-03-15 22:00:00,1.32365,1.32403,1.3229,1.32346,837,10,0
2026-03-15 22:15:00,1.32349,1.3235700000000001,1.32246,1.32297,516,10,0
2026-03-15 22:30:00,1.32297,1.3231899999999999,1.3226,1.32282,851,10,0
2026-03-15 22:45:00,1.32283,1.32407,1.32277,1.3238400000000001,799,10,0
2026-03-15 23:00:00,1.32385,1.32436,1.32341,1.3242,931,10,0
2026-03-15 23:15:00,1.3242,1.32428,1.32369,1.32396,489,10,0
2026-03-15 23:30:00,1.32396,1.32449,1.3235999999999999,1.32447,466,10,0
2026-03-15 23:45:00,1.32446,1.32478,1.32426,1.3246,488,10,0
2026-03-16 00:00:00,1.32461,1.32578,1.32456,1.32553,919,10,0
2026-03-16 00:15:00,1.32553,1.32595,1.3253300000000001,1.32572,635,10,0
2026-03-16 00:30:00,1.32572,1.32607,1.32556,1.32577,546,10,0
2026-03-16 00:45:00,1.32578,1.32638,1.32571,1.32626,608,10,0
2026-03-16 01:00:00,1.3263,1.32656,1.3255,1.32557,824,10,0
2026-03-16 01:15:00,1.3256000000000001,1.32573,1.3250600000000001,1.3250899999999999,747,10,0
2026-03-16 01:30:00,1.3250899999999999,1.3254000000000001,1.32468,1.32529,686,10,0
2026-03-16 01:45:00,1.32529,1.32589,1.32529,1.32589,504,10,0
2026-03-16 02:00:00,1.32591,1.32598,1.3254000000000001,1.32562,693,10,0
2026-03-16 02:15:00,1.3256299999999999,1.32573,1.32529,1.32551,534,10,0
2026-03-16 02:30:00,1.32552,1.3256000000000001,1.3252,1.32549,493,10,0
2026-03-16 02:45:00,1.32549,1.32588,1.32531,1.32534,598,10,0
2026-03-16 03:00:00,1.32534,1.3259400000000001,1.3251,1.32558,487,10,0
2026-03-16 03:15:00,1.32558,1.32595,1.32548,1.3259400000000001,338,10,0
2026-03-16 03:30:00,1.3259400000000001,1.32637,1.32592,1.32633,410,10,0
2026-03-16 03:45:00,1.32633,1.32648,1.32592,1.32608,404,10,0
2026-03-16 04:00:00,1.32609,1.32622,1.32569,1.32595,347,10,0
2026-03-16 04:15:00,1.32595,1.32606,1.32538,1.32546,357,10,0
2026-03-16 04:30:00,1.32546,1.32554,1.32513,1.32522,202,10,0
2026-03-16 04:45:00,1.32522,1.32548,1.3249900000000001,1.32507,360,10,0
2026-03-16 05:00:00,1.32508,1.32552,1.3250600000000001,1.3253300000000001,417,10,0
2026-03-16 05:15:00,1.32532,1.32534,1.3250899999999999,1.32512,319,10,0
2026-03-16 05:30:00,1.32512,1.3253,1.32487,1.325,447,10,0
2026-03-16 05:45:00,1.325,1.32531,1.32485,1.3249900000000001,466,10,0
2026-03-16 06:00:00,1.32498,1.32559,1.32487,1.32541,579,10,0
2026-03-16 06:15:00,1.32541,1.3256000000000001,1.32409,1.3244099999999999,532,10,0
2026-03-16 06:30:00,1.32443,1.32481,1.32403,1.32449,554,10,0
2026-03-16 06:45:00,1.32449,1.3250199999999999,1.3241,1.32501,491,10,0
2026-03-16 07:00:00,1.32504,1.3253599999999999,1.32459,1.32459,929,10,0
2026-03-16 07:15:00,1.32459,1.325,1.32407,1.32431,824,10,0
2026-03-16 07:30:00,1.32432,1.3243800000000001,1.323,1.32394,1104,10,0
2026-03-16 07:45:00,1.32395,1.3244099999999999,1.3237,1.32433,831,10,0
2026-03-16 08:00:00,1.32436,1.32498,1.32351,1.32373,1394,10,0
2026-03-16 08:15:00,1.32371,1.32529,1.32338,1.32508,1188,10,0
2026-03-16 08:30:00,1.3251,1.32545,1.32416,1.32425,1058,10,0
2026-03-16 08:45:00,1.32424,1.32518,1.3241800000000001,1.32517,1025,10,0
2026-03-16 09:00:00,1.32515,1.32535,1.3246,1.3249900000000001,903,10,0
2026-03-16 09:15:00,1.3249900000000001,1.32521,1.32464,1.325,890,10,0
2026-03-16 09:30:00,1.32496,1.32496,1.32407,1.32489,879,10,0
2026-03-16 09:45:00,1.32492,1.3256000000000001,1.32455,1.3247200000000001,1007,10,0
2026-03-16 10:00:00,1.32469,1.32566,1.32456,1.32549,1032,10,0
2026-03-16 10:15:00,1.32549,1.32695,1.32546,1.32681,951,10,0
2026-03-16 10:30:00,1.32683,1.3272,1.32633,1.3265500000000001,946,10,0
2026-03-16 10:45:00,1.3265500000000001,1.32728,1.32639,1.3272,779,10,0
2026-03-16 11:00:00,1.32718,1.32721,1.32671,1.32699,782,10,0
2026-03-16 11:15:00,1.32699,1.32754,1.32672,1.3268,809,10,0
2026-03-16 11:30:00,1.3268,1.32791,1.32659,1.32785,775,10,0
2026-03-16 11:45:00,1.32785,1.32836,1.32742,1.32792,860,10,0
2026-03-16 12:00:00,1.32793,1.32883,1.32776,1.32856,955,10,0
2026-03-16 12:15:00,1.32856,1.32856,1.32796,1.32821,831,10,0
2026-03-16 12:30:00,1.32823,1.32882,1.32819,1.32867,1057,10,0
2026-03-16 12:45:00,1.32865,1.32896,1.32764,1.32773,1024,10,0
2026-03-16 13:00:00,1.32774,1.32866,1.32774,1.32858,995,10,0
2026-03-16 13:15:00,1.3286,1.32882,1.32796,1.3287,733,10,0
2026-03-16 13:30:00,1.32869,1.32996,1.32862,1.32992,1212,10,0
2026-03-16 13:45:00,1.32989,1.33097,1.32979,1.33074,1147,10,0
2026-03-16 14:00:00,1.3307,1.33133,1.33019,1.33093,1405,10,0
2026-03-16 14:15:00,1.3309199999999999,1.33093,1.33007,1.33036,1129,10,0
2026-03-16 14:30:00,1.33039,1.33044,1.32931,1.32939,1139,10,0
2026-03-16 14:45:00,1.32939,1.32993,1.32926,1.32968,997,10,0
2026-03-16 15:00:00,1.3296700000000001,1.3306499999999999,1.3295,1.33064,1103,10,0
2026-03-16 15:15:00,1.33064,1.33102,1.33027,1.33044,877,10,0
2026-03-16 15:30:00,1.33044,1.33171,1.33042,1.3308499999999999,830,10,0
2026-03-16 15:45:00,1.33084,1.33159,1.32949,1.33018,1266,10,0
2026-03-16 16:00:00,1.33017,1.3309,1.3299,1.33035,1010,10,0
2026-03-16 16:15:00,1.33032,1.33068,1.32898,1.3291,1291,10,0
2026-03-16 16:30:00,1.3290899999999999,1.3304,1.32882,1.32996,1166,10,0
2026-03-16 16:45:00,1.3299699999999999,1.33084,1.32972,1.3302800000000001,1007,10,0
2026-03-16 17:00:00,1.3302800000000001,1.33172,1.3302800000000001,1.33122,1609,10,0
2026-03-16 17:15:00,1.3311899999999999,1.3312599999999999,1.33074,1.33075,894,10,0
2026-03-16 17:30:00,1.33073,1.33102,1.33025,1.33047,784,10,0
2026-03-16 17:45:00,1.33046,1.33091,1.3299400000000001,1.33016,871,10,0
2026-03-16 18:00:00,1.33015,1.3318699999999999,1.33015,1.33167,1064,10,0
2026-03-16 18:15:00,1.33169,1.33332,1.33165,1.33319,913,10,0
2026-03-16 18:30:00,1.33319,1.33362,1.33296,1.33357,768,10,0
2026-03-16 18:45:00,1.33359,1.33368,1.33295,1.33318,759,10,0
2026-03-16 19:00:00,1.33319,1.33393,1.3330600000000001,1.33344,823,10,0
2026-03-16 19:15:00,1.33343,1.33381,1.33287,1.33319,885,10,0
2026-03-16 19:30:00,1.33319,1.33365,1.33263,1.33284,968,10,0
2026-03-16 19:45:00,1.33287,1.33287,1.33235,1.33257,788,10,0
2026-03-16 20:00:00,1.33259,1.33282,1.33228,1.3323,422,10,0
2026-03-16 20:15:00,1.3323,1.33233,1.33181,1.33232,412,10,0
2026-03-16 20:30:00,1.33233,1.33244,1.33201,1.33213,394,10,0
2026-03-16 20:45:00,1.33213,1.33244,1.33171,1.33173,526,4,0
2026-03-16 21:00:00,1.33174,1.33186,1.33171,1.33175,50,24,0
2026-03-16 21:15:00,1.33178,1.33191,1.33173,1.3319,112,18,0
2026-03-16 21:30:00,1.33191,1.33191,1.33174,1.33176,279,18,0
2026-03-16 21:45:00,1.33178,1.33186,1.33169,1.33175,216,20,0
2026-03-16 22:00:00,1.33183,1.33192,1.33161,1.33164,332,10,0
2026-03-16 22:15:00,1.33164,1.33174,1.33144,1.33171,151,10,0
2026-03-16 22:30:00,1.33167,1.33167,1.33128,1.3315000000000001,157,10,0
2026-03-16 22:45:00,1.33149,1.33156,1.33121,1.33132,282,10,0
2026-03-16 23:00:00,1.33132,1.3314300000000001,1.3308900000000001,1.33093,257,10,0
2026-03-16 23:15:00,1.33093,1.33103,1.33077,1.331,140,10,0
2026-03-16 23:30:00,1.331,1.33141,1.33094,1.33108,177,10,0
2026-03-16 23:45:00,1.33108,1.33148,1.33091,1.3312,335,10,0
2026-03-17 00:00:00,1.33121,1.33122,1.33059,1.33071,515,10,0
2026-03-17 00:15:00,1.33071,1.3309199999999999,1.33029,1.33041,407,10,0
2026-03-17 00:30:00,1.33041,1.3308499999999999,1.33023,1.33043,427,10,0
2026-03-17 00:45:00,1.33043,1.33072,1.32993,1.3302399999999999,812,10,0
2026-03-17 01:00:00,1.3302399999999999,1.33051,1.32992,1.33007,765,10,0
2026-03-17 01:15:00,1.33009,1.33023,1.3295,1.32969,703,10,0
2026-03-17 01:30:00,1.32969,1.3302399999999999,1.32965,1.32991,643,10,0
2026-03-17 01:45:00,1.3299,1.33081,1.32974,1.33068,635,10,0
2026-03-17 02:00:00,1.33066,1.33078,1.33036,1.33052,415,10,0
2026-03-17 02:15:00,1.33051,1.33091,1.33047,1.3308,401,10,0
2026-03-17 02:30:00,1.3308,1.33095,1.33066,1.3308499999999999,404,10,0
2026-03-17 02:45:00,1.3308499999999999,1.33093,1.33052,1.33052,353,10,0
2026-03-17 03:00:00,1.3305,1.33093,1.3304,1.3309,425,10,0
2026-03-17 03:15:00,1.3309,1.33129,1.33088,1.33122,309,10,0
2026-03-17 03:30:00,1.33125,1.3314300000000001,1.33066,1.33073,949,10,0
2026-03-17 03:45:00,1.33074,1.33074,1.33009,1.33016,579,10,0
2026-03-17 04:00:00,1.33018,1.33041,1.32996,1.33009,465,10,0
2026-03-17 04:15:00,1.33009,1.33035,1.33002,1.3302,367,10,0
2026-03-17 04:30:00,1.3302,1.33093,1.33018,1.3308900000000001,385,10,0
2026-03-17 04:45:00,1.3308900000000001,1.33151,1.3308900000000001,1.33109,407,10,0
2026-03-17 05:00:00,1.33107,1.3312300000000001,1.33069,1.33112,422,10,0
2026-03-17 05:15:00,1.33111,1.33147,1.3308499999999999,1.3308900000000001,520,10,0
2026-03-17 05:30:00,1.33088,1.33095,1.3299400000000001,1.3299699999999999,464,10,0
2026-03-17 05:45:00,1.3299699999999999,1.33,1.32858,1.32866,674,10,0
2026-03-17 06:00:00,1.3287,1.32881,1.32731,1.32776,1053,10,0
2026-03-17 06:15:00,1.32773,1.32859,1.32751,1.3284799999999999,691,10,0
2026-03-17 06:30:00,1.32847,1.32895,1.32835,1.32891,625,10,0
2026-03-17 06:45:00,1.32889,1.32903,1.3281399999999999,1.32901,584,10,0
2026-03-17 07:00:00,1.329,1.32972,1.32866,1.32949,954,10,0
2026-03-17 07:15:00,1.32948,1.33091,1.32883,1.33078,867,10,0
2026-03-17 07:30:00,1.33078,1.33148,1.33078,1.33087,904,10,0
2026-03-17 07:45:00,1.3308900000000001,1.33109,1.33027,1.33047,818,10,0
2026-03-17 08:00:00,1.33049,1.33103,1.32985,1.33019,1424,10,0
2026-03-17 08:15:00,1.33014,1.33147,1.32992,1.33141,1067,10,0
2026-03-17 08:30:00,1.33145,1.33271,1.33057,1.33249,1084,10,0
2026-03-17 08:45:00,1.33247,1.3330899999999999,1.33196,1.33283,1084,10,0
2026-03-17 09:00:00,1.33283,1.33344,1.33267,1.33276,1036,10,0
2026-03-17 09:15:00,1.33276,1.33375,1.33233,1.33345,1029,10,0
2026-03-17 09:30:00,1.33348,1.33383,1.33303,1.33325,938,10,0
2026-03-17 09:45:00,1.33325,1.33356,1.3326799999999999,1.33349,745,10,0
2026-03-17 10:00:00,1.33349,1.33378,1.33292,1.33319,1107,10,0
2026-03-17 10:15:00,1.33319,1.33319,1.33222,1.33301,847,10,0
2026-03-17 10:30:00,1.33301,1.33315,1.33229,1.3327200000000001,876,10,0
2026-03-17 10:45:00,1.33271,1.3330199999999999,1.33226,1.33235,687,10,0
2026-03-17 11:00:00,1.33235,1.33348,1.33222,1.33316,693,10,0
2026-03-17 11:15:00,1.33316,1.33395,1.33295,1.3332899999999999,815,10,0
2026-03-17 11:30:00,1.3332899999999999,1.33375,1.33285,1.33362,789,10,0
2026-03-17 11:45:00,1.33362,1.33385,1.33147,1.3317,1131,10,0
2026-03-17 12:00:00,1.33167,1.33351,1.3311,1.33328,1149,10,0
2026-03-17 12:15:00,1.33332,1.33346,1.3321399999999999,1.3324799999999999,980,10,0
2026-03-17 12:30:00,1.3324799999999999,1.33345,1.33242,1.33277,978,10,0
2026-03-17 12:45:00,1.3327499999999999,1.33347,1.33256,1.33323,978,10,0
2026-03-17 13:00:00,1.33325,1.33474,1.33323,1.33471,1296,10,0
2026-03-17 13:15:00,1.33473,1.33536,1.33452,1.33471,1297,10,0
2026-03-17 13:30:00,1.3347,1.33598,1.33466,1.3348499999999999,1459,10,0
2026-03-17 13:45:00,1.33487,1.3354599999999999,1.3342100000000001,1.33465,1189,10,0
2026-03-17 14:00:00,1.33465,1.33521,1.33406,1.33465,1150,10,0
2026-03-17 14:15:00,1.33464,1.3348,1.3338700000000001,1.33445,1281,10,0
2026-03-17 14:30:00,1.33446,1.33563,1.33418,1.33544,1133,10,0
2026-03-17 14:45:00,1.33545,1.33571,1.33464,1.33478,1032,10,0
2026-03-17 15:00:00,1.33476,1.33564,1.33422,1.3345,1227,10,0
2026-03-17 15:15:00,1.33448,1.33509,1.3339400000000001,1.33409,1319,10,0
2026-03-17 15:30:00,1.33408,1.3345799999999999,1.33354,1.33414,1175,10,0
2026-03-17 15:45:00,1.33411,1.33445,1.33376,1.3342399999999999,1031,10,0
2026-03-17 16:00:00,1.33423,1.3346,1.33328,1.33398,1598,10,0
2026-03-17 16:15:00,1.33396,1.33484,1.33381,1.33454,1002,10,0
2026-03-17 16:30:00,1.33453,1.3348,1.33414,1.33449,1109,10,0
2026-03-17 16:45:00,1.33453,1.33486,1.33448,1.33467,717,10,0
2026-03-17 17:00:00,1.33466,1.3351600000000001,1.33459,1.33475,607,10,0
2026-03-17 17:15:00,1.33475,1.33523,1.33437,1.3349199999999999,756,10,0
2026-03-17 17:30:00,1.3349199999999999,1.33559,1.33477,1.33509,720,10,0
2026-03-17 17:45:00,1.3351,1.33588,1.33507,1.33586,654,10,0
2026-03-17 18:00:00,1.33589,1.3364,1.33587,1.33627,666,10,0
2026-03-17 18:15:00,1.33627,1.3364099999999999,1.33574,1.33575,537,10,0
2026-03-17 18:30:00,1.33575,1.33588,1.33562,1.33575,523,10,0
2026-03-17 18:45:00,1.33575,1.3361,1.3355299999999999,1.33556,478,10,0
2026-03-17 19:00:00,1.33559,1.33598,1.3354300000000001,1.33598,519,10,0
2026-03-17 19:15:00,1.33594,1.3364099999999999,1.33567,1.33579,408,10,0
2026-03-17 19:30:00,1.33578,1.33585,1.33555,1.33565,420,10,0
2026-03-17 19:45:00,1.33566,1.33578,1.33514,1.33536,522,10,0
2026-03-17 20:00:00,1.33539,1.3357999999999999,1.33522,1.33539,374,10,0
2026-03-17 20:15:00,1.33539,1.33547,1.33511,1.3351600000000001,202,10,0
2026-03-17 20:30:00,1.3351899999999999,1.33557,1.3351899999999999,1.33552,187,10,0
2026-03-17 20:45:00,1.33552,1.33581,1.33525,1.33538,461,10,0
2026-03-17 21:00:00,1.33539,1.33548,1.33533,1.33533,160,13,0
2026-03-17 21:15:00,1.33534,1.3354,1.33526,1.33533,133,59,0
2026-03-17 21:30:00,1.33534,1.33548,1.33525,1.33548,262,64,0
2026-03-17 21:45:00,1.33548,1.33549,1.33523,1.33549,221,59,0
2026-03-17 22:00:00,1.33563,1.3362,1.33552,1.33598,419,10,0
2026-03-17 22:15:00,1.33597,1.3361,1.33579,1.33605,389,10,0
2026-03-17 22:30:00,1.33605,1.33612,1.33579,1.33594,518,10,0
2026-03-17 22:45:00,1.33591,1.33609,1.3357999999999999,1.33588,432,10,0
2026-03-17 23:00:00,1.33587,1.33598,1.3356,1.33575,374,10,0
2026-03-17 23:15:00,1.33575,1.33588,1.33561,1.33567,304,10,0
2026-03-17 23:30:00,1.33568,1.33592,1.33552,1.3358400000000001,345,10,0
2026-03-17 23:45:00,1.33582,1.33597,1.33567,1.33571,396,10,0
2026-03-18 00:00:00,1.33574,1.33629,1.3355000000000001,1.33613,1049,10,0
2026-03-18 00:15:00,1.33613,1.33625,1.3354599999999999,1.33555,783,10,0
2026-03-18 00:30:00,1.33552,1.3358400000000001,1.33504,1.33529,1218,10,0
2026-03-18 00:45:00,1.33528,1.33557,1.33504,1.3351199999999999,1429,10,0
2026-03-18 01:00:00,1.3351600000000001,1.33617,1.33514,1.3354300000000001,637,10,0
2026-03-18 01:15:00,1.3354300000000001,1.33556,1.33529,1.33537,383,10,0
2026-03-18 01:30:00,1.33536,1.33564,1.33517,1.33548,444,10,0
2026-03-18 01:45:00,1.3355000000000001,1.33555,1.335,1.33528,505,10,0
2026-03-18 02:00:00,1.33532,1.33552,1.33497,1.33504,444,10,0
2026-03-18 02:15:00,1.33504,1.3354300000000001,1.33498,1.33538,359,10,0
2026-03-18 02:30:00,1.33536,1.33569,1.33532,1.33554,390,10,0
2026-03-18 02:45:00,1.3355299999999999,1.33563,1.33506,1.33523,403,10,0
2026-03-18 03:00:00,1.33523,1.33532,1.33503,1.33525,362,10,0
2026-03-18 03:15:00,1.33525,1.33537,1.33513,1.33521,269,10,0
2026-03-18 03:30:00,1.3352,1.33535,1.33513,1.33534,253,10,0
2026-03-18 03:45:00,1.33534,1.33585,1.33534,1.33582,285,10,0
2026-03-18 04:00:00,1.33585,1.3362,1.33576,1.33589,365,10,0
2026-03-18 04:15:00,1.33589,1.33615,1.33587,1.3361,326,10,0
2026-03-18 04:30:00,1.3361,1.33632,1.33599,1.33603,337,10,0
2026-03-18 04:45:00,1.33603,1.33648,1.33596,1.33631,314,10,0
2026-03-18 05:00:00,1.33632,1.3369,1.3363,1.3367499999999999,353,10,0
2026-03-18 05:15:00,1.3367499999999999,1.3369,1.33655,1.33661,314,10,0
2026-03-18 05:30:00,1.33661,1.33697,1.33654,1.33687,374,10,0
2026-03-18 05:45:00,1.33688,1.3372,1.3367,1.33712,442,10,0
2026-03-18 06:00:00,1.33714,1.3372600000000001,1.33673,1.33697,447,10,0
2026-03-18 06:15:00,1.33701,1.33743,1.33696,1.3374,478,10,0
2026-03-18 06:30:00,1.33737,1.33739,1.33639,1.33684,441,10,0
2026-03-18 06:45:00,1.3368,1.3368,1.33617,1.33644,458,10,0
2026-03-18 07:00:00,1.3364500000000001,1.33683,1.33623,1.33655,579,10,0
2026-03-18 07:15:00,1.33656,1.33669,1.33595,1.33618,587,10,0
2026-03-18 07:30:00,1.33617,1.33619,1.3351899999999999,1.3351899999999999,641,10,0
2026-03-18 07:45:00,1.3352,1.33549,1.33475,1.33549,648,10,0
2026-03-18 08:00:00,1.33547,1.33608,1.3351899999999999,1.33567,779,10,0
2026-03-18 08:15:00,1.33566,1.336,1.33409,1.33443,813,10,0
2026-03-18 08:30:00,1.33442,1.33481,1.33432,1.3345799999999999,670,10,0
2026-03-18 08:45:00,1.3345799999999999,1.3351899999999999,1.33414,1.33495,686,10,0
2026-03-18 09:00:00,1.33496,1.33503,1.33422,1.3342399999999999,713,10,0
2026-03-18 09:15:00,1.3342399999999999,1.33534,1.3342399999999999,1.33527,639,10,0
2026-03-18 09:30:00,1.3353,1.33597,1.33511,1.33588,526,10,0
2026-03-18 09:45:00,1.33588,1.33601,1.33549,1.33601,500,10,0
2026-03-18 10:00:00,1.336,1.33629,1.33566,1.33595,530,10,0
2026-03-18 10:15:00,1.33595,1.33599,1.3351199999999999,1.33514,505,10,0
2026-03-18 10:30:00,1.33514,1.33548,1.33481,1.33534,602,10,0
2026-03-18 10:45:00,1.33534,1.33562,1.33502,1.33549,570,10,0
2026-03-18 11:00:00,1.33549,1.33679,1.33547,1.33653,643,10,0
2026-03-18 11:15:00,1.33651,1.33709,1.33474,1.33478,1165,10,0
2026-03-18 11:30:00,1.33475,1.3361,1.3345799999999999,1.33575,1237,10,0
2026-03-18 11:45:00,1.33574,1.33646,1.33505,1.33591,1267,10,0
2026-03-18 12:00:00,1.33592,1.33626,1.33427,1.33484,1447,10,0
2026-03-18 12:15:00,1.33479,1.33481,1.33323,1.33369,1461,10,0
2026-03-18 12:30:00,1.3336999999999999,1.3336999999999999,1.33202,1.33228,1818,10,0
2026-03-18 12:45:00,1.33232,1.33258,1.3311899999999999,1.33142,2083,10,0
2026-03-18 13:00:00,1.33145,1.3318699999999999,1.33047,1.3307,2011,10,0
2026-03-18 13:15:00,1.33071,1.3321100000000001,1.33038,1.33197,1339,10,0
2026-03-18 13:30:00,1.33196,1.33239,1.3312,1.3317,1692,10,0
2026-03-18 13:45:00,1.33171,1.33263,1.33139,1.33254,1561,10,0
2026-03-18 14:00:00,1.33251,1.33355,1.33032,1.33078,1889,10,0
2026-03-18 14:15:00,1.33078,1.33094,1.3302100000000001,1.33077,1509,10,0
2026-03-18 14:30:00,1.33076,1.33161,1.33066,1.33147,1196,10,0
2026-03-18 14:45:00,1.3315000000000001,1.33264,1.3314,1.33257,1539,10,0
2026-03-18 15:00:00,1.33258,1.33371,1.33242,1.33257,1528,10,0
2026-03-18 15:15:00,1.33258,1.33281,1.33203,1.33225,1310,10,0
2026-03-18 15:30:00,1.33222,1.33297,1.33215,1.33256,1054,10,0
2026-03-18 15:45:00,1.33256,1.33283,1.33178,1.33217,1125,10,0
2026-03-18 16:00:00,1.33218,1.33332,1.33192,1.33313,968,10,0
2026-03-18 16:15:00,1.33314,1.3336000000000001,1.3324799999999999,1.33339,932,10,0
2026-03-18 16:30:00,1.33337,1.33337,1.33223,1.33281,1024,10,0
2026-03-18 16:45:00,1.3328,1.33354,1.33239,1.3335,811,10,0
2026-03-18 17:00:00,1.3335,1.33371,1.3323800000000001,1.3323800000000001,978,10,0
2026-03-18 17:15:00,1.3323800000000001,1.3332,1.33227,1.3332,772,10,0
2026-03-18 17:30:00,1.33316,1.33426,1.33295,1.33377,942,10,0
2026-03-18 17:45:00,1.33377,1.33442,1.3335,1.3342100000000001,990,10,0
2026-03-18 18:00:00,1.33425,1.335,1.33347,1.33366,1706,10,0
2026-03-18 18:15:00,1.33362,1.33362,1.33254,1.3330899999999999,1747,10,0
2026-03-18 18:30:00,1.3330600000000001,1.33335,1.33107,1.33111,2700,10,0
2026-03-18 18:45:00,1.33109,1.33114,1.32889,1.32889,2010,10,0
2026-03-18 19:00:00,1.32891,1.32949,1.32847,1.32868,1587,10,0
2026-03-18 19:15:00,1.32867,1.3290199999999999,1.3281800000000001,1.32844,1115,10,0
2026-03-18 19:30:00,1.32843,1.32913,1.32831,1.32847,901,10,0
2026-03-18 19:45:00,1.32843,1.32844,1.32735,1.32768,1096,10,0
2026-03-18 20:00:00,1.32771,1.3279,1.32642,1.32654,766,10,0
2026-03-18 20:15:00,1.32656,1.3265799999999999,1.32549,1.3256000000000001,792,10,0
2026-03-18 20:30:00,1.32559,1.32577,1.32519,1.32561,648,10,0
2026-03-18 20:45:00,1.3256000000000001,1.32591,1.32527,1.32566,629,4,0
2026-03-18 21:00:00,1.32564,1.32568,1.3254299999999999,1.32544,134,20,0
2026-03-18 21:15:00,1.32545,1.32554,1.32507,1.32516,329,81,0
2026-03-18 21:30:00,1.32517,1.32529,1.3251,1.32511,222,209,0
2026-03-18 21:45:00,1.32512,1.3260100000000001,1.3250899999999999,1.3260100000000001,201,133,0
2026-03-18 22:00:00,1.32633,1.32684,1.32512,1.32514,418,10,0
2026-03-18 22:15:00,1.32518,1.3256000000000001,1.32507,1.32546,424,10,0
2026-03-18 22:30:00,1.32545,1.32577,1.32519,1.32569,312,10,0
2026-03-18 22:45:00,1.32569,1.32603,1.32568,1.32591,286,10,0
2026-03-18 23:00:00,1.32588,1.32623,1.32566,1.32591,478,10,0
2026-03-18 23:15:00,1.32591,1.32634,1.32587,1.32632,290,10,0
2026-03-18 23:30:00,1.32632,1.32671,1.3259,1.32599,447,10,0
2026-03-18 23:45:00,1.3260399999999999,1.3266499999999999,1.32585,1.3264,611,10,0
2026-03-19 00:00:00,1.32642,1.32728,1.32629,1.32708,745,10,0
2026-03-19 00:15:00,1.32708,1.32729,1.32659,1.3272,567,10,0
2026-03-19 00:30:00,1.3272,1.32739,1.32686,1.32693,700,10,0
2026-03-19 00:45:00,1.32693,1.32851,1.3269,1.32851,926,10,0
2026-03-19 01:00:00,1.32847,1.32892,1.3282,1.32851,774,10,0
2026-03-19 01:15:00,1.32851,1.32891,1.32831,1.32887,574,10,0
2026-03-19 01:30:00,1.3289,1.32922,1.3286,1.32893,553,10,0
2026-03-19 01:45:00,1.32892,1.32892,1.32828,1.3283,491,10,0
2026-03-19 02:00:00,1.32831,1.32946,1.32771,1.32934,1229,10,0
2026-03-19 02:15:00,1.32934,1.32969,1.3290199999999999,1.32952,668,10,0
2026-03-19 02:30:00,1.32951,1.32976,1.32919,1.32942,563,10,0
2026-03-19 02:45:00,1.32945,1.32946,1.32867,1.32869,684,10,0
2026-03-19 03:00:00,1.32869,1.3291,1.32859,1.329,416,10,0
2026-03-19 03:15:00,1.32901,1.32912,1.32869,1.32884,338,10,0
2026-03-19 03:30:00,1.32885,1.32885,1.32829,1.32851,420,10,0
2026-03-19 03:45:00,1.32852,1.3287499999999999,1.3281100000000001,1.32812,390,10,0
2026-03-19 04:00:00,1.32809,1.32813,1.32745,1.3277,361,10,0
2026-03-19 04:15:00,1.32771,1.32778,1.3271,1.32735,376,10,0
2026-03-19 04:30:00,1.32734,1.32745,1.32682,1.32712,369,10,0
2026-03-19 04:45:00,1.32713,1.3274,1.32687,1.3272300000000001,305,10,0
2026-03-19 05:00:00,1.3272300000000001,1.32734,1.32691,1.32705,352,10,0
2026-03-19 05:15:00,1.32705,1.32737,1.32702,1.32705,354,10,0
2026-03-19 05:30:00,1.32705,1.32725,1.32625,1.32641,502,10,0
2026-03-19 05:45:00,1.32642,1.32705,1.3262800000000001,1.32634,544,10,0
2026-03-19 06:00:00,1.32634,1.32725,1.32612,1.3272,677,10,0
2026-03-19 06:15:00,1.32717,1.32767,1.32687,1.32687,588,10,0
2026-03-19 06:30:00,1.32691,1.32696,1.3262800000000001,1.3268499999999999,1041,10,0
2026-03-19 06:45:00,1.32686,1.32715,1.32621,1.32666,854,10,0
2026-03-19 07:00:00,1.32668,1.32694,1.32511,1.32644,1702,10,0
2026-03-19 07:15:00,1.32647,1.32724,1.32614,1.32652,1231,10,0
2026-03-19 07:30:00,1.32656,1.32737,1.32649,1.32661,1150,10,0
2026-03-19 07:45:00,1.32664,1.32717,1.3259699999999999,1.32633,1221,10,0
2026-03-19 08:00:00,1.32634,1.3265,1.32517,1.3259,1624,10,0
2026-03-19 08:15:00,1.32589,1.3269,1.32538,1.32568,1372,10,0
2026-03-19 08:30:00,1.32564,1.32612,1.32453,1.32476,1505,10,0
2026-03-19 08:45:00,1.32474,1.32552,1.32474,1.3253,1276,10,0
2026-03-19 09:00:00,1.3253300000000001,1.32691,1.3253300000000001,1.32635,1372,10,0
2026-03-19 09:15:00,1.32634,1.32828,1.3259,1.32619,2362,10,0
2026-03-19 09:30:00,1.32618,1.32752,1.32611,1.3271600000000001,2192,10,0
2026-03-19 09:45:00,1.32713,1.32911,1.32696,1.32847,2432,10,0
2026-03-19 10:00:00,1.32842,1.32881,1.32788,1.32822,1446,10,0
2026-03-19 10:15:00,1.32825,1.3284099999999999,1.32722,1.32737,1040,10,0
2026-03-19 10:30:00,1.32733,1.32771,1.32712,1.32747,1021,10,0
2026-03-19 10:45:00,1.32743,1.32832,1.32732,1.32786,1036,10,0
2026-03-19 11:00:00,1.3278400000000001,1.3286,1.32774,1.3282,1172,10,0
2026-03-19 11:15:00,1.3281800000000001,1.32834,1.32711,1.32769,977,10,0
2026-03-19 11:30:00,1.32764,1.32793,1.32728,1.3277999999999999,912,10,0
2026-03-19 11:45:00,1.32781,1.32932,1.32742,1.32924,1112,10,0
2026-03-19 12:00:00,1.32924,1.33097,1.32837,1.3296000000000001,3691,10,0
2026-03-19 12:15:00,1.32959,1.33009,1.32813,1.32855,1812,10,0
2026-03-19 12:30:00,1.32854,1.33041,1.32789,1.3296000000000001,2644,10,0
2026-03-19 12:45:00,1.32961,1.3304,1.32943,1.32988,2104,10,0
2026-03-19 13:00:00,1.32985,1.33071,1.3293300000000001,1.32964,1986,10,0
2026-03-19 13:15:00,1.32966,1.3321399999999999,1.32939,1.3302100000000001,2976,10,0
2026-03-19 13:30:00,1.33017,1.3308,1.32808,1.3304,4726,10,0
2026-03-19 13:45:00,1.33037,1.33581,1.33006,1.33501,4064,10,0
2026-03-19 14:00:00,1.33502,1.33741,1.33427,1.33545,3676,10,0
2026-03-19 14:15:00,1.33542,1.33633,1.33374,1.33412,3155,10,0
2026-03-19 14:30:00,1.33411,1.33625,1.33376,1.33517,2619,10,0
2026-03-19 14:45:00,1.33518,1.33704,1.33503,1.3363800000000001,2433,10,0
2026-03-19 15:00:00,1.33637,1.3389199999999999,1.33592,1.33829,2367,10,0
2026-03-19 15:15:00,1.33825,1.33829,1.3357,1.33603,1858,10,0
2026-03-19 15:30:00,1.336,1.33605,1.33441,1.33497,1776,10,0
2026-03-19 15:45:00,1.33494,1.33625,1.33442,1.33583,2434,10,0
2026-03-19 16:00:00,1.3358400000000001,1.3376000000000001,1.3355299999999999,1.33653,3239,10,0
2026-03-19 16:15:00,1.33655,1.33757,1.33632,1.33707,2288,10,0
2026-03-19 16:30:00,1.3371,1.33738,1.33591,1.33685,1771,10,0
2026-03-19 16:45:00,1.33684,1.33701,1.33533,1.33687,1408,10,0
2026-03-19 17:00:00,1.33685,1.33823,1.33682,1.33803,1579,10,0
2026-03-19 17:15:00,1.33802,1.34003,1.33802,1.33966,1300,10,0
2026-03-19 17:30:00,1.33969,1.34025,1.33941,1.34018,1175,10,0
2026-03-19 17:45:00,1.34019,1.34101,1.33985,1.34032,1024,10,0
2026-03-19 18:00:00,1.34028,1.34067,1.33968,1.34049,1359,10,0
2026-03-19 18:15:00,1.34052,1.3406,1.33979,1.3403100000000001,995,10,0
2026-03-19 18:30:00,1.34028,1.34037,1.33938,1.33949,743,10,0
2026-03-19 18:45:00,1.3395000000000001,1.3419400000000001,1.3394,1.34186,977,10,0
2026-03-19 19:00:00,1.34188,1.34663,1.34188,1.34595,6195,10,0
2026-03-19 19:15:00,1.34599,1.34671,1.34333,1.34395,4239,10,0
2026-03-19 19:30:00,1.34397,1.34409,1.34287,1.3435000000000001,2326,10,0
2026-03-19 19:45:00,1.3435000000000001,1.34359,1.34242,1.34299,1406,10,0
2026-03-19 20:00:00,1.34303,1.34358,1.34287,1.34308,636,10,0
2026-03-19 20:15:00,1.3430900000000001,1.34341,1.34269,1.34326,479,10,0
2026-03-19 20:30:00,1.34326,1.34333,1.34257,1.3429,452,10,0
2026-03-19 20:45:00,1.3429,1.34351,1.3428499999999999,1.34298,605,7,0
2026-03-19 21:00:00,1.34299,1.34302,1.34283,1.34291,166,15,0
2026-03-19 21:15:00,1.34292,1.34297,1.3426,1.34269,205,48,0
2026-03-19 21:30:00,1.34267,1.34284,1.3424,1.34284,296,77,0
2026-03-19 21:45:00,1.34283,1.34292,1.34262,1.34262,264,64,0
2026-03-19 22:00:00,1.34277,1.34419,1.34267,1.34356,316,10,0
2026-03-19 22:15:00,1.34355,1.34362,1.34298,1.3431899999999999,308,10,0
2026-03-19 22:30:00,1.3431899999999999,1.3431899999999999,1.3425500000000001,1.34264,394,10,0
2026-03-19 22:45:00,1.34264,1.3427799999999999,1.34237,1.34253,261,10,0
2026-03-19 23:00:00,1.34254,1.34305,1.34245,1.34261,521,10,0
2026-03-19 23:15:00,1.34261,1.34269,1.34226,1.34249,281,10,0
2026-03-19 23:30:00,1.34253,1.34264,1.34214,1.34223,300,10,0
2026-03-19 23:45:00,1.34225,1.34273,1.34201,1.3424,344,10,0
2026-03-20 00:00:00,1.3424,1.3427799999999999,1.34207,1.34229,584,10,0
2026-03-20 00:15:00,1.34229,1.3428,1.34205,1.34209,642,10,0
2026-03-20 00:30:00,1.34208,1.34229,1.34175,1.34229,546,10,0
2026-03-20 00:45:00,1.34232,1.34238,1.3419699999999999,1.34236,558,10,0
2026-03-20 01:00:00,1.34236,1.34288,1.34213,1.34267,897,10,0
2026-03-20 01:15:00,1.34267,1.34277,1.3418999999999999,1.34214,664,10,0
2026-03-20 01:30:00,1.34214,1.3423,1.34174,1.3419400000000001,497,10,0
2026-03-20 01:45:00,1.34193,1.342,1.34127,1.34157,427,10,0
2026-03-20 02:00:00,1.34157,1.34181,1.34123,1.34148,399,10,0
2026-03-20 02:15:00,1.34148,1.34151,1.34114,1.3412600000000001,292,10,0
2026-03-20 02:30:00,1.34125,1.34151,1.3409499999999999,1.34108,431,10,0
2026-03-20 02:45:00,1.34108,1.3415,1.34105,1.34115,390,10,0
2026-03-20 03:00:00,1.34115,1.34116,1.3407499999999999,1.34077,458,10,0
2026-03-20 03:15:00,1.34077,1.34094,1.34063,1.34078,310,10,0
2026-03-20 03:30:00,1.34078,1.34078,1.34047,1.34056,270,10,0
2026-03-20 03:45:00,1.34056,1.3407,1.3403399999999999,1.34036,234,10,0
2026-03-20 04:00:00,1.34036,1.34054,1.34026,1.34048,211,10,0
2026-03-20 04:15:00,1.34048,1.34067,1.34033,1.34045,292,10,0
2026-03-20 04:30:00,1.34045,1.34061,1.34033,1.34053,196,10,0
2026-03-20 04:45:00,1.34049,1.34062,1.3401399999999999,1.34022,313,10,0
2026-03-20 05:00:00,1.34026,1.34076,1.34022,1.34074,312,10,0
2026-03-20 05:15:00,1.34074,1.34097,1.34048,1.34069,360,10,0
2026-03-20 05:30:00,1.34066,1.34067,1.3401100000000001,1.34037,415,10,0
2026-03-20 05:45:00,1.34037,1.34042,1.33987,1.33996,274,10,0
2026-03-20 06:00:00,1.33997,1.34118,1.33994,1.34108,409,10,0
2026-03-20 06:15:00,1.34108,1.34113,1.34055,1.34094,430,10,0
2026-03-20 06:30:00,1.34096,1.34121,1.34043,1.34047,587,10,0
2026-03-20 06:45:00,1.34048,1.3406500000000001,1.33997,1.34027,464,10,0
2026-03-20 07:00:00,1.34029,1.34218,1.33974,1.34167,1117,10,0
2026-03-20 07:15:00,1.34166,1.34254,1.34161,1.3422399999999999,904,10,0
2026-03-20 07:30:00,1.34219,1.34265,1.34154,1.3425799999999999,987,10,0
2026-03-20 07:45:00,1.3426,1.34308,1.3424,1.3426,954,10,0
2026-03-20 08:00:00,1.34264,1.34344,1.3424800000000001,1.34335,1276,10,0
2026-03-20 08:15:00,1.34336,1.34363,1.343,1.34307,944,10,0
2026-03-20 08:30:00,1.34304,1.34329,1.3425,1.3425,1005,10,0
2026-03-20 08:45:00,1.34252,1.34269,1.34166,1.34169,892,10,0
2026-03-20 09:00:00,1.34169,1.34178,1.34049,1.3412,1023,10,0
2026-03-20 09:15:00,1.34116,1.34116,1.34018,1.3403,1032,10,0
2026-03-20 09:30:00,1.3403399999999999,1.34063,1.33956,1.33981,1117,10,0
2026-03-20 09:45:00,1.33981,1.33985,1.33807,1.3382100000000001,1673,10,0
2026-03-20 10:00:00,1.33823,1.33834,1.3363,1.33683,1917,10,0
2026-03-20 10:15:00,1.33683,1.33741,1.33648,1.33712,974,10,0
2026-03-20 10:30:00,1.33716,1.33813,1.33664,1.3378,1126,10,0
2026-03-20 10:45:00,1.33782,1.33826,1.33731,1.33786,958,10,0
2026-03-20 11:00:00,1.33789,1.3391899999999999,1.33752,1.33865,1029,10,0
2026-03-20 11:15:00,1.33866,1.33935,1.33842,1.33902,948,10,0
2026-03-20 11:30:00,1.33906,1.33992,1.3389199999999999,1.33991,816,10,0
2026-03-20 11:45:00,1.33989,1.3399,1.33829,1.33937,1015,10,0
2026-03-20 12:00:00,1.3394,1.34093,1.33913,1.34032,1638,10,0
2026-03-20 12:15:00,1.3403399999999999,1.3403399999999999,1.33947,1.33979,1181,10,0
2026-03-20 12:30:00,1.33975,1.34023,1.33813,1.3387,1613,10,0
2026-03-20 12:45:00,1.33868,1.339,1.33764,1.33804,1353,10,0
2026-03-20 13:00:00,1.33804,1.33823,1.33617,1.3366500000000001,1408,10,0
2026-03-20 13:15:00,1.33664,1.33724,1.33621,1.33652,1250,10,0
2026-03-20 13:30:00,1.33649,1.33693,1.33551,1.3369,1971,10,0
2026-03-20 13:45:00,1.33691,1.33741,1.33474,1.33508,2489,10,0
2026-03-20 14:00:00,1.33507,1.3351600000000001,1.33221,1.3324099999999999,2472,10,0
2026-03-20 14:15:00,1.33239,1.33273,1.33049,1.33066,2415,10,0
2026-03-20 14:30:00,1.33069,1.33215,1.33059,1.33141,2124,10,0
2026-03-20 14:45:00,1.33139,1.33194,1.33057,1.33079,1999,10,0
2026-03-20 15:00:00,1.33078,1.33297,1.33072,1.33286,2165,10,0
2026-03-20 15:15:00,1.33287,1.33496,1.33222,1.33249,2984,10,0
2026-03-20 15:30:00,1.33247,1.33332,1.33167,1.33205,2125,10,0
2026-03-20 15:45:00,1.3320699999999999,1.33244,1.32984,1.33011,1818,10,0
2026-03-20 16:00:00,1.33013,1.33235,1.33003,1.3321100000000001,1336,10,0
2026-03-20 16:15:00,1.33212,1.33324,1.33194,1.33244,1424,10,0
2026-03-20 16:30:00,1.33244,1.3324799999999999,1.33134,1.33213,1524,10,0
2026-03-20 16:45:00,1.3321100000000001,1.33298,1.3314599999999999,1.33225,1187,10,0
2026-03-20 17:00:00,1.33227,1.33348,1.33155,1.33286,2794,10,0
2026-03-20 17:15:00,1.33284,1.33384,1.3324099999999999,1.33384,1314,10,0
2026-03-20 17:30:00,1.3338,1.33429,1.3332600000000001,1.33407,1450,10,0
2026-03-20 17:45:00,1.33405,1.3342100000000001,1.3335,1.33361,1183,10,0
2026-03-20 18:00:00,1.33365,1.3346,1.33364,1.3345099999999999,1216,10,0
2026-03-20 18:15:00,1.33453,1.33531,1.33328,1.33456,2112,10,0
2026-03-20 18:30:00,1.3345500000000001,1.33487,1.33345,1.33355,1337,10,0
2026-03-20 18:45:00,1.33354,1.33389,1.33242,1.33258,1156,10,0
2026-03-20 19:00:00,1.33261,1.33308,1.33206,1.33282,1067,10,0
2026-03-20 19:15:00,1.33283,1.33352,1.33266,1.33284,900,10,0
2026-03-20 19:30:00,1.33285,1.33368,1.33193,1.33361,963,10,0
2026-03-20 19:45:00,1.33359,1.33446,1.3330199999999999,1.33335,1200,10,0
2026-03-20 20:00:00,1.3333599999999999,1.33396,1.33317,1.33353,599,10,0
2026-03-20 20:15:00,1.33353,1.33382,1.3333,1.33362,356,10,0
2026-03-20 20:30:00,1.33362,1.33393,1.33351,1.33371,348,10,0
2026-03-20 20:45:00,1.33368,1.3345799999999999,1.33351,1.33402,1445,10,0
2026-03-22 21:00:00,1.3312599999999999,1.33138,1.33091,1.33124,54,47,0
2026-03-22 21:15:00,1.33125,1.33162,1.33013,1.33015,191,50,0
2026-03-22 21:30:00,1.33016,1.33107,1.32931,1.33097,227,60,0
2026-03-22 21:45:00,1.33097,1.3311,1.32953,1.32972,127,47,0
2026-03-22 22:00:00,1.33043,1.33156,1.33035,1.33074,455,10,0
2026-03-22 22:15:00,1.33075,1.33261,1.33037,1.33221,644,10,0
2026-03-22 22:30:00,1.33222,1.3327,1.3314300000000001,1.33163,658,10,0
2026-03-22 22:45:00,1.33162,1.33252,1.33162,1.3323,450,10,0
2026-03-22 23:00:00,1.33233,1.3332,1.33215,1.3330899999999999,791,10,0
2026-03-22 23:15:00,1.3330899999999999,1.33334,1.33288,1.33331,572,10,0
2026-03-22 23:30:00,1.33327,1.33342,1.33279,1.3334,457,10,0
2026-03-22 23:45:00,1.33342,1.33349,1.33282,1.33342,660,10,0
2026-03-23 00:00:00,1.33343,1.33388,1.3324099999999999,1.33344,1053,10,0
2026-03-23 00:15:00,1.33347,1.33384,1.33285,1.33297,831,10,0
2026-03-23 00:30:00,1.33295,1.33304,1.33087,1.3311899999999999,1083,10,0
2026-03-23 00:45:00,1.3312,1.33225,1.33101,1.33196,1176,10,0
2026-03-23 01:00:00,1.33194,1.33357,1.33191,1.33357,1446,10,0
2026-03-23 01:15:00,1.33356,1.33396,1.33331,1.33344,1011,10,0
2026-03-23 01:30:00,1.33346,1.3342800000000001,1.3330199999999999,1.33418,1192,10,0
2026-03-23 01:45:00,1.33414,1.33414,1.33313,1.33325,984,10,0
2026-03-23 02:00:00,1.3332600000000001,1.3339699999999999,1.33278,1.33292,958,10,0
2026-03-23 02:15:00,1.33289,1.33342,1.33285,1.33292,793,10,0
2026-03-23 02:30:00,1.33291,1.33294,1.33151,1.33216,916,10,0
2026-03-23 02:45:00,1.33216,1.33219,1.3312599999999999,1.33188,706,10,0
2026-03-23 03:00:00,1.33188,1.33229,1.33134,1.33165,757,10,0
2026-03-23 03:15:00,1.33167,1.33219,1.3315299999999999,1.33192,549,10,0
2026-03-23 03:30:00,1.33191,1.33229,1.33186,1.33216,685,10,0
2026-03-23 03:45:00,1.33215,1.33235,1.33128,1.3314300000000001,594,10,0
2026-03-23 04:00:00,1.33145,1.33219,1.33145,1.33209,670,10,0
2026-03-23 04:15:00,1.33205,1.33247,1.33183,1.33188,458,10,0
2026-03-23 04:30:00,1.3318400000000001,1.33217,1.3316,1.33185,414,10,0
2026-03-23 04:45:00,1.33185,1.3323800000000001,1.33163,1.33233,543,10,0
2026-03-23 05:00:00,1.33233,1.3326799999999999,1.33212,1.33221,630,10,0
2026-03-23 05:15:00,1.3322,1.3322,1.33114,1.3312300000000001,607,10,0
2026-03-23 05:30:00,1.33125,1.33127,1.33042,1.33057,766,10,0
2026-03-23 05:45:00,1.33057,1.3306499999999999,1.33008,1.33008,697,10,0
2026-03-23 06:00:00,1.33006,1.33015,1.32903,1.32955,1019,10,0
2026-03-23 06:15:00,1.32954,1.32986,1.32856,1.3292,1123,10,0
2026-03-23 06:30:00,1.32921,1.32945,1.3281100000000001,1.32813,944,10,0
2026-03-23 06:45:00,1.3281399999999999,1.32905,1.3281100000000001,1.32897,938,10,0
2026-03-23 07:00:00,1.32893,1.3296299999999999,1.3287900000000001,1.32924,1301,10,0
2026-03-23 07:15:00,1.32921,1.32925,1.3281,1.3284799999999999,1467,10,0
2026-03-23 07:30:00,1.32849,1.33067,1.32832,1.33059,1349,10,0
2026-03-23 07:45:00,1.33057,1.33066,1.32844,1.32895,1432,10,0
2026-03-23 08:00:00,1.32897,1.33159,1.32892,1.33142,1788,10,0
2026-03-23 08:15:00,1.33139,1.3330600000000001,1.33084,1.33282,1792,10,0
2026-03-23 08:30:00,1.33282,1.3330199999999999,1.3309,1.3311600000000001,1581,10,0
2026-03-23 08:45:00,1.3311600000000001,1.33195,1.33046,1.33084,1604,10,0
2026-03-23 09:00:00,1.33086,1.33122,1.33018,1.33037,1676,10,0
2026-03-23 09:15:00,1.33037,1.33045,1.32913,1.32945,1276,10,0
2026-03-23 09:30:00,1.32946,1.32961,1.32707,1.32738,1371,10,0
2026-03-23 09:45:00,1.32739,1.32767,1.32633,1.3269,1352,10,0
2026-03-23 10:00:00,1.3268900000000001,1.32737,1.32585,1.3266,1505,10,0
2026-03-23 10:15:00,1.32664,1.32683,1.32587,1.32641,1331,10,0
2026-03-23 10:30:00,1.32638,1.3272599999999999,1.32599,1.3264,1478,10,0
2026-03-23 10:45:00,1.32638,1.328,1.3256299999999999,1.32626,2158,10,0
2026-03-23 11:00:00,1.3262800000000001,1.34345,1.326,1.33661,16930,10,0
2026-03-23 11:15:00,1.3366,1.3383099999999999,1.3314,1.33643,15407,10,0
2026-03-23 11:30:00,1.3363800000000001,1.33955,1.336,1.33782,9353,10,0
2026-03-23 11:45:00,1.33781,1.33869,1.3345099999999999,1.33566,7717,10,0
2026-03-23 12:00:00,1.33562,1.33784,1.3342399999999999,1.3357999999999999,7026,10,0
2026-03-23 12:15:00,1.33583,1.33844,1.33583,1.33779,4495,10,0
2026-03-23 12:30:00,1.33781,1.3419699999999999,1.33631,1.34168,5715,10,0
2026-03-23 12:45:00,1.34167,1.3431,1.3403399999999999,1.34287,5905,10,0
2026-03-23 13:00:00,1.34289,1.3434300000000001,1.34078,1.34098,4843,10,0
2026-03-23 13:15:00,1.34101,1.34122,1.33907,1.33959,2960,10,0
2026-03-23 13:30:00,1.33964,1.34239,1.33878,1.34047,6032,10,0
2026-03-23 13:45:00,1.34046,1.34225,1.34017,1.34143,4942,10,0
2026-03-23 14:00:00,1.34148,1.34299,1.34086,1.34168,4567,10,0
2026-03-23 14:15:00,1.3417,1.3468499999999999,1.3413599999999999,1.3465,3631,10,0
2026-03-23 14:30:00,1.34647,1.3479,1.34532,1.34554,3826,10,0
2026-03-23 14:45:00,1.34554,1.34586,1.34405,1.34426,3646,10,0
2026-03-23 15:00:00,1.34423,1.34606,1.3440400000000001,1.34473,3460,10,0
2026-03-23 15:15:00,1.34476,1.34509,1.34231,1.34269,3071,10,0
2026-03-23 15:30:00,1.34267,1.34302,1.34127,1.3415,3136,10,0
2026-03-23 15:45:00,1.34149,1.34177,1.33833,1.33846,4651,10,0
2026-03-23 16:00:00,1.33842,1.33934,1.33771,1.33888,3603,10,0
2026-03-23 16:15:00,1.33886,1.33921,1.33782,1.3389,2907,10,0
2026-03-23 16:30:00,1.33894,1.34051,1.33857,1.34023,2911,10,0
2026-03-23 16:45:00,1.34022,1.34149,1.3393,1.34006,2593,10,0
2026-03-23 17:00:00,1.3400400000000001,1.3412899999999999,1.33938,1.34049,2755,10,0
2026-03-23 17:15:00,1.3405,1.34114,1.33981,1.3409200000000001,2175,10,0
2026-03-23 17:30:00,1.34088,1.34298,1.34069,1.3416000000000001,2052,10,0
2026-03-23 17:45:00,1.3416000000000001,1.34273,1.3408,1.34232,1570,10,0
2026-03-23 18:00:00,1.34235,1.34305,1.34097,1.34261,2524,10,0
2026-03-23 18:15:00,1.3426,1.34307,1.34177,1.34286,1750,10,0
2026-03-23 18:30:00,1.34288,1.34578,1.34288,1.34471,2436,10,0
2026-03-23 18:45:00,1.34473,1.34576,1.34444,1.34537,1583,10,0
2026-03-23 19:00:00,1.34534,1.34549,1.34442,1.34459,1232,10,0
2026-03-23 19:15:00,1.34457,1.3447,1.34374,1.34388,1128,10,0
2026-03-23 19:30:00,1.34388,1.34399,1.34332,1.3437000000000001,1009,10,0
2026-03-23 19:45:00,1.34372,1.34398,1.3430900000000001,1.3430900000000001,875,10,0
2026-03-23 20:00:00,1.3430900000000001,1.34334,1.34276,1.34308,694,10,0
2026-03-23 20:15:00,1.34304,1.3431899999999999,1.34269,1.34272,300,10,0
2026-03-23 20:30:00,1.34272,1.34315,1.3424,1.3431199999999999,394,10,0
2026-03-23 20:45:00,1.3431199999999999,1.34315,1.34223,1.3422399999999999,568,7,0
2026-03-23 21:00:00,1.34222,1.34234,1.34214,1.34231,178,62,0
2026-03-23 21:15:00,1.34231,1.34233,1.34154,1.34154,270,66,0
2026-03-23 21:30:00,1.34155,1.34188,1.34151,1.34181,220,235,0
2026-03-23 21:45:00,1.34179,1.34254,1.34179,1.34254,233,156,0
2026-03-23 22:00:00,1.3428200000000001,1.34345,1.34259,1.3434,315,10,0
2026-03-23 22:15:00,1.3434,1.3434599999999999,1.34284,1.34341,359,10,0
2026-03-23 22:30:00,1.3433899999999999,1.3433899999999999,1.34292,1.34303,334,10,0
2026-03-23 22:45:00,1.34307,1.34364,1.3429,1.34323,461,10,0
2026-03-23 23:00:00,1.34323,1.34348,1.34277,1.3429,472,10,0
2026-03-23 23:15:00,1.3429,1.3433,1.3428200000000001,1.34302,418,10,0
2026-03-23 23:30:00,1.34301,1.3430900000000001,1.34264,1.34292,393,10,0
2026-03-23 23:45:00,1.34292,1.34298,1.3422100000000001,1.3425500000000001,709,10,0
2026-03-24 00:00:00,1.34256,1.34266,1.34113,1.34113,994,10,0
2026-03-24 00:15:00,1.34115,1.34145,1.34042,1.34108,1103,10,0
2026-03-24 00:30:00,1.34111,1.34137,1.33933,1.33979,1961,10,0
2026-03-24 00:45:00,1.33979,1.34048,1.33961,1.34005,1345,10,0
2026-03-24 01:00:00,1.3400699999999999,1.3403399999999999,1.33942,1.34016,1383,10,0
2026-03-24 01:15:00,1.3401100000000001,1.3401399999999999,1.33925,1.3394599999999999,1236,10,0
2026-03-24 01:30:00,1.33942,1.33957,1.33876,1.3388,1106,10,0
2026-03-24 01:45:00,1.33881,1.33951,1.33862,1.33938,976,10,0
2026-03-24 02:00:00,1.33936,1.33965,1.33897,1.3393,1027,10,0
2026-03-24 02:15:00,1.33929,1.34047,1.33918,1.34044,1043,10,0
2026-03-24 02:30:00,1.34044,1.34077,1.34027,1.3407499999999999,805,10,0
2026-03-24 02:45:00,1.34074,1.34085,1.33982,1.34005,846,10,0
2026-03-24 03:00:00,1.3400400000000001,1.34062,1.3397999999999999,1.34039,752,10,0
2026-03-24 03:15:00,1.34043,1.34073,1.34002,1.34026,602,10,0
2026-03-24 03:30:00,1.34027,1.34029,1.33966,1.33999,789,10,0
2026-03-24 03:45:00,1.33996,1.3400699999999999,1.33956,1.3397999999999999,640,10,0
2026-03-24 04:00:00,1.33982,1.33991,1.33917,1.33927,572,10,0
2026-03-24 04:15:00,1.33927,1.33927,1.3385799999999999,1.33876,543,10,0
2026-03-24 04:30:00,1.33877,1.3391,1.33863,1.33896,568,10,0
2026-03-24 04:45:00,1.33896,1.3394599999999999,1.3389,1.33936,525,10,0
2026-03-24 05:00:00,1.33939,1.3395000000000001,1.33852,1.33904,829,10,0
2026-03-24 05:15:00,1.33907,1.33975,1.33884,1.33893,1077,10,0
2026-03-24 05:30:00,1.33894,1.33997,1.33878,1.33984,891,10,0
2026-03-24 05:45:00,1.33985,1.3401399999999999,1.33941,1.33985,668,10,0
2026-03-24 06:00:00,1.33986,1.34145,1.33972,1.33993,1222,10,0
2026-03-24 06:15:00,1.3399,1.3408,1.3396,1.3404,1081,10,0
2026-03-24 06:30:00,1.34037,1.34063,1.34003,1.3403800000000001,960,10,0
2026-03-24 06:45:00,1.34042,1.34125,1.3397999999999999,1.34114,1052,10,0
2026-03-24 07:00:00,1.34113,1.34451,1.34089,1.34399,1877,10,0
2026-03-24 07:15:00,1.34397,1.34405,1.3425,1.34254,1655,10,0
2026-03-24 07:30:00,1.3425099999999999,1.34345,1.34161,1.34323,1748,10,0
2026-03-24 07:45:00,1.34322,1.34328,1.34239,1.34305,1505,10,0
2026-03-24 08:00:00,1.34302,1.34304,1.3415,1.3418,2303,10,0
2026-03-24 08:15:00,1.34176,1.3422100000000001,1.34024,1.3405,1396,10,0
2026-03-24 08:30:00,1.34046,1.34083,1.34008,1.34062,1357,10,0
2026-03-24 08:45:00,1.3406500000000001,1.34108,1.3384800000000001,1.33898,1994,10,0
2026-03-24 09:00:00,1.33902,1.3396,1.33866,1.3388,1659,10,0
2026-03-24 09:15:00,1.3388,1.33939,1.33841,1.33868,1375,10,0
2026-03-24 09:30:00,1.33866,1.33969,1.33796,1.33948,1274,10,0
2026-03-24 09:45:00,1.33949,1.3404,1.33883,1.3402,913,10,0
2026-03-24 10:00:00,1.34021,1.34049,1.33939,1.34017,1205,10,0
2026-03-24 10:15:00,1.34016,1.34074,1.33956,1.3397299999999999,1044,10,0
2026-03-24 10:30:00,1.3397299999999999,1.34018,1.33925,1.3401100000000001,1189,10,0
2026-03-24 10:45:00,1.34015,1.34059,1.33922,1.34052,1130,10,0
2026-03-24 11:00:00,1.34049,1.34145,1.33982,1.34107,1504,10,0
2026-03-24 11:15:00,1.34107,1.34113,1.34013,1.34082,1000,10,0
2026-03-24 11:30:00,1.34081,1.34138,1.34062,1.3409,1204,10,0
2026-03-24 11:45:00,1.34094,1.34123,1.33854,1.33961,1892,10,0
2026-03-24 12:00:00,1.33964,1.34,1.33895,1.33942,1544,10,0
2026-03-24 12:15:00,1.33941,1.34033,1.3388200000000001,1.3402,1297,10,0
2026-03-24 12:30:00,1.34018,1.34035,1.33898,1.33944,1483,10,0
2026-03-24 12:45:00,1.33945,1.34045,1.33905,1.33926,1754,10,0
2026-03-24 13:00:00,1.33926,1.33939,1.33652,1.33756,2390,10,0
2026-03-24 13:15:00,1.33757,1.33791,1.3366799999999999,1.33678,1728,10,0
2026-03-24 13:30:00,1.33676,1.33791,1.33646,1.33691,2698,10,0
2026-03-24 13:45:00,1.33696,1.3383099999999999,1.33664,1.3377,2070,10,0
2026-03-24 14:00:00,1.33771,1.33983,1.33758,1.33945,1993,10,0
2026-03-24 14:15:00,1.3394300000000001,1.34078,1.33922,1.34042,1838,10,0
2026-03-24 14:30:00,1.3404,1.34063,1.33927,1.34032,1594,10,0
2026-03-24 14:45:00,1.3403,1.3425,1.33874,1.33987,5204,10,0
2026-03-24 15:00:00,1.3399,1.3407,1.33891,1.33956,3578,10,0
2026-03-24 15:15:00,1.33957,1.34043,1.33897,1.3399,1749,10,0
2026-03-24 15:30:00,1.33991,1.34057,1.33911,1.3391600000000001,1629,10,0
2026-03-24 15:45:00,1.33915,1.33915,1.33765,1.33808,1858,10,0
2026-03-24 16:00:00,1.33804,1.33843,1.33731,1.33825,1521,10,0
2026-03-24 16:15:00,1.33829,1.3392,1.33818,1.33917,1112,10,0
2026-03-24 16:30:00,1.33913,1.33939,1.3376299999999999,1.33862,1200,10,0
2026-03-24 16:45:00,1.33864,1.33904,1.3382399999999999,1.3382399999999999,1037,10,0
2026-03-24 17:00:00,1.33825,1.33842,1.33518,1.3358400000000001,3282,10,0
2026-03-24 17:15:00,1.33586,1.33723,1.33561,1.33716,1949,10,0
2026-03-24 17:30:00,1.33713,1.3376299999999999,1.33626,1.3363800000000001,1490,10,0
2026-03-24 17:45:00,1.33637,1.33829,1.33608,1.33771,3086,10,0
2026-03-24 18:00:00,1.33775,1.3383099999999999,1.33637,1.33673,1689,10,0
2026-03-24 18:15:00,1.33676,1.33765,1.33642,1.33765,1657,10,0
2026-03-24 18:30:00,1.33765,1.33951,1.3374,1.33862,1815,10,0
2026-03-24 18:45:00,1.33862,1.3388499999999999,1.33793,1.3383099999999999,1279,10,0
2026-03-24 19:00:00,1.3383,1.33921,1.33822,1.33886,978,10,0
2026-03-24 19:15:00,1.33884,1.33903,1.33839,1.33846,796,10,0
2026-03-24 19:30:00,1.33846,1.33854,1.3378999999999999,1.3383,823,10,0
2026-03-24 19:45:00,1.33827,1.33853,1.33805,1.3382,743,10,0
2026-03-24 20:00:00,1.33818,1.3383099999999999,1.3379400000000001,1.33815,443,10,0
2026-03-24 20:15:00,1.33814,1.3431600000000001,1.33812,1.34082,4192,10,0
2026-03-24 20:30:00,1.34077,1.34195,1.34012,1.3407499999999999,2475,10,0
2026-03-24 20:45:00,1.34077,1.34144,1.3403,1.34111,1349,10,0
2026-03-24 21:00:00,1.34109,1.34109,1.34017,1.34029,152,29,0
2026-03-24 21:15:00,1.3403100000000001,1.3403100000000001,1.3397299999999999,1.34006,400,132,0
2026-03-24 21:30:00,1.34005,1.34048,1.33999,1.34036,496,95,0
2026-03-24 21:45:00,1.3403399999999999,1.3407,1.34015,1.3407,329,125,0
2026-03-24 22:00:00,1.34109,1.34188,1.34085,1.34122,383,10,0
2026-03-24 22:15:00,1.34119,1.34138,1.34032,1.3412,557,10,0
2026-03-24 22:30:00,1.34122,1.3417,1.34107,1.34162,480,10,0
2026-03-24 22:45:00,1.34161,1.34186,1.34137,1.3417,445,10,0
2026-03-24 23:00:00,1.34171,1.34192,1.34117,1.34159,696,10,0
2026-03-24 23:15:00,1.34161,1.3422399999999999,1.34155,1.34209,501,10,0
2026-03-24 23:30:00,1.34209,1.34212,1.34134,1.34142,503,10,0
2026-03-24 23:45:00,1.34142,1.34159,1.3412,1.34143,360,10,0
2026-03-25 00:00:00,1.34145,1.34303,1.34114,1.34272,1350,10,0
2026-03-25 00:15:00,1.34269,1.34284,1.34184,1.34227,1116,10,0
2026-03-25 00:30:00,1.34227,1.34358,1.34152,1.3432,1248,10,0
2026-03-25 00:45:00,1.34317,1.3435000000000001,1.34276,1.3428200000000001,815,10,0
2026-03-25 01:00:00,1.34281,1.34325,1.3422399999999999,1.34226,1244,10,0
2026-03-25 01:15:00,1.3423,1.34313,1.34229,1.3426,905,10,0
2026-03-25 01:30:00,1.34257,1.3431899999999999,1.34218,1.3426,919,10,0
2026-03-25 01:45:00,1.3425500000000001,1.34283,1.3413599999999999,1.34145,796,10,0
2026-03-25 02:00:00,1.34146,1.34175,1.3405,1.3407,808,10,0
2026-03-25 02:15:00,1.34069,1.34115,1.34058,1.34069,639,10,0
2026-03-25 02:30:00,1.34069,1.34078,1.3401100000000001,1.34045,628,10,0
2026-03-25 02:45:00,1.34045,1.34079,1.33986,1.34023,663,10,0
2026-03-25 03:00:00,1.34021,1.3407,1.3397999999999999,1.34017,715,10,0
2026-03-25 03:15:00,1.34018,1.34051,1.34001,1.34008,581,10,0
2026-03-25 03:30:00,1.34009,1.34054,1.33992,1.3400400000000001,512,10,0
2026-03-25 03:45:00,1.3400699999999999,1.3401399999999999,1.33971,1.33986,470,10,0
2026-03-25 04:00:00,1.33985,1.33993,1.3393,1.33965,531,10,0
2026-03-25 04:15:00,1.33966,1.34,1.33952,1.33975,335,10,0
2026-03-25 04:30:00,1.33975,1.33993,1.3394599999999999,1.33955,436,10,0
2026-03-25 04:45:00,1.33954,1.33954,1.33913,1.33915,418,10,0
2026-03-25 05:00:00,1.3391600000000001,1.3391899999999999,1.33869,1.33893,546,10,0
2026-03-25 05:15:00,1.33893,1.33893,1.33811,1.33833,504,10,0
2026-03-25 05:30:00,1.33832,1.33868,1.33827,1.33849,499,10,0
2026-03-25 05:45:00,1.3384800000000001,1.33849,1.33716,1.33748,678,10,0
2026-03-25 06:00:00,1.33747,1.33809,1.33731,1.33759,775,10,0
2026-03-25 06:15:00,1.33759,1.3388,1.3375,1.3379400000000001,693,10,0
2026-03-25 06:30:00,1.3379699999999999,1.33857,1.33789,1.33829,647,10,0
2026-03-25 06:45:00,1.33829,1.33868,1.33799,1.33823,683,10,0
2026-03-25 07:00:00,1.33822,1.33941,1.3378999999999999,1.3391199999999999,989,10,0
2026-03-25 07:15:00,1.33915,1.3395299999999999,1.3382399999999999,1.33852,1067,10,0
2026-03-25 07:30:00,1.33853,1.33864,1.33693,1.3383099999999999,1238,10,0
2026-03-25 07:45:00,1.33833,1.33954,1.3383,1.33902,1161,10,0
2026-03-25 08:00:00,1.33904,1.34138,1.33867,1.34101,1978,10,0
2026-03-25 08:15:00,1.341,1.34227,1.34086,1.3418999999999999,1472,10,0
2026-03-25 08:30:00,1.34189,1.34239,1.34096,1.34168,1898,10,0
2026-03-25 08:45:00,1.3417,1.34183,1.34066,1.34071,1290,10,0
2026-03-25 09:00:00,1.34073,1.3412,1.3404099999999999,1.34064,1118,10,0
2026-03-25 09:15:00,1.34063,1.34074,1.33921,1.33961,956,10,0
2026-03-25 09:30:00,1.33965,1.34006,1.33906,1.33964,953,10,0
2026-03-25 09:45:00,1.33966,1.33999,1.3389199999999999,1.33961,1130,10,0
2026-03-25 10:00:00,1.33963,1.34027,1.33959,1.33982,1107,10,0
2026-03-25 10:15:00,1.33982,1.34054,1.33963,1.33989,924,10,0
2026-03-25 10:30:00,1.33988,1.34066,1.33982,1.33997,694,10,0
2026-03-25 10:45:00,1.33996,1.34109,1.33993,1.34093,733,10,0
2026-03-25 11:00:00,1.3409,1.34212,1.3409,1.34119,836,10,0
2026-03-25 11:15:00,1.34118,1.34198,1.3409900000000001,1.34137,685,10,0
2026-03-25 11:30:00,1.34138,1.34189,1.34108,1.34182,707,10,0
2026-03-25 11:45:00,1.34178,1.34178,1.34046,1.34149,1767,10,0
2026-03-25 12:00:00,1.34151,1.3427,1.34151,1.34176,1224,10,0
2026-03-25 12:15:00,1.34177,1.3418700000000001,1.33915,1.34,2945,10,0
2026-03-25 12:30:00,1.33997,1.34024,1.33941,1.33957,1610,10,0
2026-03-25 12:45:00,1.33961,1.33966,1.3388900000000001,1.33936,1186,10,0
2026-03-25 13:00:00,1.33938,1.34008,1.33894,1.33934,1759,10,0
2026-03-25 13:15:00,1.33934,1.33975,1.33854,1.33867,1113,10,0
2026-03-25 13:30:00,1.3387,1.3393,1.33835,1.33861,1757,10,0
2026-03-25 13:45:00,1.33862,1.33872,1.33691,1.33714,1540,10,0
2026-03-25 14:00:00,1.33716,1.3373,1.33594,1.33718,1901,10,0
2026-03-25 14:15:00,1.33719,1.3378,1.33582,1.33721,2203,10,0
2026-03-25 14:30:00,1.3372600000000001,1.33762,1.33673,1.33692,1462,10,0
2026-03-25 14:45:00,1.33693,1.33886,1.33687,1.33847,1276,10,0
2026-03-25 15:00:00,1.33844,1.3391199999999999,1.33762,1.3377,1494,10,0
2026-03-25 15:15:00,1.3377,1.33782,1.3361100000000001,1.3376700000000001,2035,10,0
2026-03-25 15:30:00,1.3377,1.33804,1.3363800000000001,1.33674,1282,10,0
2026-03-25 15:45:00,1.33674,1.33741,1.33647,1.3371,1324,10,0
2026-03-25 16:00:00,1.33709,1.33734,1.33616,1.3368,1317,10,0
2026-03-25 16:15:00,1.3368,1.3382100000000001,1.33622,1.33788,1657,10,0
2026-03-25 16:30:00,1.3378999999999999,1.33819,1.33749,1.33808,1267,10,0
2026-03-25 16:45:00,1.33807,1.33832,1.33758,1.33784,872,10,0
2026-03-25 17:00:00,1.33786,1.33807,1.33725,1.3376700000000001,1159,10,0
2026-03-25 17:15:00,1.33768,1.33838,1.33746,1.33818,853,10,0
2026-03-25 17:30:00,1.3382100000000001,1.33925,1.33799,1.33901,922,10,0
2026-03-25 17:45:00,1.33901,1.33918,1.33809,1.33838,1099,10,0
2026-03-25 18:00:00,1.33837,1.33856,1.33799,1.33814,859,10,0
2026-03-25 18:15:00,1.33814,1.3385099999999999,1.33795,1.33798,689,10,0
2026-03-25 18:30:00,1.33798,1.3382399999999999,1.3367200000000001,1.3369,693,10,0
2026-03-25 18:45:00,1.33693,1.33704,1.33588,1.33661,976,10,0
2026-03-25 19:00:00,1.33657,1.33657,1.33586,1.3361100000000001,852,10,0
2026-03-25 19:15:00,1.3361,1.3366500000000001,1.3361,1.33639,659,10,0
2026-03-25 19:30:00,1.3363800000000001,1.3366,1.33621,1.3364,535,10,0
2026-03-25 19:45:00,1.33639,1.33666,1.33623,1.33658,578,10,0
2026-03-25 20:00:00,1.33659,1.33663,1.3361,1.3362,365,10,0
2026-03-25 20:15:00,1.33621,1.33622,1.33578,1.33586,240,10,0
2026-03-25 20:30:00,1.33587,1.33623,1.33576,1.336,247,10,0
2026-03-25 20:45:00,1.33601,1.33656,1.33582,1.33642,354,7,0
2026-03-25 21:00:00,1.33639,1.33643,1.33621,1.33636,105,18,0
2026-03-25 21:15:00,1.33633,1.3364500000000001,1.33625,1.33637,243,22,0
2026-03-25 21:30:00,1.33639,1.3364500000000001,1.33629,1.3364099999999999,257,53,0
2026-03-25 21:45:00,1.33642,1.33646,1.33615,1.33622,191,40,0
2026-03-25 22:00:00,1.3363399999999999,1.33655,1.3360400000000001,1.33613,263,10,0
2026-03-25 22:15:00,1.33613,1.33618,1.3359,1.33609,137,10,0
2026-03-25 22:30:00,1.33609,1.33647,1.3360400000000001,1.3364099999999999,221,10,0
2026-03-25 22:45:00,1.33639,1.3365,1.3360699999999999,1.33612,235,10,0
2026-03-25 23:00:00,1.3361399999999999,1.33629,1.33605,1.33625,285,10,0
2026-03-25 23:15:00,1.33625,1.33628,1.3360400000000001,1.3362,177,10,0
2026-03-25 23:30:00,1.3362,1.3363,1.33597,1.33599,249,10,0
2026-03-25 23:45:00,1.33599,1.33637,1.33592,1.33629,272,10,0
2026-03-26 00:00:00,1.33629,1.33658,1.33598,1.3364099999999999,600,10,0
2026-03-26 00:15:00,1.3363800000000001,1.33666,1.33597,1.336,509,10,0
2026-03-26 00:30:00,1.336,1.33618,1.3354599999999999,1.33548,382,10,0
2026-03-26 00:45:00,1.33549,1.33599,1.33537,1.33583,520,10,0
2026-03-26 01:00:00,1.33585,1.33667,1.33574,1.33596,692,10,0
2026-03-26 01:15:00,1.33596,1.3361100000000001,1.33558,1.3360699999999999,516,10,0
2026-03-26 01:30:00,1.3360400000000001,1.33657,1.33597,1.33628,536,10,0
2026-03-26 01:45:00,1.33627,1.33646,1.33599,1.33618,472,10,0
2026-03-26 02:00:00,1.33619,1.33631,1.3358400000000001,1.3359,415,10,0
2026-03-26 02:15:00,1.3359,1.33628,1.3357700000000001,1.33586,469,10,0
2026-03-26 02:30:00,1.33586,1.33591,1.3348,1.33527,573,10,0
2026-03-26 02:45:00,1.33527,1.3354599999999999,1.33501,1.3351199999999999,459,10,0
2026-03-26 03:00:00,1.33509,1.33566,1.33498,1.33561,437,10,0
2026-03-26 03:15:00,1.33557,1.3361,1.33547,1.33609,421,10,0
2026-03-26 03:30:00,1.33609,1.33661,1.33609,1.33628,435,10,0
2026-03-26 03:45:00,1.33628,1.33651,1.33618,1.33647,373,10,0
2026-03-26 04:00:00,1.33647,1.33659,1.33629,1.33649,345,10,0
2026-03-26 04:15:00,1.3365,1.33666,1.33639,1.33664,282,10,0
2026-03-26 04:30:00,1.33664,1.33677,1.33637,1.33655,202,10,0
2026-03-26 04:45:00,1.33655,1.33673,1.33643,1.33649,358,10,0
2026-03-26 05:00:00,1.33652,1.33661,1.33632,1.33649,414,10,0
2026-03-26 05:15:00,1.3365,1.3365,1.3357,1.33609,407,10,0
2026-03-26 05:30:00,1.33612,1.33632,1.3357999999999999,1.33587,502,10,0
2026-03-26 05:45:00,1.33586,1.33586,1.3354300000000001,1.33547,520,10,0
2026-03-26 06:00:00,1.33544,1.33592,1.33528,1.33533,829,10,0
2026-03-26 06:15:00,1.33533,1.33633,1.33514,1.33608,629,10,0
2026-03-26 06:30:00,1.33606,1.33622,1.33529,1.33561,661,10,0
2026-03-26 06:45:00,1.33564,1.33671,1.33564,1.33644,580,10,0
2026-03-26 07:00:00,1.3364,1.3366,1.3351,1.33568,905,10,0
2026-03-26 07:15:00,1.33569,1.33594,1.33456,1.33548,954,10,0
2026-03-26 07:30:00,1.33545,1.33591,1.3349,1.33537,839,10,0
2026-03-26 07:45:00,1.33537,1.33556,1.33484,1.33496,841,10,0
2026-03-26 08:00:00,1.33497,1.33502,1.33368,1.33418,1250,10,0
2026-03-26 08:15:00,1.33422,1.3351199999999999,1.33382,1.33382,996,10,0
2026-03-26 08:30:00,1.33381,1.33505,1.3336299999999999,1.3342800000000001,939,10,0
2026-03-26 08:45:00,1.3342800000000001,1.33538,1.3342100000000001,1.33523,757,10,0
2026-03-26 09:00:00,1.33523,1.33587,1.3349199999999999,1.33555,963,10,0
2026-03-26 09:15:00,1.3355299999999999,1.33562,1.3345099999999999,1.33462,850,10,0
2026-03-26 09:30:00,1.3346,1.33522,1.33429,1.33452,1024,10,0
2026-03-26 09:45:00,1.33453,1.3354,1.33445,1.33534,748,10,0
2026-03-26 10:00:00,1.33535,1.33599,1.33495,1.33582,824,10,0
2026-03-26 10:15:00,1.33581,1.33603,1.33545,1.33575,751,10,0
2026-03-26 10:30:00,1.33575,1.3361100000000001,1.335,1.33537,888,10,0
2026-03-26 10:45:00,1.33539,1.33568,1.33495,1.33529,720,10,0
2026-03-26 11:00:00,1.33532,1.33564,1.3348,1.33486,708,10,0
2026-03-26 11:15:00,1.33486,1.33521,1.33452,1.33462,603,10,0
2026-03-26 11:30:00,1.33462,1.33479,1.3333,1.33332,752,10,0
2026-03-26 11:45:00,1.33338,1.33355,1.33259,1.3326,833,10,0
2026-03-26 12:00:00,1.33262,1.33341,1.3322,1.33318,1010,10,0
2026-03-26 12:15:00,1.33318,1.33368,1.33281,1.33339,873,10,0
2026-03-26 12:30:00,1.33337,1.33349,1.3321100000000001,1.33219,1139,10,0
2026-03-26 12:45:00,1.3322,1.3330899999999999,1.33216,1.33301,1037,10,0
2026-03-26 13:00:00,1.33301,1.3345099999999999,1.33301,1.3343,1199,10,0
2026-03-26 13:15:00,1.3343,1.3351,1.33427,1.33488,933,10,0
2026-03-26 13:30:00,1.33487,1.33626,1.33435,1.33626,1621,10,0
2026-03-26 13:45:00,1.33625,1.33651,1.33481,1.33549,1992,10,0
2026-03-26 14:00:00,1.33554,1.33589,1.33491,1.33588,1694,10,0
2026-03-26 14:15:00,1.33589,1.3369900000000001,1.3355000000000001,1.33666,1340,10,0
2026-03-26 14:30:00,1.3366500000000001,1.33778,1.3357299999999999,1.33596,2286,10,0
2026-03-26 14:45:00,1.33594,1.33688,1.3352,1.33608,2005,10,0
2026-03-26 15:00:00,1.33612,1.33673,1.3356,1.33606,1822,10,0
2026-03-26 15:15:00,1.3361,1.33635,1.33518,1.33536,1315,10,0
2026-03-26 15:30:00,1.33532,1.3354300000000001,1.3336999999999999,1.33392,1218,10,0
2026-03-26 15:45:00,1.33393,1.33524,1.33378,1.33503,1768,10,0
2026-03-26 16:00:00,1.33503,1.33523,1.33418,1.33459,1119,10,0
2026-03-26 16:15:00,1.33459,1.33463,1.33338,1.33402,1153,10,0
2026-03-26 16:30:00,1.334,1.33404,1.33341,1.3338999999999999,932,10,0
2026-03-26 16:45:00,1.33389,1.33442,1.3336299999999999,1.3336700000000001,826,10,0
2026-03-26 17:00:00,1.33365,1.33439,1.33348,1.3339699999999999,912,10,0
2026-03-26 17:15:00,1.33396,1.33412,1.3334,1.33389,798,10,0
2026-03-26 17:30:00,1.33389,1.33454,1.33289,1.33308,772,10,0
2026-03-26 17:45:00,1.33305,1.33316,1.33181,1.33183,959,10,0
2026-03-26 18:00:00,1.33181,1.33262,1.33169,1.33254,692,10,0
2026-03-26 18:15:00,1.33251,1.33262,1.33189,1.33196,628,10,0
2026-03-26 18:30:00,1.33195,1.33276,1.33193,1.33271,564,10,0
2026-03-26 18:45:00,1.33271,1.33284,1.3324,1.33282,552,10,0
2026-03-26 19:00:00,1.33285,1.33294,1.33173,1.33195,725,10,0
2026-03-26 19:15:00,1.33195,1.33232,1.33179,1.33192,604,10,0
2026-03-26 19:30:00,1.33191,1.33235,1.3317,1.33179,498,10,0
2026-03-26 19:45:00,1.3317999999999999,1.3318699999999999,1.3312300000000001,1.3313,587,10,0
2026-03-26 20:00:00,1.33131,1.33681,1.33097,1.33447,4180,10,0
2026-03-26 20:15:00,1.33448,1.3349,1.33282,1.33332,2511,10,0
2026-03-26 20:30:00,1.3333,1.33401,1.33315,1.33357,937,10,0
2026-03-26 20:45:00,1.33361,1.33362,1.33255,1.33291,978,4,0
2026-03-26 21:00:00,1.33291,1.33297,1.3327200000000001,1.33279,122,13,0
2026-03-26 21:15:00,1.33278,1.33287,1.33254,1.33267,295,62,0
2026-03-26 21:30:00,1.33267,1.33274,1.33256,1.33264,296,92,0
2026-03-26 21:45:00,1.33263,1.33307,1.33263,1.33307,193,59,0
2026-03-26 22:00:00,1.33319,1.33402,1.33305,1.3335,302,10,0
2026-03-26 22:15:00,1.3335,1.33371,1.33317,1.33334,200,10,0
2026-03-26 22:30:00,1.33334,1.33366,1.33331,1.33358,240,10,0
2026-03-26 22:45:00,1.33358,1.33379,1.33353,1.33374,209,10,0
2026-03-26 23:00:00,1.33374,1.33383,1.33349,1.33361,293,10,0
2026-03-26 23:15:00,1.3336000000000001,1.33379,1.3335,1.3336000000000001,251,10,0
2026-03-26 23:30:00,1.3336000000000001,1.33395,1.3334,1.3335,248,10,0
2026-03-26 23:45:00,1.33349,1.33374,1.3333,1.33342,245,10,0
2026-03-27 00:00:00,1.33339,1.33396,1.33316,1.33319,705,10,0
2026-03-27 00:15:00,1.33321,1.33342,1.33217,1.3325,995,10,0
2026-03-27 00:30:00,1.33254,1.33295,1.33249,1.33269,768,10,0
2026-03-27 00:45:00,1.33266,1.33334,1.33231,1.3332899999999999,906,10,0
2026-03-27 01:00:00,1.33331,1.3336999999999999,1.33314,1.33351,884,10,0
2026-03-27 01:15:00,1.33356,1.33393,1.33341,1.33386,656,10,0
2026-03-27 01:30:00,1.33388,1.33429,1.33384,1.33401,559,10,0
2026-03-27 01:45:00,1.33401,1.33439,1.33374,1.3342399999999999,572,10,0
2026-03-27 02:00:00,1.33427,1.33465,1.33408,1.3341,524,10,0
2026-03-27 02:15:00,1.33411,1.3342100000000001,1.33375,1.33404,452,10,0
2026-03-27 02:30:00,1.33402,1.33436,1.33392,1.33418,444,10,0
2026-03-27 02:45:00,1.33419,1.33446,1.33404,1.3341,423,10,0
2026-03-27 03:00:00,1.33413,1.33434,1.33354,1.3336999999999999,502,10,0
2026-03-27 03:15:00,1.3336999999999999,1.33378,1.33342,1.33364,422,10,0
2026-03-27 03:30:00,1.33364,1.33434,1.3336299999999999,1.33408,529,10,0
2026-03-27 03:45:00,1.3341,1.33415,1.3338,1.33402,442,10,0
2026-03-27 04:00:00,1.334,1.33425,1.33385,1.33405,442,10,0
2026-03-27 04:15:00,1.33405,1.3342,1.33391,1.3339699999999999,422,10,0
2026-03-27 04:30:00,1.3339699999999999,1.33432,1.33391,1.3343,323,10,0
2026-03-27 04:45:00,1.3343,1.33445,1.33402,1.33426,395,10,0
2026-03-27 05:00:00,1.33425,1.33469,1.33413,1.33462,486,10,0
2026-03-27 05:15:00,1.3345799999999999,1.33465,1.3338999999999999,1.33401,449,10,0
2026-03-27 05:30:00,1.334,1.33443,1.33362,1.3344,665,10,0
2026-03-27 05:45:00,1.33441,1.33472,1.33383,1.33392,514,10,0
2026-03-27 06:00:00,1.33396,1.33453,1.33377,1.33449,703,10,0
2026-03-27 06:15:00,1.33445,1.33452,1.33391,1.33412,524,10,0
2026-03-27 06:30:00,1.33413,1.33413,1.33362,1.33379,476,10,0
2026-03-27 06:45:00,1.33377,1.33377,1.3332600000000001,1.33343,537,10,0
2026-03-27 07:00:00,1.33344,1.33352,1.33284,1.33305,694,10,0
2026-03-27 07:15:00,1.33303,1.3330600000000001,1.33195,1.3320699999999999,731,10,0
2026-03-27 07:30:00,1.3320699999999999,1.33222,1.33122,1.33134,760,10,0
2026-03-27 07:45:00,1.33135,1.33191,1.33112,1.33133,735,10,0
2026-03-27 08:00:00,1.3313,1.33185,1.33095,1.33161,1272,10,0
2026-03-27 08:15:00,1.33161,1.33197,1.3312,1.3319,963,10,0
2026-03-27 08:30:00,1.3319,1.3320699999999999,1.33088,1.33159,965,10,0
2026-03-27 08:45:00,1.33159,1.33165,1.3309199999999999,1.33133,828,10,0
2026-03-27 09:00:00,1.33131,1.33158,1.33039,1.33111,1037,10,0
2026-03-27 09:15:00,1.3311,1.33165,1.33094,1.33125,847,10,0
2026-03-27 09:30:00,1.33125,1.33137,1.3306200000000001,1.33075,869,10,0
2026-03-27 09:45:00,1.33072,1.33114,1.33015,1.33063,890,10,0
2026-03-27 10:00:00,1.3306,1.33176,1.3305,1.33071,941,10,0
2026-03-27 10:15:00,1.33071,1.33131,1.33048,1.33124,745,10,0
2026-03-27 10:30:00,1.3312300000000001,1.33141,1.33017,1.3302399999999999,751,10,0
2026-03-27 10:45:00,1.3302399999999999,1.33044,1.32999,1.33016,695,10,0
2026-03-27 11:00:00,1.33019,1.33038,1.32992,1.33016,671,10,0
2026-03-27 11:15:00,1.33017,1.33048,1.32996,1.33019,618,10,0
2026-03-27 11:30:00,1.33023,1.33036,1.32948,1.32953,688,10,0
2026-03-27 11:45:00,1.32952,1.32953,1.3282,1.32829,949,10,0
2026-03-27 12:00:00,1.32826,1.32832,1.3276,1.32781,938,10,0
2026-03-27 12:15:00,1.32781,1.32839,1.32756,1.32815,902,10,0
2026-03-27 12:30:00,1.32812,1.32823,1.32715,1.32823,926,10,0
2026-03-27 12:45:00,1.32825,1.32862,1.32783,1.32813,980,10,0
2026-03-27 13:00:00,1.3281800000000001,1.32828,1.3276,1.32772,1011,10,0
2026-03-27 13:15:00,1.32772,1.3290199999999999,1.32764,1.32889,994,10,0
2026-03-27 13:30:00,1.3289,1.33002,1.3284099999999999,1.32976,1457,10,0
2026-03-27 13:45:00,1.32973,1.3306,1.32928,1.3296999999999999,1316,10,0
2026-03-27 14:00:00,1.32965,1.33147,1.32957,1.3313,1504,10,0
2026-03-27 14:15:00,1.33129,1.3318400000000001,1.33091,1.33113,1327,10,0
2026-03-27 14:30:00,1.33111,1.33171,1.33078,1.33083,1157,10,0
2026-03-27 14:45:00,1.3308,1.33169,1.33072,1.33108,1175,10,0
2026-03-27 15:00:00,1.33108,1.3317700000000001,1.33107,1.33128,1395,10,0
2026-03-27 15:15:00,1.3313,1.3327499999999999,1.33067,1.3323,2143,10,0
2026-03-27 15:30:00,1.33232,1.33321,1.33192,1.33208,1553,10,0
2026-03-27 15:45:00,1.3320699999999999,1.33223,1.3286,1.32907,1630,10,0
2026-03-27 16:00:00,1.32905,1.32976,1.32853,1.32908,1526,10,0
2026-03-27 16:15:00,1.3291,1.3293599999999999,1.32856,1.32895,1137,10,0
2026-03-27 16:30:00,1.32898,1.32907,1.32732,1.32819,1220,10,0
2026-03-27 16:45:00,1.3281800000000001,1.32871,1.32749,1.32761,996,10,0
2026-03-27 17:00:00,1.32761,1.3288,1.3271,1.32727,1658,10,0
2026-03-27 17:15:00,1.3272599999999999,1.32739,1.32634,1.32639,762,10,0
2026-03-27 17:30:00,1.32639,1.32648,1.3259699999999999,1.32626,776,10,0
2026-03-27 17:45:00,1.32625,1.32676,1.32615,1.3267,767,10,0
2026-03-27 18:00:00,1.32669,1.32698,1.32627,1.32664,784,10,0
2026-03-27 18:15:00,1.3266499999999999,1.3271899999999999,1.3265,1.32684,891,10,0
2026-03-27 18:30:00,1.32684,1.3276,1.32667,1.32724,762,10,0
2026-03-27 18:45:00,1.32725,1.32739,1.3268499999999999,1.32697,716,10,0
2026-03-27 19:00:00,1.32697,1.32705,1.32635,1.32675,683,10,0
2026-03-27 19:15:00,1.32674,1.32693,1.32646,1.32688,624,10,0
2026-03-27 19:30:00,1.32688,1.32702,1.32636,1.32668,677,10,0
2026-03-27 19:45:00,1.3267,1.3273,1.32642,1.32713,717,10,0
2026-03-27 20:00:00,1.32715,1.32762,1.32682,1.32728,751,10,0
2026-03-27 20:15:00,1.32727,1.32744,1.3266,1.32681,406,10,0
2026-03-27 20:30:00,1.3268,1.32728,1.32623,1.32702,674,10,0
2026-03-27 20:45:00,1.327,1.32717,1.32609,1.32617,742,10,0
2026-03-29 21:00:00,1.32583,1.32596,1.3253599999999999,1.3259,55,54,0
2026-03-29 21:15:00,1.3259,1.3259400000000001,1.32589,1.3259400000000001,21,47,0
2026-03-29 21:30:00,1.3259400000000001,1.32605,1.3256299999999999,1.32582,67,47,0
2026-03-29 21:45:00,1.32583,1.3261,1.32537,1.32598,156,47,0
2026-03-29 22:00:00,1.32664,1.32664,1.32356,1.32433,806,10,0
2026-03-29 22:15:00,1.32432,1.32496,1.32408,1.32413,606,10,0
2026-03-29 22:30:00,1.32412,1.32433,1.32359,1.3235999999999999,577,10,0
2026-03-29 22:45:00,1.32359,1.32404,1.32359,1.32376,520,10,0
2026-03-29 23:00:00,1.32376,1.32431,1.32375,1.3238400000000001,436,10,0
